{
  "loss": [
    36.103729248046875,
    29.604534149169922,
    25.944087982177734,
    26.143375396728516,
    25.047300338745117,
    24.69580841064453,
    23.880159378051758,
    23.77316665649414,
    21.809017181396484,
    18.373510360717773,
    16.946924209594727,
    16.519241333007812,
    16.072708129882812,
    15.132206916809082,
    14.674623489379883,
    14.353554725646973,
    14.460349082946777,
    14.450800895690918,
    14.46497631072998,
    14.531088829040527,
    14.140976905822754,
    13.840213775634766,
    14.165263175964355,
    14.126792907714844,
    14.111824035644531,
    14.277231216430664,
    14.101258277893066,
    14.28952693939209,
    13.103886604309082,
    12.734004974365234,
    12.510303497314453,
    12.823113441467285,
    12.46774673461914,
    11.923622131347656,
    11.066317558288574,
    10.372875213623047,
    10.73648452758789,
    10.463582992553711,
    10.213541984558105,
    10.618378639221191
  ],
  "accuracy": [
    0.11270669847726822,
    0.1261966973543167,
    0.1409921646118164,
    0.12706701457500458,
    0.1383811980485916,
    0.13446475565433502,
    0.14795474708080292,
    0.14577893912792206,
    0.1353350728750229,
    0.16057440638542175,
    0.15274152159690857,
    0.15491731464862823,
    0.17014795541763306,
    0.17145343124866486,
    0.16231505572795868,
    0.17232376337051392,
    0.17362923920154572,
    0.17406439781188965,
    0.16318537294864655,
    0.15143603086471558,
    0.16971279680728912,
    0.17362923920154572,
    0.17536988854408264,
    0.17667536437511444,
    0.1788511723279953,
    0.17972148954868317,
    0.17188860476016998,
    0.17275892198085785,
    0.1801566630601883,
    0.17667536437511444,
    0.18320278823375702,
    0.18276762962341309,
    0.17232376337051392,
    0.19147084653377533,
    0.19669277966022491,
    0.2032201886177063,
    0.18276762962341309,
    0.18755438923835754,
    0.19190600514411926,
    0.17101827263832092
  ],
  "val_loss": [
    11.692046165466309,
    12.145856857299805,
    8.974370956420898,
    8.893166542053223,
    7.938693046569824,
    8.182215690612793,
    6.5740275382995605,
    5.776852607727051,
    6.87575101852417,
    6.578091144561768,
    6.128368377685547,
    5.660780906677246,
    6.414865493774414,
    6.091319561004639,
    5.9250664710998535,
    6.9032464027404785,
    5.2130866050720215,
    5.197849273681641,
    5.645493984222412,
    5.1796369552612305,
    5.722528457641602,
    5.4592695236206055,
    8.642491340637207,
    4.476276874542236,
    4.348906517028809,
    5.23221492767334,
    5.899623870849609,
    5.474240303039551,
    6.026621341705322,
    5.316215991973877,
    4.278432369232178,
    5.013283729553223,
    8.515092849731445,
    5.371557235717773,
    3.8425235748291016,
    6.539125442504883,
    3.925654172897339,
    7.680568695068359,
    3.758878707885742,
    3.6027235984802246
  ],
  "val_accuracy": [
    0.0833333358168602,
    0.07723577320575714,
    0.11382114142179489,
    0.11178861558437347,
    0.11178861558437347,
    0.15040650963783264,
    0.15853658318519592,
    0.11178861558437347,
    0.2174796760082245,
    0.15853658318519592,
    0.23170731961727142,
    0.23577235639095306,
    0.25406503677368164,
    0.1666666716337204,
    0.25609755516052246,
    0.19512194395065308,
    0.2520325183868408,
    0.24390244483947754,
    0.1991869956254959,
    0.22560974955558777,
    0.22560974955558777,
    0.22764228284358978,
    0.18902438879013062,
    0.29878050088882446,
    0.3130081295967102,
    0.24390244483947754,
    0.24186991155147552,
    0.18902438879013062,
    0.29878050088882446,
    0.24390244483947754,
    0.22357723116874695,
    0.2601625919342041,
    0.24390244483947754,
    0.2520325183868408,
    0.28455284237861633,
    0.22154471278190613,
    0.3252032399177551,
    0.19308942556381226,
    0.32926830649375916,
    0.3048780560493469
  ]
}