{"accuracy": [0.28677111864089966, 0.43124455213546753, 0.5291557908058167, 0.5939947962760925, 0.6592689156532288, 0.7145344018936157, 0.7645778656005859, 0.7954743504524231, 0.8063533306121826, 0.8307223916053772, 0.8568320274353027, 0.8681462407112122, 0.8825065493583679, 0.8803307414054871, 0.8959965109825134, 0.917754590511322, 0.9238468408584595, 0.9308093786239624, 0.9234116673469543, 0.9355961680412292, 0.934725821018219, 0.9377719759941101, 0.9395126104354858, 0.9386423230171204, 0.9569190740585327, 0.9604003429412842, 0.9530026316642761, 0.9482158422470093, 0.9577893614768982, 0.9634464979171753, 0.9577893614768982, 0.955178439617157, 0.9612706899642944, 0.9673629403114319, 0.9647519588470459, 0.9695387482643127, 0.9647519588470459, 0.9634464979171753, 0.9830287098884583, 0.9717145562171936, 0.9769364595413208, 0.9760661721229553, 0.9725848436355591, 0.9769364595413208, 0.9751958250999451, 0.9738903641700745, 0.9786770939826965, 0.9825935363769531, 0.9765012860298157, 0.9738903641700745, 0.9799826145172119, 0.9817232489585876, 0.9799826145172119, 0.9856396913528442, 0.9821584224700928, 0.9830287098884583, 0.9856396913528442, 0.9821584224700928, 0.9865100383758545, 0.9865100383758545, 0.9799826145172119, 0.984769344329834, 0.9799826145172119, 0.9860748648643494, 0.9830287098884583, 0.984769344329834, 0.98738032579422, 0.98738032579422, 0.9856396913528442, 0.984769344329834], "loss": [2.104626417160034, 1.580114483833313, 1.3046950101852417, 1.1163885593414307, 0.9156262278556824, 0.7828616499900818, 0.6414086818695068, 0.5697471499443054, 0.5413647890090942, 0.46676087379455566, 0.3969712555408478, 0.3521798551082611, 0.33264869451522827, 0.3172275424003601, 0.2923416495323181, 0.24224503338336945, 0.21307411789894104, 0.19869597256183624, 0.20879009366035461, 0.19155871868133545, 0.1778082400560379, 0.17578759789466858, 0.17332115769386292, 0.1733975112438202, 0.13253101706504822, 0.11529361456632614, 0.13283519446849823, 0.14642433822155, 0.13181667029857635, 0.11310571432113647, 0.11334669589996338, 0.11521327495574951, 0.10587344318628311, 0.09618687629699707, 0.09669262170791626, 0.08560515195131302, 0.09799299389123917, 0.09777877479791641, 0.06192658841609955, 0.07751942425966263, 0.07135841250419617, 0.07060270011425018, 0.08657190203666687, 0.06880589574575424, 0.06829006969928741, 0.06181419640779495, 0.06349779665470123, 0.05225563794374466, 0.06325564533472061, 0.06882066279649734, 0.06038237363100052, 0.04867268726229668, 0.057715632021427155, 0.04017841815948486, 0.05150550231337547, 0.05045406147837639, 0.039752766489982605, 0.04736434295773506, 0.03522690385580063, 0.03275877982378006, 0.04912033677101135, 0.04086564853787422, 0.05302794650197029, 0.04476037248969078, 0.04317723214626312, 0.047723956406116486, 0.03424467518925667, 0.035210203379392624, 0.0400414764881134, 0.03962608426809311], "val_accuracy": [0.24390244483947754, 0.4776422679424286, 0.4918699264526367, 0.5304877758026123, 0.6239837408065796, 0.6524389982223511, 0.7682926654815674, 0.8719512224197388, 0.9105691313743591, 0.977642297744751, 0.9756097793579102, 0.9756097793579102, 0.9857723712921143, 0.9817073345184326, 0.9817073345184326, 0.9918699264526367, 0.9918699264526367, 0.9878048896789551, 0.9817073345184326, 0.9857723712921143, 0.9837398529052734, 0.9898374080657959, 0.9878048896789551, 0.9857723712921143, 0.9939024448394775, 0.9898374080657959, 0.9857723712921143, 0.9817073345184326, 0.9837398529052734, 0.9918699264526367, 0.9878048896789551, 0.9837398529052734, 0.9898374080657959, 0.9918699264526367, 0.9857723712921143, 0.9898374080657959, 0.9857723712921143, 0.9918699264526367, 0.9918699264526367, 0.9918699264526367, 0.9857723712921143, 0.9817073345184326, 0.9918699264526367, 0.9898374080657959, 0.9939024448394775, 0.9918699264526367, 0.9939024448394775, 0.9918699264526367, 0.9959349632263184, 0.9959349632263184, 0.9939024448394775, 0.9918699264526367, 0.9939024448394775, 0.9939024448394775, 0.9898374080657959, 0.9918699264526367, 0.9878048896789551, 0.9918699264526367, 0.9939024448394775, 0.9918699264526367, 0.9918699264526367, 0.9898374080657959, 0.9857723712921143, 0.9918699264526367, 0.9918699264526367, 0.9939024448394775, 0.9918699264526367, 0.9918699264526367, 0.9939024448394775, 0.9878048896789551], "val_loss": [2.222334384918213, 2.1114389896392822, 1.8994330167770386, 1.705544352531433, 1.392997145652771, 1.047134280204773, 0.7166798710823059, 0.4839448630809784, 0.3166973888874054, 0.17360655963420868, 0.1323457807302475, 0.15296877920627594, 0.09873601794242859, 0.10089602321386337, 0.07593141496181488, 0.062067825347185135, 0.05741853639483452, 0.0679233968257904, 0.06847627460956573, 0.05671067535877228, 0.06596831232309341, 0.060844916850328445, 0.060258809477090836, 0.06161387637257576, 0.04547698050737381, 0.048859935253858566, 0.060338377952575684, 0.06651168316602707, 0.07038231939077377, 0.06053504720330238, 0.05948829650878906, 0.06337486207485199, 0.05984962731599808, 0.04680973291397095, 0.0707104280591011, 0.04965374991297722, 0.04758693277835846, 0.0454966276884079, 0.053287796676158905, 0.05880221351981163, 0.05290360748767853, 0.05786101892590523, 0.05390722677111626, 0.05124799907207489, 0.04128614440560341, 0.055205412209033966, 0.04090949520468712, 0.058434393256902695, 0.0352548249065876, 0.03508922457695007, 0.05379587039351463, 0.047090377658605576, 0.05241265520453453, 0.06112010031938553, 0.06059390679001808, 0.07119408249855042, 0.050245001912117004, 0.05262092500925064, 0.06824429333209991, 0.062304817140102386, 0.05616827681660652, 0.05735647305846214, 0.07806026190519333, 0.06702311336994171, 0.05067183077335358, 0.05538422241806984, 0.06214278191328049, 0.05938442796468735, 0.05735235661268234, 0.049454692751169205]}