{
  "loss": [
    6.440033435821533,
    3.840653419494629,
    2.830348014831543,
    2.4491453170776367,
    2.3793749809265137,
    2.3393428325653076,
    2.290407419204712,
    2.267974615097046,
    2.2933859825134277,
    2.241135835647583,
    2.229175567626953,
    2.22062611579895,
    2.172088861465454,
    2.1421139240264893,
    2.207322835922241,
    2.1510918140411377,
    2.13698410987854,
    2.127026319503784,
    2.1161787509918213,
    2.093914270401001,
    2.1004538536071777,
    2.096219778060913,
    2.0367395877838135,
    2.040348529815674,
    2.053706407546997,
    2.0525169372558594,
    1.9829316139221191,
    1.9753358364105225,
    1.9772080183029175,
    1.975326657295227,
    1.8477104902267456,
    1.8607404232025146,
    1.832040548324585,
    1.753883957862854,
    1.819010615348816,
    1.8102251291275024,
    1.7432246208190918,
    1.7282758951187134,
    1.7333507537841797,
    1.7889702320098877,
    1.7162455320358276,
    1.7691186666488647,
    1.7316845655441284,
    1.7380523681640625,
    1.7147494554519653,
    1.7237955331802368,
    1.6877039670944214,
    1.6971654891967773,
    1.6607182025909424,
    1.6738146543502808,
    1.6769788265228271,
    1.6265809535980225,
    1.6105118989944458,
    1.6344448328018188,
    1.6421324014663696,
    1.6091108322143555,
    1.629071593284607,
    1.5654927492141724,
    1.6095227003097534,
    1.6116881370544434,
    1.5613402128219604,
    1.5846970081329346,
    1.5302186012268066,
    1.4936623573303223,
    1.4819526672363281,
    1.5011123418807983,
    1.4743696451187134,
    1.5210069417953491,
    1.446660041809082,
    1.4934457540512085,
    1.4885660409927368,
    1.454267978668213,
    1.5036743879318237,
    1.4574470520019531,
    1.4567930698394775,
    1.4415464401245117,
    1.5187547206878662,
    1.451064944267273,
    1.5051050186157227,
    1.4329434633255005,
    1.4394617080688477
  ],
  "accuracy": [
    0.12315056473016739,
    0.1666666716337204,
    0.19190600514411926,
    0.2127937376499176,
    0.21061792969703674,
    0.19756309688091278,
    0.20539599657058716,
    0.22019146382808685,
    0.2127937376499176,
    0.2210617959499359,
    0.22454307973384857,
    0.22193211317062378,
    0.2384682297706604,
    0.2236727625131607,
    0.21496954560279846,
    0.21975630521774292,
    0.24238468706607819,
    0.22454307973384857,
    0.2371627539396286,
    0.2371627539396286,
    0.24717144668102264,
    0.24281984567642212,
    0.2654482126235962,
    0.2615317702293396,
    0.26501306891441345,
    0.25152307748794556,
    0.28546562790870667,
    0.27980852127075195,
    0.2915578782558441,
    0.3020017445087433,
    0.34073108434677124,
    0.3429068624973297,
    0.3468233346939087,
    0.3946910500526428,
    0.3603133261203766,
    0.37336814403533936,
    0.39382070302963257,
    0.3986074924468994,
    0.38424718379974365,
    0.3838120102882385,
    0.3794603943824768,
    0.3833768367767334,
    0.3946910500526428,
    0.3973020017147064,
    0.3803307116031647,
    0.3794603943824768,
    0.3929503858089447,
    0.3872933089733124,
    0.4051348865032196,
    0.403829425573349,
    0.402523934841156,
    0.4160139262676239,
    0.4216710329055786,
    0.4064403772354126,
    0.40861618518829346,
    0.4238468110561371,
    0.4107919931411743,
    0.4325500428676605,
    0.41949522495269775,
    0.4242819845676422,
    0.4251523017883301,
    0.4190600514411926,
    0.4325500428676605,
    0.4577893912792206,
    0.45604872703552246,
    0.4634464681148529,
    0.4686684012413025,
    0.4712793827056885,
    0.47345519065856934,
    0.4773716330528259,
    0.47345519065856934,
    0.46823325753211975,
    0.4617058336734772,
    0.4725848436355591,
    0.47519582509994507,
    0.4808529019355774,
    0.4621409773826599,
    0.48041775822639465,
    0.46257615089416504,
    0.4960835576057434,
    0.4812880754470825
  ],
  "val_loss": [
    8.483275413513184,
    5.098397254943848,
    3.091721773147583,
    2.3235864639282227,
    2.294449806213379,
    2.323441982269287,
    3.1388771533966064,
    2.2922306060791016,
    2.291929244995117,
    2.370821237564087,
    2.252316951751709,
    2.369412660598755,
    2.1766045093536377,
    2.136106014251709,
    2.4125661849975586,
    2.467055320739746,
    2.253657817840576,
    2.042531728744507,
    1.943947196006775,
    2.2601158618927,
    2.0484724044799805,
    1.9176154136657715,
    2.231919050216675,
    1.9389185905456543,
    1.9080607891082764,
    1.9152946472167969,
    2.0939319133758545,
    2.491706371307373,
    1.9774411916732788,
    1.9625873565673828,
    2.0606184005737305,
    1.8608460426330566,
    1.639277458190918,
    2.2297096252441406,
    1.7131685018539429,
    1.7443103790283203,
    1.6050177812576294,
    1.6285489797592163,
    2.2319226264953613,
    1.9028428792953491,
    1.5400729179382324,
    1.7287096977233887,
    2.117677927017212,
    1.5860769748687744,
    1.9383658170700073,
    1.5768414735794067,
    1.620402216911316,
    1.6789560317993164,
    1.8511497974395752,
    1.4884357452392578,
    1.3624001741409302,
    2.204136848449707,
    1.529786467552185,
    1.6601817607879639,
    1.7076078653335571,
    1.4860745668411255,
    1.3519963026046753,
    2.0275001525878906,
    1.4456521272659302,
    1.4082614183425903,
    1.4638158082962036,
    1.4627506732940674,
    1.3706982135772705,
    1.2718149423599243,
    1.4103679656982422,
    1.4719997644424438,
    1.5820424556732178,
    1.300226092338562,
    3.344215154647827,
    1.336647629737854,
    1.1666449308395386,
    1.2689549922943115,
    1.354970097541809,
    1.3380117416381836,
    1.3566973209381104,
    1.2888842821121216,
    1.384839415550232,
    1.309427261352539,
    1.2253093719482422,
    1.4098459482192993,
    1.294263482093811
  ],
  "val_accuracy": [
    0.11788617819547653,
    0.11991869658231735,
    0.18495935201644897,
    0.24796748161315918,
    0.2601625919342041,
    0.2296748012304306,
    0.18089431524276733,
    0.21544715762138367,
    0.23780487477779388,
    0.18292683362960815,
    0.23577235639095306,
    0.23780487477779388,
    0.22560974955558777,
    0.2174796760082245,
    0.2296748012304306,
    0.1869918704032898,
    0.1971544772386551,
    0.2581300735473633,
    0.2825203239917755,
    0.2723577320575714,
    0.2926829159259796,
    0.3028455376625061,
    0.2520325183868408,
    0.3211382031440735,
    0.29878050088882446,
    0.3455284535884857,
    0.3313008248806,
    0.2621951103210449,
    0.3658536672592163,
    0.36178863048553467,
    0.3109756112098694,
    0.35975611209869385,
    0.40243902802467346,
    0.3313008248806,
    0.36991870403289795,
    0.41056910157203674,
    0.434959352016449,
    0.461382120847702,
    0.31707316637039185,
    0.34756097197532654,
    0.4674796760082245,
    0.38211381435394287,
    0.37195122241973877,
    0.46341463923454285,
    0.3943089544773102,
    0.45121949911117554,
    0.4451219439506531,
    0.41260161995887756,
    0.3252032399177551,
    0.4878048896789551,
    0.4878048896789551,
    0.3434959352016449,
    0.434959352016449,
    0.46544715762138367,
    0.36788618564605713,
    0.4796747863292694,
    0.5447154641151428,
    0.3516260087490082,
    0.47560974955558777,
    0.5121951103210449,
    0.461382120847702,
    0.4573170840740204,
    0.49593496322631836,
    0.5589430928230286,
    0.5040650367736816,
    0.4918699264526367,
    0.47357723116874695,
    0.5345528721809387,
    0.23373983800411224,
    0.4776422679424286,
    0.5508130192756653,
    0.5609756112098694,
    0.5264227390289307,
    0.4796747863292694,
    0.5284552574157715,
    0.5081300735473633,
    0.49390244483947754,
    0.5345528721809387,
    0.5670731663703918,
    0.5121951103210449,
    0.5630081295967102
  ]
}