{
  "loss": [
    5.181768894195557,
    2.4621212482452393,
    2.2856075763702393,
    2.2289507389068604,
    2.139749050140381,
    2.0350568294525146,
    1.9533402919769287,
    1.9363294839859009,
    1.8842167854309082,
    1.8891688585281372,
    1.8148362636566162,
    1.9393246173858643,
    1.8615102767944336,
    1.8005189895629883,
    1.7883247137069702,
    1.7861073017120361,
    1.771681308746338,
    1.7906843423843384,
    1.735958218574524,
    1.704223871231079,
    1.5918710231781006,
    1.5358213186264038,
    1.4952579736709595,
    1.5141685009002686,
    1.4447816610336304,
    1.5069265365600586,
    1.55292546749115,
    1.4434657096862793,
    1.4662752151489258,
    1.3717169761657715,
    1.4056313037872314,
    1.439995527267456,
    1.3114919662475586,
    1.326493501663208,
    1.2979487180709839,
    1.2938709259033203,
    1.3412593603134155,
    1.2351642847061157,
    1.3654214143753052,
    1.3491466045379639,
    1.2733070850372314,
    1.2481268644332886,
    1.1886118650436401,
    1.2840842008590698,
    1.2473832368850708,
    1.1910218000411987,
    1.2323979139328003,
    1.2057074308395386,
    1.160064935684204,
    1.2066285610198975,
    1.1733354330062866,
    1.1723823547363281,
    1.214504599571228,
    1.1902190446853638,
    1.1673334836959839,
    1.1931089162826538
  ],
  "accuracy": [
    0.13794603943824768,
    0.17362923920154572,
    0.19712793827056885,
    0.20887728035449982,
    0.22019146382808685,
    0.2454308122396469,
    0.2763272523880005,
    0.2780678868293762,
    0.28894689679145813,
    0.292428195476532,
    0.32463011145591736,
    0.3089643120765686,
    0.3076588213443756,
    0.33550915122032166,
    0.33942559361457825,
    0.3546562194824219,
    0.3616187870502472,
    0.3276762366294861,
    0.35161009430885315,
    0.38946911692619324,
    0.4268929362297058,
    0.4486510157585144,
    0.4538729190826416,
    0.4334203600883484,
    0.4717145264148712,
    0.44081810116767883,
    0.4242819845676422,
    0.4795474410057068,
    0.4908616244792938,
    0.5169712901115417,
    0.4921671152114868,
    0.4947780668735504,
    0.5304612517356873,
    0.5243690013885498,
    0.5330722332000732,
    0.537423849105835,
    0.5108790397644043,
    0.5570061206817627,
    0.5165361166000366,
    0.5139251351356506,
    0.532201886177063,
    0.5487380623817444,
    0.5557006001472473,
    0.5426457524299622,
    0.5509138107299805,
    0.5535247921943665,
    0.5535247921943665,
    0.5765883326530457,
    0.5778937935829163,
    0.5613576769828796,
    0.5657092928886414,
    0.5657092928886414,
    0.5422106385231018,
    0.5417754650115967,
    0.5691906213760376,
    0.5557006001472473
  ],
  "val_loss": [
    2.432934522628784,
    4.815639972686768,
    2.6021220684051514,
    2.457956552505493,
    2.2086305618286133,
    1.926688551902771,
    2.000044107437134,
    1.889280915260315,
    2.790259599685669,
    1.8333733081817627,
    3.372204065322876,
    2.619159698486328,
    2.0765492916107178,
    1.764826774597168,
    2.2559750080108643,
    4.560317516326904,
    1.6118738651275635,
    2.5713822841644287,
    2.3544321060180664,
    2.103334665298462,
    1.7918347120285034,
    1.9495103359222412,
    2.0941145420074463,
    3.6436879634857178,
    1.4539055824279785,
    2.46366024017334,
    1.925208568572998,
    2.344608783721924,
    1.2521002292633057,
    1.5739011764526367,
    1.386710524559021,
    1.7315260171890259,
    2.2980971336364746,
    1.7574342489242554,
    1.0516602993011475,
    3.077216863632202,
    1.3058420419692993,
    0.9938099980354309,
    0.9581042528152466,
    1.7937767505645752,
    1.9658746719360352,
    1.2198461294174194,
    2.312443494796753,
    1.6026666164398193,
    1.1598049402236938,
    0.928659975528717,
    5.814822196960449,
    3.667452096939087,
    1.2403638362884521,
    3.110534429550171,
    1.8266557455062866,
    1.1786048412322998,
    1.1626931428909302,
    0.9769606590270996,
    1.0440106391906738,
    1.4525922536849976
  ],
  "val_accuracy": [
    0.16463415324687958,
    0.09146341681480408,
    0.1463414579629898,
    0.2195121943950653,
    0.21544715762138367,
    0.23373983800411224,
    0.23577235639095306,
    0.3028455376625061,
    0.2581300735473633,
    0.2926829159259796,
    0.21544715762138367,
    0.22357723116874695,
    0.3333333432674408,
    0.3414634168148041,
    0.2581300735473633,
    0.15243902802467346,
    0.36991870403289795,
    0.2296748012304306,
    0.21138212084770203,
    0.34756097197532654,
    0.3658536672592163,
    0.36788618564605713,
    0.31910568475723267,
    0.31910568475723267,
    0.4573170840740204,
    0.2581300735473633,
    0.3414634168148041,
    0.353658527135849,
    0.5528455376625061,
    0.48170730471611023,
    0.48170730471611023,
    0.38211381435394287,
    0.31707316637039185,
    0.4268292784690857,
    0.6036585569381714,
    0.3252032399177551,
    0.5406504273414612,
    0.6341463327407837,
    0.6707317233085632,
    0.4776422679424286,
    0.3861788511276245,
    0.5508130192756653,
    0.3841463327407837,
    0.47357723116874695,
    0.5142276287078857,
    0.6097561120986938,
    0.18902438879013062,
    0.26422762870788574,
    0.5548780560493469,
    0.2621951103210449,
    0.38008129596710205,
    0.5447154641151428,
    0.5548780560493469,
    0.607723593711853,
    0.6524389982223511,
    0.45325204730033875
  ]
}