{
  "step_qonnx_to_finn": 0.13268446922302246,
  "step_tidy_up": 0.030269145965576172,
  "step_streamline": 0.8847014904022217,
  "step_convert_to_hw": 0.025159835815429688,
  "step_create_dataflow_partition": 0.004925727844238281,
  "step_specialize_layers": 0.005700111389160156,
  "step_target_fps_parallelization": 0.008392095565795898,
  "step_apply_folding_config": 2.86102294921875e-06,
  "step_minimize_bit_width": 0.023118257522583008,
  "step_generate_estimate_reports": 0.017032146453857422,
  "step_hw_codegen": 0.07011079788208008,
  "step_hw_ipgen": 123.76457238197327,
  "step_set_fifo_depths": 686.0215985774994,
  "step_create_stitched_ip": 170.36116099357605,
  "step_measure_rtlsim_performance": 2.86102294921875e-06,
  "step_synthesize_bitfile": 1296.1853322982788
}