{
  "step_qonnx_to_finn": 0.14254474639892578,
  "step_tidy_up": 0.02964615821838379,
  "step_streamline": 0.9286410808563232,
  "step_convert_to_hw": 0.026466846466064453,
  "step_create_dataflow_partition": 0.00577855110168457,
  "step_specialize_layers": 0.006230592727661133,
  "step_target_fps_parallelization": 0.008562088012695312,
  "step_apply_folding_config": 3.814697265625e-06,
  "step_minimize_bit_width": 0.024067163467407227,
  "step_generate_estimate_reports": 0.017963171005249023,
  "step_hw_codegen": 0.07341217994689941,
  "step_hw_ipgen": 119.61149501800537,
  "step_set_fifo_depths": 695.2129964828491,
  "step_create_stitched_ip": 170.22443890571594,
  "step_measure_rtlsim_performance": 3.0994415283203125e-06,
  "step_synthesize_bitfile": 1297.7085311412811,
  "step_make_pynq_driver": 0.16862034797668457,
  "step_deployment_package": 0.004534244537353516
}