{
  "step_qonnx_to_finn": 0.13442444801330566,
  "step_tidy_up": 0.03033280372619629,
  "step_streamline": 0.887394905090332,
  "step_convert_to_hw": 0.02573537826538086,
  "step_create_dataflow_partition": 0.0049707889556884766,
  "step_specialize_layers": 0.005467891693115234,
  "step_target_fps_parallelization": 0.009183168411254883,
  "step_apply_folding_config": 3.337860107421875e-06,
  "step_minimize_bit_width": 0.02300572395324707,
  "step_generate_estimate_reports": 0.020290851593017578,
  "step_hw_codegen": 0.0713343620300293,
  "step_hw_ipgen": 80.08785033226013,
  "step_set_fifo_depths": 521.5950899124146,
  "step_create_stitched_ip": 63.0860059261322,
  "step_measure_rtlsim_performance": 4.291534423828125e-06,
  "step_synthesize_bitfile": 1102.9857366085052
}