{
  "step_qonnx_to_finn": 0.13069868087768555,
  "step_tidy_up": 0.02767014503479004,
  "step_streamline": 0.8509047031402588,
  "step_convert_to_hw": 0.028490781784057617,
  "step_create_dataflow_partition": 0.005158901214599609,
  "step_specialize_layers": 0.0053637027740478516,
  "step_target_fps_parallelization": 0.008011341094970703,
  "step_apply_folding_config": 3.337860107421875e-06,
  "step_minimize_bit_width": 0.02255868911743164,
  "step_generate_estimate_reports": 0.016083955764770508,
  "step_hw_codegen": 0.07070350646972656,
  "step_hw_ipgen": 82.5325882434845,
  "step_set_fifo_depths": 535.1419904232025,
  "step_create_stitched_ip": 63.44012761116028,
  "step_measure_rtlsim_performance": 3.814697265625e-06,
  "step_synthesize_bitfile": 1114.1615619659424
}