{
  "step_qonnx_to_finn": 0.2828245162963867,
  "step_tidy_up": 0.029990673065185547,
  "step_streamline": 1.2938928604125977,
  "step_convert_to_hw": 0.026856422424316406,
  "step_create_dataflow_partition": 0.005236387252807617,
  "step_specialize_layers": 0.006058692932128906,
  "step_target_fps_parallelization": 0.009915590286254883,
  "step_apply_folding_config": 0.0018777847290039062,
  "step_minimize_bit_width": 0.024916410446166992,
  "step_generate_estimate_reports": 0.019383668899536133,
  "step_hw_codegen": 0.09292769432067871,
  "step_hw_ipgen": 121.90133738517761,
  "step_set_fifo_depths": 0.14969468116760254,
  "step_create_stitched_ip": 52.955697774887085,
  "step_measure_rtlsim_performance": 541.4838581085205,
  "step_synthesize_bitfile": 1152.177185535431,
  "step_make_pynq_driver": 0.14606261253356934,
  "step_deployment_package": 0.0041391849517822266
}