{
  "loss": [
    0.3492504954338074,
    0.358359158039093,
    0.3495328724384308,
    0.3546241223812103,
    0.36720016598701477,
    0.3312547206878662,
    0.34930238127708435,
    0.3498344123363495,
    0.3455526530742645,
    0.3386061489582062,
    0.35171887278556824
  ],
  "accuracy": [
    0.8777197599411011,
    0.8764142990112305,
    0.8664055466651917,
    0.8759791254997253,
    0.8681462407112122,
    0.8907746076583862,
    0.8755439519882202,
    0.87467360496521,
    0.8755439519882202,
    0.8768494129180908,
    0.8716275095939636
  ],
  "val_loss": [
    0.3166286051273346,
    0.32038426399230957,
    0.3192172646522522,
    0.32087036967277527,
    0.3187028169631958,
    0.31919610500335693,
    0.3180747926235199,
    0.317673921585083,
    0.3184064030647278,
    0.31680595874786377,
    0.3216055631637573
  ],
  "val_accuracy": [
    0.9126016497612,
    0.9146341681480408,
    0.9126016497612,
    0.9146341681480408,
    0.9146341681480408,
    0.9146341681480408,
    0.9146341681480408,
    0.9146341681480408,
    0.9146341681480408,
    0.9207317233085632,
    0.9186992049217224
  ]
}