{
  "loss": [
    0.07408882677555084,
    0.08090667426586151,
    0.07489095628261566,
    0.07402822375297546,
    0.07848367094993591,
    0.06677065044641495,
    0.06708993017673492,
    0.07059713453054428,
    0.06973656266927719,
    0.07431411743164062,
    0.07426458597183228,
    0.07972629368305206,
    0.06814659386873245,
    0.07007825374603271,
    0.07598857581615448,
    0.07415881752967834,
    0.06791358441114426,
    0.06830844283103943,
    0.07675427198410034,
    0.07244083285331726,
    0.0778392106294632,
    0.07769237458705902,
    0.07394205033779144,
    0.07070556282997131,
    0.07872084528207779,
    0.07790838181972504,
    0.07414128631353378
  ],
  "accuracy": [
    0.9791122674942017,
    0.972149670124054,
    0.9795474410057068,
    0.9769364595413208,
    0.9743254780769348,
    0.9808529019355774,
    0.9765012860298157,
    0.9791122674942017,
    0.9821584224700928,
    0.9799826145172119,
    0.9760661721229553,
    0.977806806564331,
    0.9791122674942017,
    0.9773716330528259,
    0.9730200171470642,
    0.9799826145172119,
    0.9799826145172119,
    0.9773716330528259,
    0.9747606515884399,
    0.9786770939826965,
    0.9717145562171936,
    0.9765012860298157,
    0.9765012860298157,
    0.9786770939826965,
    0.9747606515884399,
    0.977806806564331,
    0.9773716330528259
  ],
  "val_loss": [
    0.0301300510764122,
    0.02980799414217472,
    0.0288676954805851,
    0.028390802443027496,
    0.028540128841996193,
    0.028942493721842766,
    0.028749579563736916,
    0.028767798095941544,
    0.027991849929094315,
    0.02835594303905964,
    0.02793259732425213,
    0.027724310755729675,
    0.028533343225717545,
    0.02973489835858345,
    0.029070941731333733,
    0.02885112352669239,
    0.0273374505341053,
    0.027696263045072556,
    0.028948411345481873,
    0.028816282749176025,
    0.027629505842924118,
    0.02738324925303459,
    0.02856024168431759,
    0.029343020170927048,
    0.028546737506985664,
    0.029333872720599174,
    0.03102405183017254
  ],
  "val_accuracy": [
    0.9939024448394775,
    0.9939024448394775,
    0.9939024448394775,
    0.9939024448394775,
    0.9939024448394775,
    0.9939024448394775,
    0.9939024448394775,
    0.9939024448394775,
    0.9939024448394775,
    0.9939024448394775,
    0.9939024448394775,
    0.9939024448394775,
    0.9939024448394775,
    0.9939024448394775,
    0.9939024448394775,
    0.9939024448394775,
    0.9939024448394775,
    0.9939024448394775,
    0.9939024448394775,
    0.9939024448394775,
    0.9939024448394775,
    0.9939024448394775,
    0.9939024448394775,
    0.9939024448394775,
    0.9939024448394775,
    0.9939024448394775,
    0.9939024448394775
  ]
}