[2026-04-21 23:28:09,855] Running step: step_qonnx_to_finn [1/18]
[2026-04-21 23:28:09,871] /home/emanuel-hernandez/finn/deps/qonnx/src/qonnx/transformation/gemm_to_matmul.py:57: UserWarning: The GemmToMatMul transformation only offers explicit support for version 9 of the Gemm node, but the ONNX version of the supplied model is 14. Thus the transformation may fail or return incomplete results.
[2026-04-21 23:28:09,871]   warnings.warn(
[2026-04-21 23:28:09,931] Running step: step_tidy_up [2/18]
[2026-04-21 23:28:09,946] Running step: step_streamline [3/18]
[2026-04-21 23:28:10,354] /home/emanuel-hernandez/finn/deps/qonnx/src/qonnx/transformation/infer_data_layouts.py:136: UserWarning: Assuming 2D input is NC
[2026-04-21 23:28:10,354]   warnings.warn("Assuming 2D input is NC")
[2026-04-21 23:28:10,356] Running step: step_convert_to_hw [4/18]
[2026-04-21 23:28:10,363] Running step: step_create_dataflow_partition [5/18]
[2026-04-21 23:28:10,367] Running step: step_specialize_layers [6/18]
[2026-04-21 23:28:10,370] Running step: step_target_fps_parallelization [7/18]
[2026-04-21 23:28:10,372] Running step: step_apply_folding_config [8/18]
[2026-04-21 23:28:10,373] Running step: step_minimize_bit_width [9/18]
[2026-04-21 23:28:10,382] Running step: step_generate_estimate_reports [10/18]
[2026-04-21 23:28:10,388] Running step: step_hw_codegen [11/18]
[2026-04-21 23:28:12,763] Running step: step_hw_ipgen [12/18]
[2026-04-21 23:29:03,534] Running step: step_set_fifo_depths [13/18]
[2026-04-21 23:29:03,543] /home/emanuel-hernandez/finn/src/finn/transformation/fpgadataflow/prepare_ip.py:56: UserWarning: Using pre-existing code for MVAU_hls_0
[2026-04-21 23:29:03,543]   warnings.warn("Using pre-existing code for %s" % node.name)
[2026-04-21 23:29:03,544] /home/emanuel-hernandez/finn/src/finn/transformation/fpgadataflow/prepare_ip.py:56: UserWarning: Using pre-existing code for MVAU_hls_1
[2026-04-21 23:29:03,544]   warnings.warn("Using pre-existing code for %s" % node.name)
[2026-04-21 23:29:03,544] /home/emanuel-hernandez/finn/src/finn/transformation/fpgadataflow/prepare_ip.py:56: UserWarning: Using pre-existing code for MVAU_rtl_0
[2026-04-21 23:29:03,544]   warnings.warn("Using pre-existing code for %s" % node.name)
[2026-04-21 23:29:03,589] /home/emanuel-hernandez/finn/src/finn/transformation/fpgadataflow/hlssynth_ip.py:74: UserWarning: Using pre-existing IP for MVAU_hls_1
[2026-04-21 23:29:03,589]   warnings.warn("Using pre-existing IP for %s" % node.name)
[2026-04-21 23:29:03,592] /home/emanuel-hernandez/finn/src/finn/transformation/fpgadataflow/hlssynth_ip.py:74: UserWarning: Using pre-existing IP for MVAU_hls_0
[2026-04-21 23:29:03,592]   warnings.warn("Using pre-existing IP for %s" % node.name)
[2026-04-21 23:29:33,817] %Warning-PINMISSING: /tmp/finn_dev_emanuel-hernandez/vivado_stitch_proj_drjl_8y4/finn_design_wrapper.v:14479:34: Cell has missing pin: 'awready'
[2026-04-21 23:29:33,817] 14479 |   finn_design_MVAU_hls_0_wstrm_0 MVAU_hls_0_wstrm
[2026-04-21 23:29:33,817]       |                                  ^~~~~~~~~~~~~~~~
[2026-04-21 23:29:33,817]                      ... For warning description see https://verilator.org/warn/PINMISSING?v=4.224
[2026-04-21 23:29:33,817]                      ... Use "/* verilator lint_off PINMISSING */" and lint_on around source to disable this message.
[2026-04-21 23:29:33,817] %Warning-PINMISSING: /tmp/finn_dev_emanuel-hernandez/vivado_stitch_proj_drjl_8y4/finn_design_wrapper.v:14479:34: Cell has missing pin: 'wready'
[2026-04-21 23:29:33,817] 14479 |   finn_design_MVAU_hls_0_wstrm_0 MVAU_hls_0_wstrm
[2026-04-21 23:29:33,817]       |                                  ^~~~~~~~~~~~~~~~
[2026-04-21 23:29:33,817] %Warning-PINMISSING: /tmp/finn_dev_emanuel-hernandez/vivado_stitch_proj_drjl_8y4/finn_design_wrapper.v:14479:34: Cell has missing pin: 'bvalid'
[2026-04-21 23:29:33,817] 14479 |   finn_design_MVAU_hls_0_wstrm_0 MVAU_hls_0_wstrm
[2026-04-21 23:29:33,817]       |                                  ^~~~~~~~~~~~~~~~
[2026-04-21 23:29:33,817] %Warning-PINMISSING: /tmp/finn_dev_emanuel-hernandez/vivado_stitch_proj_drjl_8y4/finn_design_wrapper.v:14479:34: Cell has missing pin: 'bresp'
[2026-04-21 23:29:33,817] 14479 |   finn_design_MVAU_hls_0_wstrm_0 MVAU_hls_0_wstrm
[2026-04-21 23:29:33,817]       |                                  ^~~~~~~~~~~~~~~~
[2026-04-21 23:29:33,817] %Warning-PINMISSING: /tmp/finn_dev_emanuel-hernandez/vivado_stitch_proj_drjl_8y4/finn_design_wrapper.v:14479:34: Cell has missing pin: 'arready'
[2026-04-21 23:29:33,817] 14479 |   finn_design_MVAU_hls_0_wstrm_0 MVAU_hls_0_wstrm
[2026-04-21 23:29:33,817]       |                                  ^~~~~~~~~~~~~~~~
[2026-04-21 23:29:33,818] %Warning-PINMISSING: /tmp/finn_dev_emanuel-hernandez/vivado_stitch_proj_drjl_8y4/finn_design_wrapper.v:14479:34: Cell has missing pin: 'rvalid'
[2026-04-21 23:29:33,818] 14479 |   finn_design_MVAU_hls_0_wstrm_0 MVAU_hls_0_wstrm
[2026-04-21 23:29:33,818]       |                                  ^~~~~~~~~~~~~~~~
[2026-04-21 23:29:33,818] %Warning-PINMISSING: /tmp/finn_dev_emanuel-hernandez/vivado_stitch_proj_drjl_8y4/finn_design_wrapper.v:14479:34: Cell has missing pin: 'rresp'
[2026-04-21 23:29:33,818] 14479 |   finn_design_MVAU_hls_0_wstrm_0 MVAU_hls_0_wstrm
[2026-04-21 23:29:33,818]       |                                  ^~~~~~~~~~~~~~~~
[2026-04-21 23:29:33,818] %Warning-PINMISSING: /tmp/finn_dev_emanuel-hernandez/vivado_stitch_proj_drjl_8y4/finn_design_wrapper.v:14479:34: Cell has missing pin: 'rdata'
[2026-04-21 23:29:33,818] 14479 |   finn_design_MVAU_hls_0_wstrm_0 MVAU_hls_0_wstrm
[2026-04-21 23:29:33,818]       |                                  ^~~~~~~~~~~~~~~~
[2026-04-21 23:29:33,818] %Warning-PINMISSING: /tmp/finn_dev_emanuel-hernandez/vivado_stitch_proj_drjl_8y4/finn_design_wrapper.v:14548:34: Cell has missing pin: 'awready'
[2026-04-21 23:29:33,818] 14548 |   finn_design_MVAU_hls_1_wstrm_0 MVAU_hls_1_wstrm
[2026-04-21 23:29:33,818]       |                                  ^~~~~~~~~~~~~~~~
[2026-04-21 23:29:33,818] %Warning-PINMISSING: /tmp/finn_dev_emanuel-hernandez/vivado_stitch_proj_drjl_8y4/finn_design_wrapper.v:14548:34: Cell has missing pin: 'wready'
[2026-04-21 23:29:33,818] 14548 |   finn_design_MVAU_hls_1_wstrm_0 MVAU_hls_1_wstrm
[2026-04-21 23:29:33,818]       |                                  ^~~~~~~~~~~~~~~~
[2026-04-21 23:29:33,818] %Warning-PINMISSING: /tmp/finn_dev_emanuel-hernandez/vivado_stitch_proj_drjl_8y4/finn_design_wrapper.v:14548:34: Cell has missing pin: 'bvalid'
[2026-04-21 23:29:33,818] 14548 |   finn_design_MVAU_hls_1_wstrm_0 MVAU_hls_1_wstrm
[2026-04-21 23:29:33,818]       |                                  ^~~~~~~~~~~~~~~~
[2026-04-21 23:29:33,818] %Warning-PINMISSING: /tmp/finn_dev_emanuel-hernandez/vivado_stitch_proj_drjl_8y4/finn_design_wrapper.v:14548:34: Cell has missing pin: 'bresp'
[2026-04-21 23:29:33,818] 14548 |   finn_design_MVAU_hls_1_wstrm_0 MVAU_hls_1_wstrm
[2026-04-21 23:29:33,818]       |                                  ^~~~~~~~~~~~~~~~
[2026-04-21 23:29:33,818] %Warning-PINMISSING: /tmp/finn_dev_emanuel-hernandez/vivado_stitch_proj_drjl_8y4/finn_design_wrapper.v:14548:34: Cell has missing pin: 'arready'
[2026-04-21 23:29:33,818] 14548 |   finn_design_MVAU_hls_1_wstrm_0 MVAU_hls_1_wstrm
[2026-04-21 23:29:33,818]       |                                  ^~~~~~~~~~~~~~~~
[2026-04-21 23:29:33,818] %Warning-PINMISSING: /tmp/finn_dev_emanuel-hernandez/vivado_stitch_proj_drjl_8y4/finn_design_wrapper.v:14548:34: Cell has missing pin: 'rvalid'
[2026-04-21 23:29:33,818] 14548 |   finn_design_MVAU_hls_1_wstrm_0 MVAU_hls_1_wstrm
[2026-04-21 23:29:33,818]       |                                  ^~~~~~~~~~~~~~~~
[2026-04-21 23:29:33,818] %Warning-PINMISSING: /tmp/finn_dev_emanuel-hernandez/vivado_stitch_proj_drjl_8y4/finn_design_wrapper.v:14548:34: Cell has missing pin: 'rresp'
[2026-04-21 23:29:33,818] 14548 |   finn_design_MVAU_hls_1_wstrm_0 MVAU_hls_1_wstrm
[2026-04-21 23:29:33,818]       |                                  ^~~~~~~~~~~~~~~~
[2026-04-21 23:29:33,818] %Warning-PINMISSING: /tmp/finn_dev_emanuel-hernandez/vivado_stitch_proj_drjl_8y4/finn_design_wrapper.v:14548:34: Cell has missing pin: 'rdata'
[2026-04-21 23:29:33,818] 14548 |   finn_design_MVAU_hls_1_wstrm_0 MVAU_hls_1_wstrm
[2026-04-21 23:29:33,818]       |                                  ^~~~~~~~~~~~~~~~
[2026-04-21 23:29:33,818] %Warning-PINMISSING: /tmp/finn_dev_emanuel-hernandez/vivado_stitch_proj_drjl_8y4/finn_design_wrapper.v:14617:34: Cell has missing pin: 'awready'
[2026-04-21 23:29:33,818] 14617 |   finn_design_MVAU_rtl_0_wstrm_0 MVAU_rtl_0_wstrm
[2026-04-21 23:29:33,818]       |                                  ^~~~~~~~~~~~~~~~
[2026-04-21 23:29:33,818] %Warning-PINMISSING: /tmp/finn_dev_emanuel-hernandez/vivado_stitch_proj_drjl_8y4/finn_design_wrapper.v:14617:34: Cell has missing pin: 'wready'
[2026-04-21 23:29:33,818] 14617 |   finn_design_MVAU_rtl_0_wstrm_0 MVAU_rtl_0_wstrm
[2026-04-21 23:29:33,818]       |                                  ^~~~~~~~~~~~~~~~
[2026-04-21 23:29:33,818] %Warning-PINMISSING: /tmp/finn_dev_emanuel-hernandez/vivado_stitch_proj_drjl_8y4/finn_design_wrapper.v:14617:34: Cell has missing pin: 'bvalid'
[2026-04-21 23:29:33,818] 14617 |   finn_design_MVAU_rtl_0_wstrm_0 MVAU_rtl_0_wstrm
[2026-04-21 23:29:33,818]       |                                  ^~~~~~~~~~~~~~~~
[2026-04-21 23:29:33,818] %Warning-PINMISSING: /tmp/finn_dev_emanuel-hernandez/vivado_stitch_proj_drjl_8y4/finn_design_wrapper.v:14617:34: Cell has missing pin: 'bresp'
[2026-04-21 23:29:33,818] 14617 |   finn_design_MVAU_rtl_0_wstrm_0 MVAU_rtl_0_wstrm
[2026-04-21 23:29:33,818]       |                                  ^~~~~~~~~~~~~~~~
[2026-04-21 23:29:33,818] %Warning-PINMISSING: /tmp/finn_dev_emanuel-hernandez/vivado_stitch_proj_drjl_8y4/finn_design_wrapper.v:14617:34: Cell has missing pin: 'arready'
[2026-04-21 23:29:33,818] 14617 |   finn_design_MVAU_rtl_0_wstrm_0 MVAU_rtl_0_wstrm
[2026-04-21 23:29:33,818]       |                                  ^~~~~~~~~~~~~~~~
[2026-04-21 23:29:33,818] %Warning-PINMISSING: /tmp/finn_dev_emanuel-hernandez/vivado_stitch_proj_drjl_8y4/finn_design_wrapper.v:14617:34: Cell has missing pin: 'rvalid'
[2026-04-21 23:29:33,818] 14617 |   finn_design_MVAU_rtl_0_wstrm_0 MVAU_rtl_0_wstrm
[2026-04-21 23:29:33,818]       |                                  ^~~~~~~~~~~~~~~~
[2026-04-21 23:29:33,818] %Warning-PINMISSING: /tmp/finn_dev_emanuel-hernandez/vivado_stitch_proj_drjl_8y4/finn_design_wrapper.v:14617:34: Cell has missing pin: 'rresp'
[2026-04-21 23:29:33,818] 14617 |   finn_design_MVAU_rtl_0_wstrm_0 MVAU_rtl_0_wstrm
[2026-04-21 23:29:33,818]       |                                  ^~~~~~~~~~~~~~~~
[2026-04-21 23:29:33,818] %Warning-PINMISSING: /tmp/finn_dev_emanuel-hernandez/vivado_stitch_proj_drjl_8y4/finn_design_wrapper.v:14617:34: Cell has missing pin: 'rdata'
[2026-04-21 23:29:33,818] 14617 |   finn_design_MVAU_rtl_0_wstrm_0 MVAU_rtl_0_wstrm
[2026-04-21 23:29:33,818]       |                                  ^~~~~~~~~~~~~~~~
[2026-04-21 23:29:33,818] %Warning-PINMISSING: /tmp/finn_dev_emanuel-hernandez/vivado_stitch_proj_drjl_8y4/finn_design_wrapper.v:14752:37: Cell has missing pin: 'count'
[2026-04-21 23:29:33,818] 14752 |   finn_design_StreamingFIFO_rtl_0_0 StreamingFIFO_rtl_0
[2026-04-21 23:29:33,818]       |                                     ^~~~~~~~~~~~~~~~~~~
[2026-04-21 23:29:33,818] %Warning-PINMISSING: /tmp/finn_dev_emanuel-hernandez/vivado_stitch_proj_drjl_8y4/finn_design_wrapper.v:14762:37: Cell has missing pin: 'count'
[2026-04-21 23:29:33,818] 14762 |   finn_design_StreamingFIFO_rtl_1_0 StreamingFIFO_rtl_1
[2026-04-21 23:29:33,818]       |                                     ^~~~~~~~~~~~~~~~~~~
[2026-04-21 23:29:33,818] %Warning-PINMISSING: /tmp/finn_dev_emanuel-hernandez/vivado_stitch_proj_drjl_8y4/finn_design_wrapper.v:14772:37: Cell has missing pin: 'count'
[2026-04-21 23:29:33,818] 14772 |   finn_design_StreamingFIFO_rtl_2_0 StreamingFIFO_rtl_2
[2026-04-21 23:29:33,818]       |                                     ^~~~~~~~~~~~~~~~~~~
[2026-04-21 23:29:33,818] %Warning-PINMISSING: /tmp/finn_dev_emanuel-hernandez/vivado_stitch_proj_drjl_8y4/finn_design_wrapper.v:14782:37: Cell has missing pin: 'count'
[2026-04-21 23:29:33,818] 14782 |   finn_design_StreamingFIFO_rtl_3_0 StreamingFIFO_rtl_3
[2026-04-21 23:29:33,818]       |                                     ^~~~~~~~~~~~~~~~~~~
[2026-04-21 23:29:33,818] %Warning-PINMISSING: /tmp/finn_dev_emanuel-hernandez/vivado_stitch_proj_drjl_8y4/finn_design_wrapper.v:14792:37: Cell has missing pin: 'count'
[2026-04-21 23:29:33,818] 14792 |   finn_design_StreamingFIFO_rtl_4_0 StreamingFIFO_rtl_4
[2026-04-21 23:29:33,818]       |                                     ^~~~~~~~~~~~~~~~~~~
[2026-04-21 23:29:33,818] %Warning-TIMESCALEMOD: /home/emanuel-hernandez/finn/finn-rtllib/swg/swg_pkg.sv:32:9: Timescale missing on this module as other modules have it (IEEE 1800-2017 3.14.2.3)
[2026-04-21 23:29:33,818]    32 | package swg;
[2026-04-21 23:29:33,818]       |         ^~~
[2026-04-21 23:29:33,818]                        /tmp/finn_dev_emanuel-hernandez/vivado_stitch_proj_drjl_8y4/finn_design_wrapper.v:10:8: ... Location of module with timescale
[2026-04-21 23:29:33,818]    10 | module MVAU_hls_0_Matrix_Vector_Activate_Stream_Batch_p_ZL7threshs_1_4_ROM_AUTO_1R (
[2026-04-21 23:29:33,818]       |        ^~~~~~~~~~~~~~~~~~~~~~~~~~~~~~~~~~~~~~~~~~~~~~~~~~~~~~~~~~~~~~~~~~~~~~~~~~~
[2026-04-21 23:29:33,818] %Warning-WIDTH: /tmp/finn_dev_emanuel-hernandez/vivado_stitch_proj_drjl_8y4/finn_design_wrapper.v:1433:21: Operator VAR 'SIMD_UNEVEN' expects 1 bits on the Initial value, but Initial value's MODDIV generates 32 bits.
[2026-04-21 23:29:33,818]                                                                                                          : ... In instance finn_design_wrapper.finn_design_i.MVAU_rtl_0.MVAU_rtl_0.inst.inst
[2026-04-21 23:29:33,818]  1433 |  localparam bit     SIMD_UNEVEN = SIMD % 2
[2026-04-21 23:29:33,818]       |                     ^~~~~~~~~~~
[2026-04-21 23:29:33,818] %Warning-WIDTH: /tmp/finn_dev_emanuel-hernandez/vivado_stitch_proj_drjl_8y4/finn_design_wrapper.v:1550:69: Operator ADD expects 32 bits on the LHS, but LHS's VARREF 'PUMPED_COMPUTE' generates 1 bits.
[2026-04-21 23:29:33,818]                                                                                                          : ... In instance finn_design_wrapper.finn_design_i.MVAU_rtl_0.MVAU_rtl_0.inst.inst
[2026-04-21 23:29:33,818]  1550 |   localparam int unsigned  DSP_SIMD = EFFECTIVE_SIMD/(PUMPED_COMPUTE+1);
[2026-04-21 23:29:33,818]       |                                                                     ^
[2026-04-21 23:29:33,818] %Warning-WIDTH: /tmp/finn_dev_emanuel-hernandez/vivado_stitch_proj_drjl_8y4/finn_design_wrapper.v:1662:3: Operator GENCASE expects 144 bits on the Case expression, but Case expression's VARREF 'COMPUTE_CORE' generates 120 bits.
[2026-04-21 23:29:33,818]                                                                                                         : ... In instance finn_design_wrapper.finn_design_i.MVAU_rtl_0.MVAU_rtl_0.inst.inst
[2026-04-21 23:29:33,818]  1662 |   case(COMPUTE_CORE)
[2026-04-21 23:29:33,818]       |   ^~~~
[2026-04-21 23:29:33,818] %Warning-WIDTH: /tmp/finn_dev_emanuel-hernandez/vivado_stitch_proj_drjl_8y4/finn_design_wrapper.v:19136:11: Operator ASSIGNW expects 27 bits on the Assign RHS, but Assign RHS's SIGNED generates 8 bits.
[2026-04-21 23:29:33,818]                                                                                                           : ... In instance finn_design_wrapper.finn_design_i.MVAU_hls_0.MVAU_hls_0.inst.grp_Matrix_Vector_Activate_Stream_Batch_fu_150.mac_muladd_8s_8s_23s_23_4_1_U11.MVAU_hls_0_mac_muladd_8s_8s_23s_23_4_1_DSP48_2_U
[2026-04-21 23:29:33,818] 19136 | assign a  = $signed(in0);
[2026-04-21 23:29:33,818]       |           ^
[2026-04-21 23:29:33,818] %Warning-WIDTH: /tmp/finn_dev_emanuel-hernandez/vivado_stitch_proj_drjl_8y4/finn_design_wrapper.v:19137:11: Operator ASSIGNW expects 18 bits on the Assign RHS, but Assign RHS's SIGNED generates 8 bits.
[2026-04-21 23:29:33,818]                                                                                                           : ... In instance finn_design_wrapper.finn_design_i.MVAU_hls_0.MVAU_hls_0.inst.grp_Matrix_Vector_Activate_Stream_Batch_fu_150.mac_muladd_8s_8s_23s_23_4_1_U11.MVAU_hls_0_mac_muladd_8s_8s_23s_23_4_1_DSP48_2_U
[2026-04-21 23:29:33,818] 19137 | assign b  = $signed(in1);
[2026-04-21 23:29:33,818]       |           ^
[2026-04-21 23:29:33,818] %Warning-WIDTH: /tmp/finn_dev_emanuel-hernandez/vivado_stitch_proj_drjl_8y4/finn_design_wrapper.v:19138:11: Operator ASSIGNW expects 48 bits on the Assign RHS, but Assign RHS's SIGNED generates 23 bits.
[2026-04-21 23:29:33,818]                                                                                                           : ... In instance finn_design_wrapper.finn_design_i.MVAU_hls_0.MVAU_hls_0.inst.grp_Matrix_Vector_Activate_Stream_Batch_fu_150.mac_muladd_8s_8s_23s_23_4_1_U11.MVAU_hls_0_mac_muladd_8s_8s_23s_23_4_1_DSP48_2_U
[2026-04-21 23:29:33,818] 19138 | assign c  = $signed(in2);
[2026-04-21 23:29:33,818]       |           ^
[2026-04-21 23:29:33,818] %Warning-WIDTH: /tmp/finn_dev_emanuel-hernandez/vivado_stitch_proj_drjl_8y4/finn_design_wrapper.v:19141:19: Operator ADD expects 48 bits on the LHS, but LHS's VARREF 'm_reg' generates 45 bits.
[2026-04-21 23:29:33,818]                                                                                                           : ... In instance finn_design_wrapper.finn_design_i.MVAU_hls_0.MVAU_hls_0.inst.grp_Matrix_Vector_Activate_Stream_Batch_fu_150.mac_muladd_8s_8s_23s_23_4_1_U11.MVAU_hls_0_mac_muladd_8s_8s_23s_23_4_1_DSP48_2_U
[2026-04-21 23:29:33,818] 19141 | assign p  = m_reg + c;
[2026-04-21 23:29:33,818]       |                   ^
[2026-04-21 23:29:33,818] %Warning-WIDTH: /tmp/finn_dev_emanuel-hernandez/vivado_stitch_proj_drjl_8y4/finn_design_wrapper.v:19152:13: Operator ASSIGNW expects 23 bits on the Assign RHS, but Assign RHS's VARREF 'p_reg' generates 48 bits.
[2026-04-21 23:29:33,818]                                                                                                           : ... In instance finn_design_wrapper.finn_design_i.MVAU_hls_0.MVAU_hls_0.inst.grp_Matrix_Vector_Activate_Stream_Batch_fu_150.mac_muladd_8s_8s_23s_23_4_1_U11.MVAU_hls_0_mac_muladd_8s_8s_23s_23_4_1_DSP48_2_U
[2026-04-21 23:29:33,818] 19152 | assign dout = p_reg;
[2026-04-21 23:29:33,818]       |             ^
[2026-04-21 23:29:33,818] %Warning-WIDTH: /tmp/finn_dev_emanuel-hernandez/vivado_stitch_proj_drjl_8y4/finn_design_wrapper.v:12307:11: Operator ASSIGNW expects 27 bits on the Assign RHS, but Assign RHS's SIGNED generates 8 bits.
[2026-04-21 23:29:33,818]                                                                                                           : ... In instance finn_design_wrapper.finn_design_i.MVAU_hls_0.MVAU_hls_0.inst.grp_Matrix_Vector_Activate_Stream_Batch_fu_150.mac_muladd_8s_8s_16s_17_4_1_U6.MVAU_hls_0_mac_muladd_8s_8s_16s_17_4_1_DSP48_0_U
[2026-04-21 23:29:33,818] 12307 | assign a  = $signed(in0);
[2026-04-21 23:29:33,818]       |           ^
[2026-04-21 23:29:33,818] %Warning-WIDTH: /tmp/finn_dev_emanuel-hernandez/vivado_stitch_proj_drjl_8y4/finn_design_wrapper.v:12308:11: Operator ASSIGNW expects 18 bits on the Assign RHS, but Assign RHS's SIGNED generates 8 bits.
[2026-04-21 23:29:33,818]                                                                                                           : ... In instance finn_design_wrapper.finn_design_i.MVAU_hls_0.MVAU_hls_0.inst.grp_Matrix_Vector_Activate_Stream_Batch_fu_150.mac_muladd_8s_8s_16s_17_4_1_U6.MVAU_hls_0_mac_muladd_8s_8s_16s_17_4_1_DSP48_0_U
[2026-04-21 23:29:33,818] 12308 | assign b  = $signed(in1);
[2026-04-21 23:29:33,818]       |           ^
[2026-04-21 23:29:33,818] %Warning-WIDTH: /tmp/finn_dev_emanuel-hernandez/vivado_stitch_proj_drjl_8y4/finn_design_wrapper.v:12309:11: Operator ASSIGNW expects 48 bits on the Assign RHS, but Assign RHS's SIGNED generates 16 bits.
[2026-04-21 23:29:33,818]                                                                                                           : ... In instance finn_design_wrapper.finn_design_i.MVAU_hls_0.MVAU_hls_0.inst.grp_Matrix_Vector_Activate_Stream_Batch_fu_150.mac_muladd_8s_8s_16s_17_4_1_U6.MVAU_hls_0_mac_muladd_8s_8s_16s_17_4_1_DSP48_0_U
[2026-04-21 23:29:33,818] 12309 | assign c  = $signed(in2);
[2026-04-21 23:29:33,818]       |           ^
[2026-04-21 23:29:33,818] %Warning-WIDTH: /tmp/finn_dev_emanuel-hernandez/vivado_stitch_proj_drjl_8y4/finn_design_wrapper.v:12312:19: Operator ADD expects 48 bits on the LHS, but LHS's VARREF 'm_reg' generates 45 bits.
[2026-04-21 23:29:33,818]                                                                                                           : ... In instance finn_design_wrapper.finn_design_i.MVAU_hls_0.MVAU_hls_0.inst.grp_Matrix_Vector_Activate_Stream_Batch_fu_150.mac_muladd_8s_8s_16s_17_4_1_U6.MVAU_hls_0_mac_muladd_8s_8s_16s_17_4_1_DSP48_0_U
[2026-04-21 23:29:33,818] 12312 | assign p  = m_reg + c;
[2026-04-21 23:29:33,819]       |                   ^
[2026-04-21 23:29:33,819] %Warning-WIDTH: /tmp/finn_dev_emanuel-hernandez/vivado_stitch_proj_drjl_8y4/finn_design_wrapper.v:12323:13: Operator ASSIGNW expects 17 bits on the Assign RHS, but Assign RHS's VARREF 'p_reg' generates 48 bits.
[2026-04-21 23:29:33,819]                                                                                                           : ... In instance finn_design_wrapper.finn_design_i.MVAU_hls_0.MVAU_hls_0.inst.grp_Matrix_Vector_Activate_Stream_Batch_fu_150.mac_muladd_8s_8s_16s_17_4_1_U6.MVAU_hls_0_mac_muladd_8s_8s_16s_17_4_1_DSP48_0_U
[2026-04-21 23:29:33,819] 12323 | assign dout = p_reg;
[2026-04-21 23:29:33,819]       |             ^
[2026-04-21 23:29:33,819] %Warning-WIDTH: /tmp/finn_dev_emanuel-hernandez/vivado_stitch_proj_drjl_8y4/finn_design_wrapper.v:10337:11: Operator ASSIGNW expects 27 bits on the Assign RHS, but Assign RHS's SIGNED generates 8 bits.
[2026-04-21 23:29:33,819]                                                                                                           : ... In instance finn_design_wrapper.finn_design_i.MVAU_hls_1.MVAU_hls_1.inst.grp_Matrix_Vector_Activate_Stream_Batch_fu_60.mac_muladd_8s_4ns_17s_17_4_1_U2.MVAU_hls_1_mac_muladd_8s_4ns_17s_17_4_1_DSP48_0_U
[2026-04-21 23:29:33,819] 10337 | assign a  = $signed(in0);
[2026-04-21 23:29:33,819]       |           ^
[2026-04-21 23:29:33,819] %Warning-WIDTH: /tmp/finn_dev_emanuel-hernandez/vivado_stitch_proj_drjl_8y4/finn_design_wrapper.v:10338:11: Operator ASSIGNW expects 18 bits on the Assign RHS, but Assign RHS's UNSIGNED generates 4 bits.
[2026-04-21 23:29:33,819]                                                                                                           : ... In instance finn_design_wrapper.finn_design_i.MVAU_hls_1.MVAU_hls_1.inst.grp_Matrix_Vector_Activate_Stream_Batch_fu_60.mac_muladd_8s_4ns_17s_17_4_1_U2.MVAU_hls_1_mac_muladd_8s_4ns_17s_17_4_1_DSP48_0_U
[2026-04-21 23:29:33,819] 10338 | assign b  = $unsigned(in1);
[2026-04-21 23:29:33,819]       |           ^
[2026-04-21 23:29:33,819] %Warning-WIDTH: /tmp/finn_dev_emanuel-hernandez/vivado_stitch_proj_drjl_8y4/finn_design_wrapper.v:10339:11: Operator ASSIGNW expects 48 bits on the Assign RHS, but Assign RHS's SIGNED generates 17 bits.
[2026-04-21 23:29:33,819]                                                                                                           : ... In instance finn_design_wrapper.finn_design_i.MVAU_hls_1.MVAU_hls_1.inst.grp_Matrix_Vector_Activate_Stream_Batch_fu_60.mac_muladd_8s_4ns_17s_17_4_1_U2.MVAU_hls_1_mac_muladd_8s_4ns_17s_17_4_1_DSP48_0_U
[2026-04-21 23:29:33,819] 10339 | assign c  = $signed(in2);
[2026-04-21 23:29:33,819]       |           ^
[2026-04-21 23:29:33,819] %Warning-WIDTH: /tmp/finn_dev_emanuel-hernandez/vivado_stitch_proj_drjl_8y4/finn_design_wrapper.v:10342:19: Operator ADD expects 48 bits on the LHS, but LHS's VARREF 'm_reg' generates 45 bits.
[2026-04-21 23:29:33,819]                                                                                                           : ... In instance finn_design_wrapper.finn_design_i.MVAU_hls_1.MVAU_hls_1.inst.grp_Matrix_Vector_Activate_Stream_Batch_fu_60.mac_muladd_8s_4ns_17s_17_4_1_U2.MVAU_hls_1_mac_muladd_8s_4ns_17s_17_4_1_DSP48_0_U
[2026-04-21 23:29:33,819] 10342 | assign p  = m_reg + c;
[2026-04-21 23:29:33,819]       |                   ^
[2026-04-21 23:29:33,819] %Warning-WIDTH: /tmp/finn_dev_emanuel-hernandez/vivado_stitch_proj_drjl_8y4/finn_design_wrapper.v:10353:13: Operator ASSIGNW expects 17 bits on the Assign RHS, but Assign RHS's VARREF 'p_reg' generates 48 bits.
[2026-04-21 23:29:33,819]                                                                                                           : ... In instance finn_design_wrapper.finn_design_i.MVAU_hls_1.MVAU_hls_1.inst.grp_Matrix_Vector_Activate_Stream_Batch_fu_60.mac_muladd_8s_4ns_17s_17_4_1_U2.MVAU_hls_1_mac_muladd_8s_4ns_17s_17_4_1_DSP48_0_U
[2026-04-21 23:29:33,819] 10353 | assign dout = p_reg;
[2026-04-21 23:29:33,819]       |             ^
[2026-04-21 23:29:33,819] %Warning-WIDTH: /tmp/finn_dev_emanuel-hernandez/vivado_stitch_proj_drjl_8y4/finn_design_wrapper.v:2478:11: Operator ASSIGNW expects 27 bits on the Assign RHS, but Assign RHS's SIGNED generates 8 bits.
[2026-04-21 23:29:33,819]                                                                                                          : ... In instance finn_design_wrapper.finn_design_i.MVAU_hls_0.MVAU_hls_0.inst.grp_Matrix_Vector_Activate_Stream_Batch_fu_150.mac_muladd_8s_8s_17s_17_4_1_U10.MVAU_hls_0_mac_muladd_8s_8s_17s_17_4_1_DSP48_1_U
[2026-04-21 23:29:33,819]  2478 | assign a  = $signed(in0);
[2026-04-21 23:29:33,819]       |           ^
[2026-04-21 23:29:33,819] %Warning-WIDTH: /tmp/finn_dev_emanuel-hernandez/vivado_stitch_proj_drjl_8y4/finn_design_wrapper.v:2479:11: Operator ASSIGNW expects 18 bits on the Assign RHS, but Assign RHS's SIGNED generates 8 bits.
[2026-04-21 23:29:33,819]                                                                                                          : ... In instance finn_design_wrapper.finn_design_i.MVAU_hls_0.MVAU_hls_0.inst.grp_Matrix_Vector_Activate_Stream_Batch_fu_150.mac_muladd_8s_8s_17s_17_4_1_U10.MVAU_hls_0_mac_muladd_8s_8s_17s_17_4_1_DSP48_1_U
[2026-04-21 23:29:33,819]  2479 | assign b  = $signed(in1);
[2026-04-21 23:29:33,819]       |           ^
[2026-04-21 23:29:33,819] %Warning-WIDTH: /tmp/finn_dev_emanuel-hernandez/vivado_stitch_proj_drjl_8y4/finn_design_wrapper.v:2480:11: Operator ASSIGNW expects 48 bits on the Assign RHS, but Assign RHS's SIGNED generates 17 bits.
[2026-04-21 23:29:33,819]                                                                                                          : ... In instance finn_design_wrapper.finn_design_i.MVAU_hls_0.MVAU_hls_0.inst.grp_Matrix_Vector_Activate_Stream_Batch_fu_150.mac_muladd_8s_8s_17s_17_4_1_U10.MVAU_hls_0_mac_muladd_8s_8s_17s_17_4_1_DSP48_1_U
[2026-04-21 23:29:33,819]  2480 | assign c  = $signed(in2);
[2026-04-21 23:29:33,819]       |           ^
[2026-04-21 23:29:33,819] %Warning-WIDTH: /tmp/finn_dev_emanuel-hernandez/vivado_stitch_proj_drjl_8y4/finn_design_wrapper.v:2483:19: Operator ADD expects 48 bits on the LHS, but LHS's VARREF 'm_reg' generates 45 bits.
[2026-04-21 23:29:33,819]                                                                                                          : ... In instance finn_design_wrapper.finn_design_i.MVAU_hls_0.MVAU_hls_0.inst.grp_Matrix_Vector_Activate_Stream_Batch_fu_150.mac_muladd_8s_8s_17s_17_4_1_U10.MVAU_hls_0_mac_muladd_8s_8s_17s_17_4_1_DSP48_1_U
[2026-04-21 23:29:33,819]  2483 | assign p  = m_reg + c;
[2026-04-21 23:29:33,819]       |                   ^
[2026-04-21 23:29:33,819] %Warning-WIDTH: /tmp/finn_dev_emanuel-hernandez/vivado_stitch_proj_drjl_8y4/finn_design_wrapper.v:2494:13: Operator ASSIGNW expects 17 bits on the Assign RHS, but Assign RHS's VARREF 'p_reg' generates 48 bits.
[2026-04-21 23:29:33,819]                                                                                                          : ... In instance finn_design_wrapper.finn_design_i.MVAU_hls_0.MVAU_hls_0.inst.grp_Matrix_Vector_Activate_Stream_Batch_fu_150.mac_muladd_8s_8s_17s_17_4_1_U10.MVAU_hls_0_mac_muladd_8s_8s_17s_17_4_1_DSP48_1_U
[2026-04-21 23:29:33,819]  2494 | assign dout = p_reg;
[2026-04-21 23:29:33,819]       |             ^
[2026-04-21 23:29:33,819] %Warning-UNPACKED: /tmp/finn_dev_emanuel-hernandez/vivado_stitch_proj_drjl_8y4/finn_design_wrapper.v:11465:10: Unsupported: Unpacked struct/union
[2026-04-21 23:29:33,819]                                                                                                              : ... In instance finn_design_wrapper.finn_design_i.MVAU_rtl_0.MVAU_rtl_0_wstrm.inst.core.mem
[2026-04-21 23:29:33,819] 11465 |  typedef struct {
[2026-04-21 23:29:33,819]       |          ^~~~~~
[2026-04-21 23:29:33,819] %Warning-WIDTH: /tmp/finn_dev_emanuel-hernandez/vivado_stitch_proj_drjl_8y4/finn_design_wrapper.v:11488:36: Operator ADD expects 32 bits on the LHS, but LHS's SEL generates 10 bits.
[2026-04-21 23:29:33,819]                                                                                                           : ... In instance finn_design_wrapper.finn_design_i.MVAU_rtl_0.MVAU_rtl_0_wstrm.inst.core.mem
[2026-04-21 23:29:33,819] 11488 |   assign ptr_nxt.val = ptr_eff.val + (config_ce? 0 : !ptr_eff.lst? 1 : WRAP_INC);
[2026-04-21 23:29:33,819]       |                                    ^
[2026-04-21 23:29:33,819] %Warning-WIDTH: /tmp/finn_dev_emanuel-hernandez/vivado_stitch_proj_drjl_8y4/finn_design_wrapper.v:11488:22: Operator ASSIGNW expects 10 bits on the Assign RHS, but Assign RHS's ADD generates 32 bits.
[2026-04-21 23:29:33,819]                                                                                                           : ... In instance finn_design_wrapper.finn_design_i.MVAU_rtl_0.MVAU_rtl_0_wstrm.inst.core.mem
[2026-04-21 23:29:33,819] 11488 |   assign ptr_nxt.val = ptr_eff.val + (config_ce? 0 : !ptr_eff.lst? 1 : WRAP_INC);
[2026-04-21 23:29:33,819]       |                      ^
[2026-04-21 23:29:33,819] %Warning-WIDTH: /tmp/finn_dev_emanuel-hernandez/vivado_stitch_proj_drjl_8y4/finn_design_wrapper.v:11493:20: Operator EQ expects 32 bits on the LHS, but LHS's SEL generates 10 bits.
[2026-04-21 23:29:33,819]                                                                                                           : ... In instance finn_design_wrapper.finn_design_i.MVAU_rtl_0.MVAU_rtl_0_wstrm.inst.core.mem
[2026-04-21 23:29:33,819] 11493 |        ptr_eff.val == DEPTH-2;
[2026-04-21 23:29:33,819]       |                    ^~
[2026-04-21 23:29:33,819] %Warning-WIDTH: /tmp/finn_dev_emanuel-hernandez/vivado_stitch_proj_drjl_8y4/finn_design_wrapper.v:11516:19: Operator PATMEMBER expects 10 bits on the Pattern value, but Pattern value's VARREF 'config_address' generates 32 bits.
[2026-04-21 23:29:33,819]                                                                                                           : ... In instance finn_design_wrapper.finn_design_i.MVAU_rtl_0.MVAU_rtl_0_wstrm.inst.core.mem
[2026-04-21 23:29:33,819] 11516 |      Ptr[1] <= '{ val: config_address, lst: 'x };
[2026-04-21 23:29:33,819]       |                   ^~~
[2026-04-21 23:29:33,819] %Warning-WIDTH: /tmp/finn_dev_emanuel-hernandez/vivado_stitch_proj_drjl_8y4/finn_design_wrapper.v:1998:27: Operator ASSIGNW expects 32 bits on the Assign RHS, but Assign RHS's VARREF 'ip_rdata' generates 8 bits.
[2026-04-21 23:29:33,819]                                                                                                          : ... In instance finn_design_wrapper.finn_design_i.MVAU_rtl_0.MVAU_rtl_0_wstrm.inst.core.config_if
[2026-04-21 23:29:33,819]  1998 |     assign internal_rdata = ip_rdata;
[2026-04-21 23:29:33,819]       |                           ^
[2026-04-21 23:29:33,819] %Warning-LITENDIAN: /tmp/finn_dev_emanuel-hernandez/vivado_stitch_proj_drjl_8y4/finn_design_wrapper.v:885:8: Little bit endian vector: left < right of bit range: [1:5]
[2026-04-21 23:29:33,819]                                                                                                            : ... In instance finn_design_wrapper.finn_design_i.MVAU_rtl_0.MVAU_rtl_0.inst.inst.blkDsp.genblk2.core
[2026-04-21 23:29:33,819]   885 |  logic [1:5] L = '0;
[2026-04-21 23:29:33,819]       |        ^
[2026-04-21 23:29:33,819] %Warning-WIDTH: /tmp/finn_dev_emanuel-hernandez/vivado_stitch_proj_drjl_8y4/finn_design_wrapper.v:938:44: Operator ASSIGN expects 7 bits on the Assign RHS, but Assign RHS's ARRAYSEL generates 8 bits.
[2026-04-21 23:29:33,819]                                                                                                         : ... In instance finn_design_wrapper.finn_design_i.MVAU_rtl_0.MVAU_rtl_0.inst.inst.blkDsp.genblk2.core
[2026-04-21 23:29:33,819]   938 |       dd[D[pe + PE_REM] +: WEIGHT_WIDTH-1] = ww[pe];
[2026-04-21 23:29:33,819]       |                                            ^
[2026-04-21 23:29:33,819] %Warning-WIDTH: /tmp/finn_dev_emanuel-hernandez/vivado_stitch_proj_drjl_8y4/finn_design_wrapper.v:960:29: Operator SUB expects 30 bits on the LHS, but LHS's VARREF 'dd' generates 27 bits.
[2026-04-21 23:29:33,819]                                                                                                         : ... In instance finn_design_wrapper.finn_design_i.MVAU_rtl_0.MVAU_rtl_0.inst.inst.blkDsp.genblk2.core
[2026-04-21 23:29:33,819]   960 |      else if(en)  AD1 <= dd - aa;
[2026-04-21 23:29:33,819]       |                             ^
[2026-04-21 23:29:33,819] %Warning-WIDTH: /tmp/finn_dev_emanuel-hernandez/vivado_stitch_proj_drjl_8y4/finn_design_wrapper.v:960:23: Operator ASSIGNDLY expects 27 bits on the Assign RHS, but Assign RHS's SUB generates 30 bits.
[2026-04-21 23:29:33,819]                                                                                                         : ... In instance finn_design_wrapper.finn_design_i.MVAU_rtl_0.MVAU_rtl_0.inst.inst.blkDsp.genblk2.core
[2026-04-21 23:29:33,819]   960 |      else if(en)  AD1 <= dd - aa;
[2026-04-21 23:29:33,819]       |                       ^~
[2026-04-21 23:29:33,819] %Warning-WIDTH: /tmp/finn_dev_emanuel-hernandez/vivado_stitch_proj_drjl_8y4/finn_design_wrapper.v:978:28: Operator ADD expects 48 bits on the LHS, but LHS's VARREF 'M2' generates 46 bits.
[2026-04-21 23:29:33,819]                                                                                                         : ... In instance finn_design_wrapper.finn_design_i.MVAU_rtl_0.MVAU_rtl_0.inst.inst.blkDsp.genblk2.core
[2026-04-21 23:29:33,819]   978 |      else if(en)  P3 <= M2 + (L[3]? 0 : P3);
[2026-04-21 23:29:33,819]       |                            ^
[2026-04-21 23:29:33,819] %Warning-WIDTH: /tmp/finn_dev_emanuel-hernandez/vivado_stitch_proj_drjl_8y4/finn_design_wrapper.v:1346:20: Operator SUB expects 24 bits on the RHS, but RHS's VARREF 'hi4' generates 13 bits.
[2026-04-21 23:29:33,819]                                                                                                          : ... In instance finn_design_wrapper.finn_design_i.MVAU_rtl_0.MVAU_rtl_0.inst.inst.blkDsp.genblk2.core
[2026-04-21 23:29:33,819]  1346 |     Res5[1] <= up4 - hi4;
[2026-04-21 23:29:33,819]       |                    ^
[2026-04-21 23:29:33,819] %Warning-WIDTH: /tmp/finn_dev_emanuel-hernandez/vivado_stitch_proj_drjl_8y4/finn_design_wrapper.v:1347:56: Operator ADD expects 25 bits on the RHS, but RHS's SIGNED generates 13 bits.
[2026-04-21 23:29:33,819]                                                                                                          : ... In instance finn_design_wrapper.finn_design_i.MVAU_rtl_0.MVAU_rtl_0.inst.inst.blkDsp.genblk2.core
[2026-04-21 23:29:33,819]  1347 |     Res5[0] <= $signed({ hi4, {(D[1] - D[0]){1'b0}} }) + $signed({ 1'b0, lo4 });
[2026-04-21 23:29:33,819]       |                                                        ^
[2026-04-21 23:29:33,819] %Warning-WIDTH: /tmp/finn_dev_emanuel-hernandez/vivado_stitch_proj_drjl_8y4/finn_design_wrapper.v:1347:13: Operator ASSIGNDLY expects 24 bits on the Assign RHS, but Assign RHS's ADD generates 25 bits.
[2026-04-21 23:29:33,819]                                                                                                          : ... In instance finn_design_wrapper.finn_design_i.MVAU_rtl_0.MVAU_rtl_0.inst.inst.blkDsp.genblk2.core
[2026-04-21 23:29:33,819]  1347 |     Res5[0] <= $signed({ hi4, {(D[1] - D[0]){1'b0}} }) + $signed({ 1'b0, lo4 });
[2026-04-21 23:29:33,819]       |             ^~
[2026-04-21 23:29:33,819] %Warning-WIDTH: /tmp/finn_dev_emanuel-hernandez/vivado_stitch_proj_drjl_8y4/finn_design_wrapper.v:18481:20: Operator ADD expects 32 bits on the LHS, but LHS's VARREF 'Count' generates 6 bits.
[2026-04-21 23:29:33,819]                                                                                                           : ... In instance finn_design_wrapper.finn_design_i.MVAU_rtl_0.MVAU_rtl_0.inst.inst.activation_replay
[2026-04-21 23:29:33,819] 18481 |     Count <= Count + (Last? 2**$clog2(LEN)-LEN+1 : 1);
[2026-04-21 23:29:33,819]       |                    ^
[2026-04-21 23:29:33,819] %Warning-WIDTH: /tmp/finn_dev_emanuel-hernandez/vivado_stitch_proj_drjl_8y4/finn_design_wrapper.v:18481:11: Operator ASSIGNDLY expects 6 bits on the Assign RHS, but Assign RHS's ADD generates 32 bits.
[2026-04-21 23:29:33,819]                                                                                                           : ... In instance finn_design_wrapper.finn_design_i.MVAU_rtl_0.MVAU_rtl_0.inst.inst.activation_replay
[2026-04-21 23:29:33,819] 18481 |     Count <= Count + (Last? 2**$clog2(LEN)-LEN+1 : 1);
[2026-04-21 23:29:33,819]       |           ^~
[2026-04-21 23:29:33,819] %Warning-WIDTH: /tmp/finn_dev_emanuel-hernandez/vivado_stitch_proj_drjl_8y4/finn_design_wrapper.v:18482:26: Operator NOT expects 32 bits on the LHS, but LHS's VARREF 'Count' generates 6 bits.
[2026-04-21 23:29:33,819]                                                                                                           : ... In instance finn_design_wrapper.finn_design_i.MVAU_rtl_0.MVAU_rtl_0.inst.inst.activation_replay
[2026-04-21 23:29:33,820] 18482 |     Last  <= (((LEN-2) & ~Count) == 0) && ((LEN&1) || !Last);
[2026-04-21 23:29:33,820]       |                          ^
[2026-04-21 23:29:33,820] %Warning-WIDTH: /tmp/finn_dev_emanuel-hernandez/vivado_stitch_proj_drjl_8y4/finn_design_wrapper.v:18482:52: Logical operator LOGOR expects 1 bit on the LHS, but LHS's AND generates 32 bits.
[2026-04-21 23:29:33,820]                                                                                                           : ... In instance finn_design_wrapper.finn_design_i.MVAU_rtl_0.MVAU_rtl_0.inst.inst.activation_replay
[2026-04-21 23:29:33,820] 18482 |     Last  <= (((LEN-2) & ~Count) == 0) && ((LEN&1) || !Last);
[2026-04-21 23:29:33,820]       |                                                    ^~
[2026-04-21 23:29:33,820] %Warning-WIDTH: /tmp/finn_dev_emanuel-hernandez/vivado_stitch_proj_drjl_8y4/finn_design_wrapper.v:18511:23: Operator ADD expects 32 bits on the LHS, but LHS's VARREF 'RepCnt' generates 4 bits.
[2026-04-21 23:29:33,820]                                                                                                           : ... In instance finn_design_wrapper.finn_design_i.MVAU_rtl_0.MVAU_rtl_0.inst.inst.activation_replay
[2026-04-21 23:29:33,820] 18511 |      RepCnt <= RepCnt + (RepLst? 2**$clog2(REP)-REP+1 : 1);
[2026-04-21 23:29:33,820]       |                       ^
[2026-04-21 23:29:33,820] %Warning-WIDTH: /tmp/finn_dev_emanuel-hernandez/vivado_stitch_proj_drjl_8y4/finn_design_wrapper.v:18511:13: Operator ASSIGNDLY expects 4 bits on the Assign RHS, but Assign RHS's ADD generates 32 bits.
[2026-04-21 23:29:33,820]                                                                                                           : ... In instance finn_design_wrapper.finn_design_i.MVAU_rtl_0.MVAU_rtl_0.inst.inst.activation_replay
[2026-04-21 23:29:33,820] 18511 |      RepCnt <= RepCnt + (RepLst? 2**$clog2(REP)-REP+1 : 1);
[2026-04-21 23:29:33,820]       |             ^~
[2026-04-21 23:29:33,820] %Warning-WIDTH: /tmp/finn_dev_emanuel-hernandez/vivado_stitch_proj_drjl_8y4/finn_design_wrapper.v:18512:28: Operator NOT expects 32 bits on the LHS, but LHS's VARREF 'RepCnt' generates 4 bits.
[2026-04-21 23:29:33,820]                                                                                                           : ... In instance finn_design_wrapper.finn_design_i.MVAU_rtl_0.MVAU_rtl_0.inst.inst.activation_replay
[2026-04-21 23:29:33,820] 18512 |      RepLst <= (((REP-2) & ~RepCnt) == 0) && ((REP&1) || !RepLst);
[2026-04-21 23:29:33,820]       |                            ^
[2026-04-21 23:29:33,820] %Warning-WIDTH: /tmp/finn_dev_emanuel-hernandez/vivado_stitch_proj_drjl_8y4/finn_design_wrapper.v:18512:55: Logical operator LOGOR expects 1 bit on the LHS, but LHS's AND generates 32 bits.
[2026-04-21 23:29:33,820]                                                                                                           : ... In instance finn_design_wrapper.finn_design_i.MVAU_rtl_0.MVAU_rtl_0.inst.inst.activation_replay
[2026-04-21 23:29:33,820] 18512 |      RepLst <= (((REP-2) & ~RepCnt) == 0) && ((REP&1) || !RepLst);
[2026-04-21 23:29:33,820]       |                                                       ^~
[2026-04-21 23:29:33,820] %Warning-WIDTH: /tmp/finn_dev_emanuel-hernandez/vivado_stitch_proj_drjl_8y4/finn_design_wrapper.v:18546:17: Logical operator LOGNOT expects 1 bit on the LHS, but LHS's SHIFTR generates 7 bits.
[2026-04-21 23:29:33,820]                                                                                                           : ... In instance finn_design_wrapper.finn_design_i.MVAU_rtl_0.MVAU_rtl_0.inst.inst.activation_replay
[2026-04-21 23:29:33,820] 18546 |   assign irdy = !((WP-FP) >> AWIDTH);
[2026-04-21 23:29:33,820]       |                 ^
[2026-04-21 23:29:33,820] %Warning-WIDTH: /tmp/finn_dev_emanuel-hernandez/vivado_stitch_proj_drjl_8y4/finn_design_wrapper.v:18572:16: Operator ADD expects 32 bits on the LHS, but LHS's VARREF 'RP' generates 7 bits.
[2026-04-21 23:29:33,820]                                                                                                           : ... In instance finn_design_wrapper.finn_design_i.MVAU_rtl_0.MVAU_rtl_0.inst.inst.activation_replay
[2026-04-21 23:29:33,820] 18572 |       RP <= RP + (rewind? 2**(AWIDTH+1)-LEN+1 : 1);
[2026-04-21 23:29:33,820]       |                ^
[2026-04-21 23:29:33,820] %Warning-WIDTH: /tmp/finn_dev_emanuel-hernandez/vivado_stitch_proj_drjl_8y4/finn_design_wrapper.v:18572:10: Operator ASSIGNDLY expects 7 bits on the Assign RHS, but Assign RHS's ADD generates 32 bits.
[2026-04-21 23:29:33,820]                                                                                                           : ... In instance finn_design_wrapper.finn_design_i.MVAU_rtl_0.MVAU_rtl_0.inst.inst.activation_replay
[2026-04-21 23:29:33,820] 18572 |       RP <= RP + (rewind? 2**(AWIDTH+1)-LEN+1 : 1);
[2026-04-21 23:29:33,820]       |          ^~
[2026-04-21 23:29:33,820] %Warning-WIDTH: /tmp/finn_dev_emanuel-hernandez/vivado_stitch_proj_drjl_8y4/finn_design_wrapper.v:18573:16: Operator ADD expects 7 bits on the RHS, but RHS's VARREF 'last_rep' generates 1 bits.
[2026-04-21 23:29:33,820]                                                                                                           : ... In instance finn_design_wrapper.finn_design_i.MVAU_rtl_0.MVAU_rtl_0.inst.inst.activation_replay
[2026-04-21 23:29:33,820] 18573 |       FP <= FP + last_rep;
[2026-04-21 23:29:33,820]       |                ^
[2026-04-21 23:29:33,820] %Warning-WIDTH: /tmp/finn_dev_emanuel-hernandez/vivado_stitch_proj_drjl_8y4/finn_design_wrapper.v:11488:36: Operator ADD expects 32 bits on the LHS, but LHS's SEL generates 13 bits.
[2026-04-21 23:29:33,820]                                                                                                           : ... In instance finn_design_wrapper.finn_design_i.MVAU_hls_1.MVAU_hls_1_wstrm.inst.core.mem
[2026-04-21 23:29:33,820] 11488 |   assign ptr_nxt.val = ptr_eff.val + (config_ce? 0 : !ptr_eff.lst? 1 : WRAP_INC);
[2026-04-21 23:29:33,820]       |                                    ^
[2026-04-21 23:29:33,820] %Warning-WIDTH: /tmp/finn_dev_emanuel-hernandez/vivado_stitch_proj_drjl_8y4/finn_design_wrapper.v:11488:22: Operator ASSIGNW expects 13 bits on the Assign RHS, but Assign RHS's ADD generates 32 bits.
[2026-04-21 23:29:33,820]                                                                                                           : ... In instance finn_design_wrapper.finn_design_i.MVAU_hls_1.MVAU_hls_1_wstrm.inst.core.mem
[2026-04-21 23:29:33,820] 11488 |   assign ptr_nxt.val = ptr_eff.val + (config_ce? 0 : !ptr_eff.lst? 1 : WRAP_INC);
[2026-04-21 23:29:33,820]       |                      ^
[2026-04-21 23:29:33,820] %Warning-WIDTH: /tmp/finn_dev_emanuel-hernandez/vivado_stitch_proj_drjl_8y4/finn_design_wrapper.v:11493:20: Operator EQ expects 32 bits on the LHS, but LHS's SEL generates 13 bits.
[2026-04-21 23:29:33,820]                                                                                                           : ... In instance finn_design_wrapper.finn_design_i.MVAU_hls_1.MVAU_hls_1_wstrm.inst.core.mem
[2026-04-21 23:29:33,820] 11493 |        ptr_eff.val == DEPTH-2;
[2026-04-21 23:29:33,820]       |                    ^~
[2026-04-21 23:29:33,820] %Warning-WIDTH: /tmp/finn_dev_emanuel-hernandez/vivado_stitch_proj_drjl_8y4/finn_design_wrapper.v:11516:19: Operator PATMEMBER expects 13 bits on the Pattern value, but Pattern value's VARREF 'config_address' generates 32 bits.
[2026-04-21 23:29:33,820]                                                                                                           : ... In instance finn_design_wrapper.finn_design_i.MVAU_hls_1.MVAU_hls_1_wstrm.inst.core.mem
[2026-04-21 23:29:33,820] 11516 |      Ptr[1] <= '{ val: config_address, lst: 'x };
[2026-04-21 23:29:33,820]       |                   ^~~
[2026-04-21 23:29:33,820] %Warning-WIDTH: /tmp/finn_dev_emanuel-hernandez/vivado_stitch_proj_drjl_8y4/finn_design_wrapper.v:11488:36: Operator ADD expects 32 bits on the LHS, but LHS's SEL generates 14 bits.
[2026-04-21 23:29:33,820]                                                                                                           : ... In instance finn_design_wrapper.finn_design_i.MVAU_hls_0.MVAU_hls_0_wstrm.inst.core.mem
[2026-04-21 23:29:33,820] 11488 |   assign ptr_nxt.val = ptr_eff.val + (config_ce? 0 : !ptr_eff.lst? 1 : WRAP_INC);
[2026-04-21 23:29:33,820]       |                                    ^
[2026-04-21 23:29:33,820] %Warning-WIDTH: /tmp/finn_dev_emanuel-hernandez/vivado_stitch_proj_drjl_8y4/finn_design_wrapper.v:11488:22: Operator ASSIGNW expects 14 bits on the Assign RHS, but Assign RHS's ADD generates 32 bits.
[2026-04-21 23:29:33,820]                                                                                                           : ... In instance finn_design_wrapper.finn_design_i.MVAU_hls_0.MVAU_hls_0_wstrm.inst.core.mem
[2026-04-21 23:29:33,820] 11488 |   assign ptr_nxt.val = ptr_eff.val + (config_ce? 0 : !ptr_eff.lst? 1 : WRAP_INC);
[2026-04-21 23:29:33,820]       |                      ^
[2026-04-21 23:29:33,820] %Warning-WIDTH: /tmp/finn_dev_emanuel-hernandez/vivado_stitch_proj_drjl_8y4/finn_design_wrapper.v:11493:20: Operator EQ expects 32 bits on the LHS, but LHS's SEL generates 14 bits.
[2026-04-21 23:29:33,820]                                                                                                           : ... In instance finn_design_wrapper.finn_design_i.MVAU_hls_0.MVAU_hls_0_wstrm.inst.core.mem
[2026-04-21 23:29:33,820] 11493 |        ptr_eff.val == DEPTH-2;
[2026-04-21 23:29:33,820]       |                    ^~
[2026-04-21 23:29:33,820] %Warning-WIDTH: /tmp/finn_dev_emanuel-hernandez/vivado_stitch_proj_drjl_8y4/finn_design_wrapper.v:11516:19: Operator PATMEMBER expects 14 bits on the Pattern value, but Pattern value's VARREF 'config_address' generates 32 bits.
[2026-04-21 23:29:33,820]                                                                                                           : ... In instance finn_design_wrapper.finn_design_i.MVAU_hls_0.MVAU_hls_0_wstrm.inst.core.mem
[2026-04-21 23:29:33,820] 11516 |      Ptr[1] <= '{ val: config_address, lst: 'x };
[2026-04-21 23:29:33,820]       |                   ^~~
[2026-04-21 23:29:33,820] %Warning-WIDTH: /tmp/finn_dev_emanuel-hernandez/vivado_stitch_proj_drjl_8y4/finn_design_wrapper.v:2004:27: Operator ASSIGNW expects 32 bits on the Assign RHS, but Assign RHS's SHIFTR generates 128 bits.
[2026-04-21 23:29:33,820]                                                                                                          : ... In instance finn_design_wrapper.finn_design_i.MVAU_hls_0.MVAU_hls_0_wstrm.inst.core.config_if
[2026-04-21 23:29:33,820]  2004 |     assign internal_rdata = ip_rdata >> (internal_rfold*DATA_WIDTH);
[2026-04-21 23:29:33,820]       |                           ^
[2026-04-21 23:29:33,820] %Warning-STMTDLY: /tmp/finn_dev_emanuel-hernandez/vivado_stitch_proj_drjl_8y4/finn_design_wrapper.v:13749:2: Unsupported: Ignoring delay on this delayed statement.
[2026-04-21 23:29:33,820]                                                                                                            : ... In instance finn_design_wrapper.finn_design_i.MVAU_hls_1.MVAU_hls_1.inst.grp_Matrix_Vector_Activate_Stream_Batch_fu_60.flow_control_loop_pipe_sequential_init_U
[2026-04-21 23:29:33,820] 13749 | #0 ap_loop_init_int = 1'b1;
[2026-04-21 23:29:33,820]       |  ^
[2026-04-21 23:29:33,820] %Warning-STMTDLY: /tmp/finn_dev_emanuel-hernandez/vivado_stitch_proj_drjl_8y4/finn_design_wrapper.v:13750:2: Unsupported: Ignoring delay on this delayed statement.
[2026-04-21 23:29:33,820]                                                                                                            : ... In instance finn_design_wrapper.finn_design_i.MVAU_hls_1.MVAU_hls_1.inst.grp_Matrix_Vector_Activate_Stream_Batch_fu_60.flow_control_loop_pipe_sequential_init_U
[2026-04-21 23:29:33,820] 13750 | #0 ap_done_cache = 1'b0;
[2026-04-21 23:29:33,820]       |  ^
[2026-04-21 23:29:33,820] %Warning-STMTDLY: /tmp/finn_dev_emanuel-hernandez/vivado_stitch_proj_drjl_8y4/finn_design_wrapper.v:411:2: Unsupported: Ignoring delay on this delayed statement.
[2026-04-21 23:29:33,820]                                                                                                          : ... In instance finn_design_wrapper.finn_design_i.MVAU_hls_0.MVAU_hls_0.inst.grp_Matrix_Vector_Activate_Stream_Batch_fu_150.flow_control_loop_pipe_sequential_init_U
[2026-04-21 23:29:33,820]   411 | #0 ap_loop_init_int = 1'b1;
[2026-04-21 23:29:33,820]       |  ^
[2026-04-21 23:29:33,820] %Warning-STMTDLY: /tmp/finn_dev_emanuel-hernandez/vivado_stitch_proj_drjl_8y4/finn_design_wrapper.v:412:2: Unsupported: Ignoring delay on this delayed statement.
[2026-04-21 23:29:33,820]                                                                                                          : ... In instance finn_design_wrapper.finn_design_i.MVAU_hls_0.MVAU_hls_0.inst.grp_Matrix_Vector_Activate_Stream_Batch_fu_150.flow_control_loop_pipe_sequential_init_U
[2026-04-21 23:29:33,820]   412 | #0 ap_done_cache = 1'b0;
[2026-04-21 23:29:33,820]       |  ^
[2026-04-21 23:29:33,820] %Warning-WIDTH: /tmp/finn_dev_emanuel-hernandez/vivado_stitch_proj_drjl_8y4/finn_design_wrapper.v:22821:4: Logical operator IF expects 1 bit on the If, but If's MODDIV generates 32 bits.
[2026-04-21 23:29:33,820]                                                                                                          : ... In instance finn_design_wrapper.finn_design_i.StreamingDataWidthConverter_rtl_0.inst.impl.core
[2026-04-21 23:29:33,821] 22821 |    if(IBITS % OBITS) begin
[2026-04-21 23:29:33,821]       |    ^~
[2026-04-21 23:29:33,821] %Warning-WIDTH: /tmp/finn_dev_emanuel-hernandez/vivado_stitch_proj_drjl_8y4/finn_design_wrapper.v:22850:11: Operator ASSIGN expects 3 bits on the Assign RHS, but Assign RHS's COND generates 32 bits.
[2026-04-21 23:29:33,821]                                                                                                           : ... In instance finn_design_wrapper.finn_design_i.StreamingDataWidthConverter_rtl_0.inst.impl.core
[2026-04-21 23:29:33,821] 22850 |      acnt = ivld? -K+1 : 1;
[2026-04-21 23:29:33,821]       |           ^
[2026-04-21 23:29:33,821] %Warning-WIDTH: /tmp/finn_dev_emanuel-hernandez/vivado_stitch_proj_drjl_8y4/finn_design_wrapper.v:22856:18: Operator ADD expects 3 bits on the RHS, but RHS's VARREF 'ainc' generates 1 bits.
[2026-04-21 23:29:33,821]                                                                                                           : ... In instance finn_design_wrapper.finn_design_i.StreamingDataWidthConverter_rtl_0.inst.impl.core
[2026-04-21 23:29:33,821] 22856 |     ACnt <= acnt + ainc;
[2026-04-21 23:29:33,821]       |                  ^
[2026-04-21 23:29:33,821] %Warning-WIDTH: /tmp/finn_dev_emanuel-hernandez/vivado_stitch_proj_drjl_8y4/finn_design_wrapper.v:21906:4: Output port connection 'ip_addr' expects 12 bits on the pin connection, but pin connection's VARREF 'config_address' generates 32 bits.
[2026-04-21 23:29:33,821]                                                                                                          : ... In instance finn_design_wrapper.finn_design_i.MVAU_rtl_0.MVAU_rtl_0_wstrm.inst.core
[2026-04-21 23:29:33,821] 21906 |   .ip_addr(config_address),
[2026-04-21 23:29:33,821]       |    ^~~~~~~
[2026-04-21 23:29:33,821] %Warning-WIDTH: /tmp/finn_dev_emanuel-hernandez/vivado_stitch_proj_drjl_8y4/finn_design_wrapper.v:1471:75: Operator EQ expects 144 bits on the LHS, but LHS's VARREF 'COMPUTE_CORE' generates 120 bits.
[2026-04-21 23:29:33,821]                                                                                                          : ... In instance finn_design_wrapper.finn_design_i.MVAU_rtl_0.MVAU_rtl_0.inst.inst
[2026-04-21 23:29:33,821]  1471 |    if (!(SIGNED_ACTIVATIONS == 1 && ACTIVATION_WIDTH == 9 && COMPUTE_CORE == "mvu_vvu_8sx9_dsp58")) begin
[2026-04-21 23:29:33,821]       |                                                                           ^~
[2026-04-21 23:29:33,821] %Warning-WIDTH: /tmp/finn_dev_emanuel-hernandez/vivado_stitch_proj_drjl_8y4/finn_design_wrapper.v:1476:20: Operator EQ expects 144 bits on the LHS, but LHS's VARREF 'COMPUTE_CORE' generates 120 bits.
[2026-04-21 23:29:33,821]                                                                                                          : ... In instance finn_design_wrapper.finn_design_i.MVAU_rtl_0.MVAU_rtl_0.inst.inst
[2026-04-21 23:29:33,821]  1476 |   if (COMPUTE_CORE == "mvu_vvu_8sx9_dsp58") begin
[2026-04-21 23:29:33,821]       |                    ^~
[2026-04-21 23:29:33,821] %Warning-WIDTH: /tmp/finn_dev_emanuel-hernandez/vivado_stitch_proj_drjl_8y4/finn_design_wrapper.v:1486:21: Operator NEQ expects 144 bits on the LHS, but LHS's VARREF 'COMPUTE_CORE' generates 120 bits.
[2026-04-21 23:29:33,821]                                                                                                          : ... In instance finn_design_wrapper.finn_design_i.MVAU_rtl_0.MVAU_rtl_0.inst.inst
[2026-04-21 23:29:33,821]  1486 |    if (COMPUTE_CORE != "mvu_vvu_8sx9_dsp58" && COMPUTE_CORE != "mvu_vvu_lut") begin
[2026-04-21 23:29:33,821]       |                     ^~
[2026-04-21 23:29:33,821] %Warning-WIDTH: /tmp/finn_dev_emanuel-hernandez/vivado_stitch_proj_drjl_8y4/finn_design_wrapper.v:21906:4: Output port connection 'ip_addr' expects 15 bits on the pin connection, but pin connection's VARREF 'config_address' generates 32 bits.
[2026-04-21 23:29:33,821]                                                                                                          : ... In instance finn_design_wrapper.finn_design_i.MVAU_hls_1.MVAU_hls_1_wstrm.inst.core
[2026-04-21 23:29:33,821] 21906 |   .ip_addr(config_address),
[2026-04-21 23:29:33,821]       |    ^~~~~~~
[2026-04-21 23:29:33,821] %Warning-WIDTH: /tmp/finn_dev_emanuel-hernandez/vivado_stitch_proj_drjl_8y4/finn_design_wrapper.v:21906:4: Output port connection 'ip_addr' expects 18 bits on the pin connection, but pin connection's VARREF 'config_address' generates 32 bits.
[2026-04-21 23:29:33,821]                                                                                                          : ... In instance finn_design_wrapper.finn_design_i.MVAU_hls_0.MVAU_hls_0_wstrm.inst.core
[2026-04-21 23:29:33,821] 21906 |   .ip_addr(config_address),
[2026-04-21 23:29:33,821]       |    ^~~~~~~
[2026-04-21 23:29:33,821] %Warning-STMTDLY: /tmp/finn_dev_emanuel-hernandez/vivado_stitch_proj_drjl_8y4/finn_design_wrapper.v:16308:2: Unsupported: Ignoring delay on this delayed statement.
[2026-04-21 23:29:33,821]                                                                                                            : ... In instance finn_design_wrapper.finn_design_i.MVAU_hls_1.MVAU_hls_1.inst.grp_Matrix_Vector_Activate_Stream_Batch_fu_60
[2026-04-21 23:29:33,821] 16308 | #0 ap_CS_iter0_fsm = 1'd1;
[2026-04-21 23:29:33,821]       |  ^
[2026-04-21 23:29:33,821] %Warning-STMTDLY: /tmp/finn_dev_emanuel-hernandez/vivado_stitch_proj_drjl_8y4/finn_design_wrapper.v:16309:2: Unsupported: Ignoring delay on this delayed statement.
[2026-04-21 23:29:33,821]                                                                                                            : ... In instance finn_design_wrapper.finn_design_i.MVAU_hls_1.MVAU_hls_1.inst.grp_Matrix_Vector_Activate_Stream_Batch_fu_60
[2026-04-21 23:29:33,821] 16309 | #0 ap_CS_iter1_fsm = 2'd1;
[2026-04-21 23:29:33,821]       |  ^
[2026-04-21 23:29:33,821] %Warning-STMTDLY: /tmp/finn_dev_emanuel-hernandez/vivado_stitch_proj_drjl_8y4/finn_design_wrapper.v:16310:2: Unsupported: Ignoring delay on this delayed statement.
[2026-04-21 23:29:33,821]                                                                                                            : ... In instance finn_design_wrapper.finn_design_i.MVAU_hls_1.MVAU_hls_1.inst.grp_Matrix_Vector_Activate_Stream_Batch_fu_60
[2026-04-21 23:29:33,821] 16310 | #0 ap_CS_iter2_fsm = 2'd1;
[2026-04-21 23:29:33,821]       |  ^
[2026-04-21 23:29:33,821] %Warning-STMTDLY: /tmp/finn_dev_emanuel-hernandez/vivado_stitch_proj_drjl_8y4/finn_design_wrapper.v:16311:2: Unsupported: Ignoring delay on this delayed statement.
[2026-04-21 23:29:33,821]                                                                                                            : ... In instance finn_design_wrapper.finn_design_i.MVAU_hls_1.MVAU_hls_1.inst.grp_Matrix_Vector_Activate_Stream_Batch_fu_60
[2026-04-21 23:29:33,821] 16311 | #0 ap_CS_iter3_fsm = 2'd1;
[2026-04-21 23:29:33,821]       |  ^
[2026-04-21 23:29:33,821] %Warning-STMTDLY: /tmp/finn_dev_emanuel-hernandez/vivado_stitch_proj_drjl_8y4/finn_design_wrapper.v:16312:2: Unsupported: Ignoring delay on this delayed statement.
[2026-04-21 23:29:33,821]                                                                                                            : ... In instance finn_design_wrapper.finn_design_i.MVAU_hls_1.MVAU_hls_1.inst.grp_Matrix_Vector_Activate_Stream_Batch_fu_60
[2026-04-21 23:29:33,821] 16312 | #0 ap_CS_iter4_fsm = 2'd1;
[2026-04-21 23:29:33,821]       |  ^
[2026-04-21 23:29:33,821] %Warning-STMTDLY: /tmp/finn_dev_emanuel-hernandez/vivado_stitch_proj_drjl_8y4/finn_design_wrapper.v:16313:2: Unsupported: Ignoring delay on this delayed statement.
[2026-04-21 23:29:33,821]                                                                                                            : ... In instance finn_design_wrapper.finn_design_i.MVAU_hls_1.MVAU_hls_1.inst.grp_Matrix_Vector_Activate_Stream_Batch_fu_60
[2026-04-21 23:29:33,821] 16313 | #0 ap_done_reg = 1'b0;
[2026-04-21 23:29:33,821]       |  ^
[2026-04-21 23:29:33,821] %Warning-WIDTH: /tmp/finn_dev_emanuel-hernandez/vivado_stitch_proj_drjl_8y4/finn_design_wrapper.v:18008:29: Operator ASSIGN expects 1 bits on the Assign RHS, but Assign RHS's CONST '?32?bxxxxxxxxxxxxxxxxxxxxxxxxxxxxxxxx' generates 32 bits.
[2026-04-21 23:29:33,821]                                                                                                           : ... In instance finn_design_wrapper.finn_design_i.MVAU_hls_1.MVAU_hls_1.inst.grp_Matrix_Vector_Activate_Stream_Batch_fu_60
[2026-04-21 23:29:33,821] 18008 |             ap_NS_iter0_fsm = 'bx;
[2026-04-21 23:29:33,821]       |                             ^
[2026-04-21 23:29:33,821] %Warning-WIDTH: /tmp/finn_dev_emanuel-hernandez/vivado_stitch_proj_drjl_8y4/finn_design_wrapper.v:18032:29: Operator ASSIGN expects 2 bits on the Assign RHS, but Assign RHS's CONST '?32?bxxxxxxxxxxxxxxxxxxxxxxxxxxxxxxxx' generates 32 bits.
[2026-04-21 23:29:33,821]                                                                                                           : ... In instance finn_design_wrapper.finn_design_i.MVAU_hls_1.MVAU_hls_1.inst.grp_Matrix_Vector_Activate_Stream_Batch_fu_60
[2026-04-21 23:29:33,821] 18032 |             ap_NS_iter1_fsm = 'bx;
[2026-04-21 23:29:33,821]       |                             ^
[2026-04-21 23:29:33,821] %Warning-WIDTH: /tmp/finn_dev_emanuel-hernandez/vivado_stitch_proj_drjl_8y4/finn_design_wrapper.v:18056:29: Operator ASSIGN expects 2 bits on the Assign RHS, but Assign RHS's CONST '?32?bxxxxxxxxxxxxxxxxxxxxxxxxxxxxxxxx' generates 32 bits.
[2026-04-21 23:29:33,821]                                                                                                           : ... In instance finn_design_wrapper.finn_design_i.MVAU_hls_1.MVAU_hls_1.inst.grp_Matrix_Vector_Activate_Stream_Batch_fu_60
[2026-04-21 23:29:33,821] 18056 |             ap_NS_iter2_fsm = 'bx;
[2026-04-21 23:29:33,821]       |                             ^
[2026-04-21 23:29:33,821] %Warning-WIDTH: /tmp/finn_dev_emanuel-hernandez/vivado_stitch_proj_drjl_8y4/finn_design_wrapper.v:18080:29: Operator ASSIGN expects 2 bits on the Assign RHS, but Assign RHS's CONST '?32?bxxxxxxxxxxxxxxxxxxxxxxxxxxxxxxxx' generates 32 bits.
[2026-04-21 23:29:33,821]                                                                                                           : ... In instance finn_design_wrapper.finn_design_i.MVAU_hls_1.MVAU_hls_1.inst.grp_Matrix_Vector_Activate_Stream_Batch_fu_60
[2026-04-21 23:29:33,821] 18080 |             ap_NS_iter3_fsm = 'bx;
[2026-04-21 23:29:33,821]       |                             ^
[2026-04-21 23:29:33,821] %Warning-WIDTH: /tmp/finn_dev_emanuel-hernandez/vivado_stitch_proj_drjl_8y4/finn_design_wrapper.v:18104:29: Operator ASSIGN expects 2 bits on the Assign RHS, but Assign RHS's CONST '?32?bxxxxxxxxxxxxxxxxxxxxxxxxxxxxxxxx' generates 32 bits.
[2026-04-21 23:29:33,821]                                                                                                           : ... In instance finn_design_wrapper.finn_design_i.MVAU_hls_1.MVAU_hls_1.inst.grp_Matrix_Vector_Activate_Stream_Batch_fu_60
[2026-04-21 23:29:33,821] 18104 |             ap_NS_iter4_fsm = 'bx;
[2026-04-21 23:29:33,821]       |                             ^
[2026-04-21 23:29:33,821] %Warning-WIDTH: /tmp/finn_dev_emanuel-hernandez/vivado_stitch_proj_drjl_8y4/finn_design_wrapper.v:18181:47: Operator ASSIGNW expects 4 bits on the Assign RHS, but Assign RHS's CONST '?32?bxxxxxxxxxxxxxxxxxxxxxxxxxxxxxxxx' generates 32 bits.
[2026-04-21 23:29:33,821]                                                                                                           : ... In instance finn_design_wrapper.finn_design_i.MVAU_hls_1.MVAU_hls_1.inst.grp_Matrix_Vector_Activate_Stream_Batch_fu_60
[2026-04-21 23:29:33,821] 18181 | assign ap_phi_reg_pp0_iter0_inElem_1_reg_1080 = 'bx;
[2026-04-21 23:29:33,821]       |                                               ^
[2026-04-21 23:29:33,821] %Warning-WIDTH: /tmp/finn_dev_emanuel-hernandez/vivado_stitch_proj_drjl_8y4/finn_design_wrapper.v:18191:23: Operator ASSIGNW expects 4 bits on the Assign RHS, but Assign RHS's VARREF 'grp_fu_2940_p10' generates 12 bits.
[2026-04-21 23:29:33,821]                                                                                                           : ... In instance finn_design_wrapper.finn_design_i.MVAU_hls_1.MVAU_hls_1.inst.grp_Matrix_Vector_Activate_Stream_Batch_fu_60
[2026-04-21 23:29:33,821] 18191 | assign grp_fu_2940_p1 = grp_fu_2940_p10;
[2026-04-21 23:29:33,821]       |                       ^
[2026-04-21 23:29:33,821] %Warning-WIDTH: /tmp/finn_dev_emanuel-hernandez/vivado_stitch_proj_drjl_8y4/finn_design_wrapper.v:18193:24: Operator ASSIGNW expects 12 bits on the Assign RHS, but Assign RHS's VARREF 'ap_phi_mux_inElem_1_phi_fu_1083_p4' generates 4 bits.
[2026-04-21 23:29:33,821]                                                                                                           : ... In instance finn_design_wrapper.finn_design_i.MVAU_hls_1.MVAU_hls_1.inst.grp_Matrix_Vector_Activate_Stream_Batch_fu_60
[2026-04-21 23:29:33,821] 18193 | assign grp_fu_2940_p10 = ap_phi_mux_inElem_1_phi_fu_1083_p4;
[2026-04-21 23:29:33,821]       |                        ^
[2026-04-21 23:29:33,821] %Warning-WIDTH: /tmp/finn_dev_emanuel-hernandez/vivado_stitch_proj_drjl_8y4/finn_design_wrapper.v:18243:30: Operator ASSIGNW expects 64 bits on the Assign RHS, but Assign RHS's VARREF 'nf_2_reg_3760_pp0_iter2_reg' generates 32 bits.
[2026-04-21 23:29:33,821]                                                                                                           : ... In instance finn_design_wrapper.finn_design_i.MVAU_hls_1.MVAU_hls_1.inst.grp_Matrix_Vector_Activate_Stream_Batch_fu_60
[2026-04-21 23:29:33,821] 18243 | assign idxprom2_i_fu_2504_p1 = nf_2_reg_3760_pp0_iter2_reg;
[2026-04-21 23:29:33,821]       |                              ^
[2026-04-21 23:29:33,821] %Warning-WIDTH: /tmp/finn_dev_emanuel-hernandez/vivado_stitch_proj_drjl_8y4/finn_design_wrapper.v:18251:20: Operator ASSIGNW expects 8 bits on the Assign RHS, but Assign RHS's VARREF 'result_V_2_fu_2925_p2' generates 4 bits.
[2026-04-21 23:29:33,821]                                                                                                           : ... In instance finn_design_wrapper.finn_design_i.MVAU_hls_1.MVAU_hls_1.inst.grp_Matrix_Vector_Activate_Stream_Batch_fu_60
[2026-04-21 23:29:33,821] 18251 | assign out_V_TDATA = result_V_2_fu_2925_p2;
[2026-04-21 23:29:33,821]       |                    ^
[2026-04-21 23:29:33,821] %Warning-WIDTH: /tmp/finn_dev_emanuel-hernandez/vivado_stitch_proj_drjl_8y4/finn_design_wrapper.v:18253:32: Operator ASSIGNW expects 6 bits on the Assign RHS, but Assign RHS's VARREF 'idxprom2_i_fu_2504_p1' generates 64 bits.
[2026-04-21 23:29:33,821]                                                                                                           : ... In instance finn_design_wrapper.finn_design_i.MVAU_hls_1.MVAU_hls_1.inst.grp_Matrix_Vector_Activate_Stream_Batch_fu_60
[2026-04-21 23:29:33,821] 18253 | assign p_ZL7threshs_0_address0 = idxprom2_i_fu_2504_p1;
[2026-04-21 23:29:33,821]       |                                ^
[2026-04-21 23:29:33,821] %Warning-WIDTH: /tmp/finn_dev_emanuel-hernandez/vivado_stitch_proj_drjl_8y4/finn_design_wrapper.v:18255:33: Operator ASSIGNW expects 6 bits on the Assign RHS, but Assign RHS's VARREF 'idxprom2_i_fu_2504_p1' generates 64 bits.
[2026-04-21 23:29:33,821]                                                                                                           : ... In instance finn_design_wrapper.finn_design_i.MVAU_hls_1.MVAU_hls_1.inst.grp_Matrix_Vector_Activate_Stream_Batch_fu_60
[2026-04-21 23:29:33,821] 18255 | assign p_ZL7threshs_10_address0 = idxprom2_i_fu_2504_p1;
[2026-04-21 23:29:33,821]       |                                 ^
[2026-04-21 23:29:33,821] %Warning-WIDTH: /tmp/finn_dev_emanuel-hernandez/vivado_stitch_proj_drjl_8y4/finn_design_wrapper.v:18257:33: Operator ASSIGNW expects 6 bits on the Assign RHS, but Assign RHS's VARREF 'idxprom2_i_fu_2504_p1' generates 64 bits.
[2026-04-21 23:29:33,821]                                                                                                           : ... In instance finn_design_wrapper.finn_design_i.MVAU_hls_1.MVAU_hls_1.inst.grp_Matrix_Vector_Activate_Stream_Batch_fu_60
[2026-04-21 23:29:33,821] 18257 | assign p_ZL7threshs_11_address0 = idxprom2_i_fu_2504_p1;
[2026-04-21 23:29:33,821]       |                                 ^
[2026-04-21 23:29:33,821] %Warning-WIDTH: /tmp/finn_dev_emanuel-hernandez/vivado_stitch_proj_drjl_8y4/finn_design_wrapper.v:18259:33: Operator ASSIGNW expects 6 bits on the Assign RHS, but Assign RHS's VARREF 'idxprom2_i_fu_2504_p1' generates 64 bits.
[2026-04-21 23:29:33,821]                                                                                                           : ... In instance finn_design_wrapper.finn_design_i.MVAU_hls_1.MVAU_hls_1.inst.grp_Matrix_Vector_Activate_Stream_Batch_fu_60
[2026-04-21 23:29:33,821] 18259 | assign p_ZL7threshs_12_address0 = idxprom2_i_fu_2504_p1;
[2026-04-21 23:29:33,821]       |                                 ^
[2026-04-21 23:29:33,821] %Warning-WIDTH: /tmp/finn_dev_emanuel-hernandez/vivado_stitch_proj_drjl_8y4/finn_design_wrapper.v:18261:33: Operator ASSIGNW expects 6 bits on the Assign RHS, but Assign RHS's VARREF 'idxprom2_i_fu_2504_p1' generates 64 bits.
[2026-04-21 23:29:33,822]                                                                                                           : ... In instance finn_design_wrapper.finn_design_i.MVAU_hls_1.MVAU_hls_1.inst.grp_Matrix_Vector_Activate_Stream_Batch_fu_60
[2026-04-21 23:29:33,822] 18261 | assign p_ZL7threshs_13_address0 = idxprom2_i_fu_2504_p1;
[2026-04-21 23:29:33,822]       |                                 ^
[2026-04-21 23:29:33,822] %Warning-WIDTH: /tmp/finn_dev_emanuel-hernandez/vivado_stitch_proj_drjl_8y4/finn_design_wrapper.v:18263:33: Operator ASSIGNW expects 6 bits on the Assign RHS, but Assign RHS's VARREF 'idxprom2_i_fu_2504_p1' generates 64 bits.
[2026-04-21 23:29:33,822]                                                                                                           : ... In instance finn_design_wrapper.finn_design_i.MVAU_hls_1.MVAU_hls_1.inst.grp_Matrix_Vector_Activate_Stream_Batch_fu_60
[2026-04-21 23:29:33,822] 18263 | assign p_ZL7threshs_14_address0 = idxprom2_i_fu_2504_p1;
[2026-04-21 23:29:33,822]       |                                 ^
[2026-04-21 23:29:33,822] %Warning-WIDTH: /tmp/finn_dev_emanuel-hernandez/vivado_stitch_proj_drjl_8y4/finn_design_wrapper.v:18265:32: Operator ASSIGNW expects 6 bits on the Assign RHS, but Assign RHS's VARREF 'idxprom2_i_fu_2504_p1' generates 64 bits.
[2026-04-21 23:29:33,822]                                                                                                           : ... In instance finn_design_wrapper.finn_design_i.MVAU_hls_1.MVAU_hls_1.inst.grp_Matrix_Vector_Activate_Stream_Batch_fu_60
[2026-04-21 23:29:33,822] 18265 | assign p_ZL7threshs_1_address0 = idxprom2_i_fu_2504_p1;
[2026-04-21 23:29:33,822]       |                                ^
[2026-04-21 23:29:33,822] %Warning-WIDTH: /tmp/finn_dev_emanuel-hernandez/vivado_stitch_proj_drjl_8y4/finn_design_wrapper.v:18267:32: Operator ASSIGNW expects 6 bits on the Assign RHS, but Assign RHS's VARREF 'idxprom2_i_fu_2504_p1' generates 64 bits.
[2026-04-21 23:29:33,822]                                                                                                           : ... In instance finn_design_wrapper.finn_design_i.MVAU_hls_1.MVAU_hls_1.inst.grp_Matrix_Vector_Activate_Stream_Batch_fu_60
[2026-04-21 23:29:33,822] 18267 | assign p_ZL7threshs_2_address0 = idxprom2_i_fu_2504_p1;
[2026-04-21 23:29:33,822]       |                                ^
[2026-04-21 23:29:33,822] %Warning-WIDTH: /tmp/finn_dev_emanuel-hernandez/vivado_stitch_proj_drjl_8y4/finn_design_wrapper.v:18269:32: Operator ASSIGNW expects 6 bits on the Assign RHS, but Assign RHS's VARREF 'idxprom2_i_fu_2504_p1' generates 64 bits.
[2026-04-21 23:29:33,822]                                                                                                           : ... In instance finn_design_wrapper.finn_design_i.MVAU_hls_1.MVAU_hls_1.inst.grp_Matrix_Vector_Activate_Stream_Batch_fu_60
[2026-04-21 23:29:33,822] 18269 | assign p_ZL7threshs_3_address0 = idxprom2_i_fu_2504_p1;
[2026-04-21 23:29:33,822]       |                                ^
[2026-04-21 23:29:33,822] %Warning-WIDTH: /tmp/finn_dev_emanuel-hernandez/vivado_stitch_proj_drjl_8y4/finn_design_wrapper.v:18271:32: Operator ASSIGNW expects 6 bits on the Assign RHS, but Assign RHS's VARREF 'idxprom2_i_fu_2504_p1' generates 64 bits.
[2026-04-21 23:29:33,822]                                                                                                           : ... In instance finn_design_wrapper.finn_design_i.MVAU_hls_1.MVAU_hls_1.inst.grp_Matrix_Vector_Activate_Stream_Batch_fu_60
[2026-04-21 23:29:33,822] 18271 | assign p_ZL7threshs_4_address0 = idxprom2_i_fu_2504_p1;
[2026-04-21 23:29:33,822]       |                                ^
[2026-04-21 23:29:33,822] %Warning-WIDTH: /tmp/finn_dev_emanuel-hernandez/vivado_stitch_proj_drjl_8y4/finn_design_wrapper.v:18273:32: Operator ASSIGNW expects 6 bits on the Assign RHS, but Assign RHS's VARREF 'idxprom2_i_fu_2504_p1' generates 64 bits.
[2026-04-21 23:29:33,822]                                                                                                           : ... In instance finn_design_wrapper.finn_design_i.MVAU_hls_1.MVAU_hls_1.inst.grp_Matrix_Vector_Activate_Stream_Batch_fu_60
[2026-04-21 23:29:33,822] 18273 | assign p_ZL7threshs_5_address0 = idxprom2_i_fu_2504_p1;
[2026-04-21 23:29:33,822]       |                                ^
[2026-04-21 23:29:33,822] %Warning-WIDTH: /tmp/finn_dev_emanuel-hernandez/vivado_stitch_proj_drjl_8y4/finn_design_wrapper.v:18275:32: Operator ASSIGNW expects 6 bits on the Assign RHS, but Assign RHS's VARREF 'idxprom2_i_fu_2504_p1' generates 64 bits.
[2026-04-21 23:29:33,822]                                                                                                           : ... In instance finn_design_wrapper.finn_design_i.MVAU_hls_1.MVAU_hls_1.inst.grp_Matrix_Vector_Activate_Stream_Batch_fu_60
[2026-04-21 23:29:33,822] 18275 | assign p_ZL7threshs_6_address0 = idxprom2_i_fu_2504_p1;
[2026-04-21 23:29:33,822]       |                                ^
[2026-04-21 23:29:33,822] %Warning-WIDTH: /tmp/finn_dev_emanuel-hernandez/vivado_stitch_proj_drjl_8y4/finn_design_wrapper.v:18277:32: Operator ASSIGNW expects 6 bits on the Assign RHS, but Assign RHS's VARREF 'idxprom2_i_fu_2504_p1' generates 64 bits.
[2026-04-21 23:29:33,822]                                                                                                           : ... In instance finn_design_wrapper.finn_design_i.MVAU_hls_1.MVAU_hls_1.inst.grp_Matrix_Vector_Activate_Stream_Batch_fu_60
[2026-04-21 23:29:33,822] 18277 | assign p_ZL7threshs_7_address0 = idxprom2_i_fu_2504_p1;
[2026-04-21 23:29:33,822]       |                                ^
[2026-04-21 23:29:33,822] %Warning-WIDTH: /tmp/finn_dev_emanuel-hernandez/vivado_stitch_proj_drjl_8y4/finn_design_wrapper.v:18279:32: Operator ASSIGNW expects 6 bits on the Assign RHS, but Assign RHS's VARREF 'idxprom2_i_fu_2504_p1' generates 64 bits.
[2026-04-21 23:29:33,822]                                                                                                           : ... In instance finn_design_wrapper.finn_design_i.MVAU_hls_1.MVAU_hls_1.inst.grp_Matrix_Vector_Activate_Stream_Batch_fu_60
[2026-04-21 23:29:33,822] 18279 | assign p_ZL7threshs_8_address0 = idxprom2_i_fu_2504_p1;
[2026-04-21 23:29:33,822]       |                                ^
[2026-04-21 23:29:33,822] %Warning-WIDTH: /tmp/finn_dev_emanuel-hernandez/vivado_stitch_proj_drjl_8y4/finn_design_wrapper.v:18281:32: Operator ASSIGNW expects 6 bits on the Assign RHS, but Assign RHS's VARREF 'idxprom2_i_fu_2504_p1' generates 64 bits.
[2026-04-21 23:29:33,822]                                                                                                           : ... In instance finn_design_wrapper.finn_design_i.MVAU_hls_1.MVAU_hls_1.inst.grp_Matrix_Vector_Activate_Stream_Batch_fu_60
[2026-04-21 23:29:33,822] 18281 | assign p_ZL7threshs_9_address0 = idxprom2_i_fu_2504_p1;
[2026-04-21 23:29:33,822]       |                                ^
[2026-04-21 23:29:33,822] %Warning-WIDTH: /tmp/finn_dev_emanuel-hernandez/vivado_stitch_proj_drjl_8y4/finn_design_wrapper.v:18287:33: Operator ASSIGNW expects 17 bits on the Assign RHS, but Assign RHS's SIGNED generates 13 bits.
[2026-04-21 23:29:33,822]                                                                                                           : ... In instance finn_design_wrapper.finn_design_i.MVAU_hls_1.MVAU_hls_1.inst.grp_Matrix_Vector_Activate_Stream_Batch_fu_60
[2026-04-21 23:29:33,822] 18287 | assign sext_ln1039_1_fu_2541_p1 = $signed(p_ZL7threshs_1_q0);
[2026-04-21 23:29:33,822]       |                                 ^
[2026-04-21 23:29:33,822] %Warning-WIDTH: /tmp/finn_dev_emanuel-hernandez/vivado_stitch_proj_drjl_8y4/finn_design_wrapper.v:18289:33: Operator ASSIGNW expects 17 bits on the Assign RHS, but Assign RHS's SIGNED generates 13 bits.
[2026-04-21 23:29:33,822]                                                                                                           : ... In instance finn_design_wrapper.finn_design_i.MVAU_hls_1.MVAU_hls_1.inst.grp_Matrix_Vector_Activate_Stream_Batch_fu_60
[2026-04-21 23:29:33,822] 18289 | assign sext_ln1039_2_fu_2560_p1 = $signed(p_ZL7threshs_2_q0);
[2026-04-21 23:29:33,822]       |                                 ^
[2026-04-21 23:29:33,822] %Warning-WIDTH: /tmp/finn_dev_emanuel-hernandez/vivado_stitch_proj_drjl_8y4/finn_design_wrapper.v:18291:33: Operator ASSIGNW expects 17 bits on the Assign RHS, but Assign RHS's SIGNED generates 13 bits.
[2026-04-21 23:29:33,822]                                                                                                           : ... In instance finn_design_wrapper.finn_design_i.MVAU_hls_1.MVAU_hls_1.inst.grp_Matrix_Vector_Activate_Stream_Batch_fu_60
[2026-04-21 23:29:33,822] 18291 | assign sext_ln1039_3_fu_2579_p1 = $signed(p_ZL7threshs_3_q0);
[2026-04-21 23:29:33,822]       |                                 ^
[2026-04-21 23:29:33,822] %Warning-WIDTH: /tmp/finn_dev_emanuel-hernandez/vivado_stitch_proj_drjl_8y4/finn_design_wrapper.v:18293:33: Operator ASSIGNW expects 17 bits on the Assign RHS, but Assign RHS's SIGNED generates 13 bits.
[2026-04-21 23:29:33,822]                                                                                                           : ... In instance finn_design_wrapper.finn_design_i.MVAU_hls_1.MVAU_hls_1.inst.grp_Matrix_Vector_Activate_Stream_Batch_fu_60
[2026-04-21 23:29:33,822] 18293 | assign sext_ln1039_4_fu_2598_p1 = $signed(p_ZL7threshs_4_q0);
[2026-04-21 23:29:33,822]       |                                 ^
[2026-04-21 23:29:33,822] %Warning-WIDTH: /tmp/finn_dev_emanuel-hernandez/vivado_stitch_proj_drjl_8y4/finn_design_wrapper.v:18295:33: Operator ASSIGNW expects 17 bits on the Assign RHS, but Assign RHS's SIGNED generates 14 bits.
[2026-04-21 23:29:33,822]                                                                                                           : ... In instance finn_design_wrapper.finn_design_i.MVAU_hls_1.MVAU_hls_1.inst.grp_Matrix_Vector_Activate_Stream_Batch_fu_60
[2026-04-21 23:29:33,822] 18295 | assign sext_ln1039_5_fu_2617_p1 = $signed(p_ZL7threshs_5_q0);
[2026-04-21 23:29:33,822]       |                                 ^
[2026-04-21 23:29:33,822] %Warning-WIDTH: /tmp/finn_dev_emanuel-hernandez/vivado_stitch_proj_drjl_8y4/finn_design_wrapper.v:18297:33: Operator ASSIGNW expects 17 bits on the Assign RHS, but Assign RHS's SIGNED generates 14 bits.
[2026-04-21 23:29:33,822]                                                                                                           : ... In instance finn_design_wrapper.finn_design_i.MVAU_hls_1.MVAU_hls_1.inst.grp_Matrix_Vector_Activate_Stream_Batch_fu_60
[2026-04-21 23:29:33,822] 18297 | assign sext_ln1039_6_fu_2636_p1 = $signed(p_ZL7threshs_6_q0);
[2026-04-21 23:29:33,822]       |                                 ^
[2026-04-21 23:29:33,822] %Warning-WIDTH: /tmp/finn_dev_emanuel-hernandez/vivado_stitch_proj_drjl_8y4/finn_design_wrapper.v:18299:31: Operator ASSIGNW expects 17 bits on the Assign RHS, but Assign RHS's SIGNED generates 13 bits.
[2026-04-21 23:29:33,822]                                                                                                           : ... In instance finn_design_wrapper.finn_design_i.MVAU_hls_1.MVAU_hls_1.inst.grp_Matrix_Vector_Activate_Stream_Batch_fu_60
[2026-04-21 23:29:33,822] 18299 | assign sext_ln1039_fu_2522_p1 = $signed(p_ZL7threshs_0_q0);
[2026-04-21 23:29:33,822]       |                               ^
[2026-04-21 23:29:33,822] %Warning-WIDTH: /tmp/finn_dev_emanuel-hernandez/vivado_stitch_proj_drjl_8y4/finn_design_wrapper.v:18335:33: Operator ASSIGNW expects 17 bits on the Assign RHS, but Assign RHS's VARREF 'p_ZL7threshs_8_q0' generates 13 bits.
[2026-04-21 23:29:33,822]                                                                                                           : ... In instance finn_design_wrapper.finn_design_i.MVAU_hls_1.MVAU_hls_1.inst.grp_Matrix_Vector_Activate_Stream_Batch_fu_60
[2026-04-21 23:29:33,822] 18335 | assign zext_ln1039_1_fu_2674_p1 = p_ZL7threshs_8_q0;
[2026-04-21 23:29:33,822]       |                                 ^
[2026-04-21 23:29:33,822] %Warning-WIDTH: /tmp/finn_dev_emanuel-hernandez/vivado_stitch_proj_drjl_8y4/finn_design_wrapper.v:18337:33: Operator ASSIGNW expects 17 bits on the Assign RHS, but Assign RHS's VARREF 'p_ZL7threshs_9_q0' generates 13 bits.
[2026-04-21 23:29:33,822]                                                                                                           : ... In instance finn_design_wrapper.finn_design_i.MVAU_hls_1.MVAU_hls_1.inst.grp_Matrix_Vector_Activate_Stream_Batch_fu_60
[2026-04-21 23:29:33,822] 18337 | assign zext_ln1039_2_fu_2693_p1 = p_ZL7threshs_9_q0;
[2026-04-21 23:29:33,822]       |                                 ^
[2026-04-21 23:29:33,822] %Warning-WIDTH: /tmp/finn_dev_emanuel-hernandez/vivado_stitch_proj_drjl_8y4/finn_design_wrapper.v:18339:33: Operator ASSIGNW expects 17 bits on the Assign RHS, but Assign RHS's VARREF 'p_ZL7threshs_10_q0' generates 13 bits.
[2026-04-21 23:29:33,822]                                                                                                           : ... In instance finn_design_wrapper.finn_design_i.MVAU_hls_1.MVAU_hls_1.inst.grp_Matrix_Vector_Activate_Stream_Batch_fu_60
[2026-04-21 23:29:33,822] 18339 | assign zext_ln1039_3_fu_2712_p1 = p_ZL7threshs_10_q0;
[2026-04-21 23:29:33,822]       |                                 ^
[2026-04-21 23:29:33,822] %Warning-WIDTH: /tmp/finn_dev_emanuel-hernandez/vivado_stitch_proj_drjl_8y4/finn_design_wrapper.v:18341:33: Operator ASSIGNW expects 17 bits on the Assign RHS, but Assign RHS's VARREF 'p_ZL7threshs_11_q0' generates 13 bits.
[2026-04-21 23:29:33,822]                                                                                                           : ... In instance finn_design_wrapper.finn_design_i.MVAU_hls_1.MVAU_hls_1.inst.grp_Matrix_Vector_Activate_Stream_Batch_fu_60
[2026-04-21 23:29:33,822] 18341 | assign zext_ln1039_4_fu_2731_p1 = p_ZL7threshs_11_q0;
[2026-04-21 23:29:33,822]       |                                 ^
[2026-04-21 23:29:33,822] %Warning-WIDTH: /tmp/finn_dev_emanuel-hernandez/vivado_stitch_proj_drjl_8y4/finn_design_wrapper.v:18343:33: Operator ASSIGNW expects 17 bits on the Assign RHS, but Assign RHS's VARREF 'p_ZL7threshs_12_q0' generates 13 bits.
[2026-04-21 23:29:33,822]                                                                                                           : ... In instance finn_design_wrapper.finn_design_i.MVAU_hls_1.MVAU_hls_1.inst.grp_Matrix_Vector_Activate_Stream_Batch_fu_60
[2026-04-21 23:29:33,822] 18343 | assign zext_ln1039_5_fu_2750_p1 = p_ZL7threshs_12_q0;
[2026-04-21 23:29:33,822]       |                                 ^
[2026-04-21 23:29:33,822] %Warning-WIDTH: /tmp/finn_dev_emanuel-hernandez/vivado_stitch_proj_drjl_8y4/finn_design_wrapper.v:18345:33: Operator ASSIGNW expects 17 bits on the Assign RHS, but Assign RHS's VARREF 'p_ZL7threshs_13_q0' generates 13 bits.
[2026-04-21 23:29:33,822]                                                                                                           : ... In instance finn_design_wrapper.finn_design_i.MVAU_hls_1.MVAU_hls_1.inst.grp_Matrix_Vector_Activate_Stream_Batch_fu_60
[2026-04-21 23:29:33,822] 18345 | assign zext_ln1039_6_fu_2769_p1 = p_ZL7threshs_13_q0;
[2026-04-21 23:29:33,822]       |                                 ^
[2026-04-21 23:29:33,822] %Warning-WIDTH: /tmp/finn_dev_emanuel-hernandez/vivado_stitch_proj_drjl_8y4/finn_design_wrapper.v:18347:33: Operator ASSIGNW expects 17 bits on the Assign RHS, but Assign RHS's VARREF 'p_ZL7threshs_14_q0' generates 14 bits.
[2026-04-21 23:29:33,822]                                                                                                           : ... In instance finn_design_wrapper.finn_design_i.MVAU_hls_1.MVAU_hls_1.inst.grp_Matrix_Vector_Activate_Stream_Batch_fu_60
[2026-04-21 23:29:33,822] 18347 | assign zext_ln1039_7_fu_2788_p1 = p_ZL7threshs_14_q0;
[2026-04-21 23:29:33,823]       |                                 ^
[2026-04-21 23:29:33,823] %Warning-WIDTH: /tmp/finn_dev_emanuel-hernandez/vivado_stitch_proj_drjl_8y4/finn_design_wrapper.v:18349:31: Operator ASSIGNW expects 17 bits on the Assign RHS, but Assign RHS's VARREF 'p_ZL7threshs_7_q0' generates 13 bits.
[2026-04-21 23:29:33,823]                                                                                                           : ... In instance finn_design_wrapper.finn_design_i.MVAU_hls_1.MVAU_hls_1.inst.grp_Matrix_Vector_Activate_Stream_Batch_fu_60
[2026-04-21 23:29:33,823] 18349 | assign zext_ln1039_fu_2655_p1 = p_ZL7threshs_7_q0;
[2026-04-21 23:29:33,823]       |                               ^
[2026-04-21 23:29:33,823] %Warning-WIDTH: /tmp/finn_dev_emanuel-hernandez/vivado_stitch_proj_drjl_8y4/finn_design_wrapper.v:18351:30: Operator ASSIGNW expects 2 bits on the Assign RHS, but Assign RHS's VARREF 'result_V_fu_2531_p2' generates 1 bits.
[2026-04-21 23:29:33,823]                                                                                                           : ... In instance finn_design_wrapper.finn_design_i.MVAU_hls_1.MVAU_hls_1.inst.grp_Matrix_Vector_Activate_Stream_Batch_fu_60
[2026-04-21 23:29:33,823] 18351 | assign zext_ln215_fu_2537_p1 = result_V_fu_2531_p2;
[2026-04-21 23:29:33,823]       |                              ^
[2026-04-21 23:29:33,823] %Warning-WIDTH: /tmp/finn_dev_emanuel-hernandez/vivado_stitch_proj_drjl_8y4/finn_design_wrapper.v:18353:33: Operator ASSIGNW expects 2 bits on the Assign RHS, but Assign RHS's VARREF 'xor_ln1039_10_fu_2740_p2' generates 1 bits.
[2026-04-21 23:29:33,823]                                                                                                           : ... In instance finn_design_wrapper.finn_design_i.MVAU_hls_1.MVAU_hls_1.inst.grp_Matrix_Vector_Activate_Stream_Batch_fu_60
[2026-04-21 23:29:33,823] 18353 | assign zext_ln218_10_fu_2746_p1 = xor_ln1039_10_fu_2740_p2;
[2026-04-21 23:29:33,823]       |                                 ^
[2026-04-21 23:29:33,823] %Warning-WIDTH: /tmp/finn_dev_emanuel-hernandez/vivado_stitch_proj_drjl_8y4/finn_design_wrapper.v:18355:33: Operator ASSIGNW expects 2 bits on the Assign RHS, but Assign RHS's VARREF 'xor_ln1039_11_fu_2759_p2' generates 1 bits.
[2026-04-21 23:29:33,823]                                                                                                           : ... In instance finn_design_wrapper.finn_design_i.MVAU_hls_1.MVAU_hls_1.inst.grp_Matrix_Vector_Activate_Stream_Batch_fu_60
[2026-04-21 23:29:33,823] 18355 | assign zext_ln218_11_fu_2765_p1 = xor_ln1039_11_fu_2759_p2;
[2026-04-21 23:29:33,823]       |                                 ^
[2026-04-21 23:29:33,823] %Warning-WIDTH: /tmp/finn_dev_emanuel-hernandez/vivado_stitch_proj_drjl_8y4/finn_design_wrapper.v:18357:33: Operator ASSIGNW expects 2 bits on the Assign RHS, but Assign RHS's VARREF 'xor_ln1039_12_fu_2778_p2' generates 1 bits.
[2026-04-21 23:29:33,823]                                                                                                           : ... In instance finn_design_wrapper.finn_design_i.MVAU_hls_1.MVAU_hls_1.inst.grp_Matrix_Vector_Activate_Stream_Batch_fu_60
[2026-04-21 23:29:33,823] 18357 | assign zext_ln218_12_fu_2784_p1 = xor_ln1039_12_fu_2778_p2;
[2026-04-21 23:29:33,823]       |                                 ^
[2026-04-21 23:29:33,823] %Warning-WIDTH: /tmp/finn_dev_emanuel-hernandez/vivado_stitch_proj_drjl_8y4/finn_design_wrapper.v:18359:32: Operator ASSIGNW expects 2 bits on the Assign RHS, but Assign RHS's VARREF 'xor_ln1039_1_fu_2569_p2' generates 1 bits.
[2026-04-21 23:29:33,823]                                                                                                           : ... In instance finn_design_wrapper.finn_design_i.MVAU_hls_1.MVAU_hls_1.inst.grp_Matrix_Vector_Activate_Stream_Batch_fu_60
[2026-04-21 23:29:33,823] 18359 | assign zext_ln218_1_fu_2575_p1 = xor_ln1039_1_fu_2569_p2;
[2026-04-21 23:29:33,823]       |                                ^
[2026-04-21 23:29:33,823] %Warning-WIDTH: /tmp/finn_dev_emanuel-hernandez/vivado_stitch_proj_drjl_8y4/finn_design_wrapper.v:18361:32: Operator ASSIGNW expects 2 bits on the Assign RHS, but Assign RHS's VARREF 'xor_ln1039_2_fu_2588_p2' generates 1 bits.
[2026-04-21 23:29:33,823]                                                                                                           : ... In instance finn_design_wrapper.finn_design_i.MVAU_hls_1.MVAU_hls_1.inst.grp_Matrix_Vector_Activate_Stream_Batch_fu_60
[2026-04-21 23:29:33,823] 18361 | assign zext_ln218_2_fu_2594_p1 = xor_ln1039_2_fu_2588_p2;
[2026-04-21 23:29:33,823]       |                                ^
[2026-04-21 23:29:33,823] %Warning-WIDTH: /tmp/finn_dev_emanuel-hernandez/vivado_stitch_proj_drjl_8y4/finn_design_wrapper.v:18363:32: Operator ASSIGNW expects 2 bits on the Assign RHS, but Assign RHS's VARREF 'xor_ln1039_3_fu_2607_p2' generates 1 bits.
[2026-04-21 23:29:33,823]                                                                                                           : ... In instance finn_design_wrapper.finn_design_i.MVAU_hls_1.MVAU_hls_1.inst.grp_Matrix_Vector_Activate_Stream_Batch_fu_60
[2026-04-21 23:29:33,823] 18363 | assign zext_ln218_3_fu_2613_p1 = xor_ln1039_3_fu_2607_p2;
[2026-04-21 23:29:33,823]       |                                ^
[2026-04-21 23:29:33,823] %Warning-WIDTH: /tmp/finn_dev_emanuel-hernandez/vivado_stitch_proj_drjl_8y4/finn_design_wrapper.v:18365:32: Operator ASSIGNW expects 2 bits on the Assign RHS, but Assign RHS's VARREF 'xor_ln1039_4_fu_2626_p2' generates 1 bits.
[2026-04-21 23:29:33,823]                                                                                                           : ... In instance finn_design_wrapper.finn_design_i.MVAU_hls_1.MVAU_hls_1.inst.grp_Matrix_Vector_Activate_Stream_Batch_fu_60
[2026-04-21 23:29:33,823] 18365 | assign zext_ln218_4_fu_2632_p1 = xor_ln1039_4_fu_2626_p2;
[2026-04-21 23:29:33,823]       |                                ^
[2026-04-21 23:29:33,823] %Warning-WIDTH: /tmp/finn_dev_emanuel-hernandez/vivado_stitch_proj_drjl_8y4/finn_design_wrapper.v:18367:32: Operator ASSIGNW expects 2 bits on the Assign RHS, but Assign RHS's VARREF 'xor_ln1039_5_fu_2645_p2' generates 1 bits.
[2026-04-21 23:29:33,823]                                                                                                           : ... In instance finn_design_wrapper.finn_design_i.MVAU_hls_1.MVAU_hls_1.inst.grp_Matrix_Vector_Activate_Stream_Batch_fu_60
[2026-04-21 23:29:33,823] 18367 | assign zext_ln218_5_fu_2651_p1 = xor_ln1039_5_fu_2645_p2;
[2026-04-21 23:29:33,823]       |                                ^
[2026-04-21 23:29:33,823] %Warning-WIDTH: /tmp/finn_dev_emanuel-hernandez/vivado_stitch_proj_drjl_8y4/finn_design_wrapper.v:18369:32: Operator ASSIGNW expects 2 bits on the Assign RHS, but Assign RHS's VARREF 'xor_ln1039_6_fu_2664_p2' generates 1 bits.
[2026-04-21 23:29:33,823]                                                                                                           : ... In instance finn_design_wrapper.finn_design_i.MVAU_hls_1.MVAU_hls_1.inst.grp_Matrix_Vector_Activate_Stream_Batch_fu_60
[2026-04-21 23:29:33,823] 18369 | assign zext_ln218_6_fu_2670_p1 = xor_ln1039_6_fu_2664_p2;
[2026-04-21 23:29:33,823]       |                                ^
[2026-04-21 23:29:33,823] %Warning-WIDTH: /tmp/finn_dev_emanuel-hernandez/vivado_stitch_proj_drjl_8y4/finn_design_wrapper.v:18371:32: Operator ASSIGNW expects 2 bits on the Assign RHS, but Assign RHS's VARREF 'xor_ln1039_7_fu_2683_p2' generates 1 bits.
[2026-04-21 23:29:33,823]                                                                                                           : ... In instance finn_design_wrapper.finn_design_i.MVAU_hls_1.MVAU_hls_1.inst.grp_Matrix_Vector_Activate_Stream_Batch_fu_60
[2026-04-21 23:29:33,823] 18371 | assign zext_ln218_7_fu_2689_p1 = xor_ln1039_7_fu_2683_p2;
[2026-04-21 23:29:33,823]       |                                ^
[2026-04-21 23:29:33,823] %Warning-WIDTH: /tmp/finn_dev_emanuel-hernandez/vivado_stitch_proj_drjl_8y4/finn_design_wrapper.v:18373:32: Operator ASSIGNW expects 2 bits on the Assign RHS, but Assign RHS's VARREF 'xor_ln1039_8_fu_2702_p2' generates 1 bits.
[2026-04-21 23:29:33,823]                                                                                                           : ... In instance finn_design_wrapper.finn_design_i.MVAU_hls_1.MVAU_hls_1.inst.grp_Matrix_Vector_Activate_Stream_Batch_fu_60
[2026-04-21 23:29:33,823] 18373 | assign zext_ln218_8_fu_2708_p1 = xor_ln1039_8_fu_2702_p2;
[2026-04-21 23:29:33,823]       |                                ^
[2026-04-21 23:29:33,823] %Warning-WIDTH: /tmp/finn_dev_emanuel-hernandez/vivado_stitch_proj_drjl_8y4/finn_design_wrapper.v:18375:32: Operator ASSIGNW expects 2 bits on the Assign RHS, but Assign RHS's VARREF 'xor_ln1039_9_fu_2721_p2' generates 1 bits.
[2026-04-21 23:29:33,823]                                                                                                           : ... In instance finn_design_wrapper.finn_design_i.MVAU_hls_1.MVAU_hls_1.inst.grp_Matrix_Vector_Activate_Stream_Batch_fu_60
[2026-04-21 23:29:33,823] 18375 | assign zext_ln218_9_fu_2727_p1 = xor_ln1039_9_fu_2721_p2;
[2026-04-21 23:29:33,823]       |                                ^
[2026-04-21 23:29:33,823] %Warning-WIDTH: /tmp/finn_dev_emanuel-hernandez/vivado_stitch_proj_drjl_8y4/finn_design_wrapper.v:18377:30: Operator ASSIGNW expects 2 bits on the Assign RHS, but Assign RHS's VARREF 'xor_ln1039_fu_2550_p2' generates 1 bits.
[2026-04-21 23:29:33,823]                                                                                                           : ... In instance finn_design_wrapper.finn_design_i.MVAU_hls_1.MVAU_hls_1.inst.grp_Matrix_Vector_Activate_Stream_Batch_fu_60
[2026-04-21 23:29:33,823] 18377 | assign zext_ln218_fu_2556_p1 = xor_ln1039_fu_2550_p2;
[2026-04-21 23:29:33,823]       |                              ^
[2026-04-21 23:29:33,823] %Warning-WIDTH: /tmp/finn_dev_emanuel-hernandez/vivado_stitch_proj_drjl_8y4/finn_design_wrapper.v:18379:33: Operator ASSIGNW expects 4 bits on the Assign RHS, but Assign RHS's VARREF 'add_ln840_12_fu_2909_p2' generates 3 bits.
[2026-04-21 23:29:33,823]                                                                                                           : ... In instance finn_design_wrapper.finn_design_i.MVAU_hls_1.MVAU_hls_1.inst.grp_Matrix_Vector_Activate_Stream_Batch_fu_60
[2026-04-21 23:29:33,823] 18379 | assign zext_ln840_10_fu_2915_p1 = add_ln840_12_fu_2909_p2;
[2026-04-21 23:29:33,823]       |                                 ^
[2026-04-21 23:29:33,823] %Warning-WIDTH: /tmp/finn_dev_emanuel-hernandez/vivado_stitch_proj_drjl_8y4/finn_design_wrapper.v:18381:32: Operator ASSIGNW expects 3 bits on the Assign RHS, but Assign RHS's VARREF 'add_ln840_2_fu_2813_p2' generates 2 bits.
[2026-04-21 23:29:33,823]                                                                                                           : ... In instance finn_design_wrapper.finn_design_i.MVAU_hls_1.MVAU_hls_1.inst.grp_Matrix_Vector_Activate_Stream_Batch_fu_60
[2026-04-21 23:29:33,823] 18381 | assign zext_ln840_1_fu_2819_p1 = add_ln840_2_fu_2813_p2;
[2026-04-21 23:29:33,823]       |                                ^
[2026-04-21 23:29:33,823] %Warning-WIDTH: /tmp/finn_dev_emanuel-hernandez/vivado_stitch_proj_drjl_8y4/finn_design_wrapper.v:18383:32: Operator ASSIGNW expects 3 bits on the Assign RHS, but Assign RHS's VARREF 'add_ln840_3_fu_2823_p2' generates 2 bits.
[2026-04-21 23:29:33,823]                                                                                                           : ... In instance finn_design_wrapper.finn_design_i.MVAU_hls_1.MVAU_hls_1.inst.grp_Matrix_Vector_Activate_Stream_Batch_fu_60
[2026-04-21 23:29:33,823] 18383 | assign zext_ln840_2_fu_2829_p1 = add_ln840_3_fu_2823_p2;
[2026-04-21 23:29:33,823]       |                                ^
[2026-04-21 23:29:33,823] %Warning-WIDTH: /tmp/finn_dev_emanuel-hernandez/vivado_stitch_proj_drjl_8y4/finn_design_wrapper.v:18385:32: Operator ASSIGNW expects 3 bits on the Assign RHS, but Assign RHS's VARREF 'add_ln840_4_fu_2833_p2' generates 2 bits.
[2026-04-21 23:29:33,823]                                                                                                           : ... In instance finn_design_wrapper.finn_design_i.MVAU_hls_1.MVAU_hls_1.inst.grp_Matrix_Vector_Activate_Stream_Batch_fu_60
[2026-04-21 23:29:33,823] 18385 | assign zext_ln840_3_fu_2839_p1 = add_ln840_4_fu_2833_p2;
[2026-04-21 23:29:33,823]       |                                ^
[2026-04-21 23:29:33,823] %Warning-WIDTH: /tmp/finn_dev_emanuel-hernandez/vivado_stitch_proj_drjl_8y4/finn_design_wrapper.v:18387:32: Operator ASSIGNW expects 4 bits on the Assign RHS, but Assign RHS's VARREF 'add_ln840_6_fu_2849_p2' generates 3 bits.
[2026-04-21 23:29:33,823]                                                                                                           : ... In instance finn_design_wrapper.finn_design_i.MVAU_hls_1.MVAU_hls_1.inst.grp_Matrix_Vector_Activate_Stream_Batch_fu_60
[2026-04-21 23:29:33,823] 18387 | assign zext_ln840_4_fu_2855_p1 = add_ln840_6_fu_2849_p2;
[2026-04-21 23:29:33,823]       |                                ^
[2026-04-21 23:29:33,823] %Warning-WIDTH: /tmp/finn_dev_emanuel-hernandez/vivado_stitch_proj_drjl_8y4/finn_design_wrapper.v:18389:32: Operator ASSIGNW expects 3 bits on the Assign RHS, but Assign RHS's VARREF 'add_ln840_7_fu_2859_p2' generates 2 bits.
[2026-04-21 23:29:33,823]                                                                                                           : ... In instance finn_design_wrapper.finn_design_i.MVAU_hls_1.MVAU_hls_1.inst.grp_Matrix_Vector_Activate_Stream_Batch_fu_60
[2026-04-21 23:29:33,823] 18389 | assign zext_ln840_5_fu_2865_p1 = add_ln840_7_fu_2859_p2;
[2026-04-21 23:29:33,823]       |                                ^
[2026-04-21 23:29:33,823] %Warning-WIDTH: /tmp/finn_dev_emanuel-hernandez/vivado_stitch_proj_drjl_8y4/finn_design_wrapper.v:18391:32: Operator ASSIGNW expects 3 bits on the Assign RHS, but Assign RHS's VARREF 'add_ln840_8_fu_2869_p2' generates 2 bits.
[2026-04-21 23:29:33,823]                                                                                                           : ... In instance finn_design_wrapper.finn_design_i.MVAU_hls_1.MVAU_hls_1.inst.grp_Matrix_Vector_Activate_Stream_Batch_fu_60
[2026-04-21 23:29:33,823] 18391 | assign zext_ln840_6_fu_2875_p1 = add_ln840_8_fu_2869_p2;
[2026-04-21 23:29:33,823]       |                                ^
[2026-04-21 23:29:33,823] %Warning-WIDTH: /tmp/finn_dev_emanuel-hernandez/vivado_stitch_proj_drjl_8y4/finn_design_wrapper.v:18393:32: Operator ASSIGNW expects 4 bits on the Assign RHS, but Assign RHS's VARREF 'add_ln840_9_fu_2879_p2' generates 3 bits.
[2026-04-21 23:29:33,823]                                                                                                           : ... In instance finn_design_wrapper.finn_design_i.MVAU_hls_1.MVAU_hls_1.inst.grp_Matrix_Vector_Activate_Stream_Batch_fu_60
[2026-04-21 23:29:33,823] 18393 | assign zext_ln840_7_fu_2885_p1 = add_ln840_9_fu_2879_p2;
[2026-04-21 23:29:33,823]       |                                ^
[2026-04-21 23:29:33,823] %Warning-WIDTH: /tmp/finn_dev_emanuel-hernandez/vivado_stitch_proj_drjl_8y4/finn_design_wrapper.v:18395:32: Operator ASSIGNW expects 3 bits on the Assign RHS, but Assign RHS's VARREF 'add_ln840_10_fu_2889_p2' generates 2 bits.
[2026-04-21 23:29:33,823]                                                                                                           : ... In instance finn_design_wrapper.finn_design_i.MVAU_hls_1.MVAU_hls_1.inst.grp_Matrix_Vector_Activate_Stream_Batch_fu_60
[2026-04-21 23:29:33,823] 18395 | assign zext_ln840_8_fu_2895_p1 = add_ln840_10_fu_2889_p2;
[2026-04-21 23:29:33,823]       |                                ^
[2026-04-21 23:29:33,823] %Warning-WIDTH: /tmp/finn_dev_emanuel-hernandez/vivado_stitch_proj_drjl_8y4/finn_design_wrapper.v:18397:32: Operator ASSIGNW expects 3 bits on the Assign RHS, but Assign RHS's VARREF 'add_ln840_11_fu_2899_p2' generates 2 bits.
[2026-04-21 23:29:33,823]                                                                                                           : ... In instance finn_design_wrapper.finn_design_i.MVAU_hls_1.MVAU_hls_1.inst.grp_Matrix_Vector_Activate_Stream_Batch_fu_60
[2026-04-21 23:29:33,823] 18397 | assign zext_ln840_9_fu_2905_p1 = add_ln840_11_fu_2899_p2;
[2026-04-21 23:29:33,823]       |                                ^
[2026-04-21 23:29:33,823] %Warning-WIDTH: /tmp/finn_dev_emanuel-hernandez/vivado_stitch_proj_drjl_8y4/finn_design_wrapper.v:18399:30: Operator ASSIGNW expects 2 bits on the Assign RHS, but Assign RHS's VARREF 'xor_ln1039_13_fu_2797_p2' generates 1 bits.
[2026-04-21 23:29:33,823]                                                                                                           : ... In instance finn_design_wrapper.finn_design_i.MVAU_hls_1.MVAU_hls_1.inst.grp_Matrix_Vector_Activate_Stream_Batch_fu_60
[2026-04-21 23:29:33,823] 18399 | assign zext_ln840_fu_2803_p1 = xor_ln1039_13_fu_2797_p2;
[2026-04-21 23:29:33,823]       |                              ^
[2026-04-21 23:29:33,823] %Warning-STMTDLY: /tmp/finn_dev_emanuel-hernandez/vivado_stitch_proj_drjl_8y4/finn_design_wrapper.v:4386:2: Unsupported: Ignoring delay on this delayed statement.
[2026-04-21 23:29:33,823]                                                                                                           : ... In instance finn_design_wrapper.finn_design_i.MVAU_hls_0.MVAU_hls_0.inst.grp_Matrix_Vector_Activate_Stream_Batch_fu_150
[2026-04-21 23:29:33,823]  4386 | #0 ap_CS_iter0_fsm = 1'd1;
[2026-04-21 23:29:33,823]       |  ^
[2026-04-21 23:29:33,823] %Warning-STMTDLY: /tmp/finn_dev_emanuel-hernandez/vivado_stitch_proj_drjl_8y4/finn_design_wrapper.v:4387:2: Unsupported: Ignoring delay on this delayed statement.
[2026-04-21 23:29:33,823]                                                                                                           : ... In instance finn_design_wrapper.finn_design_i.MVAU_hls_0.MVAU_hls_0.inst.grp_Matrix_Vector_Activate_Stream_Batch_fu_150
[2026-04-21 23:29:33,823]  4387 | #0 ap_CS_iter1_fsm = 2'd1;
[2026-04-21 23:29:33,823]       |  ^
[2026-04-21 23:29:33,824] %Warning-STMTDLY: /tmp/finn_dev_emanuel-hernandez/vivado_stitch_proj_drjl_8y4/finn_design_wrapper.v:4388:2: Unsupported: Ignoring delay on this delayed statement.
[2026-04-21 23:29:33,824]                                                                                                           : ... In instance finn_design_wrapper.finn_design_i.MVAU_hls_0.MVAU_hls_0.inst.grp_Matrix_Vector_Activate_Stream_Batch_fu_150
[2026-04-21 23:29:33,824]  4388 | #0 ap_CS_iter2_fsm = 2'd1;
[2026-04-21 23:29:33,824]       |  ^
[2026-04-21 23:29:33,824] %Warning-STMTDLY: /tmp/finn_dev_emanuel-hernandez/vivado_stitch_proj_drjl_8y4/finn_design_wrapper.v:4389:2: Unsupported: Ignoring delay on this delayed statement.
[2026-04-21 23:29:33,824]                                                                                                           : ... In instance finn_design_wrapper.finn_design_i.MVAU_hls_0.MVAU_hls_0.inst.grp_Matrix_Vector_Activate_Stream_Batch_fu_150
[2026-04-21 23:29:33,824]  4389 | #0 ap_CS_iter3_fsm = 2'd1;
[2026-04-21 23:29:33,824]       |  ^
[2026-04-21 23:29:33,824] %Warning-STMTDLY: /tmp/finn_dev_emanuel-hernandez/vivado_stitch_proj_drjl_8y4/finn_design_wrapper.v:4390:2: Unsupported: Ignoring delay on this delayed statement.
[2026-04-21 23:29:33,824]                                                                                                           : ... In instance finn_design_wrapper.finn_design_i.MVAU_hls_0.MVAU_hls_0.inst.grp_Matrix_Vector_Activate_Stream_Batch_fu_150
[2026-04-21 23:29:33,824]  4390 | #0 ap_CS_iter4_fsm = 2'd1;
[2026-04-21 23:29:33,824]       |  ^
[2026-04-21 23:29:33,824] %Warning-STMTDLY: /tmp/finn_dev_emanuel-hernandez/vivado_stitch_proj_drjl_8y4/finn_design_wrapper.v:4391:2: Unsupported: Ignoring delay on this delayed statement.
[2026-04-21 23:29:33,824]                                                                                                           : ... In instance finn_design_wrapper.finn_design_i.MVAU_hls_0.MVAU_hls_0.inst.grp_Matrix_Vector_Activate_Stream_Batch_fu_150
[2026-04-21 23:29:33,824]  4391 | #0 ap_CS_iter5_fsm = 2'd1;
[2026-04-21 23:29:33,824]       |  ^
[2026-04-21 23:29:33,824] %Warning-STMTDLY: /tmp/finn_dev_emanuel-hernandez/vivado_stitch_proj_drjl_8y4/finn_design_wrapper.v:4392:2: Unsupported: Ignoring delay on this delayed statement.
[2026-04-21 23:29:33,824]                                                                                                           : ... In instance finn_design_wrapper.finn_design_i.MVAU_hls_0.MVAU_hls_0.inst.grp_Matrix_Vector_Activate_Stream_Batch_fu_150
[2026-04-21 23:29:33,824]  4392 | #0 ap_CS_iter6_fsm = 2'd1;
[2026-04-21 23:29:33,824]       |  ^
[2026-04-21 23:29:33,824] %Warning-STMTDLY: /tmp/finn_dev_emanuel-hernandez/vivado_stitch_proj_drjl_8y4/finn_design_wrapper.v:4393:2: Unsupported: Ignoring delay on this delayed statement.
[2026-04-21 23:29:33,824]                                                                                                           : ... In instance finn_design_wrapper.finn_design_i.MVAU_hls_0.MVAU_hls_0.inst.grp_Matrix_Vector_Activate_Stream_Batch_fu_150
[2026-04-21 23:29:33,824]  4393 | #0 ap_done_reg = 1'b0;
[2026-04-21 23:29:33,824]       |  ^
[2026-04-21 23:29:33,824] %Warning-WIDTH: /tmp/finn_dev_emanuel-hernandez/vivado_stitch_proj_drjl_8y4/finn_design_wrapper.v:8981:29: Operator ASSIGN expects 1 bits on the Assign RHS, but Assign RHS's CONST '?32?bxxxxxxxxxxxxxxxxxxxxxxxxxxxxxxxx' generates 32 bits.
[2026-04-21 23:29:33,824]                                                                                                          : ... In instance finn_design_wrapper.finn_design_i.MVAU_hls_0.MVAU_hls_0.inst.grp_Matrix_Vector_Activate_Stream_Batch_fu_150
[2026-04-21 23:29:33,824]  8981 |             ap_NS_iter0_fsm = 'bx;
[2026-04-21 23:29:33,824]       |                             ^
[2026-04-21 23:29:33,824] %Warning-WIDTH: /tmp/finn_dev_emanuel-hernandez/vivado_stitch_proj_drjl_8y4/finn_design_wrapper.v:9005:29: Operator ASSIGN expects 2 bits on the Assign RHS, but Assign RHS's CONST '?32?bxxxxxxxxxxxxxxxxxxxxxxxxxxxxxxxx' generates 32 bits.
[2026-04-21 23:29:33,824]                                                                                                          : ... In instance finn_design_wrapper.finn_design_i.MVAU_hls_0.MVAU_hls_0.inst.grp_Matrix_Vector_Activate_Stream_Batch_fu_150
[2026-04-21 23:29:33,824]  9005 |             ap_NS_iter1_fsm = 'bx;
[2026-04-21 23:29:33,824]       |                             ^
[2026-04-21 23:29:33,824] %Warning-WIDTH: /tmp/finn_dev_emanuel-hernandez/vivado_stitch_proj_drjl_8y4/finn_design_wrapper.v:9029:29: Operator ASSIGN expects 2 bits on the Assign RHS, but Assign RHS's CONST '?32?bxxxxxxxxxxxxxxxxxxxxxxxxxxxxxxxx' generates 32 bits.
[2026-04-21 23:29:33,824]                                                                                                          : ... In instance finn_design_wrapper.finn_design_i.MVAU_hls_0.MVAU_hls_0.inst.grp_Matrix_Vector_Activate_Stream_Batch_fu_150
[2026-04-21 23:29:33,824]  9029 |             ap_NS_iter2_fsm = 'bx;
[2026-04-21 23:29:33,824]       |                             ^
[2026-04-21 23:29:33,824] %Warning-WIDTH: /tmp/finn_dev_emanuel-hernandez/vivado_stitch_proj_drjl_8y4/finn_design_wrapper.v:9053:29: Operator ASSIGN expects 2 bits on the Assign RHS, but Assign RHS's CONST '?32?bxxxxxxxxxxxxxxxxxxxxxxxxxxxxxxxx' generates 32 bits.
[2026-04-21 23:29:33,824]                                                                                                          : ... In instance finn_design_wrapper.finn_design_i.MVAU_hls_0.MVAU_hls_0.inst.grp_Matrix_Vector_Activate_Stream_Batch_fu_150
[2026-04-21 23:29:33,824]  9053 |             ap_NS_iter3_fsm = 'bx;
[2026-04-21 23:29:33,824]       |                             ^
[2026-04-21 23:29:33,824] %Warning-WIDTH: /tmp/finn_dev_emanuel-hernandez/vivado_stitch_proj_drjl_8y4/finn_design_wrapper.v:9077:29: Operator ASSIGN expects 2 bits on the Assign RHS, but Assign RHS's CONST '?32?bxxxxxxxxxxxxxxxxxxxxxxxxxxxxxxxx' generates 32 bits.
[2026-04-21 23:29:33,824]                                                                                                          : ... In instance finn_design_wrapper.finn_design_i.MVAU_hls_0.MVAU_hls_0.inst.grp_Matrix_Vector_Activate_Stream_Batch_fu_150
[2026-04-21 23:29:33,824]  9077 |             ap_NS_iter4_fsm = 'bx;
[2026-04-21 23:29:33,824]       |                             ^
[2026-04-21 23:29:33,824] %Warning-WIDTH: /tmp/finn_dev_emanuel-hernandez/vivado_stitch_proj_drjl_8y4/finn_design_wrapper.v:9101:29: Operator ASSIGN expects 2 bits on the Assign RHS, but Assign RHS's CONST '?32?bxxxxxxxxxxxxxxxxxxxxxxxxxxxxxxxx' generates 32 bits.
[2026-04-21 23:29:33,824]                                                                                                          : ... In instance finn_design_wrapper.finn_design_i.MVAU_hls_0.MVAU_hls_0.inst.grp_Matrix_Vector_Activate_Stream_Batch_fu_150
[2026-04-21 23:29:33,824]  9101 |             ap_NS_iter5_fsm = 'bx;
[2026-04-21 23:29:33,824]       |                             ^
[2026-04-21 23:29:33,824] %Warning-WIDTH: /tmp/finn_dev_emanuel-hernandez/vivado_stitch_proj_drjl_8y4/finn_design_wrapper.v:9125:29: Operator ASSIGN expects 2 bits on the Assign RHS, but Assign RHS's CONST '?32?bxxxxxxxxxxxxxxxxxxxxxxxxxxxxxxxx' generates 32 bits.
[2026-04-21 23:29:33,824]                                                                                                          : ... In instance finn_design_wrapper.finn_design_i.MVAU_hls_0.MVAU_hls_0.inst.grp_Matrix_Vector_Activate_Stream_Batch_fu_150
[2026-04-21 23:29:33,824]  9125 |             ap_NS_iter6_fsm = 'bx;
[2026-04-21 23:29:33,824]       |                             ^
[2026-04-21 23:29:33,824] %Warning-WIDTH: /tmp/finn_dev_emanuel-hernandez/vivado_stitch_proj_drjl_8y4/finn_design_wrapper.v:9306:23: Operator ASSIGNW expects 8 bits on the Assign RHS, but Assign RHS's VARREF 'sext_ln1494_3_fu_6499_p1' generates 16 bits.
[2026-04-21 23:29:33,824]                                                                                                          : ... In instance finn_design_wrapper.finn_design_i.MVAU_hls_0.MVAU_hls_0.inst.grp_Matrix_Vector_Activate_Stream_Batch_fu_150
[2026-04-21 23:29:33,824]  9306 | assign grp_fu_8425_p0 = sext_ln1494_3_fu_6499_p1;
[2026-04-21 23:29:33,824]       |                       ^
[2026-04-21 23:29:33,824] %Warning-WIDTH: /tmp/finn_dev_emanuel-hernandez/vivado_stitch_proj_drjl_8y4/finn_design_wrapper.v:9308:23: Operator ASSIGNW expects 8 bits on the Assign RHS, but Assign RHS's VARREF 'sext_ln1494_3_fu_6499_p1' generates 16 bits.
[2026-04-21 23:29:33,824]                                                                                                          : ... In instance finn_design_wrapper.finn_design_i.MVAU_hls_0.MVAU_hls_0.inst.grp_Matrix_Vector_Activate_Stream_Batch_fu_150
[2026-04-21 23:29:33,824]  9308 | assign grp_fu_8433_p1 = sext_ln1494_3_fu_6499_p1;
[2026-04-21 23:29:33,824]       |                       ^
[2026-04-21 23:29:33,824] %Warning-WIDTH: /tmp/finn_dev_emanuel-hernandez/vivado_stitch_proj_drjl_8y4/finn_design_wrapper.v:9310:23: Operator ASSIGNW expects 8 bits on the Assign RHS, but Assign RHS's VARREF 'sext_ln1494_3_fu_6499_p1' generates 16 bits.
[2026-04-21 23:29:33,824]                                                                                                          : ... In instance finn_design_wrapper.finn_design_i.MVAU_hls_0.MVAU_hls_0.inst.grp_Matrix_Vector_Activate_Stream_Batch_fu_150
[2026-04-21 23:29:33,824]  9310 | assign grp_fu_8441_p1 = sext_ln1494_3_fu_6499_p1;
[2026-04-21 23:29:33,824]       |                       ^
[2026-04-21 23:29:33,824] %Warning-WIDTH: /tmp/finn_dev_emanuel-hernandez/vivado_stitch_proj_drjl_8y4/finn_design_wrapper.v:9312:23: Operator ASSIGNW expects 8 bits on the Assign RHS, but Assign RHS's VARREF 'sext_ln1494_3_fu_6499_p1' generates 16 bits.
[2026-04-21 23:29:33,824]                                                                                                          : ... In instance finn_design_wrapper.finn_design_i.MVAU_hls_0.MVAU_hls_0.inst.grp_Matrix_Vector_Activate_Stream_Batch_fu_150
[2026-04-21 23:29:33,824]  9312 | assign grp_fu_8449_p1 = sext_ln1494_3_fu_6499_p1;
[2026-04-21 23:29:33,824]       |                       ^
[2026-04-21 23:29:33,824] %Warning-WIDTH: /tmp/finn_dev_emanuel-hernandez/vivado_stitch_proj_drjl_8y4/finn_design_wrapper.v:9314:23: Operator ASSIGNW expects 8 bits on the Assign RHS, but Assign RHS's VARREF 'sext_ln1494_fu_6515_p1' generates 16 bits.
[2026-04-21 23:29:33,824]                                                                                                          : ... In instance finn_design_wrapper.finn_design_i.MVAU_hls_0.MVAU_hls_0.inst.grp_Matrix_Vector_Activate_Stream_Batch_fu_150
[2026-04-21 23:29:33,824]  9314 | assign grp_fu_8457_p0 = sext_ln1494_fu_6515_p1;
[2026-04-21 23:29:33,824]       |                       ^
[2026-04-21 23:29:33,824] %Warning-WIDTH: /tmp/finn_dev_emanuel-hernandez/vivado_stitch_proj_drjl_8y4/finn_design_wrapper.v:9316:23: Operator ASSIGNW expects 8 bits on the Assign RHS, but Assign RHS's VARREF 'sext_ln1494_1_fu_6521_p1' generates 16 bits.
[2026-04-21 23:29:33,824]                                                                                                          : ... In instance finn_design_wrapper.finn_design_i.MVAU_hls_0.MVAU_hls_0.inst.grp_Matrix_Vector_Activate_Stream_Batch_fu_150
[2026-04-21 23:29:33,824]  9316 | assign grp_fu_8466_p0 = sext_ln1494_1_fu_6521_p1;
[2026-04-21 23:29:33,824]       |                       ^
[2026-04-21 23:29:33,824] %Warning-WIDTH: /tmp/finn_dev_emanuel-hernandez/vivado_stitch_proj_drjl_8y4/finn_design_wrapper.v:9320:23: Operator ASSIGNW expects 8 bits on the Assign RHS, but Assign RHS's VARREF 'sext_ln1494_fu_6515_p1' generates 16 bits.
[2026-04-21 23:29:33,824]                                                                                                          : ... In instance finn_design_wrapper.finn_design_i.MVAU_hls_0.MVAU_hls_0.inst.grp_Matrix_Vector_Activate_Stream_Batch_fu_150
[2026-04-21 23:29:33,824]  9320 | assign grp_fu_8475_p1 = sext_ln1494_fu_6515_p1;
[2026-04-21 23:29:33,824]       |                       ^
[2026-04-21 23:29:33,824] %Warning-WIDTH: /tmp/finn_dev_emanuel-hernandez/vivado_stitch_proj_drjl_8y4/finn_design_wrapper.v:9322:23: Operator ASSIGNW expects 8 bits on the Assign RHS, but Assign RHS's VARREF 'sext_ln1494_1_fu_6521_p1' generates 16 bits.
[2026-04-21 23:29:33,824]                                                                                                          : ... In instance finn_design_wrapper.finn_design_i.MVAU_hls_0.MVAU_hls_0.inst.grp_Matrix_Vector_Activate_Stream_Batch_fu_150
[2026-04-21 23:29:33,824]  9322 | assign grp_fu_8484_p1 = sext_ln1494_1_fu_6521_p1;
[2026-04-21 23:29:33,824]       |                       ^
[2026-04-21 23:29:33,824] %Warning-WIDTH: /tmp/finn_dev_emanuel-hernandez/vivado_stitch_proj_drjl_8y4/finn_design_wrapper.v:9326:23: Operator ASSIGNW expects 8 bits on the Assign RHS, but Assign RHS's VARREF 'sext_ln1494_fu_6515_p1' generates 16 bits.
[2026-04-21 23:29:33,824]                                                                                                          : ... In instance finn_design_wrapper.finn_design_i.MVAU_hls_0.MVAU_hls_0.inst.grp_Matrix_Vector_Activate_Stream_Batch_fu_150
[2026-04-21 23:29:33,824]  9326 | assign grp_fu_8493_p1 = sext_ln1494_fu_6515_p1;
[2026-04-21 23:29:33,824]       |                       ^
[2026-04-21 23:29:33,824] %Warning-WIDTH: /tmp/finn_dev_emanuel-hernandez/vivado_stitch_proj_drjl_8y4/finn_design_wrapper.v:9328:23: Operator ASSIGNW expects 8 bits on the Assign RHS, but Assign RHS's VARREF 'sext_ln1494_1_fu_6521_p1' generates 16 bits.
[2026-04-21 23:29:33,824]                                                                                                          : ... In instance finn_design_wrapper.finn_design_i.MVAU_hls_0.MVAU_hls_0.inst.grp_Matrix_Vector_Activate_Stream_Batch_fu_150
[2026-04-21 23:29:33,824]  9328 | assign grp_fu_8502_p1 = sext_ln1494_1_fu_6521_p1;
[2026-04-21 23:29:33,824]       |                       ^
[2026-04-21 23:29:33,824] %Warning-WIDTH: /tmp/finn_dev_emanuel-hernandez/vivado_stitch_proj_drjl_8y4/finn_design_wrapper.v:9332:23: Operator ASSIGNW expects 8 bits on the Assign RHS, but Assign RHS's VARREF 'sext_ln1494_fu_6515_p1' generates 16 bits.
[2026-04-21 23:29:33,824]                                                                                                          : ... In instance finn_design_wrapper.finn_design_i.MVAU_hls_0.MVAU_hls_0.inst.grp_Matrix_Vector_Activate_Stream_Batch_fu_150
[2026-04-21 23:29:33,824]  9332 | assign grp_fu_8511_p1 = sext_ln1494_fu_6515_p1;
[2026-04-21 23:29:33,824]       |                       ^
[2026-04-21 23:29:33,824] %Warning-WIDTH: /tmp/finn_dev_emanuel-hernandez/vivado_stitch_proj_drjl_8y4/finn_design_wrapper.v:9334:23: Operator ASSIGNW expects 8 bits on the Assign RHS, but Assign RHS's VARREF 'sext_ln1494_1_fu_6521_p1' generates 16 bits.
[2026-04-21 23:29:33,824]                                                                                                          : ... In instance finn_design_wrapper.finn_design_i.MVAU_hls_0.MVAU_hls_0.inst.grp_Matrix_Vector_Activate_Stream_Batch_fu_150
[2026-04-21 23:29:33,824]  9334 | assign grp_fu_8520_p1 = sext_ln1494_1_fu_6521_p1;
[2026-04-21 23:29:33,824]       |                       ^
[2026-04-21 23:29:33,824] %Warning-WIDTH: /tmp/finn_dev_emanuel-hernandez/vivado_stitch_proj_drjl_8y4/finn_design_wrapper.v:9474:30: Operator ASSIGNW expects 64 bits on the Assign RHS, but Assign RHS's VARREF 'nf_2_reg_10495_pp0_iter3_reg' generates 32 bits.
[2026-04-21 23:29:33,824]                                                                                                          : ... In instance finn_design_wrapper.finn_design_i.MVAU_hls_0.MVAU_hls_0.inst.grp_Matrix_Vector_Activate_Stream_Batch_fu_150
[2026-04-21 23:29:33,824]  9474 | assign idxprom2_i_fu_6637_p1 = nf_2_reg_10495_pp0_iter3_reg;
[2026-04-21 23:29:33,824]       |                              ^
[2026-04-21 23:29:33,824] %Warning-WIDTH: /tmp/finn_dev_emanuel-hernandez/vivado_stitch_proj_drjl_8y4/finn_design_wrapper.v:9484:34: Operator ASSIGNW expects 5 bits on the Assign RHS, but Assign RHS's VARREF 'idxprom2_i_fu_6637_p1' generates 64 bits.
[2026-04-21 23:29:33,824]                                                                                                          : ... In instance finn_design_wrapper.finn_design_i.MVAU_hls_0.MVAU_hls_0.inst.grp_Matrix_Vector_Activate_Stream_Batch_fu_150
[2026-04-21 23:29:33,824]  9484 | assign p_ZL7threshs_0_0_address0 = idxprom2_i_fu_6637_p1;
[2026-04-21 23:29:33,824]       |                                  ^
[2026-04-21 23:29:33,824] %Warning-WIDTH: /tmp/finn_dev_emanuel-hernandez/vivado_stitch_proj_drjl_8y4/finn_design_wrapper.v:9486:35: Operator ASSIGNW expects 5 bits on the Assign RHS, but Assign RHS's VARREF 'idxprom2_i_fu_6637_p1' generates 64 bits.
[2026-04-21 23:29:33,824]                                                                                                          : ... In instance finn_design_wrapper.finn_design_i.MVAU_hls_0.MVAU_hls_0.inst.grp_Matrix_Vector_Activate_Stream_Batch_fu_150
[2026-04-21 23:29:33,824]  9486 | assign p_ZL7threshs_0_10_address0 = idxprom2_i_fu_6637_p1;
[2026-04-21 23:29:33,824]       |                                   ^
[2026-04-21 23:29:33,824] %Warning-WIDTH: /tmp/finn_dev_emanuel-hernandez/vivado_stitch_proj_drjl_8y4/finn_design_wrapper.v:9488:35: Operator ASSIGNW expects 5 bits on the Assign RHS, but Assign RHS's VARREF 'idxprom2_i_fu_6637_p1' generates 64 bits.
[2026-04-21 23:29:33,825]                                                                                                          : ... In instance finn_design_wrapper.finn_design_i.MVAU_hls_0.MVAU_hls_0.inst.grp_Matrix_Vector_Activate_Stream_Batch_fu_150
[2026-04-21 23:29:33,825]  9488 | assign p_ZL7threshs_0_11_address0 = idxprom2_i_fu_6637_p1;
[2026-04-21 23:29:33,825]       |                                   ^
[2026-04-21 23:29:33,825] %Warning-WIDTH: /tmp/finn_dev_emanuel-hernandez/vivado_stitch_proj_drjl_8y4/finn_design_wrapper.v:9490:35: Operator ASSIGNW expects 5 bits on the Assign RHS, but Assign RHS's VARREF 'idxprom2_i_fu_6637_p1' generates 64 bits.
[2026-04-21 23:29:33,825]                                                                                                          : ... In instance finn_design_wrapper.finn_design_i.MVAU_hls_0.MVAU_hls_0.inst.grp_Matrix_Vector_Activate_Stream_Batch_fu_150
[2026-04-21 23:29:33,825]  9490 | assign p_ZL7threshs_0_12_address0 = idxprom2_i_fu_6637_p1;
[2026-04-21 23:29:33,825]       |                                   ^
[2026-04-21 23:29:33,825] %Warning-WIDTH: /tmp/finn_dev_emanuel-hernandez/vivado_stitch_proj_drjl_8y4/finn_design_wrapper.v:9492:35: Operator ASSIGNW expects 5 bits on the Assign RHS, but Assign RHS's VARREF 'idxprom2_i_fu_6637_p1' generates 64 bits.
[2026-04-21 23:29:33,825]                                                                                                          : ... In instance finn_design_wrapper.finn_design_i.MVAU_hls_0.MVAU_hls_0.inst.grp_Matrix_Vector_Activate_Stream_Batch_fu_150
[2026-04-21 23:29:33,825]  9492 | assign p_ZL7threshs_0_13_address0 = idxprom2_i_fu_6637_p1;
[2026-04-21 23:29:33,825]       |                                   ^
[2026-04-21 23:29:33,825] %Warning-WIDTH: /tmp/finn_dev_emanuel-hernandez/vivado_stitch_proj_drjl_8y4/finn_design_wrapper.v:9494:35: Operator ASSIGNW expects 5 bits on the Assign RHS, but Assign RHS's VARREF 'idxprom2_i_fu_6637_p1' generates 64 bits.
[2026-04-21 23:29:33,825]                                                                                                          : ... In instance finn_design_wrapper.finn_design_i.MVAU_hls_0.MVAU_hls_0.inst.grp_Matrix_Vector_Activate_Stream_Batch_fu_150
[2026-04-21 23:29:33,825]  9494 | assign p_ZL7threshs_0_14_address0 = idxprom2_i_fu_6637_p1;
[2026-04-21 23:29:33,825]       |                                   ^
[2026-04-21 23:29:33,825] %Warning-WIDTH: /tmp/finn_dev_emanuel-hernandez/vivado_stitch_proj_drjl_8y4/finn_design_wrapper.v:9496:34: Operator ASSIGNW expects 5 bits on the Assign RHS, but Assign RHS's VARREF 'idxprom2_i_fu_6637_p1' generates 64 bits.
[2026-04-21 23:29:33,825]                                                                                                          : ... In instance finn_design_wrapper.finn_design_i.MVAU_hls_0.MVAU_hls_0.inst.grp_Matrix_Vector_Activate_Stream_Batch_fu_150
[2026-04-21 23:29:33,825]  9496 | assign p_ZL7threshs_0_1_address0 = idxprom2_i_fu_6637_p1;
[2026-04-21 23:29:33,825]       |                                  ^
[2026-04-21 23:29:33,825] %Warning-WIDTH: /tmp/finn_dev_emanuel-hernandez/vivado_stitch_proj_drjl_8y4/finn_design_wrapper.v:9498:34: Operator ASSIGNW expects 5 bits on the Assign RHS, but Assign RHS's VARREF 'idxprom2_i_fu_6637_p1' generates 64 bits.
[2026-04-21 23:29:33,825]                                                                                                          : ... In instance finn_design_wrapper.finn_design_i.MVAU_hls_0.MVAU_hls_0.inst.grp_Matrix_Vector_Activate_Stream_Batch_fu_150
[2026-04-21 23:29:33,825]  9498 | assign p_ZL7threshs_0_2_address0 = idxprom2_i_fu_6637_p1;
[2026-04-21 23:29:33,825]       |                                  ^
[2026-04-21 23:29:33,825] %Warning-WIDTH: /tmp/finn_dev_emanuel-hernandez/vivado_stitch_proj_drjl_8y4/finn_design_wrapper.v:9500:34: Operator ASSIGNW expects 5 bits on the Assign RHS, but Assign RHS's VARREF 'idxprom2_i_fu_6637_p1' generates 64 bits.
[2026-04-21 23:29:33,825]                                                                                                          : ... In instance finn_design_wrapper.finn_design_i.MVAU_hls_0.MVAU_hls_0.inst.grp_Matrix_Vector_Activate_Stream_Batch_fu_150
[2026-04-21 23:29:33,825]  9500 | assign p_ZL7threshs_0_3_address0 = idxprom2_i_fu_6637_p1;
[2026-04-21 23:29:33,825]       |                                  ^
[2026-04-21 23:29:33,825] %Warning-WIDTH: /tmp/finn_dev_emanuel-hernandez/vivado_stitch_proj_drjl_8y4/finn_design_wrapper.v:9502:34: Operator ASSIGNW expects 5 bits on the Assign RHS, but Assign RHS's VARREF 'idxprom2_i_fu_6637_p1' generates 64 bits.
[2026-04-21 23:29:33,825]                                                                                                          : ... In instance finn_design_wrapper.finn_design_i.MVAU_hls_0.MVAU_hls_0.inst.grp_Matrix_Vector_Activate_Stream_Batch_fu_150
[2026-04-21 23:29:33,825]  9502 | assign p_ZL7threshs_0_4_address0 = idxprom2_i_fu_6637_p1;
[2026-04-21 23:29:33,825]       |                                  ^
[2026-04-21 23:29:33,825] %Warning-WIDTH: /tmp/finn_dev_emanuel-hernandez/vivado_stitch_proj_drjl_8y4/finn_design_wrapper.v:9504:34: Operator ASSIGNW expects 5 bits on the Assign RHS, but Assign RHS's VARREF 'idxprom2_i_fu_6637_p1' generates 64 bits.
[2026-04-21 23:29:33,825]                                                                                                          : ... In instance finn_design_wrapper.finn_design_i.MVAU_hls_0.MVAU_hls_0.inst.grp_Matrix_Vector_Activate_Stream_Batch_fu_150
[2026-04-21 23:29:33,825]  9504 | assign p_ZL7threshs_0_5_address0 = idxprom2_i_fu_6637_p1;
[2026-04-21 23:29:33,825]       |                                  ^
[2026-04-21 23:29:33,825] %Warning-WIDTH: /tmp/finn_dev_emanuel-hernandez/vivado_stitch_proj_drjl_8y4/finn_design_wrapper.v:9506:34: Operator ASSIGNW expects 5 bits on the Assign RHS, but Assign RHS's VARREF 'idxprom2_i_fu_6637_p1' generates 64 bits.
[2026-04-21 23:29:33,825]                                                                                                          : ... In instance finn_design_wrapper.finn_design_i.MVAU_hls_0.MVAU_hls_0.inst.grp_Matrix_Vector_Activate_Stream_Batch_fu_150
[2026-04-21 23:29:33,825]  9506 | assign p_ZL7threshs_0_6_address0 = idxprom2_i_fu_6637_p1;
[2026-04-21 23:29:33,825]       |                                  ^
[2026-04-21 23:29:33,825] %Warning-WIDTH: /tmp/finn_dev_emanuel-hernandez/vivado_stitch_proj_drjl_8y4/finn_design_wrapper.v:9508:34: Operator ASSIGNW expects 5 bits on the Assign RHS, but Assign RHS's VARREF 'idxprom2_i_fu_6637_p1' generates 64 bits.
[2026-04-21 23:29:33,825]                                                                                                          : ... In instance finn_design_wrapper.finn_design_i.MVAU_hls_0.MVAU_hls_0.inst.grp_Matrix_Vector_Activate_Stream_Batch_fu_150
[2026-04-21 23:29:33,825]  9508 | assign p_ZL7threshs_0_7_address0 = idxprom2_i_fu_6637_p1;
[2026-04-21 23:29:33,825]       |                                  ^
[2026-04-21 23:29:33,825] %Warning-WIDTH: /tmp/finn_dev_emanuel-hernandez/vivado_stitch_proj_drjl_8y4/finn_design_wrapper.v:9510:34: Operator ASSIGNW expects 5 bits on the Assign RHS, but Assign RHS's VARREF 'idxprom2_i_fu_6637_p1' generates 64 bits.
[2026-04-21 23:29:33,825]                                                                                                          : ... In instance finn_design_wrapper.finn_design_i.MVAU_hls_0.MVAU_hls_0.inst.grp_Matrix_Vector_Activate_Stream_Batch_fu_150
[2026-04-21 23:29:33,825]  9510 | assign p_ZL7threshs_0_8_address0 = idxprom2_i_fu_6637_p1;
[2026-04-21 23:29:33,825]       |                                  ^
[2026-04-21 23:29:33,825] %Warning-WIDTH: /tmp/finn_dev_emanuel-hernandez/vivado_stitch_proj_drjl_8y4/finn_design_wrapper.v:9512:34: Operator ASSIGNW expects 5 bits on the Assign RHS, but Assign RHS's VARREF 'idxprom2_i_fu_6637_p1' generates 64 bits.
[2026-04-21 23:29:33,825]                                                                                                          : ... In instance finn_design_wrapper.finn_design_i.MVAU_hls_0.MVAU_hls_0.inst.grp_Matrix_Vector_Activate_Stream_Batch_fu_150
[2026-04-21 23:29:33,825]  9512 | assign p_ZL7threshs_0_9_address0 = idxprom2_i_fu_6637_p1;
[2026-04-21 23:29:33,825]       |                                  ^
[2026-04-21 23:29:33,825] %Warning-WIDTH: /tmp/finn_dev_emanuel-hernandez/vivado_stitch_proj_drjl_8y4/finn_design_wrapper.v:9514:34: Operator ASSIGNW expects 5 bits on the Assign RHS, but Assign RHS's VARREF 'idxprom2_i_fu_6637_p1' generates 64 bits.
[2026-04-21 23:29:33,825]                                                                                                          : ... In instance finn_design_wrapper.finn_design_i.MVAU_hls_0.MVAU_hls_0.inst.grp_Matrix_Vector_Activate_Stream_Batch_fu_150
[2026-04-21 23:29:33,825]  9514 | assign p_ZL7threshs_1_0_address0 = idxprom2_i_fu_6637_p1;
[2026-04-21 23:29:33,825]       |                                  ^
[2026-04-21 23:29:33,825] %Warning-WIDTH: /tmp/finn_dev_emanuel-hernandez/vivado_stitch_proj_drjl_8y4/finn_design_wrapper.v:9516:35: Operator ASSIGNW expects 5 bits on the Assign RHS, but Assign RHS's VARREF 'idxprom2_i_fu_6637_p1' generates 64 bits.
[2026-04-21 23:29:33,825]                                                                                                          : ... In instance finn_design_wrapper.finn_design_i.MVAU_hls_0.MVAU_hls_0.inst.grp_Matrix_Vector_Activate_Stream_Batch_fu_150
[2026-04-21 23:29:33,825]  9516 | assign p_ZL7threshs_1_10_address0 = idxprom2_i_fu_6637_p1;
[2026-04-21 23:29:33,825]       |                                   ^
[2026-04-21 23:29:33,825] %Warning-WIDTH: /tmp/finn_dev_emanuel-hernandez/vivado_stitch_proj_drjl_8y4/finn_design_wrapper.v:9518:35: Operator ASSIGNW expects 5 bits on the Assign RHS, but Assign RHS's VARREF 'idxprom2_i_fu_6637_p1' generates 64 bits.
[2026-04-21 23:29:33,825]                                                                                                          : ... In instance finn_design_wrapper.finn_design_i.MVAU_hls_0.MVAU_hls_0.inst.grp_Matrix_Vector_Activate_Stream_Batch_fu_150
[2026-04-21 23:29:33,825]  9518 | assign p_ZL7threshs_1_11_address0 = idxprom2_i_fu_6637_p1;
[2026-04-21 23:29:33,825]       |                                   ^
[2026-04-21 23:29:33,825] %Warning-WIDTH: /tmp/finn_dev_emanuel-hernandez/vivado_stitch_proj_drjl_8y4/finn_design_wrapper.v:9520:35: Operator ASSIGNW expects 5 bits on the Assign RHS, but Assign RHS's VARREF 'idxprom2_i_fu_6637_p1' generates 64 bits.
[2026-04-21 23:29:33,825]                                                                                                          : ... In instance finn_design_wrapper.finn_design_i.MVAU_hls_0.MVAU_hls_0.inst.grp_Matrix_Vector_Activate_Stream_Batch_fu_150
[2026-04-21 23:29:33,825]  9520 | assign p_ZL7threshs_1_12_address0 = idxprom2_i_fu_6637_p1;
[2026-04-21 23:29:33,825]       |                                   ^
[2026-04-21 23:29:33,825] %Warning-WIDTH: /tmp/finn_dev_emanuel-hernandez/vivado_stitch_proj_drjl_8y4/finn_design_wrapper.v:9522:35: Operator ASSIGNW expects 5 bits on the Assign RHS, but Assign RHS's VARREF 'idxprom2_i_fu_6637_p1' generates 64 bits.
[2026-04-21 23:29:33,825]                                                                                                          : ... In instance finn_design_wrapper.finn_design_i.MVAU_hls_0.MVAU_hls_0.inst.grp_Matrix_Vector_Activate_Stream_Batch_fu_150
[2026-04-21 23:29:33,825]  9522 | assign p_ZL7threshs_1_13_address0 = idxprom2_i_fu_6637_p1;
[2026-04-21 23:29:33,825]       |                                   ^
[2026-04-21 23:29:33,825] %Warning-WIDTH: /tmp/finn_dev_emanuel-hernandez/vivado_stitch_proj_drjl_8y4/finn_design_wrapper.v:9524:35: Operator ASSIGNW expects 5 bits on the Assign RHS, but Assign RHS's VARREF 'idxprom2_i_fu_6637_p1' generates 64 bits.
[2026-04-21 23:29:33,825]                                                                                                          : ... In instance finn_design_wrapper.finn_design_i.MVAU_hls_0.MVAU_hls_0.inst.grp_Matrix_Vector_Activate_Stream_Batch_fu_150
[2026-04-21 23:29:33,825]  9524 | assign p_ZL7threshs_1_14_address0 = idxprom2_i_fu_6637_p1;
[2026-04-21 23:29:33,825]       |                                   ^
[2026-04-21 23:29:33,825] %Warning-WIDTH: /tmp/finn_dev_emanuel-hernandez/vivado_stitch_proj_drjl_8y4/finn_design_wrapper.v:9526:34: Operator ASSIGNW expects 5 bits on the Assign RHS, but Assign RHS's VARREF 'idxprom2_i_fu_6637_p1' generates 64 bits.
[2026-04-21 23:29:33,825]                                                                                                          : ... In instance finn_design_wrapper.finn_design_i.MVAU_hls_0.MVAU_hls_0.inst.grp_Matrix_Vector_Activate_Stream_Batch_fu_150
[2026-04-21 23:29:33,825]  9526 | assign p_ZL7threshs_1_1_address0 = idxprom2_i_fu_6637_p1;
[2026-04-21 23:29:33,825]       |                                  ^
[2026-04-21 23:29:33,825] %Warning-WIDTH: /tmp/finn_dev_emanuel-hernandez/vivado_stitch_proj_drjl_8y4/finn_design_wrapper.v:9528:34: Operator ASSIGNW expects 5 bits on the Assign RHS, but Assign RHS's VARREF 'idxprom2_i_fu_6637_p1' generates 64 bits.
[2026-04-21 23:29:33,825]                                                                                                          : ... In instance finn_design_wrapper.finn_design_i.MVAU_hls_0.MVAU_hls_0.inst.grp_Matrix_Vector_Activate_Stream_Batch_fu_150
[2026-04-21 23:29:33,825]  9528 | assign p_ZL7threshs_1_2_address0 = idxprom2_i_fu_6637_p1;
[2026-04-21 23:29:33,825]       |                                  ^
[2026-04-21 23:29:33,825] %Warning-WIDTH: /tmp/finn_dev_emanuel-hernandez/vivado_stitch_proj_drjl_8y4/finn_design_wrapper.v:9530:34: Operator ASSIGNW expects 5 bits on the Assign RHS, but Assign RHS's VARREF 'idxprom2_i_fu_6637_p1' generates 64 bits.
[2026-04-21 23:29:33,825]                                                                                                          : ... In instance finn_design_wrapper.finn_design_i.MVAU_hls_0.MVAU_hls_0.inst.grp_Matrix_Vector_Activate_Stream_Batch_fu_150
[2026-04-21 23:29:33,825]  9530 | assign p_ZL7threshs_1_3_address0 = idxprom2_i_fu_6637_p1;
[2026-04-21 23:29:33,825]       |                                  ^
[2026-04-21 23:29:33,825] %Warning-WIDTH: /tmp/finn_dev_emanuel-hernandez/vivado_stitch_proj_drjl_8y4/finn_design_wrapper.v:9532:34: Operator ASSIGNW expects 5 bits on the Assign RHS, but Assign RHS's VARREF 'idxprom2_i_fu_6637_p1' generates 64 bits.
[2026-04-21 23:29:33,825]                                                                                                          : ... In instance finn_design_wrapper.finn_design_i.MVAU_hls_0.MVAU_hls_0.inst.grp_Matrix_Vector_Activate_Stream_Batch_fu_150
[2026-04-21 23:29:33,825]  9532 | assign p_ZL7threshs_1_4_address0 = idxprom2_i_fu_6637_p1;
[2026-04-21 23:29:33,825]       |                                  ^
[2026-04-21 23:29:33,825] %Warning-WIDTH: /tmp/finn_dev_emanuel-hernandez/vivado_stitch_proj_drjl_8y4/finn_design_wrapper.v:9534:34: Operator ASSIGNW expects 5 bits on the Assign RHS, but Assign RHS's VARREF 'idxprom2_i_fu_6637_p1' generates 64 bits.
[2026-04-21 23:29:33,825]                                                                                                          : ... In instance finn_design_wrapper.finn_design_i.MVAU_hls_0.MVAU_hls_0.inst.grp_Matrix_Vector_Activate_Stream_Batch_fu_150
[2026-04-21 23:29:33,825]  9534 | assign p_ZL7threshs_1_5_address0 = idxprom2_i_fu_6637_p1;
[2026-04-21 23:29:33,825]       |                                  ^
[2026-04-21 23:29:33,825] %Warning-WIDTH: /tmp/finn_dev_emanuel-hernandez/vivado_stitch_proj_drjl_8y4/finn_design_wrapper.v:9536:34: Operator ASSIGNW expects 5 bits on the Assign RHS, but Assign RHS's VARREF 'idxprom2_i_fu_6637_p1' generates 64 bits.
[2026-04-21 23:29:33,825]                                                                                                          : ... In instance finn_design_wrapper.finn_design_i.MVAU_hls_0.MVAU_hls_0.inst.grp_Matrix_Vector_Activate_Stream_Batch_fu_150
[2026-04-21 23:29:33,825]  9536 | assign p_ZL7threshs_1_6_address0 = idxprom2_i_fu_6637_p1;
[2026-04-21 23:29:33,825]       |                                  ^
[2026-04-21 23:29:33,825] %Warning-WIDTH: /tmp/finn_dev_emanuel-hernandez/vivado_stitch_proj_drjl_8y4/finn_design_wrapper.v:9538:34: Operator ASSIGNW expects 5 bits on the Assign RHS, but Assign RHS's VARREF 'idxprom2_i_fu_6637_p1' generates 64 bits.
[2026-04-21 23:29:33,825]                                                                                                          : ... In instance finn_design_wrapper.finn_design_i.MVAU_hls_0.MVAU_hls_0.inst.grp_Matrix_Vector_Activate_Stream_Batch_fu_150
[2026-04-21 23:29:33,825]  9538 | assign p_ZL7threshs_1_7_address0 = idxprom2_i_fu_6637_p1;
[2026-04-21 23:29:33,825]       |                                  ^
[2026-04-21 23:29:33,825] %Warning-WIDTH: /tmp/finn_dev_emanuel-hernandez/vivado_stitch_proj_drjl_8y4/finn_design_wrapper.v:9540:34: Operator ASSIGNW expects 5 bits on the Assign RHS, but Assign RHS's VARREF 'idxprom2_i_fu_6637_p1' generates 64 bits.
[2026-04-21 23:29:33,825]                                                                                                          : ... In instance finn_design_wrapper.finn_design_i.MVAU_hls_0.MVAU_hls_0.inst.grp_Matrix_Vector_Activate_Stream_Batch_fu_150
[2026-04-21 23:29:33,825]  9540 | assign p_ZL7threshs_1_8_address0 = idxprom2_i_fu_6637_p1;
[2026-04-21 23:29:33,825]       |                                  ^
[2026-04-21 23:29:33,825] %Warning-WIDTH: /tmp/finn_dev_emanuel-hernandez/vivado_stitch_proj_drjl_8y4/finn_design_wrapper.v:9542:34: Operator ASSIGNW expects 5 bits on the Assign RHS, but Assign RHS's VARREF 'idxprom2_i_fu_6637_p1' generates 64 bits.
[2026-04-21 23:29:33,825]                                                                                                          : ... In instance finn_design_wrapper.finn_design_i.MVAU_hls_0.MVAU_hls_0.inst.grp_Matrix_Vector_Activate_Stream_Batch_fu_150
[2026-04-21 23:29:33,825]  9542 | assign p_ZL7threshs_1_9_address0 = idxprom2_i_fu_6637_p1;
[2026-04-21 23:29:33,825]       |                                  ^
[2026-04-21 23:29:33,825] %Warning-WIDTH: /tmp/finn_dev_emanuel-hernandez/vivado_stitch_proj_drjl_8y4/finn_design_wrapper.v:9544:34: Operator ASSIGNW expects 5 bits on the Assign RHS, but Assign RHS's VARREF 'idxprom2_i_fu_6637_p1' generates 64 bits.
[2026-04-21 23:29:33,825]                                                                                                          : ... In instance finn_design_wrapper.finn_design_i.MVAU_hls_0.MVAU_hls_0.inst.grp_Matrix_Vector_Activate_Stream_Batch_fu_150
[2026-04-21 23:29:33,825]  9544 | assign p_ZL7threshs_2_0_address0 = idxprom2_i_fu_6637_p1;
[2026-04-21 23:29:33,825]       |                                  ^
[2026-04-21 23:29:33,826] %Warning-WIDTH: /tmp/finn_dev_emanuel-hernandez/vivado_stitch_proj_drjl_8y4/finn_design_wrapper.v:9546:35: Operator ASSIGNW expects 5 bits on the Assign RHS, but Assign RHS's VARREF 'idxprom2_i_fu_6637_p1' generates 64 bits.
[2026-04-21 23:29:33,826]                                                                                                          : ... In instance finn_design_wrapper.finn_design_i.MVAU_hls_0.MVAU_hls_0.inst.grp_Matrix_Vector_Activate_Stream_Batch_fu_150
[2026-04-21 23:29:33,826]  9546 | assign p_ZL7threshs_2_10_address0 = idxprom2_i_fu_6637_p1;
[2026-04-21 23:29:33,826]       |                                   ^
[2026-04-21 23:29:33,826] %Warning-WIDTH: /tmp/finn_dev_emanuel-hernandez/vivado_stitch_proj_drjl_8y4/finn_design_wrapper.v:9548:35: Operator ASSIGNW expects 5 bits on the Assign RHS, but Assign RHS's VARREF 'idxprom2_i_fu_6637_p1' generates 64 bits.
[2026-04-21 23:29:33,826]                                                                                                          : ... In instance finn_design_wrapper.finn_design_i.MVAU_hls_0.MVAU_hls_0.inst.grp_Matrix_Vector_Activate_Stream_Batch_fu_150
[2026-04-21 23:29:33,826]  9548 | assign p_ZL7threshs_2_11_address0 = idxprom2_i_fu_6637_p1;
[2026-04-21 23:29:33,826]       |                                   ^
[2026-04-21 23:29:33,826] %Warning-WIDTH: /tmp/finn_dev_emanuel-hernandez/vivado_stitch_proj_drjl_8y4/finn_design_wrapper.v:9550:35: Operator ASSIGNW expects 5 bits on the Assign RHS, but Assign RHS's VARREF 'idxprom2_i_fu_6637_p1' generates 64 bits.
[2026-04-21 23:29:33,826]                                                                                                          : ... In instance finn_design_wrapper.finn_design_i.MVAU_hls_0.MVAU_hls_0.inst.grp_Matrix_Vector_Activate_Stream_Batch_fu_150
[2026-04-21 23:29:33,826]  9550 | assign p_ZL7threshs_2_12_address0 = idxprom2_i_fu_6637_p1;
[2026-04-21 23:29:33,826]       |                                   ^
[2026-04-21 23:29:33,826] %Warning-WIDTH: /tmp/finn_dev_emanuel-hernandez/vivado_stitch_proj_drjl_8y4/finn_design_wrapper.v:9552:35: Operator ASSIGNW expects 5 bits on the Assign RHS, but Assign RHS's VARREF 'idxprom2_i_fu_6637_p1' generates 64 bits.
[2026-04-21 23:29:33,826]                                                                                                          : ... In instance finn_design_wrapper.finn_design_i.MVAU_hls_0.MVAU_hls_0.inst.grp_Matrix_Vector_Activate_Stream_Batch_fu_150
[2026-04-21 23:29:33,826]  9552 | assign p_ZL7threshs_2_13_address0 = idxprom2_i_fu_6637_p1;
[2026-04-21 23:29:33,826]       |                                   ^
[2026-04-21 23:29:33,826] %Warning-WIDTH: /tmp/finn_dev_emanuel-hernandez/vivado_stitch_proj_drjl_8y4/finn_design_wrapper.v:9554:35: Operator ASSIGNW expects 5 bits on the Assign RHS, but Assign RHS's VARREF 'idxprom2_i_fu_6637_p1' generates 64 bits.
[2026-04-21 23:29:33,826]                                                                                                          : ... In instance finn_design_wrapper.finn_design_i.MVAU_hls_0.MVAU_hls_0.inst.grp_Matrix_Vector_Activate_Stream_Batch_fu_150
[2026-04-21 23:29:33,826]  9554 | assign p_ZL7threshs_2_14_address0 = idxprom2_i_fu_6637_p1;
[2026-04-21 23:29:33,826]       |                                   ^
[2026-04-21 23:29:33,826] %Warning-WIDTH: /tmp/finn_dev_emanuel-hernandez/vivado_stitch_proj_drjl_8y4/finn_design_wrapper.v:9556:34: Operator ASSIGNW expects 5 bits on the Assign RHS, but Assign RHS's VARREF 'idxprom2_i_fu_6637_p1' generates 64 bits.
[2026-04-21 23:29:33,826]                                                                                                          : ... In instance finn_design_wrapper.finn_design_i.MVAU_hls_0.MVAU_hls_0.inst.grp_Matrix_Vector_Activate_Stream_Batch_fu_150
[2026-04-21 23:29:33,826]  9556 | assign p_ZL7threshs_2_1_address0 = idxprom2_i_fu_6637_p1;
[2026-04-21 23:29:33,826]       |                                  ^
[2026-04-21 23:29:33,826] %Warning-WIDTH: /tmp/finn_dev_emanuel-hernandez/vivado_stitch_proj_drjl_8y4/finn_design_wrapper.v:9558:34: Operator ASSIGNW expects 5 bits on the Assign RHS, but Assign RHS's VARREF 'idxprom2_i_fu_6637_p1' generates 64 bits.
[2026-04-21 23:29:33,826]                                                                                                          : ... In instance finn_design_wrapper.finn_design_i.MVAU_hls_0.MVAU_hls_0.inst.grp_Matrix_Vector_Activate_Stream_Batch_fu_150
[2026-04-21 23:29:33,826]  9558 | assign p_ZL7threshs_2_2_address0 = idxprom2_i_fu_6637_p1;
[2026-04-21 23:29:33,826]       |                                  ^
[2026-04-21 23:29:33,826] %Warning-WIDTH: /tmp/finn_dev_emanuel-hernandez/vivado_stitch_proj_drjl_8y4/finn_design_wrapper.v:9560:34: Operator ASSIGNW expects 5 bits on the Assign RHS, but Assign RHS's VARREF 'idxprom2_i_fu_6637_p1' generates 64 bits.
[2026-04-21 23:29:33,826]                                                                                                          : ... In instance finn_design_wrapper.finn_design_i.MVAU_hls_0.MVAU_hls_0.inst.grp_Matrix_Vector_Activate_Stream_Batch_fu_150
[2026-04-21 23:29:33,826]  9560 | assign p_ZL7threshs_2_3_address0 = idxprom2_i_fu_6637_p1;
[2026-04-21 23:29:33,826]       |                                  ^
[2026-04-21 23:29:33,826] %Warning-WIDTH: /tmp/finn_dev_emanuel-hernandez/vivado_stitch_proj_drjl_8y4/finn_design_wrapper.v:9562:34: Operator ASSIGNW expects 5 bits on the Assign RHS, but Assign RHS's VARREF 'idxprom2_i_fu_6637_p1' generates 64 bits.
[2026-04-21 23:29:33,826]                                                                                                          : ... In instance finn_design_wrapper.finn_design_i.MVAU_hls_0.MVAU_hls_0.inst.grp_Matrix_Vector_Activate_Stream_Batch_fu_150
[2026-04-21 23:29:33,826]  9562 | assign p_ZL7threshs_2_4_address0 = idxprom2_i_fu_6637_p1;
[2026-04-21 23:29:33,826]       |                                  ^
[2026-04-21 23:29:33,826] %Warning-WIDTH: /tmp/finn_dev_emanuel-hernandez/vivado_stitch_proj_drjl_8y4/finn_design_wrapper.v:9564:34: Operator ASSIGNW expects 5 bits on the Assign RHS, but Assign RHS's VARREF 'idxprom2_i_fu_6637_p1' generates 64 bits.
[2026-04-21 23:29:33,826]                                                                                                          : ... In instance finn_design_wrapper.finn_design_i.MVAU_hls_0.MVAU_hls_0.inst.grp_Matrix_Vector_Activate_Stream_Batch_fu_150
[2026-04-21 23:29:33,826]  9564 | assign p_ZL7threshs_2_5_address0 = idxprom2_i_fu_6637_p1;
[2026-04-21 23:29:33,826]       |                                  ^
[2026-04-21 23:29:33,826] %Warning-WIDTH: /tmp/finn_dev_emanuel-hernandez/vivado_stitch_proj_drjl_8y4/finn_design_wrapper.v:9566:34: Operator ASSIGNW expects 5 bits on the Assign RHS, but Assign RHS's VARREF 'idxprom2_i_fu_6637_p1' generates 64 bits.
[2026-04-21 23:29:33,826]                                                                                                          : ... In instance finn_design_wrapper.finn_design_i.MVAU_hls_0.MVAU_hls_0.inst.grp_Matrix_Vector_Activate_Stream_Batch_fu_150
[2026-04-21 23:29:33,826]  9566 | assign p_ZL7threshs_2_6_address0 = idxprom2_i_fu_6637_p1;
[2026-04-21 23:29:33,826]       |                                  ^
[2026-04-21 23:29:33,826] %Warning-WIDTH: /tmp/finn_dev_emanuel-hernandez/vivado_stitch_proj_drjl_8y4/finn_design_wrapper.v:9568:34: Operator ASSIGNW expects 5 bits on the Assign RHS, but Assign RHS's VARREF 'idxprom2_i_fu_6637_p1' generates 64 bits.
[2026-04-21 23:29:33,826]                                                                                                          : ... In instance finn_design_wrapper.finn_design_i.MVAU_hls_0.MVAU_hls_0.inst.grp_Matrix_Vector_Activate_Stream_Batch_fu_150
[2026-04-21 23:29:33,826]  9568 | assign p_ZL7threshs_2_7_address0 = idxprom2_i_fu_6637_p1;
[2026-04-21 23:29:33,826]       |                                  ^
[2026-04-21 23:29:33,826] %Warning-WIDTH: /tmp/finn_dev_emanuel-hernandez/vivado_stitch_proj_drjl_8y4/finn_design_wrapper.v:9570:34: Operator ASSIGNW expects 5 bits on the Assign RHS, but Assign RHS's VARREF 'idxprom2_i_fu_6637_p1' generates 64 bits.
[2026-04-21 23:29:33,826]                                                                                                          : ... In instance finn_design_wrapper.finn_design_i.MVAU_hls_0.MVAU_hls_0.inst.grp_Matrix_Vector_Activate_Stream_Batch_fu_150
[2026-04-21 23:29:33,826]  9570 | assign p_ZL7threshs_2_8_address0 = idxprom2_i_fu_6637_p1;
[2026-04-21 23:29:33,826]       |                                  ^
[2026-04-21 23:29:33,826] %Warning-WIDTH: /tmp/finn_dev_emanuel-hernandez/vivado_stitch_proj_drjl_8y4/finn_design_wrapper.v:9572:34: Operator ASSIGNW expects 5 bits on the Assign RHS, but Assign RHS's VARREF 'idxprom2_i_fu_6637_p1' generates 64 bits.
[2026-04-21 23:29:33,826]                                                                                                          : ... In instance finn_design_wrapper.finn_design_i.MVAU_hls_0.MVAU_hls_0.inst.grp_Matrix_Vector_Activate_Stream_Batch_fu_150
[2026-04-21 23:29:33,826]  9572 | assign p_ZL7threshs_2_9_address0 = idxprom2_i_fu_6637_p1;
[2026-04-21 23:29:33,826]       |                                  ^
[2026-04-21 23:29:33,826] %Warning-WIDTH: /tmp/finn_dev_emanuel-hernandez/vivado_stitch_proj_drjl_8y4/finn_design_wrapper.v:9574:34: Operator ASSIGNW expects 5 bits on the Assign RHS, but Assign RHS's VARREF 'idxprom2_i_fu_6637_p1' generates 64 bits.
[2026-04-21 23:29:33,826]                                                                                                          : ... In instance finn_design_wrapper.finn_design_i.MVAU_hls_0.MVAU_hls_0.inst.grp_Matrix_Vector_Activate_Stream_Batch_fu_150
[2026-04-21 23:29:33,826]  9574 | assign p_ZL7threshs_3_0_address0 = idxprom2_i_fu_6637_p1;
[2026-04-21 23:29:33,826]       |                                  ^
[2026-04-21 23:29:33,826] %Warning-WIDTH: /tmp/finn_dev_emanuel-hernandez/vivado_stitch_proj_drjl_8y4/finn_design_wrapper.v:9576:35: Operator ASSIGNW expects 5 bits on the Assign RHS, but Assign RHS's VARREF 'idxprom2_i_fu_6637_p1' generates 64 bits.
[2026-04-21 23:29:33,826]                                                                                                          : ... In instance finn_design_wrapper.finn_design_i.MVAU_hls_0.MVAU_hls_0.inst.grp_Matrix_Vector_Activate_Stream_Batch_fu_150
[2026-04-21 23:29:33,826]  9576 | assign p_ZL7threshs_3_10_address0 = idxprom2_i_fu_6637_p1;
[2026-04-21 23:29:33,826]       |                                   ^
[2026-04-21 23:29:33,826] %Warning-WIDTH: /tmp/finn_dev_emanuel-hernandez/vivado_stitch_proj_drjl_8y4/finn_design_wrapper.v:9578:35: Operator ASSIGNW expects 5 bits on the Assign RHS, but Assign RHS's VARREF 'idxprom2_i_fu_6637_p1' generates 64 bits.
[2026-04-21 23:29:33,826]                                                                                                          : ... In instance finn_design_wrapper.finn_design_i.MVAU_hls_0.MVAU_hls_0.inst.grp_Matrix_Vector_Activate_Stream_Batch_fu_150
[2026-04-21 23:29:33,826]  9578 | assign p_ZL7threshs_3_11_address0 = idxprom2_i_fu_6637_p1;
[2026-04-21 23:29:33,826]       |                                   ^
[2026-04-21 23:29:33,826] %Warning-WIDTH: /tmp/finn_dev_emanuel-hernandez/vivado_stitch_proj_drjl_8y4/finn_design_wrapper.v:9580:35: Operator ASSIGNW expects 5 bits on the Assign RHS, but Assign RHS's VARREF 'idxprom2_i_fu_6637_p1' generates 64 bits.
[2026-04-21 23:29:33,826]                                                                                                          : ... In instance finn_design_wrapper.finn_design_i.MVAU_hls_0.MVAU_hls_0.inst.grp_Matrix_Vector_Activate_Stream_Batch_fu_150
[2026-04-21 23:29:33,826]  9580 | assign p_ZL7threshs_3_12_address0 = idxprom2_i_fu_6637_p1;
[2026-04-21 23:29:33,826]       |                                   ^
[2026-04-21 23:29:33,826] %Warning-WIDTH: /tmp/finn_dev_emanuel-hernandez/vivado_stitch_proj_drjl_8y4/finn_design_wrapper.v:9582:35: Operator ASSIGNW expects 5 bits on the Assign RHS, but Assign RHS's VARREF 'idxprom2_i_fu_6637_p1' generates 64 bits.
[2026-04-21 23:29:33,826]                                                                                                          : ... In instance finn_design_wrapper.finn_design_i.MVAU_hls_0.MVAU_hls_0.inst.grp_Matrix_Vector_Activate_Stream_Batch_fu_150
[2026-04-21 23:29:33,826]  9582 | assign p_ZL7threshs_3_13_address0 = idxprom2_i_fu_6637_p1;
[2026-04-21 23:29:33,826]       |                                   ^
[2026-04-21 23:29:33,826] %Warning-WIDTH: /tmp/finn_dev_emanuel-hernandez/vivado_stitch_proj_drjl_8y4/finn_design_wrapper.v:9584:35: Operator ASSIGNW expects 5 bits on the Assign RHS, but Assign RHS's VARREF 'idxprom2_i_fu_6637_p1' generates 64 bits.
[2026-04-21 23:29:33,826]                                                                                                          : ... In instance finn_design_wrapper.finn_design_i.MVAU_hls_0.MVAU_hls_0.inst.grp_Matrix_Vector_Activate_Stream_Batch_fu_150
[2026-04-21 23:29:33,826]  9584 | assign p_ZL7threshs_3_14_address0 = idxprom2_i_fu_6637_p1;
[2026-04-21 23:29:33,826]       |                                   ^
[2026-04-21 23:29:33,826] %Warning-WIDTH: /tmp/finn_dev_emanuel-hernandez/vivado_stitch_proj_drjl_8y4/finn_design_wrapper.v:9586:34: Operator ASSIGNW expects 5 bits on the Assign RHS, but Assign RHS's VARREF 'idxprom2_i_fu_6637_p1' generates 64 bits.
[2026-04-21 23:29:33,826]                                                                                                          : ... In instance finn_design_wrapper.finn_design_i.MVAU_hls_0.MVAU_hls_0.inst.grp_Matrix_Vector_Activate_Stream_Batch_fu_150
[2026-04-21 23:29:33,826]  9586 | assign p_ZL7threshs_3_1_address0 = idxprom2_i_fu_6637_p1;
[2026-04-21 23:29:33,826]       |                                  ^
[2026-04-21 23:29:33,826] %Warning-WIDTH: /tmp/finn_dev_emanuel-hernandez/vivado_stitch_proj_drjl_8y4/finn_design_wrapper.v:9588:34: Operator ASSIGNW expects 5 bits on the Assign RHS, but Assign RHS's VARREF 'idxprom2_i_fu_6637_p1' generates 64 bits.
[2026-04-21 23:29:33,826]                                                                                                          : ... In instance finn_design_wrapper.finn_design_i.MVAU_hls_0.MVAU_hls_0.inst.grp_Matrix_Vector_Activate_Stream_Batch_fu_150
[2026-04-21 23:29:33,826]  9588 | assign p_ZL7threshs_3_2_address0 = idxprom2_i_fu_6637_p1;
[2026-04-21 23:29:33,826]       |                                  ^
[2026-04-21 23:29:33,826] %Warning-WIDTH: /tmp/finn_dev_emanuel-hernandez/vivado_stitch_proj_drjl_8y4/finn_design_wrapper.v:9590:34: Operator ASSIGNW expects 5 bits on the Assign RHS, but Assign RHS's VARREF 'idxprom2_i_fu_6637_p1' generates 64 bits.
[2026-04-21 23:29:33,826]                                                                                                          : ... In instance finn_design_wrapper.finn_design_i.MVAU_hls_0.MVAU_hls_0.inst.grp_Matrix_Vector_Activate_Stream_Batch_fu_150
[2026-04-21 23:29:33,826]  9590 | assign p_ZL7threshs_3_3_address0 = idxprom2_i_fu_6637_p1;
[2026-04-21 23:29:33,826]       |                                  ^
[2026-04-21 23:29:33,826] %Warning-WIDTH: /tmp/finn_dev_emanuel-hernandez/vivado_stitch_proj_drjl_8y4/finn_design_wrapper.v:9592:34: Operator ASSIGNW expects 5 bits on the Assign RHS, but Assign RHS's VARREF 'idxprom2_i_fu_6637_p1' generates 64 bits.
[2026-04-21 23:29:33,826]                                                                                                          : ... In instance finn_design_wrapper.finn_design_i.MVAU_hls_0.MVAU_hls_0.inst.grp_Matrix_Vector_Activate_Stream_Batch_fu_150
[2026-04-21 23:29:33,826]  9592 | assign p_ZL7threshs_3_4_address0 = idxprom2_i_fu_6637_p1;
[2026-04-21 23:29:33,826]       |                                  ^
[2026-04-21 23:29:33,826] %Warning-WIDTH: /tmp/finn_dev_emanuel-hernandez/vivado_stitch_proj_drjl_8y4/finn_design_wrapper.v:9594:34: Operator ASSIGNW expects 5 bits on the Assign RHS, but Assign RHS's VARREF 'idxprom2_i_fu_6637_p1' generates 64 bits.
[2026-04-21 23:29:33,826]                                                                                                          : ... In instance finn_design_wrapper.finn_design_i.MVAU_hls_0.MVAU_hls_0.inst.grp_Matrix_Vector_Activate_Stream_Batch_fu_150
[2026-04-21 23:29:33,826]  9594 | assign p_ZL7threshs_3_5_address0 = idxprom2_i_fu_6637_p1;
[2026-04-21 23:29:33,826]       |                                  ^
[2026-04-21 23:29:33,826] %Warning-WIDTH: /tmp/finn_dev_emanuel-hernandez/vivado_stitch_proj_drjl_8y4/finn_design_wrapper.v:9596:34: Operator ASSIGNW expects 5 bits on the Assign RHS, but Assign RHS's VARREF 'idxprom2_i_fu_6637_p1' generates 64 bits.
[2026-04-21 23:29:33,826]                                                                                                          : ... In instance finn_design_wrapper.finn_design_i.MVAU_hls_0.MVAU_hls_0.inst.grp_Matrix_Vector_Activate_Stream_Batch_fu_150
[2026-04-21 23:29:33,826]  9596 | assign p_ZL7threshs_3_6_address0 = idxprom2_i_fu_6637_p1;
[2026-04-21 23:29:33,826]       |                                  ^
[2026-04-21 23:29:33,826] %Warning-WIDTH: /tmp/finn_dev_emanuel-hernandez/vivado_stitch_proj_drjl_8y4/finn_design_wrapper.v:9598:34: Operator ASSIGNW expects 5 bits on the Assign RHS, but Assign RHS's VARREF 'idxprom2_i_fu_6637_p1' generates 64 bits.
[2026-04-21 23:29:33,826]                                                                                                          : ... In instance finn_design_wrapper.finn_design_i.MVAU_hls_0.MVAU_hls_0.inst.grp_Matrix_Vector_Activate_Stream_Batch_fu_150
[2026-04-21 23:29:33,826]  9598 | assign p_ZL7threshs_3_7_address0 = idxprom2_i_fu_6637_p1;
[2026-04-21 23:29:33,826]       |                                  ^
[2026-04-21 23:29:33,826] %Warning-WIDTH: /tmp/finn_dev_emanuel-hernandez/vivado_stitch_proj_drjl_8y4/finn_design_wrapper.v:9600:34: Operator ASSIGNW expects 5 bits on the Assign RHS, but Assign RHS's VARREF 'idxprom2_i_fu_6637_p1' generates 64 bits.
[2026-04-21 23:29:33,826]                                                                                                          : ... In instance finn_design_wrapper.finn_design_i.MVAU_hls_0.MVAU_hls_0.inst.grp_Matrix_Vector_Activate_Stream_Batch_fu_150
[2026-04-21 23:29:33,827]  9600 | assign p_ZL7threshs_3_8_address0 = idxprom2_i_fu_6637_p1;
[2026-04-21 23:29:33,827]       |                                  ^
[2026-04-21 23:29:33,827] %Warning-WIDTH: /tmp/finn_dev_emanuel-hernandez/vivado_stitch_proj_drjl_8y4/finn_design_wrapper.v:9602:34: Operator ASSIGNW expects 5 bits on the Assign RHS, but Assign RHS's VARREF 'idxprom2_i_fu_6637_p1' generates 64 bits.
[2026-04-21 23:29:33,827]                                                                                                          : ... In instance finn_design_wrapper.finn_design_i.MVAU_hls_0.MVAU_hls_0.inst.grp_Matrix_Vector_Activate_Stream_Batch_fu_150
[2026-04-21 23:29:33,827]  9602 | assign p_ZL7threshs_3_9_address0 = idxprom2_i_fu_6637_p1;
[2026-04-21 23:29:33,827]       |                                  ^
[2026-04-21 23:29:33,827] %Warning-WIDTH: /tmp/finn_dev_emanuel-hernandez/vivado_stitch_proj_drjl_8y4/finn_design_wrapper.v:9624:28: Operator ASSIGNW expects 8 bits on the Assign RHS, but Assign RHS's VARREF 'sext_ln1494_2_fu_6545_p1' generates 16 bits.
[2026-04-21 23:29:33,827]                                                                                                          : ... In instance finn_design_wrapper.finn_design_i.MVAU_hls_0.MVAU_hls_0.inst.grp_Matrix_Vector_Activate_Stream_Batch_fu_150
[2026-04-21 23:29:33,827]  9624 | assign ret_V_10_fu_6574_p1 = sext_ln1494_2_fu_6545_p1;
[2026-04-21 23:29:33,827]       |                            ^
[2026-04-21 23:29:33,827] %Warning-WIDTH: /tmp/finn_dev_emanuel-hernandez/vivado_stitch_proj_drjl_8y4/finn_design_wrapper.v:9626:28: Operator ASSIGNW expects 8 bits on the Assign RHS, but Assign RHS's VARREF 'sext_ln1494_2_fu_6545_p1' generates 16 bits.
[2026-04-21 23:29:33,827]                                                                                                          : ... In instance finn_design_wrapper.finn_design_i.MVAU_hls_0.MVAU_hls_0.inst.grp_Matrix_Vector_Activate_Stream_Batch_fu_150
[2026-04-21 23:29:33,827]  9626 | assign ret_V_14_fu_6587_p1 = sext_ln1494_2_fu_6545_p1;
[2026-04-21 23:29:33,827]       |                            ^
[2026-04-21 23:29:33,827] %Warning-WIDTH: /tmp/finn_dev_emanuel-hernandez/vivado_stitch_proj_drjl_8y4/finn_design_wrapper.v:9628:27: Operator ASSIGNW expects 8 bits on the Assign RHS, but Assign RHS's VARREF 'sext_ln1494_2_fu_6545_p1' generates 16 bits.
[2026-04-21 23:29:33,827]                                                                                                          : ... In instance finn_design_wrapper.finn_design_i.MVAU_hls_0.MVAU_hls_0.inst.grp_Matrix_Vector_Activate_Stream_Batch_fu_150
[2026-04-21 23:29:33,827]  9628 | assign ret_V_2_fu_6548_p0 = sext_ln1494_2_fu_6545_p1;
[2026-04-21 23:29:33,827]       |                           ^
[2026-04-21 23:29:33,827] %Warning-WIDTH: /tmp/finn_dev_emanuel-hernandez/vivado_stitch_proj_drjl_8y4/finn_design_wrapper.v:9630:27: Operator ASSIGNW expects 8 bits on the Assign RHS, but Assign RHS's VARREF 'sext_ln1494_2_fu_6545_p1' generates 16 bits.
[2026-04-21 23:29:33,827]                                                                                                          : ... In instance finn_design_wrapper.finn_design_i.MVAU_hls_0.MVAU_hls_0.inst.grp_Matrix_Vector_Activate_Stream_Batch_fu_150
[2026-04-21 23:29:33,827]  9630 | assign ret_V_6_fu_6561_p1 = sext_ln1494_2_fu_6545_p1;
[2026-04-21 23:29:33,827]       |                           ^
[2026-04-21 23:29:33,827] %Warning-WIDTH: /tmp/finn_dev_emanuel-hernandez/vivado_stitch_proj_drjl_8y4/finn_design_wrapper.v:9632:34: Operator ASSIGNW expects 23 bits on the Assign RHS, but Assign RHS's SIGNED generates 17 bits.
[2026-04-21 23:29:33,827]                                                                                                          : ... In instance finn_design_wrapper.finn_design_i.MVAU_hls_0.MVAU_hls_0.inst.grp_Matrix_Vector_Activate_Stream_Batch_fu_150
[2026-04-21 23:29:33,827]  9632 | assign sext_ln1039_10_fu_7556_p1 = $signed(p_ZL7threshs_3_1_q0);
[2026-04-21 23:29:33,827]       |                                  ^
[2026-04-21 23:29:33,827] %Warning-WIDTH: /tmp/finn_dev_emanuel-hernandez/vivado_stitch_proj_drjl_8y4/finn_design_wrapper.v:9634:34: Operator ASSIGNW expects 23 bits on the Assign RHS, but Assign RHS's SIGNED generates 17 bits.
[2026-04-21 23:29:33,827]                                                                                                          : ... In instance finn_design_wrapper.finn_design_i.MVAU_hls_0.MVAU_hls_0.inst.grp_Matrix_Vector_Activate_Stream_Batch_fu_150
[2026-04-21 23:29:33,827]  9634 | assign sext_ln1039_11_fu_7576_p1 = $signed(p_ZL7threshs_3_2_q0);
[2026-04-21 23:29:33,827]       |                                  ^
[2026-04-21 23:29:33,827] %Warning-WIDTH: /tmp/finn_dev_emanuel-hernandez/vivado_stitch_proj_drjl_8y4/finn_design_wrapper.v:9636:34: Operator ASSIGNW expects 23 bits on the Assign RHS, but Assign RHS's SIGNED generates 17 bits.
[2026-04-21 23:29:33,827]                                                                                                          : ... In instance finn_design_wrapper.finn_design_i.MVAU_hls_0.MVAU_hls_0.inst.grp_Matrix_Vector_Activate_Stream_Batch_fu_150
[2026-04-21 23:29:33,827]  9636 | assign sext_ln1039_12_fu_7596_p1 = $signed(p_ZL7threshs_3_3_q0);
[2026-04-21 23:29:33,827]       |                                  ^
[2026-04-21 23:29:33,827] %Warning-WIDTH: /tmp/finn_dev_emanuel-hernandez/vivado_stitch_proj_drjl_8y4/finn_design_wrapper.v:9638:33: Operator ASSIGNW expects 23 bits on the Assign RHS, but Assign RHS's SIGNED generates 17 bits.
[2026-04-21 23:29:33,827]                                                                                                          : ... In instance finn_design_wrapper.finn_design_i.MVAU_hls_0.MVAU_hls_0.inst.grp_Matrix_Vector_Activate_Stream_Batch_fu_150
[2026-04-21 23:29:33,827]  9638 | assign sext_ln1039_1_fu_6752_p1 = $signed(p_ZL7threshs_0_1_q0);
[2026-04-21 23:29:33,827]       |                                 ^
[2026-04-21 23:29:33,827] %Warning-WIDTH: /tmp/finn_dev_emanuel-hernandez/vivado_stitch_proj_drjl_8y4/finn_design_wrapper.v:9640:33: Operator ASSIGNW expects 23 bits on the Assign RHS, but Assign RHS's SIGNED generates 17 bits.
[2026-04-21 23:29:33,827]                                                                                                          : ... In instance finn_design_wrapper.finn_design_i.MVAU_hls_0.MVAU_hls_0.inst.grp_Matrix_Vector_Activate_Stream_Batch_fu_150
[2026-04-21 23:29:33,827]  9640 | assign sext_ln1039_2_fu_7000_p1 = $signed(p_ZL7threshs_1_0_q0);
[2026-04-21 23:29:33,827]       |                                 ^
[2026-04-21 23:29:33,827] %Warning-WIDTH: /tmp/finn_dev_emanuel-hernandez/vivado_stitch_proj_drjl_8y4/finn_design_wrapper.v:9642:33: Operator ASSIGNW expects 23 bits on the Assign RHS, but Assign RHS's SIGNED generates 17 bits.
[2026-04-21 23:29:33,827]                                                                                                          : ... In instance finn_design_wrapper.finn_design_i.MVAU_hls_0.MVAU_hls_0.inst.grp_Matrix_Vector_Activate_Stream_Batch_fu_150
[2026-04-21 23:29:33,827]  9642 | assign sext_ln1039_3_fu_7020_p1 = $signed(p_ZL7threshs_1_1_q0);
[2026-04-21 23:29:33,827]       |                                 ^
[2026-04-21 23:29:33,827] %Warning-WIDTH: /tmp/finn_dev_emanuel-hernandez/vivado_stitch_proj_drjl_8y4/finn_design_wrapper.v:9644:33: Operator ASSIGNW expects 23 bits on the Assign RHS, but Assign RHS's SIGNED generates 17 bits.
[2026-04-21 23:29:33,827]                                                                                                          : ... In instance finn_design_wrapper.finn_design_i.MVAU_hls_0.MVAU_hls_0.inst.grp_Matrix_Vector_Activate_Stream_Batch_fu_150
[2026-04-21 23:29:33,827]  9644 | assign sext_ln1039_4_fu_7040_p1 = $signed(p_ZL7threshs_1_2_q0);
[2026-04-21 23:29:33,827]       |                                 ^
[2026-04-21 23:29:33,827] %Warning-WIDTH: /tmp/finn_dev_emanuel-hernandez/vivado_stitch_proj_drjl_8y4/finn_design_wrapper.v:9646:33: Operator ASSIGNW expects 23 bits on the Assign RHS, but Assign RHS's SIGNED generates 18 bits.
[2026-04-21 23:29:33,827]                                                                                                          : ... In instance finn_design_wrapper.finn_design_i.MVAU_hls_0.MVAU_hls_0.inst.grp_Matrix_Vector_Activate_Stream_Batch_fu_150
[2026-04-21 23:29:33,827]  9646 | assign sext_ln1039_5_fu_7060_p1 = $signed(p_ZL7threshs_1_3_q0);
[2026-04-21 23:29:33,827]       |                                 ^
[2026-04-21 23:29:33,827] %Warning-WIDTH: /tmp/finn_dev_emanuel-hernandez/vivado_stitch_proj_drjl_8y4/finn_design_wrapper.v:9648:33: Operator ASSIGNW expects 23 bits on the Assign RHS, but Assign RHS's SIGNED generates 16 bits.
[2026-04-21 23:29:33,827]                                                                                                          : ... In instance finn_design_wrapper.finn_design_i.MVAU_hls_0.MVAU_hls_0.inst.grp_Matrix_Vector_Activate_Stream_Batch_fu_150
[2026-04-21 23:29:33,827]  9648 | assign sext_ln1039_6_fu_7268_p1 = $signed(p_ZL7threshs_2_0_q0);
[2026-04-21 23:29:33,827]       |                                 ^
[2026-04-21 23:29:33,827] %Warning-WIDTH: /tmp/finn_dev_emanuel-hernandez/vivado_stitch_proj_drjl_8y4/finn_design_wrapper.v:9650:33: Operator ASSIGNW expects 23 bits on the Assign RHS, but Assign RHS's SIGNED generates 17 bits.
[2026-04-21 23:29:33,827]                                                                                                          : ... In instance finn_design_wrapper.finn_design_i.MVAU_hls_0.MVAU_hls_0.inst.grp_Matrix_Vector_Activate_Stream_Batch_fu_150
[2026-04-21 23:29:33,827]  9650 | assign sext_ln1039_7_fu_7288_p1 = $signed(p_ZL7threshs_2_1_q0);
[2026-04-21 23:29:33,827]       |                                 ^
[2026-04-21 23:29:33,827] %Warning-WIDTH: /tmp/finn_dev_emanuel-hernandez/vivado_stitch_proj_drjl_8y4/finn_design_wrapper.v:9652:33: Operator ASSIGNW expects 23 bits on the Assign RHS, but Assign RHS's SIGNED generates 17 bits.
[2026-04-21 23:29:33,827]                                                                                                          : ... In instance finn_design_wrapper.finn_design_i.MVAU_hls_0.MVAU_hls_0.inst.grp_Matrix_Vector_Activate_Stream_Batch_fu_150
[2026-04-21 23:29:33,827]  9652 | assign sext_ln1039_8_fu_7308_p1 = $signed(p_ZL7threshs_2_2_q0);
[2026-04-21 23:29:33,827]       |                                 ^
[2026-04-21 23:29:33,827] %Warning-WIDTH: /tmp/finn_dev_emanuel-hernandez/vivado_stitch_proj_drjl_8y4/finn_design_wrapper.v:9654:33: Operator ASSIGNW expects 23 bits on the Assign RHS, but Assign RHS's SIGNED generates 17 bits.
[2026-04-21 23:29:33,827]                                                                                                          : ... In instance finn_design_wrapper.finn_design_i.MVAU_hls_0.MVAU_hls_0.inst.grp_Matrix_Vector_Activate_Stream_Batch_fu_150
[2026-04-21 23:29:33,827]  9654 | assign sext_ln1039_9_fu_7536_p1 = $signed(p_ZL7threshs_3_0_q0);
[2026-04-21 23:29:33,827]       |                                 ^
[2026-04-21 23:29:33,827] %Warning-WIDTH: /tmp/finn_dev_emanuel-hernandez/vivado_stitch_proj_drjl_8y4/finn_design_wrapper.v:9656:31: Operator ASSIGNW expects 23 bits on the Assign RHS, but Assign RHS's SIGNED generates 17 bits.
[2026-04-21 23:29:33,827]                                                                                                          : ... In instance finn_design_wrapper.finn_design_i.MVAU_hls_0.MVAU_hls_0.inst.grp_Matrix_Vector_Activate_Stream_Batch_fu_150
[2026-04-21 23:29:33,827]  9656 | assign sext_ln1039_fu_6732_p1 = $signed(p_ZL7threshs_0_0_q0);
[2026-04-21 23:29:33,827]       |                               ^
[2026-04-21 23:29:33,827] %Warning-WIDTH: /tmp/finn_dev_emanuel-hernandez/vivado_stitch_proj_drjl_8y4/finn_design_wrapper.v:9658:33: Operator ASSIGNW expects 16 bits on the Assign RHS, but Assign RHS's SIGNED generates 8 bits.
[2026-04-21 23:29:33,827]                                                                                                          : ... In instance finn_design_wrapper.finn_design_i.MVAU_hls_0.MVAU_hls_0.inst.grp_Matrix_Vector_Activate_Stream_Batch_fu_150
[2026-04-21 23:29:33,827]  9658 | assign sext_ln1494_1_fu_6521_p1 = $signed(r_V_1_reg_10618);
[2026-04-21 23:29:33,827]       |                                 ^
[2026-04-21 23:29:33,827] %Warning-WIDTH: /tmp/finn_dev_emanuel-hernandez/vivado_stitch_proj_drjl_8y4/finn_design_wrapper.v:9660:33: Operator ASSIGNW expects 16 bits on the Assign RHS, but Assign RHS's SIGNED generates 8 bits.
[2026-04-21 23:29:33,827]                                                                                                          : ... In instance finn_design_wrapper.finn_design_i.MVAU_hls_0.MVAU_hls_0.inst.grp_Matrix_Vector_Activate_Stream_Batch_fu_150
[2026-04-21 23:29:33,827]  9660 | assign sext_ln1494_2_fu_6545_p1 = $signed(r_V_2_reg_10623_pp0_iter2_reg);
[2026-04-21 23:29:33,827]       |                                 ^
[2026-04-21 23:29:33,827] %Warning-WIDTH: /tmp/finn_dev_emanuel-hernandez/vivado_stitch_proj_drjl_8y4/finn_design_wrapper.v:9662:33: Operator ASSIGNW expects 16 bits on the Assign RHS, but Assign RHS's SIGNED generates 8 bits.
[2026-04-21 23:29:33,827]                                                                                                          : ... In instance finn_design_wrapper.finn_design_i.MVAU_hls_0.MVAU_hls_0.inst.grp_Matrix_Vector_Activate_Stream_Batch_fu_150
[2026-04-21 23:29:33,827]  9662 | assign sext_ln1494_3_fu_6499_p1 = $signed(r_V_3_fu_6486_p4);
[2026-04-21 23:29:33,827]       |                                 ^
[2026-04-21 23:29:33,827] %Warning-WIDTH: /tmp/finn_dev_emanuel-hernandez/vivado_stitch_proj_drjl_8y4/finn_design_wrapper.v:9664:31: Operator ASSIGNW expects 16 bits on the Assign RHS, but Assign RHS's SIGNED generates 8 bits.
[2026-04-21 23:29:33,827]                                                                                                          : ... In instance finn_design_wrapper.finn_design_i.MVAU_hls_0.MVAU_hls_0.inst.grp_Matrix_Vector_Activate_Stream_Batch_fu_150
[2026-04-21 23:29:33,827]  9664 | assign sext_ln1494_fu_6515_p1 = $signed(r_V_reg_10613);
[2026-04-21 23:29:33,827]       |                               ^
[2026-04-21 23:29:33,827] %Warning-WIDTH: /tmp/finn_dev_emanuel-hernandez/vivado_stitch_proj_drjl_8y4/finn_design_wrapper.v:9666:33: Operator ASSIGNW expects 23 bits on the Assign RHS, but Assign RHS's VARREF 'grp_fu_8511_p3' generates 17 bits.
[2026-04-21 23:29:33,827]                                                                                                          : ... In instance finn_design_wrapper.finn_design_i.MVAU_hls_0.MVAU_hls_0.inst.grp_Matrix_Vector_Activate_Stream_Batch_fu_150
[2026-04-21 23:29:33,827]  9666 | assign sext_ln840_11_fu_6724_p1 = grp_fu_8511_p3;
[2026-04-21 23:29:33,827]       |                                 ^
[2026-04-21 23:29:33,827] %Warning-WIDTH: /tmp/finn_dev_emanuel-hernandez/vivado_stitch_proj_drjl_8y4/finn_design_wrapper.v:9668:32: Operator ASSIGNW expects 23 bits on the Assign RHS, but Assign RHS's VARREF 'grp_fu_8457_p3' generates 17 bits.
[2026-04-21 23:29:33,827]                                                                                                          : ... In instance finn_design_wrapper.finn_design_i.MVAU_hls_0.MVAU_hls_0.inst.grp_Matrix_Vector_Activate_Stream_Batch_fu_150
[2026-04-21 23:29:33,827]  9668 | assign sext_ln840_2_fu_6700_p1 = grp_fu_8457_p3;
[2026-04-21 23:29:33,827]       |                                ^
[2026-04-21 23:29:33,827] %Warning-WIDTH: /tmp/finn_dev_emanuel-hernandez/vivado_stitch_proj_drjl_8y4/finn_design_wrapper.v:9670:32: Operator ASSIGNW expects 23 bits on the Assign RHS, but Assign RHS's VARREF 'grp_fu_8475_p3' generates 17 bits.
[2026-04-21 23:29:33,827]                                                                                                          : ... In instance finn_design_wrapper.finn_design_i.MVAU_hls_0.MVAU_hls_0.inst.grp_Matrix_Vector_Activate_Stream_Batch_fu_150
[2026-04-21 23:29:33,827]  9670 | assign sext_ln840_5_fu_6708_p1 = grp_fu_8475_p3;
[2026-04-21 23:29:33,827]       |                                ^
[2026-04-21 23:29:33,827] %Warning-WIDTH: /tmp/finn_dev_emanuel-hernandez/vivado_stitch_proj_drjl_8y4/finn_design_wrapper.v:9672:32: Operator ASSIGNW expects 23 bits on the Assign RHS, but Assign RHS's VARREF 'grp_fu_8493_p3' generates 17 bits.
[2026-04-21 23:29:33,827]                                                                                                          : ... In instance finn_design_wrapper.finn_design_i.MVAU_hls_0.MVAU_hls_0.inst.grp_Matrix_Vector_Activate_Stream_Batch_fu_150
[2026-04-21 23:29:33,827]  9672 | assign sext_ln840_8_fu_6716_p1 = grp_fu_8493_p3;
[2026-04-21 23:29:33,827]       |                                ^
[2026-04-21 23:29:33,827] %Warning-WIDTH: /tmp/finn_dev_emanuel-hernandez/vivado_stitch_proj_drjl_8y4/finn_design_wrapper.v:9792:34: Operator ASSIGNW expects 23 bits on the Assign RHS, but Assign RHS's VARREF 'p_ZL7threshs_0_12_q0' generates 17 bits.
[2026-04-21 23:29:33,827]                                                                                                          : ... In instance finn_design_wrapper.finn_design_i.MVAU_hls_0.MVAU_hls_0.inst.grp_Matrix_Vector_Activate_Stream_Batch_fu_150
[2026-04-21 23:29:33,827]  9792 | assign zext_ln1039_10_fu_6922_p1 = p_ZL7threshs_0_12_q0;
[2026-04-21 23:29:33,827]       |                                  ^
[2026-04-21 23:29:33,827] %Warning-WIDTH: /tmp/finn_dev_emanuel-hernandez/vivado_stitch_proj_drjl_8y4/finn_design_wrapper.v:9794:34: Operator ASSIGNW expects 23 bits on the Assign RHS, but Assign RHS's VARREF 'p_ZL7threshs_0_13_q0' generates 17 bits.
[2026-04-21 23:29:33,827]                                                                                                          : ... In instance finn_design_wrapper.finn_design_i.MVAU_hls_0.MVAU_hls_0.inst.grp_Matrix_Vector_Activate_Stream_Batch_fu_150
[2026-04-21 23:29:33,827]  9794 | assign zext_ln1039_11_fu_6932_p1 = p_ZL7threshs_0_13_q0;
[2026-04-21 23:29:33,827]       |                                  ^
[2026-04-21 23:29:33,827] %Warning-WIDTH: /tmp/finn_dev_emanuel-hernandez/vivado_stitch_proj_drjl_8y4/finn_design_wrapper.v:9796:34: Operator ASSIGNW expects 23 bits on the Assign RHS, but Assign RHS's VARREF 'p_ZL7threshs_0_14_q0' generates 18 bits.
[2026-04-21 23:29:33,827]                                                                                                          : ... In instance finn_design_wrapper.finn_design_i.MVAU_hls_0.MVAU_hls_0.inst.grp_Matrix_Vector_Activate_Stream_Batch_fu_150
[2026-04-21 23:29:33,828]  9796 | assign zext_ln1039_12_fu_6942_p1 = p_ZL7threshs_0_14_q0;
[2026-04-21 23:29:33,828]       |                                  ^
[2026-04-21 23:29:33,828] %Warning-WIDTH: /tmp/finn_dev_emanuel-hernandez/vivado_stitch_proj_drjl_8y4/finn_design_wrapper.v:9798:34: Operator ASSIGNW expects 23 bits on the Assign RHS, but Assign RHS's VARREF 'p_ZL7threshs_1_4_q0' generates 17 bits.
[2026-04-21 23:29:33,828]                                                                                                          : ... In instance finn_design_wrapper.finn_design_i.MVAU_hls_0.MVAU_hls_0.inst.grp_Matrix_Vector_Activate_Stream_Batch_fu_150
[2026-04-21 23:29:33,828]  9798 | assign zext_ln1039_13_fu_7080_p1 = p_ZL7threshs_1_4_q0;
[2026-04-21 23:29:33,828]       |                                  ^
[2026-04-21 23:29:33,828] %Warning-WIDTH: /tmp/finn_dev_emanuel-hernandez/vivado_stitch_proj_drjl_8y4/finn_design_wrapper.v:9800:34: Operator ASSIGNW expects 23 bits on the Assign RHS, but Assign RHS's VARREF 'p_ZL7threshs_1_5_q0' generates 17 bits.
[2026-04-21 23:29:33,828]                                                                                                          : ... In instance finn_design_wrapper.finn_design_i.MVAU_hls_0.MVAU_hls_0.inst.grp_Matrix_Vector_Activate_Stream_Batch_fu_150
[2026-04-21 23:29:33,828]  9800 | assign zext_ln1039_14_fu_7100_p1 = p_ZL7threshs_1_5_q0;
[2026-04-21 23:29:33,828]       |                                  ^
[2026-04-21 23:29:33,828] %Warning-WIDTH: /tmp/finn_dev_emanuel-hernandez/vivado_stitch_proj_drjl_8y4/finn_design_wrapper.v:9802:34: Operator ASSIGNW expects 23 bits on the Assign RHS, but Assign RHS's VARREF 'p_ZL7threshs_1_6_q0' generates 17 bits.
[2026-04-21 23:29:33,828]                                                                                                          : ... In instance finn_design_wrapper.finn_design_i.MVAU_hls_0.MVAU_hls_0.inst.grp_Matrix_Vector_Activate_Stream_Batch_fu_150
[2026-04-21 23:29:33,828]  9802 | assign zext_ln1039_15_fu_7120_p1 = p_ZL7threshs_1_6_q0;
[2026-04-21 23:29:33,828]       |                                  ^
[2026-04-21 23:29:33,828] %Warning-WIDTH: /tmp/finn_dev_emanuel-hernandez/vivado_stitch_proj_drjl_8y4/finn_design_wrapper.v:9804:34: Operator ASSIGNW expects 23 bits on the Assign RHS, but Assign RHS's VARREF 'p_ZL7threshs_1_7_q0' generates 17 bits.
[2026-04-21 23:29:33,828]                                                                                                          : ... In instance finn_design_wrapper.finn_design_i.MVAU_hls_0.MVAU_hls_0.inst.grp_Matrix_Vector_Activate_Stream_Batch_fu_150
[2026-04-21 23:29:33,828]  9804 | assign zext_ln1039_16_fu_7140_p1 = p_ZL7threshs_1_7_q0;
[2026-04-21 23:29:33,828]       |                                  ^
[2026-04-21 23:29:33,828] %Warning-WIDTH: /tmp/finn_dev_emanuel-hernandez/vivado_stitch_proj_drjl_8y4/finn_design_wrapper.v:9806:34: Operator ASSIGNW expects 23 bits on the Assign RHS, but Assign RHS's VARREF 'p_ZL7threshs_1_8_q0' generates 17 bits.
[2026-04-21 23:29:33,828]                                                                                                          : ... In instance finn_design_wrapper.finn_design_i.MVAU_hls_0.MVAU_hls_0.inst.grp_Matrix_Vector_Activate_Stream_Batch_fu_150
[2026-04-21 23:29:33,828]  9806 | assign zext_ln1039_17_fu_7150_p1 = p_ZL7threshs_1_8_q0;
[2026-04-21 23:29:33,828]       |                                  ^
[2026-04-21 23:29:33,828] %Warning-WIDTH: /tmp/finn_dev_emanuel-hernandez/vivado_stitch_proj_drjl_8y4/finn_design_wrapper.v:9808:34: Operator ASSIGNW expects 23 bits on the Assign RHS, but Assign RHS's VARREF 'p_ZL7threshs_1_9_q0' generates 17 bits.
[2026-04-21 23:29:33,828]                                                                                                          : ... In instance finn_design_wrapper.finn_design_i.MVAU_hls_0.MVAU_hls_0.inst.grp_Matrix_Vector_Activate_Stream_Batch_fu_150
[2026-04-21 23:29:33,828]  9808 | assign zext_ln1039_18_fu_7160_p1 = p_ZL7threshs_1_9_q0;
[2026-04-21 23:29:33,828]       |                                  ^
[2026-04-21 23:29:33,828] %Warning-WIDTH: /tmp/finn_dev_emanuel-hernandez/vivado_stitch_proj_drjl_8y4/finn_design_wrapper.v:9810:34: Operator ASSIGNW expects 23 bits on the Assign RHS, but Assign RHS's VARREF 'p_ZL7threshs_1_10_q0' generates 17 bits.
[2026-04-21 23:29:33,828]                                                                                                          : ... In instance finn_design_wrapper.finn_design_i.MVAU_hls_0.MVAU_hls_0.inst.grp_Matrix_Vector_Activate_Stream_Batch_fu_150
[2026-04-21 23:29:33,828]  9810 | assign zext_ln1039_19_fu_7170_p1 = p_ZL7threshs_1_10_q0;
[2026-04-21 23:29:33,828]       |                                  ^
[2026-04-21 23:29:33,828] %Warning-WIDTH: /tmp/finn_dev_emanuel-hernandez/vivado_stitch_proj_drjl_8y4/finn_design_wrapper.v:9812:33: Operator ASSIGNW expects 23 bits on the Assign RHS, but Assign RHS's VARREF 'p_ZL7threshs_0_3_q0' generates 16 bits.
[2026-04-21 23:29:33,828]                                                                                                          : ... In instance finn_design_wrapper.finn_design_i.MVAU_hls_0.MVAU_hls_0.inst.grp_Matrix_Vector_Activate_Stream_Batch_fu_150
[2026-04-21 23:29:33,828]  9812 | assign zext_ln1039_1_fu_6792_p1 = p_ZL7threshs_0_3_q0;
[2026-04-21 23:29:33,828]       |                                 ^
[2026-04-21 23:29:33,828] %Warning-WIDTH: /tmp/finn_dev_emanuel-hernandez/vivado_stitch_proj_drjl_8y4/finn_design_wrapper.v:9814:34: Operator ASSIGNW expects 23 bits on the Assign RHS, but Assign RHS's VARREF 'p_ZL7threshs_1_11_q0' generates 17 bits.
[2026-04-21 23:29:33,828]                                                                                                          : ... In instance finn_design_wrapper.finn_design_i.MVAU_hls_0.MVAU_hls_0.inst.grp_Matrix_Vector_Activate_Stream_Batch_fu_150
[2026-04-21 23:29:33,828]  9814 | assign zext_ln1039_20_fu_7180_p1 = p_ZL7threshs_1_11_q0;
[2026-04-21 23:29:33,828]       |                                  ^
[2026-04-21 23:29:33,828] %Warning-WIDTH: /tmp/finn_dev_emanuel-hernandez/vivado_stitch_proj_drjl_8y4/finn_design_wrapper.v:9816:34: Operator ASSIGNW expects 23 bits on the Assign RHS, but Assign RHS's VARREF 'p_ZL7threshs_1_12_q0' generates 17 bits.
[2026-04-21 23:29:33,828]                                                                                                          : ... In instance finn_design_wrapper.finn_design_i.MVAU_hls_0.MVAU_hls_0.inst.grp_Matrix_Vector_Activate_Stream_Batch_fu_150
[2026-04-21 23:29:33,828]  9816 | assign zext_ln1039_21_fu_7190_p1 = p_ZL7threshs_1_12_q0;
[2026-04-21 23:29:33,828]       |                                  ^
[2026-04-21 23:29:33,828] %Warning-WIDTH: /tmp/finn_dev_emanuel-hernandez/vivado_stitch_proj_drjl_8y4/finn_design_wrapper.v:9818:34: Operator ASSIGNW expects 23 bits on the Assign RHS, but Assign RHS's VARREF 'p_ZL7threshs_1_13_q0' generates 17 bits.
[2026-04-21 23:29:33,828]                                                                                                          : ... In instance finn_design_wrapper.finn_design_i.MVAU_hls_0.MVAU_hls_0.inst.grp_Matrix_Vector_Activate_Stream_Batch_fu_150
[2026-04-21 23:29:33,828]  9818 | assign zext_ln1039_22_fu_7200_p1 = p_ZL7threshs_1_13_q0;
[2026-04-21 23:29:33,828]       |                                  ^
[2026-04-21 23:29:33,828] %Warning-WIDTH: /tmp/finn_dev_emanuel-hernandez/vivado_stitch_proj_drjl_8y4/finn_design_wrapper.v:9820:34: Operator ASSIGNW expects 23 bits on the Assign RHS, but Assign RHS's VARREF 'p_ZL7threshs_1_14_q0' generates 17 bits.
[2026-04-21 23:29:33,828]                                                                                                          : ... In instance finn_design_wrapper.finn_design_i.MVAU_hls_0.MVAU_hls_0.inst.grp_Matrix_Vector_Activate_Stream_Batch_fu_150
[2026-04-21 23:29:33,828]  9820 | assign zext_ln1039_23_fu_7210_p1 = p_ZL7threshs_1_14_q0;
[2026-04-21 23:29:33,828]       |                                  ^
[2026-04-21 23:29:33,828] %Warning-WIDTH: /tmp/finn_dev_emanuel-hernandez/vivado_stitch_proj_drjl_8y4/finn_design_wrapper.v:9822:34: Operator ASSIGNW expects 23 bits on the Assign RHS, but Assign RHS's VARREF 'p_ZL7threshs_2_3_q0' generates 16 bits.
[2026-04-21 23:29:33,828]                                                                                                          : ... In instance finn_design_wrapper.finn_design_i.MVAU_hls_0.MVAU_hls_0.inst.grp_Matrix_Vector_Activate_Stream_Batch_fu_150
[2026-04-21 23:29:33,828]  9822 | assign zext_ln1039_24_fu_7328_p1 = p_ZL7threshs_2_3_q0;
[2026-04-21 23:29:33,828]       |                                  ^
[2026-04-21 23:29:33,828] %Warning-WIDTH: /tmp/finn_dev_emanuel-hernandez/vivado_stitch_proj_drjl_8y4/finn_design_wrapper.v:9824:34: Operator ASSIGNW expects 23 bits on the Assign RHS, but Assign RHS's VARREF 'p_ZL7threshs_2_4_q0' generates 16 bits.
[2026-04-21 23:29:33,828]                                                                                                          : ... In instance finn_design_wrapper.finn_design_i.MVAU_hls_0.MVAU_hls_0.inst.grp_Matrix_Vector_Activate_Stream_Batch_fu_150
[2026-04-21 23:29:33,828]  9824 | assign zext_ln1039_25_fu_7348_p1 = p_ZL7threshs_2_4_q0;
[2026-04-21 23:29:33,828]       |                                  ^
[2026-04-21 23:29:33,828] %Warning-WIDTH: /tmp/finn_dev_emanuel-hernandez/vivado_stitch_proj_drjl_8y4/finn_design_wrapper.v:9826:34: Operator ASSIGNW expects 23 bits on the Assign RHS, but Assign RHS's VARREF 'p_ZL7threshs_2_5_q0' generates 16 bits.
[2026-04-21 23:29:33,828]                                                                                                          : ... In instance finn_design_wrapper.finn_design_i.MVAU_hls_0.MVAU_hls_0.inst.grp_Matrix_Vector_Activate_Stream_Batch_fu_150
[2026-04-21 23:29:33,828]  9826 | assign zext_ln1039_26_fu_7368_p1 = p_ZL7threshs_2_5_q0;
[2026-04-21 23:29:33,828]       |                                  ^
[2026-04-21 23:29:33,828] %Warning-WIDTH: /tmp/finn_dev_emanuel-hernandez/vivado_stitch_proj_drjl_8y4/finn_design_wrapper.v:9828:34: Operator ASSIGNW expects 23 bits on the Assign RHS, but Assign RHS's VARREF 'p_ZL7threshs_2_6_q0' generates 17 bits.
[2026-04-21 23:29:33,828]                                                                                                          : ... In instance finn_design_wrapper.finn_design_i.MVAU_hls_0.MVAU_hls_0.inst.grp_Matrix_Vector_Activate_Stream_Batch_fu_150
[2026-04-21 23:29:33,828]  9828 | assign zext_ln1039_27_fu_7388_p1 = p_ZL7threshs_2_6_q0;
[2026-04-21 23:29:33,828]       |                                  ^
[2026-04-21 23:29:33,828] %Warning-WIDTH: /tmp/finn_dev_emanuel-hernandez/vivado_stitch_proj_drjl_8y4/finn_design_wrapper.v:9830:34: Operator ASSIGNW expects 23 bits on the Assign RHS, but Assign RHS's VARREF 'p_ZL7threshs_2_7_q0' generates 17 bits.
[2026-04-21 23:29:33,828]                                                                                                          : ... In instance finn_design_wrapper.finn_design_i.MVAU_hls_0.MVAU_hls_0.inst.grp_Matrix_Vector_Activate_Stream_Batch_fu_150
[2026-04-21 23:29:33,828]  9830 | assign zext_ln1039_28_fu_7408_p1 = p_ZL7threshs_2_7_q0;
[2026-04-21 23:29:33,828]       |                                  ^
[2026-04-21 23:29:33,828] %Warning-WIDTH: /tmp/finn_dev_emanuel-hernandez/vivado_stitch_proj_drjl_8y4/finn_design_wrapper.v:9832:34: Operator ASSIGNW expects 23 bits on the Assign RHS, but Assign RHS's VARREF 'p_ZL7threshs_2_8_q0' generates 17 bits.
[2026-04-21 23:29:33,828]                                                                                                          : ... In instance finn_design_wrapper.finn_design_i.MVAU_hls_0.MVAU_hls_0.inst.grp_Matrix_Vector_Activate_Stream_Batch_fu_150
[2026-04-21 23:29:33,828]  9832 | assign zext_ln1039_29_fu_7418_p1 = p_ZL7threshs_2_8_q0;
[2026-04-21 23:29:33,828]       |                                  ^
[2026-04-21 23:29:33,828] %Warning-WIDTH: /tmp/finn_dev_emanuel-hernandez/vivado_stitch_proj_drjl_8y4/finn_design_wrapper.v:9834:33: Operator ASSIGNW expects 23 bits on the Assign RHS, but Assign RHS's VARREF 'p_ZL7threshs_0_4_q0' generates 16 bits.
[2026-04-21 23:29:33,828]                                                                                                          : ... In instance finn_design_wrapper.finn_design_i.MVAU_hls_0.MVAU_hls_0.inst.grp_Matrix_Vector_Activate_Stream_Batch_fu_150
[2026-04-21 23:29:33,828]  9834 | assign zext_ln1039_2_fu_6812_p1 = p_ZL7threshs_0_4_q0;
[2026-04-21 23:29:33,828]       |                                 ^
[2026-04-21 23:29:33,828] %Warning-WIDTH: /tmp/finn_dev_emanuel-hernandez/vivado_stitch_proj_drjl_8y4/finn_design_wrapper.v:9836:34: Operator ASSIGNW expects 23 bits on the Assign RHS, but Assign RHS's VARREF 'p_ZL7threshs_2_9_q0' generates 17 bits.
[2026-04-21 23:29:33,828]                                                                                                          : ... In instance finn_design_wrapper.finn_design_i.MVAU_hls_0.MVAU_hls_0.inst.grp_Matrix_Vector_Activate_Stream_Batch_fu_150
[2026-04-21 23:29:33,828]  9836 | assign zext_ln1039_30_fu_7428_p1 = p_ZL7threshs_2_9_q0;
[2026-04-21 23:29:33,828]       |                                  ^
[2026-04-21 23:29:33,828] %Warning-WIDTH: /tmp/finn_dev_emanuel-hernandez/vivado_stitch_proj_drjl_8y4/finn_design_wrapper.v:9838:34: Operator ASSIGNW expects 23 bits on the Assign RHS, but Assign RHS's VARREF 'p_ZL7threshs_2_10_q0' generates 17 bits.
[2026-04-21 23:29:33,828]                                                                                                          : ... In instance finn_design_wrapper.finn_design_i.MVAU_hls_0.MVAU_hls_0.inst.grp_Matrix_Vector_Activate_Stream_Batch_fu_150
[2026-04-21 23:29:33,828]  9838 | assign zext_ln1039_31_fu_7438_p1 = p_ZL7threshs_2_10_q0;
[2026-04-21 23:29:33,828]       |                                  ^
[2026-04-21 23:29:33,828] %Warning-WIDTH: /tmp/finn_dev_emanuel-hernandez/vivado_stitch_proj_drjl_8y4/finn_design_wrapper.v:9840:34: Operator ASSIGNW expects 23 bits on the Assign RHS, but Assign RHS's VARREF 'p_ZL7threshs_2_11_q0' generates 17 bits.
[2026-04-21 23:29:33,828]                                                                                                          : ... In instance finn_design_wrapper.finn_design_i.MVAU_hls_0.MVAU_hls_0.inst.grp_Matrix_Vector_Activate_Stream_Batch_fu_150
[2026-04-21 23:29:33,828]  9840 | assign zext_ln1039_32_fu_7448_p1 = p_ZL7threshs_2_11_q0;
[2026-04-21 23:29:33,828]       |                                  ^
[2026-04-21 23:29:33,828] %Warning-WIDTH: /tmp/finn_dev_emanuel-hernandez/vivado_stitch_proj_drjl_8y4/finn_design_wrapper.v:9842:34: Operator ASSIGNW expects 23 bits on the Assign RHS, but Assign RHS's VARREF 'p_ZL7threshs_2_12_q0' generates 17 bits.
[2026-04-21 23:29:33,828]                                                                                                          : ... In instance finn_design_wrapper.finn_design_i.MVAU_hls_0.MVAU_hls_0.inst.grp_Matrix_Vector_Activate_Stream_Batch_fu_150
[2026-04-21 23:29:33,828]  9842 | assign zext_ln1039_33_fu_7458_p1 = p_ZL7threshs_2_12_q0;
[2026-04-21 23:29:33,828]       |                                  ^
[2026-04-21 23:29:33,828] %Warning-WIDTH: /tmp/finn_dev_emanuel-hernandez/vivado_stitch_proj_drjl_8y4/finn_design_wrapper.v:9844:34: Operator ASSIGNW expects 23 bits on the Assign RHS, but Assign RHS's VARREF 'p_ZL7threshs_2_13_q0' generates 17 bits.
[2026-04-21 23:29:33,828]                                                                                                          : ... In instance finn_design_wrapper.finn_design_i.MVAU_hls_0.MVAU_hls_0.inst.grp_Matrix_Vector_Activate_Stream_Batch_fu_150
[2026-04-21 23:29:33,828]  9844 | assign zext_ln1039_34_fu_7468_p1 = p_ZL7threshs_2_13_q0;
[2026-04-21 23:29:33,828]       |                                  ^
[2026-04-21 23:29:33,828] %Warning-WIDTH: /tmp/finn_dev_emanuel-hernandez/vivado_stitch_proj_drjl_8y4/finn_design_wrapper.v:9846:34: Operator ASSIGNW expects 23 bits on the Assign RHS, but Assign RHS's VARREF 'p_ZL7threshs_2_14_q0' generates 17 bits.
[2026-04-21 23:29:33,828]                                                                                                          : ... In instance finn_design_wrapper.finn_design_i.MVAU_hls_0.MVAU_hls_0.inst.grp_Matrix_Vector_Activate_Stream_Batch_fu_150
[2026-04-21 23:29:33,828]  9846 | assign zext_ln1039_35_fu_7478_p1 = p_ZL7threshs_2_14_q0;
[2026-04-21 23:29:33,828]       |                                  ^
[2026-04-21 23:29:33,828] %Warning-WIDTH: /tmp/finn_dev_emanuel-hernandez/vivado_stitch_proj_drjl_8y4/finn_design_wrapper.v:9848:34: Operator ASSIGNW expects 23 bits on the Assign RHS, but Assign RHS's VARREF 'p_ZL7threshs_3_4_q0' generates 16 bits.
[2026-04-21 23:29:33,828]                                                                                                          : ... In instance finn_design_wrapper.finn_design_i.MVAU_hls_0.MVAU_hls_0.inst.grp_Matrix_Vector_Activate_Stream_Batch_fu_150
[2026-04-21 23:29:33,828]  9848 | assign zext_ln1039_36_fu_7616_p1 = p_ZL7threshs_3_4_q0;
[2026-04-21 23:29:33,828]       |                                  ^
[2026-04-21 23:29:33,828] %Warning-WIDTH: /tmp/finn_dev_emanuel-hernandez/vivado_stitch_proj_drjl_8y4/finn_design_wrapper.v:9850:34: Operator ASSIGNW expects 23 bits on the Assign RHS, but Assign RHS's VARREF 'p_ZL7threshs_3_5_q0' generates 17 bits.
[2026-04-21 23:29:33,828]                                                                                                          : ... In instance finn_design_wrapper.finn_design_i.MVAU_hls_0.MVAU_hls_0.inst.grp_Matrix_Vector_Activate_Stream_Batch_fu_150
[2026-04-21 23:29:33,828]  9850 | assign zext_ln1039_37_fu_7636_p1 = p_ZL7threshs_3_5_q0;
[2026-04-21 23:29:33,828]       |                                  ^
[2026-04-21 23:29:33,828] %Warning-WIDTH: /tmp/finn_dev_emanuel-hernandez/vivado_stitch_proj_drjl_8y4/finn_design_wrapper.v:9852:34: Operator ASSIGNW expects 23 bits on the Assign RHS, but Assign RHS's VARREF 'p_ZL7threshs_3_6_q0' generates 17 bits.
[2026-04-21 23:29:33,828]                                                                                                          : ... In instance finn_design_wrapper.finn_design_i.MVAU_hls_0.MVAU_hls_0.inst.grp_Matrix_Vector_Activate_Stream_Batch_fu_150
[2026-04-21 23:29:33,828]  9852 | assign zext_ln1039_38_fu_7656_p1 = p_ZL7threshs_3_6_q0;
[2026-04-21 23:29:33,828]       |                                  ^
[2026-04-21 23:29:33,828] %Warning-WIDTH: /tmp/finn_dev_emanuel-hernandez/vivado_stitch_proj_drjl_8y4/finn_design_wrapper.v:9854:34: Operator ASSIGNW expects 23 bits on the Assign RHS, but Assign RHS's VARREF 'p_ZL7threshs_3_7_q0' generates 17 bits.
[2026-04-21 23:29:33,828]                                                                                                          : ... In instance finn_design_wrapper.finn_design_i.MVAU_hls_0.MVAU_hls_0.inst.grp_Matrix_Vector_Activate_Stream_Batch_fu_150
[2026-04-21 23:29:33,828]  9854 | assign zext_ln1039_39_fu_7676_p1 = p_ZL7threshs_3_7_q0;
[2026-04-21 23:29:33,828]       |                                  ^
[2026-04-21 23:29:33,828] %Warning-WIDTH: /tmp/finn_dev_emanuel-hernandez/vivado_stitch_proj_drjl_8y4/finn_design_wrapper.v:9856:33: Operator ASSIGNW expects 23 bits on the Assign RHS, but Assign RHS's VARREF 'p_ZL7threshs_0_5_q0' generates 17 bits.
[2026-04-21 23:29:33,829]                                                                                                          : ... In instance finn_design_wrapper.finn_design_i.MVAU_hls_0.MVAU_hls_0.inst.grp_Matrix_Vector_Activate_Stream_Batch_fu_150
[2026-04-21 23:29:33,829]  9856 | assign zext_ln1039_3_fu_6832_p1 = p_ZL7threshs_0_5_q0;
[2026-04-21 23:29:33,829]       |                                 ^
[2026-04-21 23:29:33,829] %Warning-WIDTH: /tmp/finn_dev_emanuel-hernandez/vivado_stitch_proj_drjl_8y4/finn_design_wrapper.v:9858:34: Operator ASSIGNW expects 23 bits on the Assign RHS, but Assign RHS's VARREF 'p_ZL7threshs_3_8_q0' generates 17 bits.
[2026-04-21 23:29:33,829]                                                                                                          : ... In instance finn_design_wrapper.finn_design_i.MVAU_hls_0.MVAU_hls_0.inst.grp_Matrix_Vector_Activate_Stream_Batch_fu_150
[2026-04-21 23:29:33,829]  9858 | assign zext_ln1039_40_fu_7686_p1 = p_ZL7threshs_3_8_q0;
[2026-04-21 23:29:33,829]       |                                  ^
[2026-04-21 23:29:33,829] %Warning-WIDTH: /tmp/finn_dev_emanuel-hernandez/vivado_stitch_proj_drjl_8y4/finn_design_wrapper.v:9860:34: Operator ASSIGNW expects 23 bits on the Assign RHS, but Assign RHS's VARREF 'p_ZL7threshs_3_9_q0' generates 17 bits.
[2026-04-21 23:29:33,829]                                                                                                          : ... In instance finn_design_wrapper.finn_design_i.MVAU_hls_0.MVAU_hls_0.inst.grp_Matrix_Vector_Activate_Stream_Batch_fu_150
[2026-04-21 23:29:33,829]  9860 | assign zext_ln1039_41_fu_7696_p1 = p_ZL7threshs_3_9_q0;
[2026-04-21 23:29:33,829]       |                                  ^
[2026-04-21 23:29:33,829] %Warning-WIDTH: /tmp/finn_dev_emanuel-hernandez/vivado_stitch_proj_drjl_8y4/finn_design_wrapper.v:9862:34: Operator ASSIGNW expects 23 bits on the Assign RHS, but Assign RHS's VARREF 'p_ZL7threshs_3_10_q0' generates 17 bits.
[2026-04-21 23:29:33,829]                                                                                                          : ... In instance finn_design_wrapper.finn_design_i.MVAU_hls_0.MVAU_hls_0.inst.grp_Matrix_Vector_Activate_Stream_Batch_fu_150
[2026-04-21 23:29:33,829]  9862 | assign zext_ln1039_42_fu_7706_p1 = p_ZL7threshs_3_10_q0;
[2026-04-21 23:29:33,829]       |                                  ^
[2026-04-21 23:29:33,829] %Warning-WIDTH: /tmp/finn_dev_emanuel-hernandez/vivado_stitch_proj_drjl_8y4/finn_design_wrapper.v:9864:34: Operator ASSIGNW expects 23 bits on the Assign RHS, but Assign RHS's VARREF 'p_ZL7threshs_3_11_q0' generates 17 bits.
[2026-04-21 23:29:33,829]                                                                                                          : ... In instance finn_design_wrapper.finn_design_i.MVAU_hls_0.MVAU_hls_0.inst.grp_Matrix_Vector_Activate_Stream_Batch_fu_150
[2026-04-21 23:29:33,829]  9864 | assign zext_ln1039_43_fu_7716_p1 = p_ZL7threshs_3_11_q0;
[2026-04-21 23:29:33,829]       |                                  ^
[2026-04-21 23:29:33,829] %Warning-WIDTH: /tmp/finn_dev_emanuel-hernandez/vivado_stitch_proj_drjl_8y4/finn_design_wrapper.v:9866:34: Operator ASSIGNW expects 23 bits on the Assign RHS, but Assign RHS's VARREF 'p_ZL7threshs_3_12_q0' generates 17 bits.
[2026-04-21 23:29:33,829]                                                                                                          : ... In instance finn_design_wrapper.finn_design_i.MVAU_hls_0.MVAU_hls_0.inst.grp_Matrix_Vector_Activate_Stream_Batch_fu_150
[2026-04-21 23:29:33,829]  9866 | assign zext_ln1039_44_fu_7726_p1 = p_ZL7threshs_3_12_q0;
[2026-04-21 23:29:33,829]       |                                  ^
[2026-04-21 23:29:33,829] %Warning-WIDTH: /tmp/finn_dev_emanuel-hernandez/vivado_stitch_proj_drjl_8y4/finn_design_wrapper.v:9868:34: Operator ASSIGNW expects 23 bits on the Assign RHS, but Assign RHS's VARREF 'p_ZL7threshs_3_13_q0' generates 17 bits.
[2026-04-21 23:29:33,829]                                                                                                          : ... In instance finn_design_wrapper.finn_design_i.MVAU_hls_0.MVAU_hls_0.inst.grp_Matrix_Vector_Activate_Stream_Batch_fu_150
[2026-04-21 23:29:33,829]  9868 | assign zext_ln1039_45_fu_7736_p1 = p_ZL7threshs_3_13_q0;
[2026-04-21 23:29:33,829]       |                                  ^
[2026-04-21 23:29:33,829] %Warning-WIDTH: /tmp/finn_dev_emanuel-hernandez/vivado_stitch_proj_drjl_8y4/finn_design_wrapper.v:9870:34: Operator ASSIGNW expects 23 bits on the Assign RHS, but Assign RHS's VARREF 'p_ZL7threshs_3_14_q0' generates 17 bits.
[2026-04-21 23:29:33,829]                                                                                                          : ... In instance finn_design_wrapper.finn_design_i.MVAU_hls_0.MVAU_hls_0.inst.grp_Matrix_Vector_Activate_Stream_Batch_fu_150
[2026-04-21 23:29:33,829]  9870 | assign zext_ln1039_46_fu_7746_p1 = p_ZL7threshs_3_14_q0;
[2026-04-21 23:29:33,829]       |                                  ^
[2026-04-21 23:29:33,829] %Warning-WIDTH: /tmp/finn_dev_emanuel-hernandez/vivado_stitch_proj_drjl_8y4/finn_design_wrapper.v:9872:33: Operator ASSIGNW expects 23 bits on the Assign RHS, but Assign RHS's VARREF 'p_ZL7threshs_0_6_q0' generates 17 bits.
[2026-04-21 23:29:33,829]                                                                                                          : ... In instance finn_design_wrapper.finn_design_i.MVAU_hls_0.MVAU_hls_0.inst.grp_Matrix_Vector_Activate_Stream_Batch_fu_150
[2026-04-21 23:29:33,829]  9872 | assign zext_ln1039_4_fu_6852_p1 = p_ZL7threshs_0_6_q0;
[2026-04-21 23:29:33,829]       |                                 ^
[2026-04-21 23:29:33,829] %Warning-WIDTH: /tmp/finn_dev_emanuel-hernandez/vivado_stitch_proj_drjl_8y4/finn_design_wrapper.v:9874:33: Operator ASSIGNW expects 23 bits on the Assign RHS, but Assign RHS's VARREF 'p_ZL7threshs_0_7_q0' generates 17 bits.
[2026-04-21 23:29:33,829]                                                                                                          : ... In instance finn_design_wrapper.finn_design_i.MVAU_hls_0.MVAU_hls_0.inst.grp_Matrix_Vector_Activate_Stream_Batch_fu_150
[2026-04-21 23:29:33,829]  9874 | assign zext_ln1039_5_fu_6872_p1 = p_ZL7threshs_0_7_q0;
[2026-04-21 23:29:33,829]       |                                 ^
[2026-04-21 23:29:33,829] %Warning-WIDTH: /tmp/finn_dev_emanuel-hernandez/vivado_stitch_proj_drjl_8y4/finn_design_wrapper.v:9876:33: Operator ASSIGNW expects 23 bits on the Assign RHS, but Assign RHS's VARREF 'p_ZL7threshs_0_8_q0' generates 17 bits.
[2026-04-21 23:29:33,829]                                                                                                          : ... In instance finn_design_wrapper.finn_design_i.MVAU_hls_0.MVAU_hls_0.inst.grp_Matrix_Vector_Activate_Stream_Batch_fu_150
[2026-04-21 23:29:33,829]  9876 | assign zext_ln1039_6_fu_6882_p1 = p_ZL7threshs_0_8_q0;
[2026-04-21 23:29:33,829]       |                                 ^
[2026-04-21 23:29:33,829] %Warning-WIDTH: /tmp/finn_dev_emanuel-hernandez/vivado_stitch_proj_drjl_8y4/finn_design_wrapper.v:9878:33: Operator ASSIGNW expects 23 bits on the Assign RHS, but Assign RHS's VARREF 'p_ZL7threshs_0_9_q0' generates 17 bits.
[2026-04-21 23:29:33,829]                                                                                                          : ... In instance finn_design_wrapper.finn_design_i.MVAU_hls_0.MVAU_hls_0.inst.grp_Matrix_Vector_Activate_Stream_Batch_fu_150
[2026-04-21 23:29:33,829]  9878 | assign zext_ln1039_7_fu_6892_p1 = p_ZL7threshs_0_9_q0;
[2026-04-21 23:29:33,829]       |                                 ^
[2026-04-21 23:29:33,829] %Warning-WIDTH: /tmp/finn_dev_emanuel-hernandez/vivado_stitch_proj_drjl_8y4/finn_design_wrapper.v:9880:33: Operator ASSIGNW expects 23 bits on the Assign RHS, but Assign RHS's VARREF 'p_ZL7threshs_0_10_q0' generates 17 bits.
[2026-04-21 23:29:33,829]                                                                                                          : ... In instance finn_design_wrapper.finn_design_i.MVAU_hls_0.MVAU_hls_0.inst.grp_Matrix_Vector_Activate_Stream_Batch_fu_150
[2026-04-21 23:29:33,829]  9880 | assign zext_ln1039_8_fu_6902_p1 = p_ZL7threshs_0_10_q0;
[2026-04-21 23:29:33,829]       |                                 ^
[2026-04-21 23:29:33,829] %Warning-WIDTH: /tmp/finn_dev_emanuel-hernandez/vivado_stitch_proj_drjl_8y4/finn_design_wrapper.v:9882:33: Operator ASSIGNW expects 23 bits on the Assign RHS, but Assign RHS's VARREF 'p_ZL7threshs_0_11_q0' generates 17 bits.
[2026-04-21 23:29:33,829]                                                                                                          : ... In instance finn_design_wrapper.finn_design_i.MVAU_hls_0.MVAU_hls_0.inst.grp_Matrix_Vector_Activate_Stream_Batch_fu_150
[2026-04-21 23:29:33,829]  9882 | assign zext_ln1039_9_fu_6912_p1 = p_ZL7threshs_0_11_q0;
[2026-04-21 23:29:33,829]       |                                 ^
[2026-04-21 23:29:33,829] %Warning-WIDTH: /tmp/finn_dev_emanuel-hernandez/vivado_stitch_proj_drjl_8y4/finn_design_wrapper.v:9884:31: Operator ASSIGNW expects 23 bits on the Assign RHS, but Assign RHS's VARREF 'p_ZL7threshs_0_2_q0' generates 16 bits.
[2026-04-21 23:29:33,829]                                                                                                          : ... In instance finn_design_wrapper.finn_design_i.MVAU_hls_0.MVAU_hls_0.inst.grp_Matrix_Vector_Activate_Stream_Batch_fu_150
[2026-04-21 23:29:33,829]  9884 | assign zext_ln1039_fu_6772_p1 = p_ZL7threshs_0_2_q0;
[2026-04-21 23:29:33,829]       |                               ^
[2026-04-21 23:29:33,829] %Warning-WIDTH: /tmp/finn_dev_emanuel-hernandez/vivado_stitch_proj_drjl_8y4/finn_design_wrapper.v:9886:32: Operator ASSIGNW expects 2 bits on the Assign RHS, but Assign RHS's VARREF 'result_V_2_fu_7010_p2' generates 1 bits.
[2026-04-21 23:29:33,829]                                                                                                          : ... In instance finn_design_wrapper.finn_design_i.MVAU_hls_0.MVAU_hls_0.inst.grp_Matrix_Vector_Activate_Stream_Batch_fu_150
[2026-04-21 23:29:33,829]  9886 | assign zext_ln215_1_fu_7016_p1 = result_V_2_fu_7010_p2;
[2026-04-21 23:29:33,829]       |                                ^
[2026-04-21 23:29:33,829] %Warning-WIDTH: /tmp/finn_dev_emanuel-hernandez/vivado_stitch_proj_drjl_8y4/finn_design_wrapper.v:9888:32: Operator ASSIGNW expects 2 bits on the Assign RHS, but Assign RHS's VARREF 'result_V_4_fu_7278_p2' generates 1 bits.
[2026-04-21 23:29:33,829]                                                                                                          : ... In instance finn_design_wrapper.finn_design_i.MVAU_hls_0.MVAU_hls_0.inst.grp_Matrix_Vector_Activate_Stream_Batch_fu_150
[2026-04-21 23:29:33,829]  9888 | assign zext_ln215_2_fu_7284_p1 = result_V_4_fu_7278_p2;
[2026-04-21 23:29:33,829]       |                                ^
[2026-04-21 23:29:33,829] %Warning-WIDTH: /tmp/finn_dev_emanuel-hernandez/vivado_stitch_proj_drjl_8y4/finn_design_wrapper.v:9890:32: Operator ASSIGNW expects 2 bits on the Assign RHS, but Assign RHS's VARREF 'result_V_6_fu_7546_p2' generates 1 bits.
[2026-04-21 23:29:33,829]                                                                                                          : ... In instance finn_design_wrapper.finn_design_i.MVAU_hls_0.MVAU_hls_0.inst.grp_Matrix_Vector_Activate_Stream_Batch_fu_150
[2026-04-21 23:29:33,829]  9890 | assign zext_ln215_3_fu_7552_p1 = result_V_6_fu_7546_p2;
[2026-04-21 23:29:33,829]       |                                ^
[2026-04-21 23:29:33,829] %Warning-WIDTH: /tmp/finn_dev_emanuel-hernandez/vivado_stitch_proj_drjl_8y4/finn_design_wrapper.v:9892:30: Operator ASSIGNW expects 2 bits on the Assign RHS, but Assign RHS's VARREF 'result_V_fu_6742_p2' generates 1 bits.
[2026-04-21 23:29:33,829]                                                                                                          : ... In instance finn_design_wrapper.finn_design_i.MVAU_hls_0.MVAU_hls_0.inst.grp_Matrix_Vector_Activate_Stream_Batch_fu_150
[2026-04-21 23:29:33,829]  9892 | assign zext_ln215_fu_6748_p1 = result_V_fu_6742_p2;
[2026-04-21 23:29:33,829]       |                              ^
[2026-04-21 23:29:33,829] %Warning-WIDTH: /tmp/finn_dev_emanuel-hernandez/vivado_stitch_proj_drjl_8y4/finn_design_wrapper.v:9894:33: Operator ASSIGNW expects 2 bits on the Assign RHS, but Assign RHS's VARREF 'xor_ln1039_10_fu_7860_p2' generates 1 bits.
[2026-04-21 23:29:33,829]                                                                                                          : ... In instance finn_design_wrapper.finn_design_i.MVAU_hls_0.MVAU_hls_0.inst.grp_Matrix_Vector_Activate_Stream_Batch_fu_150
[2026-04-21 23:29:33,829]  9894 | assign zext_ln218_10_fu_7865_p1 = xor_ln1039_10_fu_7860_p2;
[2026-04-21 23:29:33,829]       |                                 ^
[2026-04-21 23:29:33,829] %Warning-WIDTH: /tmp/finn_dev_emanuel-hernandez/vivado_stitch_proj_drjl_8y4/finn_design_wrapper.v:9896:33: Operator ASSIGNW expects 2 bits on the Assign RHS, but Assign RHS's VARREF 'xor_ln1039_11_fu_7869_p2' generates 1 bits.
[2026-04-21 23:29:33,829]                                                                                                          : ... In instance finn_design_wrapper.finn_design_i.MVAU_hls_0.MVAU_hls_0.inst.grp_Matrix_Vector_Activate_Stream_Batch_fu_150
[2026-04-21 23:29:33,829]  9896 | assign zext_ln218_11_fu_7874_p1 = xor_ln1039_11_fu_7869_p2;
[2026-04-21 23:29:33,829]       |                                 ^
[2026-04-21 23:29:33,829] %Warning-WIDTH: /tmp/finn_dev_emanuel-hernandez/vivado_stitch_proj_drjl_8y4/finn_design_wrapper.v:9898:33: Operator ASSIGNW expects 2 bits on the Assign RHS, but Assign RHS's VARREF 'xor_ln1039_12_fu_7878_p2' generates 1 bits.
[2026-04-21 23:29:33,829]                                                                                                          : ... In instance finn_design_wrapper.finn_design_i.MVAU_hls_0.MVAU_hls_0.inst.grp_Matrix_Vector_Activate_Stream_Batch_fu_150
[2026-04-21 23:29:33,829]  9898 | assign zext_ln218_12_fu_7883_p1 = xor_ln1039_12_fu_7878_p2;
[2026-04-21 23:29:33,829]       |                                 ^
[2026-04-21 23:29:33,829] %Warning-WIDTH: /tmp/finn_dev_emanuel-hernandez/vivado_stitch_proj_drjl_8y4/finn_design_wrapper.v:9900:33: Operator ASSIGNW expects 2 bits on the Assign RHS, but Assign RHS's VARREF 'xor_ln1039_15_fu_7030_p2' generates 1 bits.
[2026-04-21 23:29:33,829]                                                                                                          : ... In instance finn_design_wrapper.finn_design_i.MVAU_hls_0.MVAU_hls_0.inst.grp_Matrix_Vector_Activate_Stream_Batch_fu_150
[2026-04-21 23:29:33,829]  9900 | assign zext_ln218_13_fu_7036_p1 = xor_ln1039_15_fu_7030_p2;
[2026-04-21 23:29:33,829]       |                                 ^
[2026-04-21 23:29:33,829] %Warning-WIDTH: /tmp/finn_dev_emanuel-hernandez/vivado_stitch_proj_drjl_8y4/finn_design_wrapper.v:9902:33: Operator ASSIGNW expects 2 bits on the Assign RHS, but Assign RHS's VARREF 'xor_ln1039_16_fu_7050_p2' generates 1 bits.
[2026-04-21 23:29:33,829]                                                                                                          : ... In instance finn_design_wrapper.finn_design_i.MVAU_hls_0.MVAU_hls_0.inst.grp_Matrix_Vector_Activate_Stream_Batch_fu_150
[2026-04-21 23:29:33,829]  9902 | assign zext_ln218_14_fu_7056_p1 = xor_ln1039_16_fu_7050_p2;
[2026-04-21 23:29:33,829]       |                                 ^
[2026-04-21 23:29:33,829] %Warning-WIDTH: /tmp/finn_dev_emanuel-hernandez/vivado_stitch_proj_drjl_8y4/finn_design_wrapper.v:9904:33: Operator ASSIGNW expects 2 bits on the Assign RHS, but Assign RHS's VARREF 'xor_ln1039_17_fu_7070_p2' generates 1 bits.
[2026-04-21 23:29:33,829]                                                                                                          : ... In instance finn_design_wrapper.finn_design_i.MVAU_hls_0.MVAU_hls_0.inst.grp_Matrix_Vector_Activate_Stream_Batch_fu_150
[2026-04-21 23:29:33,829]  9904 | assign zext_ln218_15_fu_7076_p1 = xor_ln1039_17_fu_7070_p2;
[2026-04-21 23:29:33,829]       |                                 ^
[2026-04-21 23:29:33,829] %Warning-WIDTH: /tmp/finn_dev_emanuel-hernandez/vivado_stitch_proj_drjl_8y4/finn_design_wrapper.v:9906:33: Operator ASSIGNW expects 2 bits on the Assign RHS, but Assign RHS's VARREF 'xor_ln1039_18_fu_7090_p2' generates 1 bits.
[2026-04-21 23:29:33,829]                                                                                                          : ... In instance finn_design_wrapper.finn_design_i.MVAU_hls_0.MVAU_hls_0.inst.grp_Matrix_Vector_Activate_Stream_Batch_fu_150
[2026-04-21 23:29:33,829]  9906 | assign zext_ln218_16_fu_7096_p1 = xor_ln1039_18_fu_7090_p2;
[2026-04-21 23:29:33,829]       |                                 ^
[2026-04-21 23:29:33,829] %Warning-WIDTH: /tmp/finn_dev_emanuel-hernandez/vivado_stitch_proj_drjl_8y4/finn_design_wrapper.v:9908:33: Operator ASSIGNW expects 2 bits on the Assign RHS, but Assign RHS's VARREF 'xor_ln1039_19_fu_7110_p2' generates 1 bits.
[2026-04-21 23:29:33,829]                                                                                                          : ... In instance finn_design_wrapper.finn_design_i.MVAU_hls_0.MVAU_hls_0.inst.grp_Matrix_Vector_Activate_Stream_Batch_fu_150
[2026-04-21 23:29:33,829]  9908 | assign zext_ln218_17_fu_7116_p1 = xor_ln1039_19_fu_7110_p2;
[2026-04-21 23:29:33,829]       |                                 ^
[2026-04-21 23:29:33,829] %Warning-WIDTH: /tmp/finn_dev_emanuel-hernandez/vivado_stitch_proj_drjl_8y4/finn_design_wrapper.v:9910:33: Operator ASSIGNW expects 2 bits on the Assign RHS, but Assign RHS's VARREF 'xor_ln1039_20_fu_7130_p2' generates 1 bits.
[2026-04-21 23:29:33,829]                                                                                                          : ... In instance finn_design_wrapper.finn_design_i.MVAU_hls_0.MVAU_hls_0.inst.grp_Matrix_Vector_Activate_Stream_Batch_fu_150
[2026-04-21 23:29:33,829]  9910 | assign zext_ln218_18_fu_7136_p1 = xor_ln1039_20_fu_7130_p2;
[2026-04-21 23:29:33,829]       |                                 ^
[2026-04-21 23:29:33,829] %Warning-WIDTH: /tmp/finn_dev_emanuel-hernandez/vivado_stitch_proj_drjl_8y4/finn_design_wrapper.v:9912:33: Operator ASSIGNW expects 2 bits on the Assign RHS, but Assign RHS's VARREF 'xor_ln1039_21_fu_7971_p2' generates 1 bits.
[2026-04-21 23:29:33,829]                                                                                                          : ... In instance finn_design_wrapper.finn_design_i.MVAU_hls_0.MVAU_hls_0.inst.grp_Matrix_Vector_Activate_Stream_Batch_fu_150
[2026-04-21 23:29:33,829]  9912 | assign zext_ln218_19_fu_7976_p1 = xor_ln1039_21_fu_7971_p2;
[2026-04-21 23:29:33,829]       |                                 ^
[2026-04-21 23:29:33,829] %Warning-WIDTH: /tmp/finn_dev_emanuel-hernandez/vivado_stitch_proj_drjl_8y4/finn_design_wrapper.v:9914:32: Operator ASSIGNW expects 2 bits on the Assign RHS, but Assign RHS's VARREF 'xor_ln1039_1_fu_6782_p2' generates 1 bits.
[2026-04-21 23:29:33,829]                                                                                                          : ... In instance finn_design_wrapper.finn_design_i.MVAU_hls_0.MVAU_hls_0.inst.grp_Matrix_Vector_Activate_Stream_Batch_fu_150
[2026-04-21 23:29:33,829]  9914 | assign zext_ln218_1_fu_6788_p1 = xor_ln1039_1_fu_6782_p2;
[2026-04-21 23:29:33,829]       |                                ^
[2026-04-21 23:29:33,829] %Warning-WIDTH: /tmp/finn_dev_emanuel-hernandez/vivado_stitch_proj_drjl_8y4/finn_design_wrapper.v:9916:33: Operator ASSIGNW expects 2 bits on the Assign RHS, but Assign RHS's VARREF 'xor_ln1039_22_fu_7980_p2' generates 1 bits.
[2026-04-21 23:29:33,829]                                                                                                          : ... In instance finn_design_wrapper.finn_design_i.MVAU_hls_0.MVAU_hls_0.inst.grp_Matrix_Vector_Activate_Stream_Batch_fu_150
[2026-04-21 23:29:33,829]  9916 | assign zext_ln218_20_fu_7985_p1 = xor_ln1039_22_fu_7980_p2;
[2026-04-21 23:29:33,829]       |                                 ^
[2026-04-21 23:29:33,829] %Warning-WIDTH: /tmp/finn_dev_emanuel-hernandez/vivado_stitch_proj_drjl_8y4/finn_design_wrapper.v:9918:33: Operator ASSIGNW expects 2 bits on the Assign RHS, but Assign RHS's VARREF 'xor_ln1039_23_fu_7989_p2' generates 1 bits.
[2026-04-21 23:29:33,830]                                                                                                          : ... In instance finn_design_wrapper.finn_design_i.MVAU_hls_0.MVAU_hls_0.inst.grp_Matrix_Vector_Activate_Stream_Batch_fu_150
[2026-04-21 23:29:33,830]  9918 | assign zext_ln218_21_fu_7994_p1 = xor_ln1039_23_fu_7989_p2;
[2026-04-21 23:29:33,830]       |                                 ^
[2026-04-21 23:29:33,830] %Warning-WIDTH: /tmp/finn_dev_emanuel-hernandez/vivado_stitch_proj_drjl_8y4/finn_design_wrapper.v:9920:33: Operator ASSIGNW expects 2 bits on the Assign RHS, but Assign RHS's VARREF 'xor_ln1039_24_fu_7998_p2' generates 1 bits.
[2026-04-21 23:29:33,830]                                                                                                          : ... In instance finn_design_wrapper.finn_design_i.MVAU_hls_0.MVAU_hls_0.inst.grp_Matrix_Vector_Activate_Stream_Batch_fu_150
[2026-04-21 23:29:33,830]  9920 | assign zext_ln218_22_fu_8003_p1 = xor_ln1039_24_fu_7998_p2;
[2026-04-21 23:29:33,830]       |                                 ^
[2026-04-21 23:29:33,830] %Warning-WIDTH: /tmp/finn_dev_emanuel-hernandez/vivado_stitch_proj_drjl_8y4/finn_design_wrapper.v:9922:33: Operator ASSIGNW expects 2 bits on the Assign RHS, but Assign RHS's VARREF 'xor_ln1039_25_fu_8007_p2' generates 1 bits.
[2026-04-21 23:29:33,830]                                                                                                          : ... In instance finn_design_wrapper.finn_design_i.MVAU_hls_0.MVAU_hls_0.inst.grp_Matrix_Vector_Activate_Stream_Batch_fu_150
[2026-04-21 23:29:33,830]  9922 | assign zext_ln218_23_fu_8012_p1 = xor_ln1039_25_fu_8007_p2;
[2026-04-21 23:29:33,830]       |                                 ^
[2026-04-21 23:29:33,830] %Warning-WIDTH: /tmp/finn_dev_emanuel-hernandez/vivado_stitch_proj_drjl_8y4/finn_design_wrapper.v:9924:33: Operator ASSIGNW expects 2 bits on the Assign RHS, but Assign RHS's VARREF 'xor_ln1039_26_fu_8016_p2' generates 1 bits.
[2026-04-21 23:29:33,830]                                                                                                          : ... In instance finn_design_wrapper.finn_design_i.MVAU_hls_0.MVAU_hls_0.inst.grp_Matrix_Vector_Activate_Stream_Batch_fu_150
[2026-04-21 23:29:33,830]  9924 | assign zext_ln218_24_fu_8021_p1 = xor_ln1039_26_fu_8016_p2;
[2026-04-21 23:29:33,830]       |                                 ^
[2026-04-21 23:29:33,830] %Warning-WIDTH: /tmp/finn_dev_emanuel-hernandez/vivado_stitch_proj_drjl_8y4/finn_design_wrapper.v:9926:33: Operator ASSIGNW expects 2 bits on the Assign RHS, but Assign RHS's VARREF 'xor_ln1039_27_fu_8025_p2' generates 1 bits.
[2026-04-21 23:29:33,830]                                                                                                          : ... In instance finn_design_wrapper.finn_design_i.MVAU_hls_0.MVAU_hls_0.inst.grp_Matrix_Vector_Activate_Stream_Batch_fu_150
[2026-04-21 23:29:33,830]  9926 | assign zext_ln218_25_fu_8030_p1 = xor_ln1039_27_fu_8025_p2;
[2026-04-21 23:29:33,830]       |                                 ^
[2026-04-21 23:29:33,830] %Warning-WIDTH: /tmp/finn_dev_emanuel-hernandez/vivado_stitch_proj_drjl_8y4/finn_design_wrapper.v:9928:33: Operator ASSIGNW expects 2 bits on the Assign RHS, but Assign RHS's VARREF 'xor_ln1039_30_fu_7298_p2' generates 1 bits.
[2026-04-21 23:29:33,830]                                                                                                          : ... In instance finn_design_wrapper.finn_design_i.MVAU_hls_0.MVAU_hls_0.inst.grp_Matrix_Vector_Activate_Stream_Batch_fu_150
[2026-04-21 23:29:33,830]  9928 | assign zext_ln218_26_fu_7304_p1 = xor_ln1039_30_fu_7298_p2;
[2026-04-21 23:29:33,830]       |                                 ^
[2026-04-21 23:29:33,830] %Warning-WIDTH: /tmp/finn_dev_emanuel-hernandez/vivado_stitch_proj_drjl_8y4/finn_design_wrapper.v:9930:33: Operator ASSIGNW expects 2 bits on the Assign RHS, but Assign RHS's VARREF 'xor_ln1039_31_fu_7318_p2' generates 1 bits.
[2026-04-21 23:29:33,830]                                                                                                          : ... In instance finn_design_wrapper.finn_design_i.MVAU_hls_0.MVAU_hls_0.inst.grp_Matrix_Vector_Activate_Stream_Batch_fu_150
[2026-04-21 23:29:33,830]  9930 | assign zext_ln218_27_fu_7324_p1 = xor_ln1039_31_fu_7318_p2;
[2026-04-21 23:29:33,830]       |                                 ^
[2026-04-21 23:29:33,830] %Warning-WIDTH: /tmp/finn_dev_emanuel-hernandez/vivado_stitch_proj_drjl_8y4/finn_design_wrapper.v:9932:33: Operator ASSIGNW expects 2 bits on the Assign RHS, but Assign RHS's VARREF 'xor_ln1039_32_fu_7338_p2' generates 1 bits.
[2026-04-21 23:29:33,830]                                                                                                          : ... In instance finn_design_wrapper.finn_design_i.MVAU_hls_0.MVAU_hls_0.inst.grp_Matrix_Vector_Activate_Stream_Batch_fu_150
[2026-04-21 23:29:33,830]  9932 | assign zext_ln218_28_fu_7344_p1 = xor_ln1039_32_fu_7338_p2;
[2026-04-21 23:29:33,830]       |                                 ^
[2026-04-21 23:29:33,830] %Warning-WIDTH: /tmp/finn_dev_emanuel-hernandez/vivado_stitch_proj_drjl_8y4/finn_design_wrapper.v:9934:33: Operator ASSIGNW expects 2 bits on the Assign RHS, but Assign RHS's VARREF 'xor_ln1039_33_fu_7358_p2' generates 1 bits.
[2026-04-21 23:29:33,830]                                                                                                          : ... In instance finn_design_wrapper.finn_design_i.MVAU_hls_0.MVAU_hls_0.inst.grp_Matrix_Vector_Activate_Stream_Batch_fu_150
[2026-04-21 23:29:33,830]  9934 | assign zext_ln218_29_fu_7364_p1 = xor_ln1039_33_fu_7358_p2;
[2026-04-21 23:29:33,830]       |                                 ^
[2026-04-21 23:29:33,830] %Warning-WIDTH: /tmp/finn_dev_emanuel-hernandez/vivado_stitch_proj_drjl_8y4/finn_design_wrapper.v:9936:32: Operator ASSIGNW expects 2 bits on the Assign RHS, but Assign RHS's VARREF 'xor_ln1039_2_fu_6802_p2' generates 1 bits.
[2026-04-21 23:29:33,830]                                                                                                          : ... In instance finn_design_wrapper.finn_design_i.MVAU_hls_0.MVAU_hls_0.inst.grp_Matrix_Vector_Activate_Stream_Batch_fu_150
[2026-04-21 23:29:33,830]  9936 | assign zext_ln218_2_fu_6808_p1 = xor_ln1039_2_fu_6802_p2;
[2026-04-21 23:29:33,830]       |                                ^
[2026-04-21 23:29:33,830] %Warning-WIDTH: /tmp/finn_dev_emanuel-hernandez/vivado_stitch_proj_drjl_8y4/finn_design_wrapper.v:9938:33: Operator ASSIGNW expects 2 bits on the Assign RHS, but Assign RHS's VARREF 'xor_ln1039_34_fu_7378_p2' generates 1 bits.
[2026-04-21 23:29:33,830]                                                                                                          : ... In instance finn_design_wrapper.finn_design_i.MVAU_hls_0.MVAU_hls_0.inst.grp_Matrix_Vector_Activate_Stream_Batch_fu_150
[2026-04-21 23:29:33,830]  9938 | assign zext_ln218_30_fu_7384_p1 = xor_ln1039_34_fu_7378_p2;
[2026-04-21 23:29:33,830]       |                                 ^
[2026-04-21 23:29:33,830] %Warning-WIDTH: /tmp/finn_dev_emanuel-hernandez/vivado_stitch_proj_drjl_8y4/finn_design_wrapper.v:9940:33: Operator ASSIGNW expects 2 bits on the Assign RHS, but Assign RHS's VARREF 'xor_ln1039_35_fu_7398_p2' generates 1 bits.
[2026-04-21 23:29:33,830]                                                                                                          : ... In instance finn_design_wrapper.finn_design_i.MVAU_hls_0.MVAU_hls_0.inst.grp_Matrix_Vector_Activate_Stream_Batch_fu_150
[2026-04-21 23:29:33,830]  9940 | assign zext_ln218_31_fu_7404_p1 = xor_ln1039_35_fu_7398_p2;
[2026-04-21 23:29:33,830]       |                                 ^
[2026-04-21 23:29:33,830] %Warning-WIDTH: /tmp/finn_dev_emanuel-hernandez/vivado_stitch_proj_drjl_8y4/finn_design_wrapper.v:9942:33: Operator ASSIGNW expects 2 bits on the Assign RHS, but Assign RHS's VARREF 'xor_ln1039_36_fu_8118_p2' generates 1 bits.
[2026-04-21 23:29:33,830]                                                                                                          : ... In instance finn_design_wrapper.finn_design_i.MVAU_hls_0.MVAU_hls_0.inst.grp_Matrix_Vector_Activate_Stream_Batch_fu_150
[2026-04-21 23:29:33,830]  9942 | assign zext_ln218_32_fu_8123_p1 = xor_ln1039_36_fu_8118_p2;
[2026-04-21 23:29:33,830]       |                                 ^
[2026-04-21 23:29:33,830] %Warning-WIDTH: /tmp/finn_dev_emanuel-hernandez/vivado_stitch_proj_drjl_8y4/finn_design_wrapper.v:9944:33: Operator ASSIGNW expects 2 bits on the Assign RHS, but Assign RHS's VARREF 'xor_ln1039_37_fu_8127_p2' generates 1 bits.
[2026-04-21 23:29:33,830]                                                                                                          : ... In instance finn_design_wrapper.finn_design_i.MVAU_hls_0.MVAU_hls_0.inst.grp_Matrix_Vector_Activate_Stream_Batch_fu_150
[2026-04-21 23:29:33,830]  9944 | assign zext_ln218_33_fu_8132_p1 = xor_ln1039_37_fu_8127_p2;
[2026-04-21 23:29:33,830]       |                                 ^
[2026-04-21 23:29:33,830] %Warning-WIDTH: /tmp/finn_dev_emanuel-hernandez/vivado_stitch_proj_drjl_8y4/finn_design_wrapper.v:9946:33: Operator ASSIGNW expects 2 bits on the Assign RHS, but Assign RHS's VARREF 'xor_ln1039_38_fu_8136_p2' generates 1 bits.
[2026-04-21 23:29:33,830]                                                                                                          : ... In instance finn_design_wrapper.finn_design_i.MVAU_hls_0.MVAU_hls_0.inst.grp_Matrix_Vector_Activate_Stream_Batch_fu_150
[2026-04-21 23:29:33,830]  9946 | assign zext_ln218_34_fu_8141_p1 = xor_ln1039_38_fu_8136_p2;
[2026-04-21 23:29:33,830]       |                                 ^
[2026-04-21 23:29:33,830] %Warning-WIDTH: /tmp/finn_dev_emanuel-hernandez/vivado_stitch_proj_drjl_8y4/finn_design_wrapper.v:9948:33: Operator ASSIGNW expects 2 bits on the Assign RHS, but Assign RHS's VARREF 'xor_ln1039_39_fu_8145_p2' generates 1 bits.
[2026-04-21 23:29:33,830]                                                                                                          : ... In instance finn_design_wrapper.finn_design_i.MVAU_hls_0.MVAU_hls_0.inst.grp_Matrix_Vector_Activate_Stream_Batch_fu_150
[2026-04-21 23:29:33,830]  9948 | assign zext_ln218_35_fu_8150_p1 = xor_ln1039_39_fu_8145_p2;
[2026-04-21 23:29:33,830]       |                                 ^
[2026-04-21 23:29:33,830] %Warning-WIDTH: /tmp/finn_dev_emanuel-hernandez/vivado_stitch_proj_drjl_8y4/finn_design_wrapper.v:9950:33: Operator ASSIGNW expects 2 bits on the Assign RHS, but Assign RHS's VARREF 'xor_ln1039_40_fu_8154_p2' generates 1 bits.
[2026-04-21 23:29:33,830]                                                                                                          : ... In instance finn_design_wrapper.finn_design_i.MVAU_hls_0.MVAU_hls_0.inst.grp_Matrix_Vector_Activate_Stream_Batch_fu_150
[2026-04-21 23:29:33,830]  9950 | assign zext_ln218_36_fu_8159_p1 = xor_ln1039_40_fu_8154_p2;
[2026-04-21 23:29:33,830]       |                                 ^
[2026-04-21 23:29:33,830] %Warning-WIDTH: /tmp/finn_dev_emanuel-hernandez/vivado_stitch_proj_drjl_8y4/finn_design_wrapper.v:9952:33: Operator ASSIGNW expects 2 bits on the Assign RHS, but Assign RHS's VARREF 'xor_ln1039_41_fu_8163_p2' generates 1 bits.
[2026-04-21 23:29:33,830]                                                                                                          : ... In instance finn_design_wrapper.finn_design_i.MVAU_hls_0.MVAU_hls_0.inst.grp_Matrix_Vector_Activate_Stream_Batch_fu_150
[2026-04-21 23:29:33,830]  9952 | assign zext_ln218_37_fu_8168_p1 = xor_ln1039_41_fu_8163_p2;
[2026-04-21 23:29:33,830]       |                                 ^
[2026-04-21 23:29:33,830] %Warning-WIDTH: /tmp/finn_dev_emanuel-hernandez/vivado_stitch_proj_drjl_8y4/finn_design_wrapper.v:9954:33: Operator ASSIGNW expects 2 bits on the Assign RHS, but Assign RHS's VARREF 'xor_ln1039_42_fu_8172_p2' generates 1 bits.
[2026-04-21 23:29:33,830]                                                                                                          : ... In instance finn_design_wrapper.finn_design_i.MVAU_hls_0.MVAU_hls_0.inst.grp_Matrix_Vector_Activate_Stream_Batch_fu_150
[2026-04-21 23:29:33,830]  9954 | assign zext_ln218_38_fu_8177_p1 = xor_ln1039_42_fu_8172_p2;
[2026-04-21 23:29:33,830]       |                                 ^
[2026-04-21 23:29:33,830] %Warning-WIDTH: /tmp/finn_dev_emanuel-hernandez/vivado_stitch_proj_drjl_8y4/finn_design_wrapper.v:9956:33: Operator ASSIGNW expects 2 bits on the Assign RHS, but Assign RHS's VARREF 'xor_ln1039_45_fu_7566_p2' generates 1 bits.
[2026-04-21 23:29:33,830]                                                                                                          : ... In instance finn_design_wrapper.finn_design_i.MVAU_hls_0.MVAU_hls_0.inst.grp_Matrix_Vector_Activate_Stream_Batch_fu_150
[2026-04-21 23:29:33,830]  9956 | assign zext_ln218_39_fu_7572_p1 = xor_ln1039_45_fu_7566_p2;
[2026-04-21 23:29:33,830]       |                                 ^
[2026-04-21 23:29:33,830] %Warning-WIDTH: /tmp/finn_dev_emanuel-hernandez/vivado_stitch_proj_drjl_8y4/finn_design_wrapper.v:9958:32: Operator ASSIGNW expects 2 bits on the Assign RHS, but Assign RHS's VARREF 'xor_ln1039_3_fu_6822_p2' generates 1 bits.
[2026-04-21 23:29:33,830]                                                                                                          : ... In instance finn_design_wrapper.finn_design_i.MVAU_hls_0.MVAU_hls_0.inst.grp_Matrix_Vector_Activate_Stream_Batch_fu_150
[2026-04-21 23:29:33,830]  9958 | assign zext_ln218_3_fu_6828_p1 = xor_ln1039_3_fu_6822_p2;
[2026-04-21 23:29:33,830]       |                                ^
[2026-04-21 23:29:33,830] %Warning-WIDTH: /tmp/finn_dev_emanuel-hernandez/vivado_stitch_proj_drjl_8y4/finn_design_wrapper.v:9960:33: Operator ASSIGNW expects 2 bits on the Assign RHS, but Assign RHS's VARREF 'xor_ln1039_46_fu_7586_p2' generates 1 bits.
[2026-04-21 23:29:33,830]                                                                                                          : ... In instance finn_design_wrapper.finn_design_i.MVAU_hls_0.MVAU_hls_0.inst.grp_Matrix_Vector_Activate_Stream_Batch_fu_150
[2026-04-21 23:29:33,830]  9960 | assign zext_ln218_40_fu_7592_p1 = xor_ln1039_46_fu_7586_p2;
[2026-04-21 23:29:33,830]       |                                 ^
[2026-04-21 23:29:33,830] %Warning-WIDTH: /tmp/finn_dev_emanuel-hernandez/vivado_stitch_proj_drjl_8y4/finn_design_wrapper.v:9962:33: Operator ASSIGNW expects 2 bits on the Assign RHS, but Assign RHS's VARREF 'xor_ln1039_47_fu_7606_p2' generates 1 bits.
[2026-04-21 23:29:33,830]                                                                                                          : ... In instance finn_design_wrapper.finn_design_i.MVAU_hls_0.MVAU_hls_0.inst.grp_Matrix_Vector_Activate_Stream_Batch_fu_150
[2026-04-21 23:29:33,830]  9962 | assign zext_ln218_41_fu_7612_p1 = xor_ln1039_47_fu_7606_p2;
[2026-04-21 23:29:33,830]       |                                 ^
[2026-04-21 23:29:33,830] %Warning-WIDTH: /tmp/finn_dev_emanuel-hernandez/vivado_stitch_proj_drjl_8y4/finn_design_wrapper.v:9964:33: Operator ASSIGNW expects 2 bits on the Assign RHS, but Assign RHS's VARREF 'xor_ln1039_48_fu_7626_p2' generates 1 bits.
[2026-04-21 23:29:33,830]                                                                                                          : ... In instance finn_design_wrapper.finn_design_i.MVAU_hls_0.MVAU_hls_0.inst.grp_Matrix_Vector_Activate_Stream_Batch_fu_150
[2026-04-21 23:29:33,830]  9964 | assign zext_ln218_42_fu_7632_p1 = xor_ln1039_48_fu_7626_p2;
[2026-04-21 23:29:33,830]       |                                 ^
[2026-04-21 23:29:33,830] %Warning-WIDTH: /tmp/finn_dev_emanuel-hernandez/vivado_stitch_proj_drjl_8y4/finn_design_wrapper.v:9966:33: Operator ASSIGNW expects 2 bits on the Assign RHS, but Assign RHS's VARREF 'xor_ln1039_49_fu_7646_p2' generates 1 bits.
[2026-04-21 23:29:33,830]                                                                                                          : ... In instance finn_design_wrapper.finn_design_i.MVAU_hls_0.MVAU_hls_0.inst.grp_Matrix_Vector_Activate_Stream_Batch_fu_150
[2026-04-21 23:29:33,830]  9966 | assign zext_ln218_43_fu_7652_p1 = xor_ln1039_49_fu_7646_p2;
[2026-04-21 23:29:33,830]       |                                 ^
[2026-04-21 23:29:33,830] %Warning-WIDTH: /tmp/finn_dev_emanuel-hernandez/vivado_stitch_proj_drjl_8y4/finn_design_wrapper.v:9968:33: Operator ASSIGNW expects 2 bits on the Assign RHS, but Assign RHS's VARREF 'xor_ln1039_50_fu_7666_p2' generates 1 bits.
[2026-04-21 23:29:33,830]                                                                                                          : ... In instance finn_design_wrapper.finn_design_i.MVAU_hls_0.MVAU_hls_0.inst.grp_Matrix_Vector_Activate_Stream_Batch_fu_150
[2026-04-21 23:29:33,830]  9968 | assign zext_ln218_44_fu_7672_p1 = xor_ln1039_50_fu_7666_p2;
[2026-04-21 23:29:33,830]       |                                 ^
[2026-04-21 23:29:33,830] %Warning-WIDTH: /tmp/finn_dev_emanuel-hernandez/vivado_stitch_proj_drjl_8y4/finn_design_wrapper.v:9970:33: Operator ASSIGNW expects 2 bits on the Assign RHS, but Assign RHS's VARREF 'xor_ln1039_51_fu_8265_p2' generates 1 bits.
[2026-04-21 23:29:33,830]                                                                                                          : ... In instance finn_design_wrapper.finn_design_i.MVAU_hls_0.MVAU_hls_0.inst.grp_Matrix_Vector_Activate_Stream_Batch_fu_150
[2026-04-21 23:29:33,830]  9970 | assign zext_ln218_45_fu_8270_p1 = xor_ln1039_51_fu_8265_p2;
[2026-04-21 23:29:33,830]       |                                 ^
[2026-04-21 23:29:33,830] %Warning-WIDTH: /tmp/finn_dev_emanuel-hernandez/vivado_stitch_proj_drjl_8y4/finn_design_wrapper.v:9972:33: Operator ASSIGNW expects 2 bits on the Assign RHS, but Assign RHS's VARREF 'xor_ln1039_52_fu_8274_p2' generates 1 bits.
[2026-04-21 23:29:33,830]                                                                                                          : ... In instance finn_design_wrapper.finn_design_i.MVAU_hls_0.MVAU_hls_0.inst.grp_Matrix_Vector_Activate_Stream_Batch_fu_150
[2026-04-21 23:29:33,830]  9972 | assign zext_ln218_46_fu_8279_p1 = xor_ln1039_52_fu_8274_p2;
[2026-04-21 23:29:33,830]       |                                 ^
[2026-04-21 23:29:33,830] %Warning-WIDTH: /tmp/finn_dev_emanuel-hernandez/vivado_stitch_proj_drjl_8y4/finn_design_wrapper.v:9974:33: Operator ASSIGNW expects 2 bits on the Assign RHS, but Assign RHS's VARREF 'xor_ln1039_53_fu_8283_p2' generates 1 bits.
[2026-04-21 23:29:33,830]                                                                                                          : ... In instance finn_design_wrapper.finn_design_i.MVAU_hls_0.MVAU_hls_0.inst.grp_Matrix_Vector_Activate_Stream_Batch_fu_150
[2026-04-21 23:29:33,830]  9974 | assign zext_ln218_47_fu_8288_p1 = xor_ln1039_53_fu_8283_p2;
[2026-04-21 23:29:33,830]       |                                 ^
[2026-04-21 23:29:33,830] %Warning-WIDTH: /tmp/finn_dev_emanuel-hernandez/vivado_stitch_proj_drjl_8y4/finn_design_wrapper.v:9976:33: Operator ASSIGNW expects 2 bits on the Assign RHS, but Assign RHS's VARREF 'xor_ln1039_54_fu_8292_p2' generates 1 bits.
[2026-04-21 23:29:33,830]                                                                                                          : ... In instance finn_design_wrapper.finn_design_i.MVAU_hls_0.MVAU_hls_0.inst.grp_Matrix_Vector_Activate_Stream_Batch_fu_150
[2026-04-21 23:29:33,830]  9976 | assign zext_ln218_48_fu_8297_p1 = xor_ln1039_54_fu_8292_p2;
[2026-04-21 23:29:33,830]       |                                 ^
[2026-04-21 23:29:33,830] %Warning-WIDTH: /tmp/finn_dev_emanuel-hernandez/vivado_stitch_proj_drjl_8y4/finn_design_wrapper.v:9978:33: Operator ASSIGNW expects 2 bits on the Assign RHS, but Assign RHS's VARREF 'xor_ln1039_55_fu_8301_p2' generates 1 bits.
[2026-04-21 23:29:33,830]                                                                                                          : ... In instance finn_design_wrapper.finn_design_i.MVAU_hls_0.MVAU_hls_0.inst.grp_Matrix_Vector_Activate_Stream_Batch_fu_150
[2026-04-21 23:29:33,830]  9978 | assign zext_ln218_49_fu_8306_p1 = xor_ln1039_55_fu_8301_p2;
[2026-04-21 23:29:33,830]       |                                 ^
[2026-04-21 23:29:33,830] %Warning-WIDTH: /tmp/finn_dev_emanuel-hernandez/vivado_stitch_proj_drjl_8y4/finn_design_wrapper.v:9980:32: Operator ASSIGNW expects 2 bits on the Assign RHS, but Assign RHS's VARREF 'xor_ln1039_4_fu_6842_p2' generates 1 bits.
[2026-04-21 23:29:33,830]                                                                                                          : ... In instance finn_design_wrapper.finn_design_i.MVAU_hls_0.MVAU_hls_0.inst.grp_Matrix_Vector_Activate_Stream_Batch_fu_150
[2026-04-21 23:29:33,830]  9980 | assign zext_ln218_4_fu_6848_p1 = xor_ln1039_4_fu_6842_p2;
[2026-04-21 23:29:33,830]       |                                ^
[2026-04-21 23:29:33,830] %Warning-WIDTH: /tmp/finn_dev_emanuel-hernandez/vivado_stitch_proj_drjl_8y4/finn_design_wrapper.v:9982:33: Operator ASSIGNW expects 2 bits on the Assign RHS, but Assign RHS's VARREF 'xor_ln1039_56_fu_8310_p2' generates 1 bits.
[2026-04-21 23:29:33,830]                                                                                                          : ... In instance finn_design_wrapper.finn_design_i.MVAU_hls_0.MVAU_hls_0.inst.grp_Matrix_Vector_Activate_Stream_Batch_fu_150
[2026-04-21 23:29:33,831]  9982 | assign zext_ln218_50_fu_8315_p1 = xor_ln1039_56_fu_8310_p2;
[2026-04-21 23:29:33,831]       |                                 ^
[2026-04-21 23:29:33,831] %Warning-WIDTH: /tmp/finn_dev_emanuel-hernandez/vivado_stitch_proj_drjl_8y4/finn_design_wrapper.v:9984:33: Operator ASSIGNW expects 2 bits on the Assign RHS, but Assign RHS's VARREF 'xor_ln1039_57_fu_8319_p2' generates 1 bits.
[2026-04-21 23:29:33,831]                                                                                                          : ... In instance finn_design_wrapper.finn_design_i.MVAU_hls_0.MVAU_hls_0.inst.grp_Matrix_Vector_Activate_Stream_Batch_fu_150
[2026-04-21 23:29:33,831]  9984 | assign zext_ln218_51_fu_8324_p1 = xor_ln1039_57_fu_8319_p2;
[2026-04-21 23:29:33,831]       |                                 ^
[2026-04-21 23:29:33,831] %Warning-WIDTH: /tmp/finn_dev_emanuel-hernandez/vivado_stitch_proj_drjl_8y4/finn_design_wrapper.v:9986:32: Operator ASSIGNW expects 2 bits on the Assign RHS, but Assign RHS's VARREF 'xor_ln1039_5_fu_6862_p2' generates 1 bits.
[2026-04-21 23:29:33,831]                                                                                                          : ... In instance finn_design_wrapper.finn_design_i.MVAU_hls_0.MVAU_hls_0.inst.grp_Matrix_Vector_Activate_Stream_Batch_fu_150
[2026-04-21 23:29:33,831]  9986 | assign zext_ln218_5_fu_6868_p1 = xor_ln1039_5_fu_6862_p2;
[2026-04-21 23:29:33,831]       |                                ^
[2026-04-21 23:29:33,831] %Warning-WIDTH: /tmp/finn_dev_emanuel-hernandez/vivado_stitch_proj_drjl_8y4/finn_design_wrapper.v:9988:32: Operator ASSIGNW expects 2 bits on the Assign RHS, but Assign RHS's VARREF 'xor_ln1039_6_fu_7824_p2' generates 1 bits.
[2026-04-21 23:29:33,831]                                                                                                          : ... In instance finn_design_wrapper.finn_design_i.MVAU_hls_0.MVAU_hls_0.inst.grp_Matrix_Vector_Activate_Stream_Batch_fu_150
[2026-04-21 23:29:33,831]  9988 | assign zext_ln218_6_fu_7829_p1 = xor_ln1039_6_fu_7824_p2;
[2026-04-21 23:29:33,831]       |                                ^
[2026-04-21 23:29:33,831] %Warning-WIDTH: /tmp/finn_dev_emanuel-hernandez/vivado_stitch_proj_drjl_8y4/finn_design_wrapper.v:9990:32: Operator ASSIGNW expects 2 bits on the Assign RHS, but Assign RHS's VARREF 'xor_ln1039_7_fu_7833_p2' generates 1 bits.
[2026-04-21 23:29:33,831]                                                                                                          : ... In instance finn_design_wrapper.finn_design_i.MVAU_hls_0.MVAU_hls_0.inst.grp_Matrix_Vector_Activate_Stream_Batch_fu_150
[2026-04-21 23:29:33,831]  9990 | assign zext_ln218_7_fu_7838_p1 = xor_ln1039_7_fu_7833_p2;
[2026-04-21 23:29:33,831]       |                                ^
[2026-04-21 23:29:33,831] %Warning-WIDTH: /tmp/finn_dev_emanuel-hernandez/vivado_stitch_proj_drjl_8y4/finn_design_wrapper.v:9992:32: Operator ASSIGNW expects 2 bits on the Assign RHS, but Assign RHS's VARREF 'xor_ln1039_8_fu_7842_p2' generates 1 bits.
[2026-04-21 23:29:33,831]                                                                                                          : ... In instance finn_design_wrapper.finn_design_i.MVAU_hls_0.MVAU_hls_0.inst.grp_Matrix_Vector_Activate_Stream_Batch_fu_150
[2026-04-21 23:29:33,831]  9992 | assign zext_ln218_8_fu_7847_p1 = xor_ln1039_8_fu_7842_p2;
[2026-04-21 23:29:33,831]       |                                ^
[2026-04-21 23:29:33,831] %Warning-WIDTH: /tmp/finn_dev_emanuel-hernandez/vivado_stitch_proj_drjl_8y4/finn_design_wrapper.v:9994:32: Operator ASSIGNW expects 2 bits on the Assign RHS, but Assign RHS's VARREF 'xor_ln1039_9_fu_7851_p2' generates 1 bits.
[2026-04-21 23:29:33,831]                                                                                                          : ... In instance finn_design_wrapper.finn_design_i.MVAU_hls_0.MVAU_hls_0.inst.grp_Matrix_Vector_Activate_Stream_Batch_fu_150
[2026-04-21 23:29:33,831]  9994 | assign zext_ln218_9_fu_7856_p1 = xor_ln1039_9_fu_7851_p2;
[2026-04-21 23:29:33,831]       |                                ^
[2026-04-21 23:29:33,831] %Warning-WIDTH: /tmp/finn_dev_emanuel-hernandez/vivado_stitch_proj_drjl_8y4/finn_design_wrapper.v:9996:30: Operator ASSIGNW expects 2 bits on the Assign RHS, but Assign RHS's VARREF 'xor_ln1039_fu_6762_p2' generates 1 bits.
[2026-04-21 23:29:33,831]                                                                                                          : ... In instance finn_design_wrapper.finn_design_i.MVAU_hls_0.MVAU_hls_0.inst.grp_Matrix_Vector_Activate_Stream_Batch_fu_150
[2026-04-21 23:29:33,831]  9996 | assign zext_ln218_fu_6768_p1 = xor_ln1039_fu_6762_p2;
[2026-04-21 23:29:33,831]       |                              ^
[2026-04-21 23:29:33,831] %Warning-WIDTH: /tmp/finn_dev_emanuel-hernandez/vivado_stitch_proj_drjl_8y4/finn_design_wrapper.v:9998:33: Operator ASSIGNW expects 4 bits on the Assign RHS, but Assign RHS's VARREF 'add_ln840_27_fu_7949_p2' generates 3 bits.
[2026-04-21 23:29:33,831]                                                                                                          : ... In instance finn_design_wrapper.finn_design_i.MVAU_hls_0.MVAU_hls_0.inst.grp_Matrix_Vector_Activate_Stream_Batch_fu_150
[2026-04-21 23:29:33,831]  9998 | assign zext_ln840_10_fu_7955_p1 = add_ln840_27_fu_7949_p2;
[2026-04-21 23:29:33,831]       |                                 ^
[2026-04-21 23:29:33,831] %Warning-WIDTH: /tmp/finn_dev_emanuel-hernandez/vivado_stitch_proj_drjl_8y4/finn_design_wrapper.v:10000:33: Operator ASSIGNW expects 2 bits on the Assign RHS, but Assign RHS's VARREF 'xor_ln1039_28_fu_8034_p2' generates 1 bits.
[2026-04-21 23:29:33,831]                                                                                                           : ... In instance finn_design_wrapper.finn_design_i.MVAU_hls_0.MVAU_hls_0.inst.grp_Matrix_Vector_Activate_Stream_Batch_fu_150
[2026-04-21 23:29:33,831] 10000 | assign zext_ln840_11_fu_8039_p1 = xor_ln1039_28_fu_8034_p2;
[2026-04-21 23:29:33,831]       |                                 ^
[2026-04-21 23:29:33,831] %Warning-WIDTH: /tmp/finn_dev_emanuel-hernandez/vivado_stitch_proj_drjl_8y4/finn_design_wrapper.v:10002:33: Operator ASSIGNW expects 3 bits on the Assign RHS, but Assign RHS's VARREF 'add_ln840_31_fu_7226_p2' generates 2 bits.
[2026-04-21 23:29:33,831]                                                                                                           : ... In instance finn_design_wrapper.finn_design_i.MVAU_hls_0.MVAU_hls_0.inst.grp_Matrix_Vector_Activate_Stream_Batch_fu_150
[2026-04-21 23:29:33,831] 10002 | assign zext_ln840_12_fu_7232_p1 = add_ln840_31_fu_7226_p2;
[2026-04-21 23:29:33,831]       |                                 ^
[2026-04-21 23:29:33,831] %Warning-WIDTH: /tmp/finn_dev_emanuel-hernandez/vivado_stitch_proj_drjl_8y4/finn_design_wrapper.v:10004:33: Operator ASSIGNW expects 3 bits on the Assign RHS, but Assign RHS's VARREF 'add_ln840_32_fu_7236_p2' generates 2 bits.
[2026-04-21 23:29:33,831]                                                                                                           : ... In instance finn_design_wrapper.finn_design_i.MVAU_hls_0.MVAU_hls_0.inst.grp_Matrix_Vector_Activate_Stream_Batch_fu_150
[2026-04-21 23:29:33,831] 10004 | assign zext_ln840_13_fu_7242_p1 = add_ln840_32_fu_7236_p2;
[2026-04-21 23:29:33,831]       |                                 ^
[2026-04-21 23:29:33,831] %Warning-WIDTH: /tmp/finn_dev_emanuel-hernandez/vivado_stitch_proj_drjl_8y4/finn_design_wrapper.v:10006:33: Operator ASSIGNW expects 3 bits on the Assign RHS, but Assign RHS's VARREF 'add_ln840_33_fu_7246_p2' generates 2 bits.
[2026-04-21 23:29:33,831]                                                                                                           : ... In instance finn_design_wrapper.finn_design_i.MVAU_hls_0.MVAU_hls_0.inst.grp_Matrix_Vector_Activate_Stream_Batch_fu_150
[2026-04-21 23:29:33,831] 10006 | assign zext_ln840_14_fu_7252_p1 = add_ln840_33_fu_7246_p2;
[2026-04-21 23:29:33,831]       |                                 ^
[2026-04-21 23:29:33,831] %Warning-WIDTH: /tmp/finn_dev_emanuel-hernandez/vivado_stitch_proj_drjl_8y4/finn_design_wrapper.v:10008:33: Operator ASSIGNW expects 4 bits on the Assign RHS, but Assign RHS's VARREF 'add_ln840_35_reg_11157' generates 3 bits.
[2026-04-21 23:29:33,831]                                                                                                           : ... In instance finn_design_wrapper.finn_design_i.MVAU_hls_0.MVAU_hls_0.inst.grp_Matrix_Vector_Activate_Stream_Batch_fu_150
[2026-04-21 23:29:33,831] 10008 | assign zext_ln840_15_fu_8043_p1 = add_ln840_35_reg_11157;
[2026-04-21 23:29:33,831]       |                                 ^
[2026-04-21 23:29:33,831] %Warning-WIDTH: /tmp/finn_dev_emanuel-hernandez/vivado_stitch_proj_drjl_8y4/finn_design_wrapper.v:10010:33: Operator ASSIGNW expects 3 bits on the Assign RHS, but Assign RHS's VARREF 'add_ln840_36_fu_8046_p2' generates 2 bits.
[2026-04-21 23:29:33,831]                                                                                                           : ... In instance finn_design_wrapper.finn_design_i.MVAU_hls_0.MVAU_hls_0.inst.grp_Matrix_Vector_Activate_Stream_Batch_fu_150
[2026-04-21 23:29:33,831] 10010 | assign zext_ln840_16_fu_8052_p1 = add_ln840_36_fu_8046_p2;
[2026-04-21 23:29:33,831]       |                                 ^
[2026-04-21 23:29:33,831] %Warning-WIDTH: /tmp/finn_dev_emanuel-hernandez/vivado_stitch_proj_drjl_8y4/finn_design_wrapper.v:10012:33: Operator ASSIGNW expects 3 bits on the Assign RHS, but Assign RHS's VARREF 'add_ln840_37_fu_8056_p2' generates 2 bits.
[2026-04-21 23:29:33,831]                                                                                                           : ... In instance finn_design_wrapper.finn_design_i.MVAU_hls_0.MVAU_hls_0.inst.grp_Matrix_Vector_Activate_Stream_Batch_fu_150
[2026-04-21 23:29:33,831] 10012 | assign zext_ln840_17_fu_8062_p1 = add_ln840_37_fu_8056_p2;
[2026-04-21 23:29:33,831]       |                                 ^
[2026-04-21 23:29:33,831] %Warning-WIDTH: /tmp/finn_dev_emanuel-hernandez/vivado_stitch_proj_drjl_8y4/finn_design_wrapper.v:10014:33: Operator ASSIGNW expects 4 bits on the Assign RHS, but Assign RHS's VARREF 'add_ln840_38_fu_8066_p2' generates 3 bits.
[2026-04-21 23:29:33,831]                                                                                                           : ... In instance finn_design_wrapper.finn_design_i.MVAU_hls_0.MVAU_hls_0.inst.grp_Matrix_Vector_Activate_Stream_Batch_fu_150
[2026-04-21 23:29:33,831] 10014 | assign zext_ln840_18_fu_8072_p1 = add_ln840_38_fu_8066_p2;
[2026-04-21 23:29:33,831]       |                                 ^
[2026-04-21 23:29:33,831] %Warning-WIDTH: /tmp/finn_dev_emanuel-hernandez/vivado_stitch_proj_drjl_8y4/finn_design_wrapper.v:10016:33: Operator ASSIGNW expects 3 bits on the Assign RHS, but Assign RHS's VARREF 'add_ln840_39_fu_8076_p2' generates 2 bits.
[2026-04-21 23:29:33,831]                                                                                                           : ... In instance finn_design_wrapper.finn_design_i.MVAU_hls_0.MVAU_hls_0.inst.grp_Matrix_Vector_Activate_Stream_Batch_fu_150
[2026-04-21 23:29:33,831] 10016 | assign zext_ln840_19_fu_8082_p1 = add_ln840_39_fu_8076_p2;
[2026-04-21 23:29:33,831]       |                                 ^
[2026-04-21 23:29:33,831] %Warning-WIDTH: /tmp/finn_dev_emanuel-hernandez/vivado_stitch_proj_drjl_8y4/finn_design_wrapper.v:10018:32: Operator ASSIGNW expects 3 bits on the Assign RHS, but Assign RHS's VARREF 'add_ln840_17_fu_6958_p2' generates 2 bits.
[2026-04-21 23:29:33,831]                                                                                                           : ... In instance finn_design_wrapper.finn_design_i.MVAU_hls_0.MVAU_hls_0.inst.grp_Matrix_Vector_Activate_Stream_Batch_fu_150
[2026-04-21 23:29:33,831] 10018 | assign zext_ln840_1_fu_6964_p1 = add_ln840_17_fu_6958_p2;
[2026-04-21 23:29:33,831]       |                                ^
[2026-04-21 23:29:33,831] %Warning-WIDTH: /tmp/finn_dev_emanuel-hernandez/vivado_stitch_proj_drjl_8y4/finn_design_wrapper.v:10020:33: Operator ASSIGNW expects 3 bits on the Assign RHS, but Assign RHS's VARREF 'add_ln840_40_fu_8086_p2' generates 2 bits.
[2026-04-21 23:29:33,831]                                                                                                           : ... In instance finn_design_wrapper.finn_design_i.MVAU_hls_0.MVAU_hls_0.inst.grp_Matrix_Vector_Activate_Stream_Batch_fu_150
[2026-04-21 23:29:33,831] 10020 | assign zext_ln840_20_fu_8092_p1 = add_ln840_40_fu_8086_p2;
[2026-04-21 23:29:33,831]       |                                 ^
[2026-04-21 23:29:33,831] %Warning-WIDTH: /tmp/finn_dev_emanuel-hernandez/vivado_stitch_proj_drjl_8y4/finn_design_wrapper.v:10022:33: Operator ASSIGNW expects 4 bits on the Assign RHS, but Assign RHS's VARREF 'add_ln840_41_fu_8096_p2' generates 3 bits.
[2026-04-21 23:29:33,831]                                                                                                           : ... In instance finn_design_wrapper.finn_design_i.MVAU_hls_0.MVAU_hls_0.inst.grp_Matrix_Vector_Activate_Stream_Batch_fu_150
[2026-04-21 23:29:33,831] 10022 | assign zext_ln840_21_fu_8102_p1 = add_ln840_41_fu_8096_p2;
[2026-04-21 23:29:33,831]       |                                 ^
[2026-04-21 23:29:33,831] %Warning-WIDTH: /tmp/finn_dev_emanuel-hernandez/vivado_stitch_proj_drjl_8y4/finn_design_wrapper.v:10024:33: Operator ASSIGNW expects 2 bits on the Assign RHS, but Assign RHS's VARREF 'xor_ln1039_43_fu_8181_p2' generates 1 bits.
[2026-04-21 23:29:33,831]                                                                                                           : ... In instance finn_design_wrapper.finn_design_i.MVAU_hls_0.MVAU_hls_0.inst.grp_Matrix_Vector_Activate_Stream_Batch_fu_150
[2026-04-21 23:29:33,831] 10024 | assign zext_ln840_22_fu_8186_p1 = xor_ln1039_43_fu_8181_p2;
[2026-04-21 23:29:33,831]       |                                 ^
[2026-04-21 23:29:33,831] %Warning-WIDTH: /tmp/finn_dev_emanuel-hernandez/vivado_stitch_proj_drjl_8y4/finn_design_wrapper.v:10026:33: Operator ASSIGNW expects 3 bits on the Assign RHS, but Assign RHS's VARREF 'add_ln840_45_fu_7494_p2' generates 2 bits.
[2026-04-21 23:29:33,831]                                                                                                           : ... In instance finn_design_wrapper.finn_design_i.MVAU_hls_0.MVAU_hls_0.inst.grp_Matrix_Vector_Activate_Stream_Batch_fu_150
[2026-04-21 23:29:33,831] 10026 | assign zext_ln840_23_fu_7500_p1 = add_ln840_45_fu_7494_p2;
[2026-04-21 23:29:33,831]       |                                 ^
[2026-04-21 23:29:33,831] %Warning-WIDTH: /tmp/finn_dev_emanuel-hernandez/vivado_stitch_proj_drjl_8y4/finn_design_wrapper.v:10028:33: Operator ASSIGNW expects 3 bits on the Assign RHS, but Assign RHS's VARREF 'add_ln840_46_fu_7504_p2' generates 2 bits.
[2026-04-21 23:29:33,831]                                                                                                           : ... In instance finn_design_wrapper.finn_design_i.MVAU_hls_0.MVAU_hls_0.inst.grp_Matrix_Vector_Activate_Stream_Batch_fu_150
[2026-04-21 23:29:33,831] 10028 | assign zext_ln840_24_fu_7510_p1 = add_ln840_46_fu_7504_p2;
[2026-04-21 23:29:33,831]       |                                 ^
[2026-04-21 23:29:33,831] %Warning-WIDTH: /tmp/finn_dev_emanuel-hernandez/vivado_stitch_proj_drjl_8y4/finn_design_wrapper.v:10030:33: Operator ASSIGNW expects 3 bits on the Assign RHS, but Assign RHS's VARREF 'add_ln840_47_fu_7514_p2' generates 2 bits.
[2026-04-21 23:29:33,831]                                                                                                           : ... In instance finn_design_wrapper.finn_design_i.MVAU_hls_0.MVAU_hls_0.inst.grp_Matrix_Vector_Activate_Stream_Batch_fu_150
[2026-04-21 23:29:33,831] 10030 | assign zext_ln840_25_fu_7520_p1 = add_ln840_47_fu_7514_p2;
[2026-04-21 23:29:33,831]       |                                 ^
[2026-04-21 23:29:33,831] %Warning-WIDTH: /tmp/finn_dev_emanuel-hernandez/vivado_stitch_proj_drjl_8y4/finn_design_wrapper.v:10032:33: Operator ASSIGNW expects 4 bits on the Assign RHS, but Assign RHS's VARREF 'add_ln840_49_reg_11202' generates 3 bits.
[2026-04-21 23:29:33,831]                                                                                                           : ... In instance finn_design_wrapper.finn_design_i.MVAU_hls_0.MVAU_hls_0.inst.grp_Matrix_Vector_Activate_Stream_Batch_fu_150
[2026-04-21 23:29:33,831] 10032 | assign zext_ln840_26_fu_8190_p1 = add_ln840_49_reg_11202;
[2026-04-21 23:29:33,831]       |                                 ^
[2026-04-21 23:29:33,831] %Warning-WIDTH: /tmp/finn_dev_emanuel-hernandez/vivado_stitch_proj_drjl_8y4/finn_design_wrapper.v:10034:33: Operator ASSIGNW expects 3 bits on the Assign RHS, but Assign RHS's VARREF 'add_ln840_50_fu_8193_p2' generates 2 bits.
[2026-04-21 23:29:33,831]                                                                                                           : ... In instance finn_design_wrapper.finn_design_i.MVAU_hls_0.MVAU_hls_0.inst.grp_Matrix_Vector_Activate_Stream_Batch_fu_150
[2026-04-21 23:29:33,831] 10034 | assign zext_ln840_27_fu_8199_p1 = add_ln840_50_fu_8193_p2;
[2026-04-21 23:29:33,831]       |                                 ^
[2026-04-21 23:29:33,831] %Warning-WIDTH: /tmp/finn_dev_emanuel-hernandez/vivado_stitch_proj_drjl_8y4/finn_design_wrapper.v:10036:33: Operator ASSIGNW expects 3 bits on the Assign RHS, but Assign RHS's VARREF 'add_ln840_51_fu_8203_p2' generates 2 bits.
[2026-04-21 23:29:33,831]                                                                                                           : ... In instance finn_design_wrapper.finn_design_i.MVAU_hls_0.MVAU_hls_0.inst.grp_Matrix_Vector_Activate_Stream_Batch_fu_150
[2026-04-21 23:29:33,831] 10036 | assign zext_ln840_28_fu_8209_p1 = add_ln840_51_fu_8203_p2;
[2026-04-21 23:29:33,831]       |                                 ^
[2026-04-21 23:29:33,831] %Warning-WIDTH: /tmp/finn_dev_emanuel-hernandez/vivado_stitch_proj_drjl_8y4/finn_design_wrapper.v:10038:33: Operator ASSIGNW expects 4 bits on the Assign RHS, but Assign RHS's VARREF 'add_ln840_52_fu_8213_p2' generates 3 bits.
[2026-04-21 23:29:33,831]                                                                                                           : ... In instance finn_design_wrapper.finn_design_i.MVAU_hls_0.MVAU_hls_0.inst.grp_Matrix_Vector_Activate_Stream_Batch_fu_150
[2026-04-21 23:29:33,831] 10038 | assign zext_ln840_29_fu_8219_p1 = add_ln840_52_fu_8213_p2;
[2026-04-21 23:29:33,831]       |                                 ^
[2026-04-21 23:29:33,831] %Warning-WIDTH: /tmp/finn_dev_emanuel-hernandez/vivado_stitch_proj_drjl_8y4/finn_design_wrapper.v:10040:32: Operator ASSIGNW expects 3 bits on the Assign RHS, but Assign RHS's VARREF 'add_ln840_18_fu_6968_p2' generates 2 bits.
[2026-04-21 23:29:33,831]                                                                                                           : ... In instance finn_design_wrapper.finn_design_i.MVAU_hls_0.MVAU_hls_0.inst.grp_Matrix_Vector_Activate_Stream_Batch_fu_150
[2026-04-21 23:29:33,831] 10040 | assign zext_ln840_2_fu_6974_p1 = add_ln840_18_fu_6968_p2;
[2026-04-21 23:29:33,831]       |                                ^
[2026-04-21 23:29:33,831] %Warning-WIDTH: /tmp/finn_dev_emanuel-hernandez/vivado_stitch_proj_drjl_8y4/finn_design_wrapper.v:10042:33: Operator ASSIGNW expects 3 bits on the Assign RHS, but Assign RHS's VARREF 'add_ln840_53_fu_8223_p2' generates 2 bits.
[2026-04-21 23:29:33,831]                                                                                                           : ... In instance finn_design_wrapper.finn_design_i.MVAU_hls_0.MVAU_hls_0.inst.grp_Matrix_Vector_Activate_Stream_Batch_fu_150
[2026-04-21 23:29:33,831] 10042 | assign zext_ln840_30_fu_8229_p1 = add_ln840_53_fu_8223_p2;
[2026-04-21 23:29:33,831]       |                                 ^
[2026-04-21 23:29:33,831] %Warning-WIDTH: /tmp/finn_dev_emanuel-hernandez/vivado_stitch_proj_drjl_8y4/finn_design_wrapper.v:10044:33: Operator ASSIGNW expects 3 bits on the Assign RHS, but Assign RHS's VARREF 'add_ln840_54_fu_8233_p2' generates 2 bits.
[2026-04-21 23:29:33,831]                                                                                                           : ... In instance finn_design_wrapper.finn_design_i.MVAU_hls_0.MVAU_hls_0.inst.grp_Matrix_Vector_Activate_Stream_Batch_fu_150
[2026-04-21 23:29:33,831] 10044 | assign zext_ln840_31_fu_8239_p1 = add_ln840_54_fu_8233_p2;
[2026-04-21 23:29:33,831]       |                                 ^
[2026-04-21 23:29:33,831] %Warning-WIDTH: /tmp/finn_dev_emanuel-hernandez/vivado_stitch_proj_drjl_8y4/finn_design_wrapper.v:10046:33: Operator ASSIGNW expects 4 bits on the Assign RHS, but Assign RHS's VARREF 'add_ln840_55_fu_8243_p2' generates 3 bits.
[2026-04-21 23:29:33,831]                                                                                                           : ... In instance finn_design_wrapper.finn_design_i.MVAU_hls_0.MVAU_hls_0.inst.grp_Matrix_Vector_Activate_Stream_Batch_fu_150
[2026-04-21 23:29:33,831] 10046 | assign zext_ln840_32_fu_8249_p1 = add_ln840_55_fu_8243_p2;
[2026-04-21 23:29:33,832]       |                                 ^
[2026-04-21 23:29:33,832] %Warning-WIDTH: /tmp/finn_dev_emanuel-hernandez/vivado_stitch_proj_drjl_8y4/finn_design_wrapper.v:10048:33: Operator ASSIGNW expects 2 bits on the Assign RHS, but Assign RHS's VARREF 'xor_ln1039_58_fu_8328_p2' generates 1 bits.
[2026-04-21 23:29:33,832]                                                                                                           : ... In instance finn_design_wrapper.finn_design_i.MVAU_hls_0.MVAU_hls_0.inst.grp_Matrix_Vector_Activate_Stream_Batch_fu_150
[2026-04-21 23:29:33,832] 10048 | assign zext_ln840_33_fu_8333_p1 = xor_ln1039_58_fu_8328_p2;
[2026-04-21 23:29:33,832]       |                                 ^
[2026-04-21 23:29:33,832] %Warning-WIDTH: /tmp/finn_dev_emanuel-hernandez/vivado_stitch_proj_drjl_8y4/finn_design_wrapper.v:10050:33: Operator ASSIGNW expects 3 bits on the Assign RHS, but Assign RHS's VARREF 'add_ln840_59_fu_7762_p2' generates 2 bits.
[2026-04-21 23:29:33,832]                                                                                                           : ... In instance finn_design_wrapper.finn_design_i.MVAU_hls_0.MVAU_hls_0.inst.grp_Matrix_Vector_Activate_Stream_Batch_fu_150
[2026-04-21 23:29:33,832] 10050 | assign zext_ln840_34_fu_7768_p1 = add_ln840_59_fu_7762_p2;
[2026-04-21 23:29:33,832]       |                                 ^
[2026-04-21 23:29:33,832] %Warning-WIDTH: /tmp/finn_dev_emanuel-hernandez/vivado_stitch_proj_drjl_8y4/finn_design_wrapper.v:10052:33: Operator ASSIGNW expects 3 bits on the Assign RHS, but Assign RHS's VARREF 'add_ln840_60_fu_7772_p2' generates 2 bits.
[2026-04-21 23:29:33,832]                                                                                                           : ... In instance finn_design_wrapper.finn_design_i.MVAU_hls_0.MVAU_hls_0.inst.grp_Matrix_Vector_Activate_Stream_Batch_fu_150
[2026-04-21 23:29:33,832] 10052 | assign zext_ln840_35_fu_7778_p1 = add_ln840_60_fu_7772_p2;
[2026-04-21 23:29:33,832]       |                                 ^
[2026-04-21 23:29:33,832] %Warning-WIDTH: /tmp/finn_dev_emanuel-hernandez/vivado_stitch_proj_drjl_8y4/finn_design_wrapper.v:10054:33: Operator ASSIGNW expects 3 bits on the Assign RHS, but Assign RHS's VARREF 'add_ln840_61_fu_7782_p2' generates 2 bits.
[2026-04-21 23:29:33,832]                                                                                                           : ... In instance finn_design_wrapper.finn_design_i.MVAU_hls_0.MVAU_hls_0.inst.grp_Matrix_Vector_Activate_Stream_Batch_fu_150
[2026-04-21 23:29:33,832] 10054 | assign zext_ln840_36_fu_7788_p1 = add_ln840_61_fu_7782_p2;
[2026-04-21 23:29:33,832]       |                                 ^
[2026-04-21 23:29:33,832] %Warning-WIDTH: /tmp/finn_dev_emanuel-hernandez/vivado_stitch_proj_drjl_8y4/finn_design_wrapper.v:10056:33: Operator ASSIGNW expects 4 bits on the Assign RHS, but Assign RHS's VARREF 'add_ln840_63_reg_11247' generates 3 bits.
[2026-04-21 23:29:33,832]                                                                                                           : ... In instance finn_design_wrapper.finn_design_i.MVAU_hls_0.MVAU_hls_0.inst.grp_Matrix_Vector_Activate_Stream_Batch_fu_150
[2026-04-21 23:29:33,832] 10056 | assign zext_ln840_37_fu_8337_p1 = add_ln840_63_reg_11247;
[2026-04-21 23:29:33,832]       |                                 ^
[2026-04-21 23:29:33,832] %Warning-WIDTH: /tmp/finn_dev_emanuel-hernandez/vivado_stitch_proj_drjl_8y4/finn_design_wrapper.v:10058:33: Operator ASSIGNW expects 3 bits on the Assign RHS, but Assign RHS's VARREF 'add_ln840_64_fu_8340_p2' generates 2 bits.
[2026-04-21 23:29:33,832]                                                                                                           : ... In instance finn_design_wrapper.finn_design_i.MVAU_hls_0.MVAU_hls_0.inst.grp_Matrix_Vector_Activate_Stream_Batch_fu_150
[2026-04-21 23:29:33,832] 10058 | assign zext_ln840_38_fu_8346_p1 = add_ln840_64_fu_8340_p2;
[2026-04-21 23:29:33,832]       |                                 ^
[2026-04-21 23:29:33,832] %Warning-WIDTH: /tmp/finn_dev_emanuel-hernandez/vivado_stitch_proj_drjl_8y4/finn_design_wrapper.v:10060:33: Operator ASSIGNW expects 3 bits on the Assign RHS, but Assign RHS's VARREF 'add_ln840_65_fu_8350_p2' generates 2 bits.
[2026-04-21 23:29:33,832]                                                                                                           : ... In instance finn_design_wrapper.finn_design_i.MVAU_hls_0.MVAU_hls_0.inst.grp_Matrix_Vector_Activate_Stream_Batch_fu_150
[2026-04-21 23:29:33,832] 10060 | assign zext_ln840_39_fu_8356_p1 = add_ln840_65_fu_8350_p2;
[2026-04-21 23:29:33,832]       |                                 ^
[2026-04-21 23:29:33,832] %Warning-WIDTH: /tmp/finn_dev_emanuel-hernandez/vivado_stitch_proj_drjl_8y4/finn_design_wrapper.v:10062:32: Operator ASSIGNW expects 3 bits on the Assign RHS, but Assign RHS's VARREF 'add_ln840_19_fu_6978_p2' generates 2 bits.
[2026-04-21 23:29:33,832]                                                                                                           : ... In instance finn_design_wrapper.finn_design_i.MVAU_hls_0.MVAU_hls_0.inst.grp_Matrix_Vector_Activate_Stream_Batch_fu_150
[2026-04-21 23:29:33,832] 10062 | assign zext_ln840_3_fu_6984_p1 = add_ln840_19_fu_6978_p2;
[2026-04-21 23:29:33,832]       |                                ^
[2026-04-21 23:29:33,832] %Warning-WIDTH: /tmp/finn_dev_emanuel-hernandez/vivado_stitch_proj_drjl_8y4/finn_design_wrapper.v:10064:33: Operator ASSIGNW expects 4 bits on the Assign RHS, but Assign RHS's VARREF 'add_ln840_66_fu_8360_p2' generates 3 bits.
[2026-04-21 23:29:33,832]                                                                                                           : ... In instance finn_design_wrapper.finn_design_i.MVAU_hls_0.MVAU_hls_0.inst.grp_Matrix_Vector_Activate_Stream_Batch_fu_150
[2026-04-21 23:29:33,832] 10064 | assign zext_ln840_40_fu_8366_p1 = add_ln840_66_fu_8360_p2;
[2026-04-21 23:29:33,832]       |                                 ^
[2026-04-21 23:29:33,832] %Warning-WIDTH: /tmp/finn_dev_emanuel-hernandez/vivado_stitch_proj_drjl_8y4/finn_design_wrapper.v:10066:33: Operator ASSIGNW expects 3 bits on the Assign RHS, but Assign RHS's VARREF 'add_ln840_67_fu_8370_p2' generates 2 bits.
[2026-04-21 23:29:33,832]                                                                                                           : ... In instance finn_design_wrapper.finn_design_i.MVAU_hls_0.MVAU_hls_0.inst.grp_Matrix_Vector_Activate_Stream_Batch_fu_150
[2026-04-21 23:29:33,832] 10066 | assign zext_ln840_41_fu_8376_p1 = add_ln840_67_fu_8370_p2;
[2026-04-21 23:29:33,832]       |                                 ^
[2026-04-21 23:29:33,832] %Warning-WIDTH: /tmp/finn_dev_emanuel-hernandez/vivado_stitch_proj_drjl_8y4/finn_design_wrapper.v:10068:33: Operator ASSIGNW expects 3 bits on the Assign RHS, but Assign RHS's VARREF 'add_ln840_68_fu_8380_p2' generates 2 bits.
[2026-04-21 23:29:33,832]                                                                                                           : ... In instance finn_design_wrapper.finn_design_i.MVAU_hls_0.MVAU_hls_0.inst.grp_Matrix_Vector_Activate_Stream_Batch_fu_150
[2026-04-21 23:29:33,832] 10068 | assign zext_ln840_42_fu_8386_p1 = add_ln840_68_fu_8380_p2;
[2026-04-21 23:29:33,832]       |                                 ^
[2026-04-21 23:29:33,832] %Warning-WIDTH: /tmp/finn_dev_emanuel-hernandez/vivado_stitch_proj_drjl_8y4/finn_design_wrapper.v:10070:33: Operator ASSIGNW expects 4 bits on the Assign RHS, but Assign RHS's VARREF 'add_ln840_69_fu_8390_p2' generates 3 bits.
[2026-04-21 23:29:33,832]                                                                                                           : ... In instance finn_design_wrapper.finn_design_i.MVAU_hls_0.MVAU_hls_0.inst.grp_Matrix_Vector_Activate_Stream_Batch_fu_150
[2026-04-21 23:29:33,832] 10070 | assign zext_ln840_43_fu_8396_p1 = add_ln840_69_fu_8390_p2;
[2026-04-21 23:29:33,832]       |                                 ^
[2026-04-21 23:29:33,832] %Warning-WIDTH: /tmp/finn_dev_emanuel-hernandez/vivado_stitch_proj_drjl_8y4/finn_design_wrapper.v:10072:32: Operator ASSIGNW expects 4 bits on the Assign RHS, but Assign RHS's VARREF 'add_ln840_21_reg_11112' generates 3 bits.
[2026-04-21 23:29:33,832]                                                                                                           : ... In instance finn_design_wrapper.finn_design_i.MVAU_hls_0.MVAU_hls_0.inst.grp_Matrix_Vector_Activate_Stream_Batch_fu_150
[2026-04-21 23:29:33,832] 10072 | assign zext_ln840_4_fu_7896_p1 = add_ln840_21_reg_11112;
[2026-04-21 23:29:33,832]       |                                ^
[2026-04-21 23:29:33,832] %Warning-WIDTH: /tmp/finn_dev_emanuel-hernandez/vivado_stitch_proj_drjl_8y4/finn_design_wrapper.v:10074:32: Operator ASSIGNW expects 3 bits on the Assign RHS, but Assign RHS's VARREF 'add_ln840_22_fu_7899_p2' generates 2 bits.
[2026-04-21 23:29:33,832]                                                                                                           : ... In instance finn_design_wrapper.finn_design_i.MVAU_hls_0.MVAU_hls_0.inst.grp_Matrix_Vector_Activate_Stream_Batch_fu_150
[2026-04-21 23:29:33,832] 10074 | assign zext_ln840_5_fu_7905_p1 = add_ln840_22_fu_7899_p2;
[2026-04-21 23:29:33,832]       |                                ^
[2026-04-21 23:29:33,832] %Warning-WIDTH: /tmp/finn_dev_emanuel-hernandez/vivado_stitch_proj_drjl_8y4/finn_design_wrapper.v:10076:32: Operator ASSIGNW expects 3 bits on the Assign RHS, but Assign RHS's VARREF 'add_ln840_23_fu_7909_p2' generates 2 bits.
[2026-04-21 23:29:33,832]                                                                                                           : ... In instance finn_design_wrapper.finn_design_i.MVAU_hls_0.MVAU_hls_0.inst.grp_Matrix_Vector_Activate_Stream_Batch_fu_150
[2026-04-21 23:29:33,832] 10076 | assign zext_ln840_6_fu_7915_p1 = add_ln840_23_fu_7909_p2;
[2026-04-21 23:29:33,832]       |                                ^
[2026-04-21 23:29:33,832] %Warning-WIDTH: /tmp/finn_dev_emanuel-hernandez/vivado_stitch_proj_drjl_8y4/finn_design_wrapper.v:10078:32: Operator ASSIGNW expects 4 bits on the Assign RHS, but Assign RHS's VARREF 'add_ln840_24_fu_7919_p2' generates 3 bits.
[2026-04-21 23:29:33,832]                                                                                                           : ... In instance finn_design_wrapper.finn_design_i.MVAU_hls_0.MVAU_hls_0.inst.grp_Matrix_Vector_Activate_Stream_Batch_fu_150
[2026-04-21 23:29:33,832] 10078 | assign zext_ln840_7_fu_7925_p1 = add_ln840_24_fu_7919_p2;
[2026-04-21 23:29:33,832]       |                                ^
[2026-04-21 23:29:33,832] %Warning-WIDTH: /tmp/finn_dev_emanuel-hernandez/vivado_stitch_proj_drjl_8y4/finn_design_wrapper.v:10080:32: Operator ASSIGNW expects 3 bits on the Assign RHS, but Assign RHS's VARREF 'add_ln840_25_fu_7929_p2' generates 2 bits.
[2026-04-21 23:29:33,832]                                                                                                           : ... In instance finn_design_wrapper.finn_design_i.MVAU_hls_0.MVAU_hls_0.inst.grp_Matrix_Vector_Activate_Stream_Batch_fu_150
[2026-04-21 23:29:33,832] 10080 | assign zext_ln840_8_fu_7935_p1 = add_ln840_25_fu_7929_p2;
[2026-04-21 23:29:33,832]       |                                ^
[2026-04-21 23:29:33,832] %Warning-WIDTH: /tmp/finn_dev_emanuel-hernandez/vivado_stitch_proj_drjl_8y4/finn_design_wrapper.v:10082:32: Operator ASSIGNW expects 3 bits on the Assign RHS, but Assign RHS's VARREF 'add_ln840_26_fu_7939_p2' generates 2 bits.
[2026-04-21 23:29:33,832]                                                                                                           : ... In instance finn_design_wrapper.finn_design_i.MVAU_hls_0.MVAU_hls_0.inst.grp_Matrix_Vector_Activate_Stream_Batch_fu_150
[2026-04-21 23:29:33,832] 10082 | assign zext_ln840_9_fu_7945_p1 = add_ln840_26_fu_7939_p2;
[2026-04-21 23:29:33,832]       |                                ^
[2026-04-21 23:29:33,832] %Warning-WIDTH: /tmp/finn_dev_emanuel-hernandez/vivado_stitch_proj_drjl_8y4/finn_design_wrapper.v:10084:30: Operator ASSIGNW expects 2 bits on the Assign RHS, but Assign RHS's VARREF 'xor_ln1039_13_fu_7887_p2' generates 1 bits.
[2026-04-21 23:29:33,832]                                                                                                           : ... In instance finn_design_wrapper.finn_design_i.MVAU_hls_0.MVAU_hls_0.inst.grp_Matrix_Vector_Activate_Stream_Batch_fu_150
[2026-04-21 23:29:33,832] 10084 | assign zext_ln840_fu_7892_p1 = xor_ln1039_13_fu_7887_p2;
[2026-04-21 23:29:33,832]       |                              ^
[2026-04-21 23:29:33,832] %Warning-WIDTH: /tmp/finn_dev_emanuel-hernandez/vivado_stitch_proj_drjl_8y4/finn_design_wrapper.v:235:21: Operator ASSIGNDLY expects 24 bits on the Assign RHS, but Assign RHS's CONST '?32?bxxxxxxxxxxxxxxxxxxxxxxxxxxxxxxxx' generates 32 bits.
[2026-04-21 23:29:33,832]                                                                                                         : ... In instance finn_design_wrapper.finn_design_i.StreamingFIFO_rtl_4.inst.impl
[2026-04-21 23:29:33,832]   235 |         srlo_       <=  'bx;
[2026-04-21 23:29:33,832]       |                     ^~
[2026-04-21 23:29:33,832] %Warning-WIDTH: /tmp/finn_dev_emanuel-hernandez/vivado_stitch_proj_drjl_8y4/finn_design_wrapper.v:238:21: Operator ASSIGNDLY expects 4 bits on the Assign RHS, but Assign RHS's CONST '?32?bxxxxxxxxxxxxxxxxxxxxxxxxxxxxxxxx' generates 32 bits.
[2026-04-21 23:29:33,832]                                                                                                         : ... In instance finn_design_wrapper.finn_design_i.StreamingFIFO_rtl_4.inst.impl
[2026-04-21 23:29:33,832]   238 |         addr_       <=  'bx;
[2026-04-21 23:29:33,832]       |                     ^~
[2026-04-21 23:29:33,832] %Warning-WIDTH: /tmp/finn_dev_emanuel-hernandez/vivado_stitch_proj_drjl_8y4/finn_design_wrapper.v:251:16: Operator ASSIGNDLY expects 24 bits on the Assign RHS, but Assign RHS's CONST '?32?bxxxxxxxxxxxxxxxxxxxxxxxxxxxxxxxx' generates 32 bits.
[2026-04-21 23:29:33,832]                                                                                                         : ... In instance finn_design_wrapper.finn_design_i.StreamingFIFO_rtl_4.inst.impl
[2026-04-21 23:29:33,832]   251 |    srlo_       <= 'bx;
[2026-04-21 23:29:33,832]       |                ^~
[2026-04-21 23:29:33,832] %Warning-WIDTH: /tmp/finn_dev_emanuel-hernandez/vivado_stitch_proj_drjl_8y4/finn_design_wrapper.v:261:16: Operator ASSIGNDLY expects 24 bits on the Assign RHS, but Assign RHS's CONST '?32?bxxxxxxxxxxxxxxxxxxxxxxxxxxxxxxxx' generates 32 bits.
[2026-04-21 23:29:33,832]                                                                                                         : ... In instance finn_design_wrapper.finn_design_i.StreamingFIFO_rtl_4.inst.impl
[2026-04-21 23:29:33,832]   261 |    srlo_       <= 'bx;
[2026-04-21 23:29:33,832]       |                ^~
[2026-04-21 23:29:33,832] %Warning-WIDTH: /tmp/finn_dev_emanuel-hernandez/vivado_stitch_proj_drjl_8y4/finn_design_wrapper.v:275:16: Operator ASSIGNDLY expects 24 bits on the Assign RHS, but Assign RHS's CONST '?32?bxxxxxxxxxxxxxxxxxxxxxxxxxxxxxxxx' generates 32 bits.
[2026-04-21 23:29:33,832]                                                                                                         : ... In instance finn_design_wrapper.finn_design_i.StreamingFIFO_rtl_4.inst.impl
[2026-04-21 23:29:33,832]   275 |    srlo_       <= 'bx;
[2026-04-21 23:29:33,832]       |                ^~
[2026-04-21 23:29:33,832] %Warning-WIDTH: /tmp/finn_dev_emanuel-hernandez/vivado_stitch_proj_drjl_8y4/finn_design_wrapper.v:282:16: Operator ASSIGNDLY expects 24 bits on the Assign RHS, but Assign RHS's CONST '?32?bxxxxxxxxxxxxxxxxxxxxxxxxxxxxxxxx' generates 32 bits.
[2026-04-21 23:29:33,832]                                                                                                         : ... In instance finn_design_wrapper.finn_design_i.StreamingFIFO_rtl_4.inst.impl
[2026-04-21 23:29:33,832]   282 |    srlo_       <= 'bx;
[2026-04-21 23:29:33,832]       |                ^~
[2026-04-21 23:29:33,832] %Warning-WIDTH: /tmp/finn_dev_emanuel-hernandez/vivado_stitch_proj_drjl_8y4/finn_design_wrapper.v:295:16: Operator ASSIGNDLY expects 24 bits on the Assign RHS, but Assign RHS's CONST '?32?bxxxxxxxxxxxxxxxxxxxxxxxxxxxxxxxx' generates 32 bits.
[2026-04-21 23:29:33,832]                                                                                                         : ... In instance finn_design_wrapper.finn_design_i.StreamingFIFO_rtl_4.inst.impl
[2026-04-21 23:29:33,832]   295 |    srlo_       <= 'bx;
[2026-04-21 23:29:33,832]       |                ^~
[2026-04-21 23:29:33,832] %Warning-WIDTH: /tmp/finn_dev_emanuel-hernandez/vivado_stitch_proj_drjl_8y4/finn_design_wrapper.v:313:16: Operator ASSIGNDLY expects 24 bits on the Assign RHS, but Assign RHS's CONST '?32?bxxxxxxxxxxxxxxxxxxxxxxxxxxxxxxxx' generates 32 bits.
[2026-04-21 23:29:33,832]                                                                                                         : ... In instance finn_design_wrapper.finn_design_i.StreamingFIFO_rtl_4.inst.impl
[2026-04-21 23:29:33,832]   313 |    srlo_       <= 'bx;
[2026-04-21 23:29:33,832]       |                ^~
[2026-04-21 23:29:33,832] %Warning-WIDTH: /tmp/finn_dev_emanuel-hernandez/vivado_stitch_proj_drjl_8y4/finn_design_wrapper.v:327:16: Operator ASSIGNDLY expects 24 bits on the Assign RHS, but Assign RHS's CONST '?32?bxxxxxxxxxxxxxxxxxxxxxxxxxxxxxxxx' generates 32 bits.
[2026-04-21 23:29:33,832]                                                                                                         : ... In instance finn_design_wrapper.finn_design_i.StreamingFIFO_rtl_4.inst.impl
[2026-04-21 23:29:33,832]   327 |    srlo_       <= 'bx;
[2026-04-21 23:29:33,832]       |                ^~
[2026-04-21 23:29:33,832] %Warning-WIDTH: /tmp/finn_dev_emanuel-hernandez/vivado_stitch_proj_drjl_8y4/finn_design_wrapper.v:344:16: Operator ASSIGNDLY expects 24 bits on the Assign RHS, but Assign RHS's CONST '?32?bxxxxxxxxxxxxxxxxxxxxxxxxxxxxxxxx' generates 32 bits.
[2026-04-21 23:29:33,832]                                                                                                         : ... In instance finn_design_wrapper.finn_design_i.StreamingFIFO_rtl_4.inst.impl
[2026-04-21 23:29:33,832]   344 |    srlo_       <=  'bx;
[2026-04-21 23:29:33,832]       |                ^~
[2026-04-21 23:29:33,832] %Warning-WIDTH: /tmp/finn_dev_emanuel-hernandez/vivado_stitch_proj_drjl_8y4/finn_design_wrapper.v:347:16: Operator ASSIGNDLY expects 4 bits on the Assign RHS, but Assign RHS's CONST '?32?bxxxxxxxxxxxxxxxxxxxxxxxxxxxxxxxx' generates 32 bits.
[2026-04-21 23:29:33,832]                                                                                                         : ... In instance finn_design_wrapper.finn_design_i.StreamingFIFO_rtl_4.inst.impl
[2026-04-21 23:29:33,832]   347 |    addr_       <=  'bx;
[2026-04-21 23:29:33,832]       |                ^~
[2026-04-21 23:29:33,832] %Warning-WIDTH: /tmp/finn_dev_emanuel-hernandez/vivado_stitch_proj_drjl_8y4/finn_design_wrapper.v:170:54: Operator EQ expects 32 or 7 bits on the LHS, but LHS's VARREF 'addr_' generates 6 bits.
[2026-04-21 23:29:33,832]                                                                                                         : ... In instance finn_design_wrapper.finn_design_i.StreamingFIFO_rtl_3.inst.impl
[2026-04-21 23:29:33,832]   170 |    assign addr_full_ = (state_==state_more) && (addr_==depth-2);
[2026-04-21 23:29:33,832]       |                                                      ^~
[2026-04-21 23:29:33,832] %Warning-WIDTH: /tmp/finn_dev_emanuel-hernandez/vivado_stitch_proj_drjl_8y4/finn_design_wrapper.v:227:10: Operator ASSIGN expects 6 bits on the Assign RHS, but Assign RHS's SUB generates 32 or 7 bits.
[2026-04-21 23:29:33,832]                                                                                                         : ... In instance finn_design_wrapper.finn_design_i.StreamingFIFO_rtl_3.inst.impl
[2026-04-21 23:29:33,832]   227 |   for (a_=depth-2; a_>0; a_=a_-1) begin
[2026-04-21 23:29:33,832]       |          ^
[2026-04-21 23:29:33,832] %Warning-WIDTH: /tmp/finn_dev_emanuel-hernandez/vivado_stitch_proj_drjl_8y4/finn_design_wrapper.v:235:21: Operator ASSIGNDLY expects 8 bits on the Assign RHS, but Assign RHS's CONST '?32?bxxxxxxxxxxxxxxxxxxxxxxxxxxxxxxxx' generates 32 bits.
[2026-04-21 23:29:33,833]                                                                                                         : ... In instance finn_design_wrapper.finn_design_i.StreamingFIFO_rtl_3.inst.impl
[2026-04-21 23:29:33,833]   235 |         srlo_       <=  'bx;
[2026-04-21 23:29:33,833]       |                     ^~
[2026-04-21 23:29:33,833] %Warning-WIDTH: /tmp/finn_dev_emanuel-hernandez/vivado_stitch_proj_drjl_8y4/finn_design_wrapper.v:238:21: Operator ASSIGNDLY expects 6 bits on the Assign RHS, but Assign RHS's CONST '?32?bxxxxxxxxxxxxxxxxxxxxxxxxxxxxxxxx' generates 32 bits.
[2026-04-21 23:29:33,833]                                                                                                         : ... In instance finn_design_wrapper.finn_design_i.StreamingFIFO_rtl_3.inst.impl
[2026-04-21 23:29:33,833]   238 |         addr_       <=  'bx;
[2026-04-21 23:29:33,833]       |                     ^~
[2026-04-21 23:29:33,833] %Warning-WIDTH: /tmp/finn_dev_emanuel-hernandez/vivado_stitch_proj_drjl_8y4/finn_design_wrapper.v:251:16: Operator ASSIGNDLY expects 8 bits on the Assign RHS, but Assign RHS's CONST '?32?bxxxxxxxxxxxxxxxxxxxxxxxxxxxxxxxx' generates 32 bits.
[2026-04-21 23:29:33,833]                                                                                                         : ... In instance finn_design_wrapper.finn_design_i.StreamingFIFO_rtl_3.inst.impl
[2026-04-21 23:29:33,833]   251 |    srlo_       <= 'bx;
[2026-04-21 23:29:33,833]       |                ^~
[2026-04-21 23:29:33,833] %Warning-WIDTH: /tmp/finn_dev_emanuel-hernandez/vivado_stitch_proj_drjl_8y4/finn_design_wrapper.v:261:16: Operator ASSIGNDLY expects 8 bits on the Assign RHS, but Assign RHS's CONST '?32?bxxxxxxxxxxxxxxxxxxxxxxxxxxxxxxxx' generates 32 bits.
[2026-04-21 23:29:33,833]                                                                                                         : ... In instance finn_design_wrapper.finn_design_i.StreamingFIFO_rtl_3.inst.impl
[2026-04-21 23:29:33,833]   261 |    srlo_       <= 'bx;
[2026-04-21 23:29:33,833]       |                ^~
[2026-04-21 23:29:33,833] %Warning-WIDTH: /tmp/finn_dev_emanuel-hernandez/vivado_stitch_proj_drjl_8y4/finn_design_wrapper.v:275:16: Operator ASSIGNDLY expects 8 bits on the Assign RHS, but Assign RHS's CONST '?32?bxxxxxxxxxxxxxxxxxxxxxxxxxxxxxxxx' generates 32 bits.
[2026-04-21 23:29:33,833]                                                                                                         : ... In instance finn_design_wrapper.finn_design_i.StreamingFIFO_rtl_3.inst.impl
[2026-04-21 23:29:33,833]   275 |    srlo_       <= 'bx;
[2026-04-21 23:29:33,833]       |                ^~
[2026-04-21 23:29:33,833] %Warning-WIDTH: /tmp/finn_dev_emanuel-hernandez/vivado_stitch_proj_drjl_8y4/finn_design_wrapper.v:282:16: Operator ASSIGNDLY expects 8 bits on the Assign RHS, but Assign RHS's CONST '?32?bxxxxxxxxxxxxxxxxxxxxxxxxxxxxxxxx' generates 32 bits.
[2026-04-21 23:29:33,833]                                                                                                         : ... In instance finn_design_wrapper.finn_design_i.StreamingFIFO_rtl_3.inst.impl
[2026-04-21 23:29:33,833]   282 |    srlo_       <= 'bx;
[2026-04-21 23:29:33,833]       |                ^~
[2026-04-21 23:29:33,833] %Warning-WIDTH: /tmp/finn_dev_emanuel-hernandez/vivado_stitch_proj_drjl_8y4/finn_design_wrapper.v:295:16: Operator ASSIGNDLY expects 8 bits on the Assign RHS, but Assign RHS's CONST '?32?bxxxxxxxxxxxxxxxxxxxxxxxxxxxxxxxx' generates 32 bits.
[2026-04-21 23:29:33,833]                                                                                                         : ... In instance finn_design_wrapper.finn_design_i.StreamingFIFO_rtl_3.inst.impl
[2026-04-21 23:29:33,833]   295 |    srlo_       <= 'bx;
[2026-04-21 23:29:33,833]       |                ^~
[2026-04-21 23:29:33,833] %Warning-WIDTH: /tmp/finn_dev_emanuel-hernandez/vivado_stitch_proj_drjl_8y4/finn_design_wrapper.v:313:16: Operator ASSIGNDLY expects 8 bits on the Assign RHS, but Assign RHS's CONST '?32?bxxxxxxxxxxxxxxxxxxxxxxxxxxxxxxxx' generates 32 bits.
[2026-04-21 23:29:33,833]                                                                                                         : ... In instance finn_design_wrapper.finn_design_i.StreamingFIFO_rtl_3.inst.impl
[2026-04-21 23:29:33,833]   313 |    srlo_       <= 'bx;
[2026-04-21 23:29:33,833]       |                ^~
[2026-04-21 23:29:33,833] %Warning-WIDTH: /tmp/finn_dev_emanuel-hernandez/vivado_stitch_proj_drjl_8y4/finn_design_wrapper.v:327:16: Operator ASSIGNDLY expects 8 bits on the Assign RHS, but Assign RHS's CONST '?32?bxxxxxxxxxxxxxxxxxxxxxxxxxxxxxxxx' generates 32 bits.
[2026-04-21 23:29:33,833]                                                                                                         : ... In instance finn_design_wrapper.finn_design_i.StreamingFIFO_rtl_3.inst.impl
[2026-04-21 23:29:33,833]   327 |    srlo_       <= 'bx;
[2026-04-21 23:29:33,833]       |                ^~
[2026-04-21 23:29:33,833] %Warning-WIDTH: /tmp/finn_dev_emanuel-hernandez/vivado_stitch_proj_drjl_8y4/finn_design_wrapper.v:344:16: Operator ASSIGNDLY expects 8 bits on the Assign RHS, but Assign RHS's CONST '?32?bxxxxxxxxxxxxxxxxxxxxxxxxxxxxxxxx' generates 32 bits.
[2026-04-21 23:29:33,833]                                                                                                         : ... In instance finn_design_wrapper.finn_design_i.StreamingFIFO_rtl_3.inst.impl
[2026-04-21 23:29:33,833]   344 |    srlo_       <=  'bx;
[2026-04-21 23:29:33,833]       |                ^~
[2026-04-21 23:29:33,833] %Warning-WIDTH: /tmp/finn_dev_emanuel-hernandez/vivado_stitch_proj_drjl_8y4/finn_design_wrapper.v:347:16: Operator ASSIGNDLY expects 6 bits on the Assign RHS, but Assign RHS's CONST '?32?bxxxxxxxxxxxxxxxxxxxxxxxxxxxxxxxx' generates 32 bits.
[2026-04-21 23:29:33,833]                                                                                                         : ... In instance finn_design_wrapper.finn_design_i.StreamingFIFO_rtl_3.inst.impl
[2026-04-21 23:29:33,833]   347 |    addr_       <=  'bx;
[2026-04-21 23:29:33,833]       |                ^~
[2026-04-21 23:29:33,833] %Warning-WIDTH: /tmp/finn_dev_emanuel-hernandez/vivado_stitch_proj_drjl_8y4/finn_design_wrapper.v:170:54: Operator EQ expects 32 or 8 bits on the LHS, but LHS's VARREF 'addr_' generates 7 bits.
[2026-04-21 23:29:33,833]                                                                                                         : ... In instance finn_design_wrapper.finn_design_i.StreamingFIFO_rtl_2.inst.impl
[2026-04-21 23:29:33,833]   170 |    assign addr_full_ = (state_==state_more) && (addr_==depth-2);
[2026-04-21 23:29:33,833]       |                                                      ^~
[2026-04-21 23:29:33,833] %Warning-WIDTH: /tmp/finn_dev_emanuel-hernandez/vivado_stitch_proj_drjl_8y4/finn_design_wrapper.v:227:10: Operator ASSIGN expects 7 bits on the Assign RHS, but Assign RHS's SUB generates 32 or 8 bits.
[2026-04-21 23:29:33,833]                                                                                                         : ... In instance finn_design_wrapper.finn_design_i.StreamingFIFO_rtl_2.inst.impl
[2026-04-21 23:29:33,833]   227 |   for (a_=depth-2; a_>0; a_=a_-1) begin
[2026-04-21 23:29:33,833]       |          ^
[2026-04-21 23:29:33,833] %Warning-WIDTH: /tmp/finn_dev_emanuel-hernandez/vivado_stitch_proj_drjl_8y4/finn_design_wrapper.v:238:21: Operator ASSIGNDLY expects 7 bits on the Assign RHS, but Assign RHS's CONST '?32?bxxxxxxxxxxxxxxxxxxxxxxxxxxxxxxxx' generates 32 bits.
[2026-04-21 23:29:33,833]                                                                                                         : ... In instance finn_design_wrapper.finn_design_i.StreamingFIFO_rtl_2.inst.impl
[2026-04-21 23:29:33,833]   238 |         addr_       <=  'bx;
[2026-04-21 23:29:33,833]       |                     ^~
[2026-04-21 23:29:33,833] %Warning-WIDTH: /tmp/finn_dev_emanuel-hernandez/vivado_stitch_proj_drjl_8y4/finn_design_wrapper.v:347:16: Operator ASSIGNDLY expects 7 bits on the Assign RHS, but Assign RHS's CONST '?32?bxxxxxxxxxxxxxxxxxxxxxxxxxxxxxxxx' generates 32 bits.
[2026-04-21 23:29:33,833]                                                                                                         : ... In instance finn_design_wrapper.finn_design_i.StreamingFIFO_rtl_2.inst.impl
[2026-04-21 23:29:33,833]   347 |    addr_       <=  'bx;
[2026-04-21 23:29:33,833]       |                ^~
[2026-04-21 23:29:33,833] %Warning-WIDTH: /tmp/finn_dev_emanuel-hernandez/vivado_stitch_proj_drjl_8y4/finn_design_wrapper.v:170:54: Operator EQ expects 32 or 6 bits on the LHS, but LHS's VARREF 'addr_' generates 5 bits.
[2026-04-21 23:29:33,833]                                                                                                         : ... In instance finn_design_wrapper.finn_design_i.StreamingFIFO_rtl_1.inst.impl
[2026-04-21 23:29:33,833]   170 |    assign addr_full_ = (state_==state_more) && (addr_==depth-2);
[2026-04-21 23:29:33,833]       |                                                      ^~
[2026-04-21 23:29:33,833] %Warning-WIDTH: /tmp/finn_dev_emanuel-hernandez/vivado_stitch_proj_drjl_8y4/finn_design_wrapper.v:227:10: Operator ASSIGN expects 5 bits on the Assign RHS, but Assign RHS's SUB generates 32 or 6 bits.
[2026-04-21 23:29:33,833]                                                                                                         : ... In instance finn_design_wrapper.finn_design_i.StreamingFIFO_rtl_1.inst.impl
[2026-04-21 23:29:33,833]   227 |   for (a_=depth-2; a_>0; a_=a_-1) begin
[2026-04-21 23:29:33,833]       |          ^
[2026-04-21 23:29:33,833] %Warning-WIDTH: /tmp/finn_dev_emanuel-hernandez/vivado_stitch_proj_drjl_8y4/finn_design_wrapper.v:235:21: Operator ASSIGNDLY expects 16 bits on the Assign RHS, but Assign RHS's CONST '?32?bxxxxxxxxxxxxxxxxxxxxxxxxxxxxxxxx' generates 32 bits.
[2026-04-21 23:29:33,833]                                                                                                         : ... In instance finn_design_wrapper.finn_design_i.StreamingFIFO_rtl_1.inst.impl
[2026-04-21 23:29:33,833]   235 |         srlo_       <=  'bx;
[2026-04-21 23:29:33,833]       |                     ^~
[2026-04-21 23:29:33,833] %Warning-WIDTH: /tmp/finn_dev_emanuel-hernandez/vivado_stitch_proj_drjl_8y4/finn_design_wrapper.v:238:21: Operator ASSIGNDLY expects 5 bits on the Assign RHS, but Assign RHS's CONST '?32?bxxxxxxxxxxxxxxxxxxxxxxxxxxxxxxxx' generates 32 bits.
[2026-04-21 23:29:33,833]                                                                                                         : ... In instance finn_design_wrapper.finn_design_i.StreamingFIFO_rtl_1.inst.impl
[2026-04-21 23:29:33,833]   238 |         addr_       <=  'bx;
[2026-04-21 23:29:33,833]       |                     ^~
[2026-04-21 23:29:33,833] %Warning-WIDTH: /tmp/finn_dev_emanuel-hernandez/vivado_stitch_proj_drjl_8y4/finn_design_wrapper.v:251:16: Operator ASSIGNDLY expects 16 bits on the Assign RHS, but Assign RHS's CONST '?32?bxxxxxxxxxxxxxxxxxxxxxxxxxxxxxxxx' generates 32 bits.
[2026-04-21 23:29:33,833]                                                                                                         : ... In instance finn_design_wrapper.finn_design_i.StreamingFIFO_rtl_1.inst.impl
[2026-04-21 23:29:33,833]   251 |    srlo_       <= 'bx;
[2026-04-21 23:29:33,833]       |                ^~
[2026-04-21 23:29:33,833] %Warning-WIDTH: /tmp/finn_dev_emanuel-hernandez/vivado_stitch_proj_drjl_8y4/finn_design_wrapper.v:261:16: Operator ASSIGNDLY expects 16 bits on the Assign RHS, but Assign RHS's CONST '?32?bxxxxxxxxxxxxxxxxxxxxxxxxxxxxxxxx' generates 32 bits.
[2026-04-21 23:29:33,833]                                                                                                         : ... In instance finn_design_wrapper.finn_design_i.StreamingFIFO_rtl_1.inst.impl
[2026-04-21 23:29:33,833]   261 |    srlo_       <= 'bx;
[2026-04-21 23:29:33,833]       |                ^~
[2026-04-21 23:29:33,833] %Warning-WIDTH: /tmp/finn_dev_emanuel-hernandez/vivado_stitch_proj_drjl_8y4/finn_design_wrapper.v:275:16: Operator ASSIGNDLY expects 16 bits on the Assign RHS, but Assign RHS's CONST '?32?bxxxxxxxxxxxxxxxxxxxxxxxxxxxxxxxx' generates 32 bits.
[2026-04-21 23:29:33,833]                                                                                                         : ... In instance finn_design_wrapper.finn_design_i.StreamingFIFO_rtl_1.inst.impl
[2026-04-21 23:29:33,833]   275 |    srlo_       <= 'bx;
[2026-04-21 23:29:33,833]       |                ^~
[2026-04-21 23:29:33,833] %Warning-WIDTH: /tmp/finn_dev_emanuel-hernandez/vivado_stitch_proj_drjl_8y4/finn_design_wrapper.v:282:16: Operator ASSIGNDLY expects 16 bits on the Assign RHS, but Assign RHS's CONST '?32?bxxxxxxxxxxxxxxxxxxxxxxxxxxxxxxxx' generates 32 bits.
[2026-04-21 23:29:33,833]                                                                                                         : ... In instance finn_design_wrapper.finn_design_i.StreamingFIFO_rtl_1.inst.impl
[2026-04-21 23:29:33,833]   282 |    srlo_       <= 'bx;
[2026-04-21 23:29:33,833]       |                ^~
[2026-04-21 23:29:33,833] %Warning-WIDTH: /tmp/finn_dev_emanuel-hernandez/vivado_stitch_proj_drjl_8y4/finn_design_wrapper.v:295:16: Operator ASSIGNDLY expects 16 bits on the Assign RHS, but Assign RHS's CONST '?32?bxxxxxxxxxxxxxxxxxxxxxxxxxxxxxxxx' generates 32 bits.
[2026-04-21 23:29:33,833]                                                                                                         : ... In instance finn_design_wrapper.finn_design_i.StreamingFIFO_rtl_1.inst.impl
[2026-04-21 23:29:33,833]   295 |    srlo_       <= 'bx;
[2026-04-21 23:29:33,833]       |                ^~
[2026-04-21 23:29:33,833] %Warning-WIDTH: /tmp/finn_dev_emanuel-hernandez/vivado_stitch_proj_drjl_8y4/finn_design_wrapper.v:313:16: Operator ASSIGNDLY expects 16 bits on the Assign RHS, but Assign RHS's CONST '?32?bxxxxxxxxxxxxxxxxxxxxxxxxxxxxxxxx' generates 32 bits.
[2026-04-21 23:29:33,833]                                                                                                         : ... In instance finn_design_wrapper.finn_design_i.StreamingFIFO_rtl_1.inst.impl
[2026-04-21 23:29:33,833]   313 |    srlo_       <= 'bx;
[2026-04-21 23:29:33,833]       |                ^~
[2026-04-21 23:29:33,833] %Warning-WIDTH: /tmp/finn_dev_emanuel-hernandez/vivado_stitch_proj_drjl_8y4/finn_design_wrapper.v:327:16: Operator ASSIGNDLY expects 16 bits on the Assign RHS, but Assign RHS's CONST '?32?bxxxxxxxxxxxxxxxxxxxxxxxxxxxxxxxx' generates 32 bits.
[2026-04-21 23:29:33,833]                                                                                                         : ... In instance finn_design_wrapper.finn_design_i.StreamingFIFO_rtl_1.inst.impl
[2026-04-21 23:29:33,833]   327 |    srlo_       <= 'bx;
[2026-04-21 23:29:33,833]       |                ^~
[2026-04-21 23:29:33,833] %Warning-WIDTH: /tmp/finn_dev_emanuel-hernandez/vivado_stitch_proj_drjl_8y4/finn_design_wrapper.v:344:16: Operator ASSIGNDLY expects 16 bits on the Assign RHS, but Assign RHS's CONST '?32?bxxxxxxxxxxxxxxxxxxxxxxxxxxxxxxxx' generates 32 bits.
[2026-04-21 23:29:33,833]                                                                                                         : ... In instance finn_design_wrapper.finn_design_i.StreamingFIFO_rtl_1.inst.impl
[2026-04-21 23:29:33,833]   344 |    srlo_       <=  'bx;
[2026-04-21 23:29:33,833]       |                ^~
[2026-04-21 23:29:33,833] %Warning-WIDTH: /tmp/finn_dev_emanuel-hernandez/vivado_stitch_proj_drjl_8y4/finn_design_wrapper.v:347:16: Operator ASSIGNDLY expects 5 bits on the Assign RHS, but Assign RHS's CONST '?32?bxxxxxxxxxxxxxxxxxxxxxxxxxxxxxxxx' generates 32 bits.
[2026-04-21 23:29:33,833]                                                                                                         : ... In instance finn_design_wrapper.finn_design_i.StreamingFIFO_rtl_1.inst.impl
[2026-04-21 23:29:33,833]   347 |    addr_       <=  'bx;
[2026-04-21 23:29:33,833]       |                ^~
[2026-04-21 23:29:33,833] %Warning-WIDTH: /tmp/finn_dev_emanuel-hernandez/vivado_stitch_proj_drjl_8y4/finn_design_wrapper.v:238:21: Operator ASSIGNDLY expects 9 bits on the Assign RHS, but Assign RHS's CONST '?32?bxxxxxxxxxxxxxxxxxxxxxxxxxxxxxxxx' generates 32 bits.
[2026-04-21 23:29:33,833]                                                                                                         : ... In instance finn_design_wrapper.finn_design_i.StreamingFIFO_rtl_0.inst.impl
[2026-04-21 23:29:33,833]   238 |         addr_       <=  'bx;
[2026-04-21 23:29:33,833]       |                     ^~
[2026-04-21 23:29:33,833] %Warning-WIDTH: /tmp/finn_dev_emanuel-hernandez/vivado_stitch_proj_drjl_8y4/finn_design_wrapper.v:347:16: Operator ASSIGNDLY expects 9 bits on the Assign RHS, but Assign RHS's CONST '?32?bxxxxxxxxxxxxxxxxxxxxxxxxxxxxxxxx' generates 32 bits.
[2026-04-21 23:29:33,833]                                                                                                         : ... In instance finn_design_wrapper.finn_design_i.StreamingFIFO_rtl_0.inst.impl
[2026-04-21 23:29:33,833]   347 |    addr_       <=  'bx;
[2026-04-21 23:29:33,833]       |                ^~
[2026-04-21 23:29:33,833] %Warning-STMTDLY: /tmp/finn_dev_emanuel-hernandez/vivado_stitch_proj_drjl_8y4/finn_design_wrapper.v:14246:2: Unsupported: Ignoring delay on this delayed statement.
[2026-04-21 23:29:33,833]                                                                                                            : ... In instance finn_design_wrapper.finn_design_i.MVAU_hls_0.MVAU_hls_0.inst
[2026-04-21 23:29:33,833] 14246 | #0 grp_Matrix_Vector_Activate_Stream_Batch_fu_150_ap_start_reg = 1'b0;
[2026-04-21 23:29:33,833]       |  ^
[2026-04-21 23:29:33,833] %Warning-STMTDLY: /tmp/finn_dev_emanuel-hernandez/vivado_stitch_proj_drjl_8y4/finn_design_wrapper.v:14247:2: Unsupported: Ignoring delay on this delayed statement.
[2026-04-21 23:29:33,833]                                                                                                            : ... In instance finn_design_wrapper.finn_design_i.MVAU_hls_0.MVAU_hls_0.inst
[2026-04-21 23:29:33,833] 14247 | #0 ap_CS_fsm = 4'd1;
[2026-04-21 23:29:33,833]       |  ^
[2026-04-21 23:29:33,833] %Warning-WIDTH: /tmp/finn_dev_emanuel-hernandez/vivado_stitch_proj_drjl_8y4/finn_design_wrapper.v:14389:23: Operator ASSIGN expects 4 bits on the Assign RHS, but Assign RHS's CONST '?32?bxxxxxxxxxxxxxxxxxxxxxxxxxxxxxxxx' generates 32 bits.
[2026-04-21 23:29:33,833]                                                                                                           : ... In instance finn_design_wrapper.finn_design_i.MVAU_hls_0.MVAU_hls_0.inst
[2026-04-21 23:29:33,833] 14389 |             ap_NS_fsm = 'bx;
[2026-04-21 23:29:33,834]       |                       ^
[2026-04-21 23:29:33,834] %Warning-STMTDLY: /tmp/finn_dev_emanuel-hernandez/vivado_stitch_proj_drjl_8y4/finn_design_wrapper.v:638:2: Unsupported: Ignoring delay on this delayed statement.
[2026-04-21 23:29:33,834]                                                                                                          : ... In instance finn_design_wrapper.finn_design_i.MVAU_hls_1.MVAU_hls_1.inst
[2026-04-21 23:29:33,834]   638 | #0 grp_Matrix_Vector_Activate_Stream_Batch_fu_60_ap_start_reg = 1'b0;
[2026-04-21 23:29:33,834]       |  ^
[2026-04-21 23:29:33,834] %Warning-STMTDLY: /tmp/finn_dev_emanuel-hernandez/vivado_stitch_proj_drjl_8y4/finn_design_wrapper.v:639:2: Unsupported: Ignoring delay on this delayed statement.
[2026-04-21 23:29:33,834]                                                                                                          : ... In instance finn_design_wrapper.finn_design_i.MVAU_hls_1.MVAU_hls_1.inst
[2026-04-21 23:29:33,834]   639 | #0 ap_CS_fsm = 4'd1;
[2026-04-21 23:29:33,834]       |  ^
[2026-04-21 23:29:33,834] %Warning-WIDTH: /tmp/finn_dev_emanuel-hernandez/vivado_stitch_proj_drjl_8y4/finn_design_wrapper.v:781:23: Operator ASSIGN expects 4 bits on the Assign RHS, but Assign RHS's CONST '?32?bxxxxxxxxxxxxxxxxxxxxxxxxxxxxxxxx' generates 32 bits.
[2026-04-21 23:29:33,834]                                                                                                         : ... In instance finn_design_wrapper.finn_design_i.MVAU_hls_1.MVAU_hls_1.inst
[2026-04-21 23:29:33,834]   781 |             ap_NS_fsm = 'bx;
[2026-04-21 23:29:33,834]       |                       ^
[2026-04-21 23:29:33,834] %Warning-COMBDLY: /tmp/finn_dev_emanuel-hernandez/vivado_stitch_proj_drjl_8y4/finn_design_wrapper.v:235:21: Non-blocking assignment '<=' in combinational logic process
[2026-04-21 23:29:33,834]                                                                                                           : ... This will be executed as a blocking assignment '='!
[2026-04-21 23:29:33,834]   235 |         srlo_       <=  'bx;
[2026-04-21 23:29:33,834]       |                     ^~
[2026-04-21 23:29:33,834]                   *** See https://verilator.org/warn/COMBDLY before disabling this,
[2026-04-21 23:29:33,834]                   else you may end up with different sim results.
[2026-04-21 23:29:33,834] %Warning-COMBDLY: /tmp/finn_dev_emanuel-hernandez/vivado_stitch_proj_drjl_8y4/finn_design_wrapper.v:236:21: Non-blocking assignment '<=' in combinational logic process
[2026-04-21 23:29:33,834]                                                                                                           : ... This will be executed as a blocking assignment '='!
[2026-04-21 23:29:33,834]   236 |         shift_en_o_ <= 1'bx;
[2026-04-21 23:29:33,834]       |                     ^~
[2026-04-21 23:29:33,834] %Warning-COMBDLY: /tmp/finn_dev_emanuel-hernandez/vivado_stitch_proj_drjl_8y4/finn_design_wrapper.v:237:21: Non-blocking assignment '<=' in combinational logic process
[2026-04-21 23:29:33,834]                                                                                                           : ... This will be executed as a blocking assignment '='!
[2026-04-21 23:29:33,834]   237 |         shift_en_   <= 1'bx;
[2026-04-21 23:29:33,834]       |                     ^~
[2026-04-21 23:29:33,834] %Warning-COMBDLY: /tmp/finn_dev_emanuel-hernandez/vivado_stitch_proj_drjl_8y4/finn_design_wrapper.v:238:21: Non-blocking assignment '<=' in combinational logic process
[2026-04-21 23:29:33,834]                                                                                                           : ... This will be executed as a blocking assignment '='!
[2026-04-21 23:29:33,834]   238 |         addr_       <=  'bx;
[2026-04-21 23:29:33,834]       |                     ^~
[2026-04-21 23:29:33,834] %Warning-COMBDLY: /tmp/finn_dev_emanuel-hernandez/vivado_stitch_proj_drjl_8y4/finn_design_wrapper.v:239:21: Non-blocking assignment '<=' in combinational logic process
[2026-04-21 23:29:33,834]                                                                                                           : ... This will be executed as a blocking assignment '='!
[2026-04-21 23:29:33,834]   239 |         state_      <= 2'bx;
[2026-04-21 23:29:33,834]       |                     ^~
[2026-04-21 23:29:33,834] %Warning-COMBDLY: /tmp/finn_dev_emanuel-hernandez/vivado_stitch_proj_drjl_8y4/finn_design_wrapper.v:244:16: Non-blocking assignment '<=' in combinational logic process
[2026-04-21 23:29:33,834]                                                                                                           : ... This will be executed as a blocking assignment '='!
[2026-04-21 23:29:33,834]   244 |    srlo_       <= i_d;
[2026-04-21 23:29:33,834]       |                ^~
[2026-04-21 23:29:33,834] %Warning-COMBDLY: /tmp/finn_dev_emanuel-hernandez/vivado_stitch_proj_drjl_8y4/finn_design_wrapper.v:245:16: Non-blocking assignment '<=' in combinational logic process
[2026-04-21 23:29:33,834]                                                                                                           : ... This will be executed as a blocking assignment '='!
[2026-04-21 23:29:33,834]   245 |    shift_en_o_ <= 1;
[2026-04-21 23:29:33,834]       |                ^~
[2026-04-21 23:29:33,834] %Warning-COMBDLY: /tmp/finn_dev_emanuel-hernandez/vivado_stitch_proj_drjl_8y4/finn_design_wrapper.v:246:16: Non-blocking assignment '<=' in combinational logic process
[2026-04-21 23:29:33,834]                                                                                                           : ... This will be executed as a blocking assignment '='!
[2026-04-21 23:29:33,834]   246 |    shift_en_   <= 1'bx;
[2026-04-21 23:29:33,834]       |                ^~
[2026-04-21 23:29:33,834] %Warning-COMBDLY: /tmp/finn_dev_emanuel-hernandez/vivado_stitch_proj_drjl_8y4/finn_design_wrapper.v:247:16: Non-blocking assignment '<=' in combinational logic process
[2026-04-21 23:29:33,834]                                                                                                           : ... This will be executed as a blocking assignment '='!
[2026-04-21 23:29:33,834]   247 |    addr_       <= 0;
[2026-04-21 23:29:33,834]       |                ^~
[2026-04-21 23:29:33,834] %Warning-COMBDLY: /tmp/finn_dev_emanuel-hernandez/vivado_stitch_proj_drjl_8y4/finn_design_wrapper.v:248:16: Non-blocking assignment '<=' in combinational logic process
[2026-04-21 23:29:33,834]                                                                                                           : ... This will be executed as a blocking assignment '='!
[2026-04-21 23:29:33,834]   248 |    state_      <= state_one;
[2026-04-21 23:29:33,834]       |                ^~
[2026-04-21 23:29:33,834] %Warning-COMBDLY: /tmp/finn_dev_emanuel-hernandez/vivado_stitch_proj_drjl_8y4/finn_design_wrapper.v:251:16: Non-blocking assignment '<=' in combinational logic process
[2026-04-21 23:29:33,834]                                                                                                           : ... This will be executed as a blocking assignment '='!
[2026-04-21 23:29:33,834]   251 |    srlo_       <= 'bx;
[2026-04-21 23:29:33,834]       |                ^~
[2026-04-21 23:29:33,834] %Warning-COMBDLY: /tmp/finn_dev_emanuel-hernandez/vivado_stitch_proj_drjl_8y4/finn_design_wrapper.v:252:16: Non-blocking assignment '<=' in combinational logic process
[2026-04-21 23:29:33,834]                                                                                                           : ... This will be executed as a blocking assignment '='!
[2026-04-21 23:29:33,834]   252 |    shift_en_o_ <= 0;
[2026-04-21 23:29:33,834]       |                ^~
[2026-04-21 23:29:33,834] %Warning-COMBDLY: /tmp/finn_dev_emanuel-hernandez/vivado_stitch_proj_drjl_8y4/finn_design_wrapper.v:253:16: Non-blocking assignment '<=' in combinational logic process
[2026-04-21 23:29:33,834]                                                                                                           : ... This will be executed as a blocking assignment '='!
[2026-04-21 23:29:33,834]   253 |    shift_en_   <= 1'bx;
[2026-04-21 23:29:33,834]       |                ^~
[2026-04-21 23:29:33,834] %Warning-COMBDLY: /tmp/finn_dev_emanuel-hernandez/vivado_stitch_proj_drjl_8y4/finn_design_wrapper.v:254:16: Non-blocking assignment '<=' in combinational logic process
[2026-04-21 23:29:33,834]                                                                                                           : ... This will be executed as a blocking assignment '='!
[2026-04-21 23:29:33,834]   254 |    addr_       <= 0;
[2026-04-21 23:29:33,834]       |                ^~
[2026-04-21 23:29:33,834] %Warning-COMBDLY: /tmp/finn_dev_emanuel-hernandez/vivado_stitch_proj_drjl_8y4/finn_design_wrapper.v:255:16: Non-blocking assignment '<=' in combinational logic process
[2026-04-21 23:29:33,834]                                                                                                           : ... This will be executed as a blocking assignment '='!
[2026-04-21 23:29:33,834]   255 |    state_      <= state_empty;
[2026-04-21 23:29:33,834]       |                ^~
[2026-04-21 23:29:33,834] %Warning-COMBDLY: /tmp/finn_dev_emanuel-hernandez/vivado_stitch_proj_drjl_8y4/finn_design_wrapper.v:261:16: Non-blocking assignment '<=' in combinational logic process
[2026-04-21 23:29:33,834]                                                                                                           : ... This will be executed as a blocking assignment '='!
[2026-04-21 23:29:33,834]   261 |    srlo_       <= 'bx;
[2026-04-21 23:29:33,834]       |                ^~
[2026-04-21 23:29:33,834] %Warning-COMBDLY: /tmp/finn_dev_emanuel-hernandez/vivado_stitch_proj_drjl_8y4/finn_design_wrapper.v:262:16: Non-blocking assignment '<=' in combinational logic process
[2026-04-21 23:29:33,834]                                                                                                           : ... This will be executed as a blocking assignment '='!
[2026-04-21 23:29:33,834]   262 |    shift_en_o_ <= 0;
[2026-04-21 23:29:33,834]       |                ^~
[2026-04-21 23:29:33,834] %Warning-COMBDLY: /tmp/finn_dev_emanuel-hernandez/vivado_stitch_proj_drjl_8y4/finn_design_wrapper.v:263:16: Non-blocking assignment '<=' in combinational logic process
[2026-04-21 23:29:33,834]                                                                                                           : ... This will be executed as a blocking assignment '='!
[2026-04-21 23:29:33,834]   263 |    shift_en_   <= 1;
[2026-04-21 23:29:33,834]       |                ^~
[2026-04-21 23:29:33,834] %Warning-COMBDLY: /tmp/finn_dev_emanuel-hernandez/vivado_stitch_proj_drjl_8y4/finn_design_wrapper.v:264:16: Non-blocking assignment '<=' in combinational logic process
[2026-04-21 23:29:33,834]                                                                                                           : ... This will be executed as a blocking assignment '='!
[2026-04-21 23:29:33,834]   264 |    addr_       <= 0;
[2026-04-21 23:29:33,834]       |                ^~
[2026-04-21 23:29:33,834] %Warning-COMBDLY: /tmp/finn_dev_emanuel-hernandez/vivado_stitch_proj_drjl_8y4/finn_design_wrapper.v:265:16: Non-blocking assignment '<=' in combinational logic process
[2026-04-21 23:29:33,834]                                                                                                           : ... This will be executed as a blocking assignment '='!
[2026-04-21 23:29:33,834]   265 |    state_      <= state_more;
[2026-04-21 23:29:33,834]       |                ^~
[2026-04-21 23:29:33,834] %Warning-COMBDLY: /tmp/finn_dev_emanuel-hernandez/vivado_stitch_proj_drjl_8y4/finn_design_wrapper.v:268:16: Non-blocking assignment '<=' in combinational logic process
[2026-04-21 23:29:33,834]                                                                                                           : ... This will be executed as a blocking assignment '='!
[2026-04-21 23:29:33,834]   268 |    srlo_       <= i_d;
[2026-04-21 23:29:33,834]       |                ^~
[2026-04-21 23:29:33,834] %Warning-COMBDLY: /tmp/finn_dev_emanuel-hernandez/vivado_stitch_proj_drjl_8y4/finn_design_wrapper.v:269:16: Non-blocking assignment '<=' in combinational logic process
[2026-04-21 23:29:33,834]                                                                                                           : ... This will be executed as a blocking assignment '='!
[2026-04-21 23:29:33,834]   269 |    shift_en_o_ <= 1;
[2026-04-21 23:29:33,834]       |                ^~
[2026-04-21 23:29:33,834] %Warning-COMBDLY: /tmp/finn_dev_emanuel-hernandez/vivado_stitch_proj_drjl_8y4/finn_design_wrapper.v:270:16: Non-blocking assignment '<=' in combinational logic process
[2026-04-21 23:29:33,834]                                                                                                           : ... This will be executed as a blocking assignment '='!
[2026-04-21 23:29:33,834]   270 |    shift_en_   <= 1;
[2026-04-21 23:29:33,834]       |                ^~
[2026-04-21 23:29:33,834] %Warning-COMBDLY: /tmp/finn_dev_emanuel-hernandez/vivado_stitch_proj_drjl_8y4/finn_design_wrapper.v:271:16: Non-blocking assignment '<=' in combinational logic process
[2026-04-21 23:29:33,834]                                                                                                           : ... This will be executed as a blocking assignment '='!
[2026-04-21 23:29:33,834]   271 |    addr_       <= 0;
[2026-04-21 23:29:33,834]       |                ^~
[2026-04-21 23:29:33,834] %Warning-COMBDLY: /tmp/finn_dev_emanuel-hernandez/vivado_stitch_proj_drjl_8y4/finn_design_wrapper.v:272:16: Non-blocking assignment '<=' in combinational logic process
[2026-04-21 23:29:33,834]                                                                                                           : ... This will be executed as a blocking assignment '='!
[2026-04-21 23:29:33,834]   272 |    state_      <= state_one;
[2026-04-21 23:29:33,834]       |                ^~
[2026-04-21 23:29:33,834] %Warning-COMBDLY: /tmp/finn_dev_emanuel-hernandez/vivado_stitch_proj_drjl_8y4/finn_design_wrapper.v:275:16: Non-blocking assignment '<=' in combinational logic process
[2026-04-21 23:29:33,834]                                                                                                           : ... This will be executed as a blocking assignment '='!
[2026-04-21 23:29:33,834]   275 |    srlo_       <= 'bx;
[2026-04-21 23:29:33,834]       |                ^~
[2026-04-21 23:29:33,834] %Warning-COMBDLY: /tmp/finn_dev_emanuel-hernandez/vivado_stitch_proj_drjl_8y4/finn_design_wrapper.v:276:16: Non-blocking assignment '<=' in combinational logic process
[2026-04-21 23:29:33,834]                                                                                                           : ... This will be executed as a blocking assignment '='!
[2026-04-21 23:29:33,834]   276 |    shift_en_o_ <= 0;
[2026-04-21 23:29:33,834]       |                ^~
[2026-04-21 23:29:33,834] %Warning-COMBDLY: /tmp/finn_dev_emanuel-hernandez/vivado_stitch_proj_drjl_8y4/finn_design_wrapper.v:277:16: Non-blocking assignment '<=' in combinational logic process
[2026-04-21 23:29:33,834]                                                                                                           : ... This will be executed as a blocking assignment '='!
[2026-04-21 23:29:33,834]   277 |    shift_en_   <= 1'bx;
[2026-04-21 23:29:33,834]       |                ^~
[2026-04-21 23:29:33,834] %Warning-COMBDLY: /tmp/finn_dev_emanuel-hernandez/vivado_stitch_proj_drjl_8y4/finn_design_wrapper.v:278:16: Non-blocking assignment '<=' in combinational logic process
[2026-04-21 23:29:33,835]                                                                                                           : ... This will be executed as a blocking assignment '='!
[2026-04-21 23:29:33,835]   278 |    addr_       <= 0;
[2026-04-21 23:29:33,835]       |                ^~
[2026-04-21 23:29:33,835] %Warning-COMBDLY: /tmp/finn_dev_emanuel-hernandez/vivado_stitch_proj_drjl_8y4/finn_design_wrapper.v:279:16: Non-blocking assignment '<=' in combinational logic process
[2026-04-21 23:29:33,835]                                                                                                           : ... This will be executed as a blocking assignment '='!
[2026-04-21 23:29:33,835]   279 |    state_      <= state_one;
[2026-04-21 23:29:33,835]       |                ^~
[2026-04-21 23:29:33,835] %Warning-COMBDLY: /tmp/finn_dev_emanuel-hernandez/vivado_stitch_proj_drjl_8y4/finn_design_wrapper.v:282:16: Non-blocking assignment '<=' in combinational logic process
[2026-04-21 23:29:33,835]                                                                                                           : ... This will be executed as a blocking assignment '='!
[2026-04-21 23:29:33,835]   282 |    srlo_       <= 'bx;
[2026-04-21 23:29:33,835]       |                ^~
[2026-04-21 23:29:33,835] %Warning-COMBDLY: /tmp/finn_dev_emanuel-hernandez/vivado_stitch_proj_drjl_8y4/finn_design_wrapper.v:283:16: Non-blocking assignment '<=' in combinational logic process
[2026-04-21 23:29:33,835]                                                                                                           : ... This will be executed as a blocking assignment '='!
[2026-04-21 23:29:33,835]   283 |    shift_en_o_ <= 0;
[2026-04-21 23:29:33,835]       |                ^~
[2026-04-21 23:29:33,835] %Warning-COMBDLY: /tmp/finn_dev_emanuel-hernandez/vivado_stitch_proj_drjl_8y4/finn_design_wrapper.v:284:16: Non-blocking assignment '<=' in combinational logic process
[2026-04-21 23:29:33,835]                                                                                                           : ... This will be executed as a blocking assignment '='!
[2026-04-21 23:29:33,835]   284 |    shift_en_   <= 1'bx;
[2026-04-21 23:29:33,835]       |                ^~
[2026-04-21 23:29:33,835] %Warning-COMBDLY: /tmp/finn_dev_emanuel-hernandez/vivado_stitch_proj_drjl_8y4/finn_design_wrapper.v:285:16: Non-blocking assignment '<=' in combinational logic process
[2026-04-21 23:29:33,835]                                                                                                           : ... This will be executed as a blocking assignment '='!
[2026-04-21 23:29:33,835]   285 |    addr_       <= 0;
[2026-04-21 23:29:33,835]       |                ^~
[2026-04-21 23:29:33,835] %Warning-COMBDLY: /tmp/finn_dev_emanuel-hernandez/vivado_stitch_proj_drjl_8y4/finn_design_wrapper.v:286:16: Non-blocking assignment '<=' in combinational logic process
[2026-04-21 23:29:33,835]                                                                                                           : ... This will be executed as a blocking assignment '='!
[2026-04-21 23:29:33,835]   286 |    state_      <= state_empty;
[2026-04-21 23:29:33,835]       |                ^~
[2026-04-21 23:29:33,835] %Warning-COMBDLY: /tmp/finn_dev_emanuel-hernandez/vivado_stitch_proj_drjl_8y4/finn_design_wrapper.v:295:16: Non-blocking assignment '<=' in combinational logic process
[2026-04-21 23:29:33,835]                                                                                                           : ... This will be executed as a blocking assignment '='!
[2026-04-21 23:29:33,835]   295 |    srlo_       <= 'bx;
[2026-04-21 23:29:33,835]       |                ^~
[2026-04-21 23:29:33,835] %Warning-COMBDLY: /tmp/finn_dev_emanuel-hernandez/vivado_stitch_proj_drjl_8y4/finn_design_wrapper.v:296:16: Non-blocking assignment '<=' in combinational logic process
[2026-04-21 23:29:33,835]                                                                                                           : ... This will be executed as a blocking assignment '='!
[2026-04-21 23:29:33,835]   296 |    shift_en_o_ <= 0;
[2026-04-21 23:29:33,835]       |                ^~
[2026-04-21 23:29:33,835] %Warning-COMBDLY: /tmp/finn_dev_emanuel-hernandez/vivado_stitch_proj_drjl_8y4/finn_design_wrapper.v:297:16: Non-blocking assignment '<=' in combinational logic process
[2026-04-21 23:29:33,835]                                                                                                           : ... This will be executed as a blocking assignment '='!
[2026-04-21 23:29:33,835]   297 |    shift_en_   <= 0;
[2026-04-21 23:29:33,835]       |                ^~
[2026-04-21 23:29:33,835] %Warning-COMBDLY: /tmp/finn_dev_emanuel-hernandez/vivado_stitch_proj_drjl_8y4/finn_design_wrapper.v:298:16: Non-blocking assignment '<=' in combinational logic process
[2026-04-21 23:29:33,835]                                                                                                           : ... This will be executed as a blocking assignment '='!
[2026-04-21 23:29:33,835]   298 |    addr_       <= addr;
[2026-04-21 23:29:33,835]       |                ^~
[2026-04-21 23:29:33,835] %Warning-COMBDLY: /tmp/finn_dev_emanuel-hernandez/vivado_stitch_proj_drjl_8y4/finn_design_wrapper.v:299:16: Non-blocking assignment '<=' in combinational logic process
[2026-04-21 23:29:33,835]                                                                                                           : ... This will be executed as a blocking assignment '='!
[2026-04-21 23:29:33,835]   299 |    state_      <= state_more;
[2026-04-21 23:29:33,835]       |                ^~
[2026-04-21 23:29:33,835] %Warning-COMBDLY: /tmp/finn_dev_emanuel-hernandez/vivado_stitch_proj_drjl_8y4/finn_design_wrapper.v:302:16: Non-blocking assignment '<=' in combinational logic process
[2026-04-21 23:29:33,835]                                                                                                           : ... This will be executed as a blocking assignment '='!
[2026-04-21 23:29:33,835]   302 |    srlo_       <= srl[addr];
[2026-04-21 23:29:33,835]       |                ^~
[2026-04-21 23:29:33,835] %Warning-COMBDLY: /tmp/finn_dev_emanuel-hernandez/vivado_stitch_proj_drjl_8y4/finn_design_wrapper.v:303:16: Non-blocking assignment '<=' in combinational logic process
[2026-04-21 23:29:33,835]                                                                                                           : ... This will be executed as a blocking assignment '='!
[2026-04-21 23:29:33,835]   303 |    shift_en_o_ <= 1;
[2026-04-21 23:29:33,835]       |                ^~
[2026-04-21 23:29:33,835] %Warning-COMBDLY: /tmp/finn_dev_emanuel-hernandez/vivado_stitch_proj_drjl_8y4/finn_design_wrapper.v:304:16: Non-blocking assignment '<=' in combinational logic process
[2026-04-21 23:29:33,835]                                                                                                           : ... This will be executed as a blocking assignment '='!
[2026-04-21 23:29:33,835]   304 |    shift_en_   <= 0;
[2026-04-21 23:29:33,835]       |                ^~
[2026-04-21 23:29:33,835] %Warning-COMBDLY: /tmp/finn_dev_emanuel-hernandez/vivado_stitch_proj_drjl_8y4/finn_design_wrapper.v:307:16: Non-blocking assignment '<=' in combinational logic process
[2026-04-21 23:29:33,835]                                                                                                           : ... This will be executed as a blocking assignment '='!
[2026-04-21 23:29:33,835]   307 |    addr_       <= addr_zero_ ? 0         : addr-1;
[2026-04-21 23:29:33,835]       |                ^~
[2026-04-21 23:29:33,835] %Warning-COMBDLY: /tmp/finn_dev_emanuel-hernandez/vivado_stitch_proj_drjl_8y4/finn_design_wrapper.v:308:16: Non-blocking assignment '<=' in combinational logic process
[2026-04-21 23:29:33,835]                                                                                                           : ... This will be executed as a blocking assignment '='!
[2026-04-21 23:29:33,835]   308 |    state_      <= addr_zero_ ? state_one : state_more;
[2026-04-21 23:29:33,835]       |                ^~
[2026-04-21 23:29:33,835] %Warning-COMBDLY: /tmp/finn_dev_emanuel-hernandez/vivado_stitch_proj_drjl_8y4/finn_design_wrapper.v:313:16: Non-blocking assignment '<=' in combinational logic process
[2026-04-21 23:29:33,835]                                                                                                           : ... This will be executed as a blocking assignment '='!
[2026-04-21 23:29:33,835]   313 |    srlo_       <= 'bx;
[2026-04-21 23:29:33,835]       |                ^~
[2026-04-21 23:29:33,835] %Warning-COMBDLY: /tmp/finn_dev_emanuel-hernandez/vivado_stitch_proj_drjl_8y4/finn_design_wrapper.v:314:16: Non-blocking assignment '<=' in combinational logic process
[2026-04-21 23:29:33,835]                                                                                                           : ... This will be executed as a blocking assignment '='!
[2026-04-21 23:29:33,835]   314 |    shift_en_o_ <= 0;
[2026-04-21 23:29:33,835]       |                ^~
[2026-04-21 23:29:33,835] %Warning-COMBDLY: /tmp/finn_dev_emanuel-hernandez/vivado_stitch_proj_drjl_8y4/finn_design_wrapper.v:315:16: Non-blocking assignment '<=' in combinational logic process
[2026-04-21 23:29:33,835]                                                                                                           : ... This will be executed as a blocking assignment '='!
[2026-04-21 23:29:33,835]   315 |    shift_en_   <= 1;
[2026-04-21 23:29:33,835]       |                ^~
[2026-04-21 23:29:33,835] %Warning-COMBDLY: /tmp/finn_dev_emanuel-hernandez/vivado_stitch_proj_drjl_8y4/finn_design_wrapper.v:316:16: Non-blocking assignment '<=' in combinational logic process
[2026-04-21 23:29:33,835]                                                                                                           : ... This will be executed as a blocking assignment '='!
[2026-04-21 23:29:33,835]   316 |    addr_       <= addr+1;
[2026-04-21 23:29:33,835]       |                ^~
[2026-04-21 23:29:33,835] %Warning-COMBDLY: /tmp/finn_dev_emanuel-hernandez/vivado_stitch_proj_drjl_8y4/finn_design_wrapper.v:317:16: Non-blocking assignment '<=' in combinational logic process
[2026-04-21 23:29:33,835]                                                                                                           : ... This will be executed as a blocking assignment '='!
[2026-04-21 23:29:33,835]   317 |    state_      <= state_more;
[2026-04-21 23:29:33,835]       |                ^~
[2026-04-21 23:29:33,835] %Warning-COMBDLY: /tmp/finn_dev_emanuel-hernandez/vivado_stitch_proj_drjl_8y4/finn_design_wrapper.v:320:16: Non-blocking assignment '<=' in combinational logic process
[2026-04-21 23:29:33,835]                                                                                                           : ... This will be executed as a blocking assignment '='!
[2026-04-21 23:29:33,835]   320 |    srlo_       <= srl[addr];
[2026-04-21 23:29:33,835]       |                ^~
[2026-04-21 23:29:33,835] %Warning-COMBDLY: /tmp/finn_dev_emanuel-hernandez/vivado_stitch_proj_drjl_8y4/finn_design_wrapper.v:321:16: Non-blocking assignment '<=' in combinational logic process
[2026-04-21 23:29:33,835]                                                                                                           : ... This will be executed as a blocking assignment '='!
[2026-04-21 23:29:33,835]   321 |    shift_en_o_ <= 1;
[2026-04-21 23:29:33,835]       |                ^~
[2026-04-21 23:29:33,835] %Warning-COMBDLY: /tmp/finn_dev_emanuel-hernandez/vivado_stitch_proj_drjl_8y4/finn_design_wrapper.v:322:16: Non-blocking assignment '<=' in combinational logic process
[2026-04-21 23:29:33,835]                                                                                                           : ... This will be executed as a blocking assignment '='!
[2026-04-21 23:29:33,835]   322 |    shift_en_   <= 1;
[2026-04-21 23:29:33,835]       |                ^~
[2026-04-21 23:29:33,835] %Warning-COMBDLY: /tmp/finn_dev_emanuel-hernandez/vivado_stitch_proj_drjl_8y4/finn_design_wrapper.v:323:16: Non-blocking assignment '<=' in combinational logic process
[2026-04-21 23:29:33,835]                                                                                                           : ... This will be executed as a blocking assignment '='!
[2026-04-21 23:29:33,835]   323 |    addr_       <= addr;
[2026-04-21 23:29:33,835]       |                ^~
[2026-04-21 23:29:33,835] %Warning-COMBDLY: /tmp/finn_dev_emanuel-hernandez/vivado_stitch_proj_drjl_8y4/finn_design_wrapper.v:324:16: Non-blocking assignment '<=' in combinational logic process
[2026-04-21 23:29:33,835]                                                                                                           : ... This will be executed as a blocking assignment '='!
[2026-04-21 23:29:33,835]   324 |    state_      <= state_more;
[2026-04-21 23:29:33,835]       |                ^~
[2026-04-21 23:29:33,835] %Warning-COMBDLY: /tmp/finn_dev_emanuel-hernandez/vivado_stitch_proj_drjl_8y4/finn_design_wrapper.v:327:16: Non-blocking assignment '<=' in combinational logic process
[2026-04-21 23:29:33,835]                                                                                                           : ... This will be executed as a blocking assignment '='!
[2026-04-21 23:29:33,835]   327 |    srlo_       <= 'bx;
[2026-04-21 23:29:33,835]       |                ^~
[2026-04-21 23:29:33,835] %Warning-COMBDLY: /tmp/finn_dev_emanuel-hernandez/vivado_stitch_proj_drjl_8y4/finn_design_wrapper.v:328:16: Non-blocking assignment '<=' in combinational logic process
[2026-04-21 23:29:33,835]                                                                                                           : ... This will be executed as a blocking assignment '='!
[2026-04-21 23:29:33,835]   328 |    shift_en_o_ <= 0;
[2026-04-21 23:29:33,835]       |                ^~
[2026-04-21 23:29:33,835] %Warning-COMBDLY: /tmp/finn_dev_emanuel-hernandez/vivado_stitch_proj_drjl_8y4/finn_design_wrapper.v:329:16: Non-blocking assignment '<=' in combinational logic process
[2026-04-21 23:29:33,835]                                                                                                           : ... This will be executed as a blocking assignment '='!
[2026-04-21 23:29:33,835]   329 |    shift_en_   <= 0;
[2026-04-21 23:29:33,835]       |                ^~
[2026-04-21 23:29:33,835] %Warning-COMBDLY: /tmp/finn_dev_emanuel-hernandez/vivado_stitch_proj_drjl_8y4/finn_design_wrapper.v:330:16: Non-blocking assignment '<=' in combinational logic process
[2026-04-21 23:29:33,835]                                                                                                           : ... This will be executed as a blocking assignment '='!
[2026-04-21 23:29:33,835]   330 |    addr_       <= addr;
[2026-04-21 23:29:33,835]       |                ^~
[2026-04-21 23:29:33,835] %Warning-COMBDLY: /tmp/finn_dev_emanuel-hernandez/vivado_stitch_proj_drjl_8y4/finn_design_wrapper.v:331:16: Non-blocking assignment '<=' in combinational logic process
[2026-04-21 23:29:33,835]                                                                                                           : ... This will be executed as a blocking assignment '='!
[2026-04-21 23:29:33,835]   331 |    state_      <= state_more;
[2026-04-21 23:29:33,835]       |                ^~
[2026-04-21 23:29:33,835] %Warning-COMBDLY: /tmp/finn_dev_emanuel-hernandez/vivado_stitch_proj_drjl_8y4/finn_design_wrapper.v:334:16: Non-blocking assignment '<=' in combinational logic process
[2026-04-21 23:29:33,835]                                                                                                           : ... This will be executed as a blocking assignment '='!
[2026-04-21 23:29:33,835]   334 |    srlo_       <= srl[addr];
[2026-04-21 23:29:33,836]       |                ^~
[2026-04-21 23:29:33,836] %Warning-COMBDLY: /tmp/finn_dev_emanuel-hernandez/vivado_stitch_proj_drjl_8y4/finn_design_wrapper.v:335:16: Non-blocking assignment '<=' in combinational logic process
[2026-04-21 23:29:33,836]                                                                                                           : ... This will be executed as a blocking assignment '='!
[2026-04-21 23:29:33,836]   335 |    shift_en_o_ <= 1;
[2026-04-21 23:29:33,836]       |                ^~
[2026-04-21 23:29:33,836] %Warning-COMBDLY: /tmp/finn_dev_emanuel-hernandez/vivado_stitch_proj_drjl_8y4/finn_design_wrapper.v:336:16: Non-blocking assignment '<=' in combinational logic process
[2026-04-21 23:29:33,836]                                                                                                           : ... This will be executed as a blocking assignment '='!
[2026-04-21 23:29:33,836]   336 |    shift_en_   <= 0;
[2026-04-21 23:29:33,836]       |                ^~
[2026-04-21 23:29:33,836] %Warning-COMBDLY: /tmp/finn_dev_emanuel-hernandez/vivado_stitch_proj_drjl_8y4/finn_design_wrapper.v:337:16: Non-blocking assignment '<=' in combinational logic process
[2026-04-21 23:29:33,836]                                                                                                           : ... This will be executed as a blocking assignment '='!
[2026-04-21 23:29:33,836]   337 |    addr_       <= addr_zero_ ? 0         : addr-1;
[2026-04-21 23:29:33,836]       |                ^~
[2026-04-21 23:29:33,836] %Warning-COMBDLY: /tmp/finn_dev_emanuel-hernandez/vivado_stitch_proj_drjl_8y4/finn_design_wrapper.v:338:16: Non-blocking assignment '<=' in combinational logic process
[2026-04-21 23:29:33,836]                                                                                                           : ... This will be executed as a blocking assignment '='!
[2026-04-21 23:29:33,836]   338 |    state_      <= addr_zero_ ? state_one : state_more;
[2026-04-21 23:29:33,836]       |                ^~
[2026-04-21 23:29:33,836] %Warning-COMBDLY: /tmp/finn_dev_emanuel-hernandez/vivado_stitch_proj_drjl_8y4/finn_design_wrapper.v:344:16: Non-blocking assignment '<=' in combinational logic process
[2026-04-21 23:29:33,836]                                                                                                           : ... This will be executed as a blocking assignment '='!
[2026-04-21 23:29:33,836]   344 |    srlo_       <=  'bx;
[2026-04-21 23:29:33,836]       |                ^~
[2026-04-21 23:29:33,836] %Warning-COMBDLY: /tmp/finn_dev_emanuel-hernandez/vivado_stitch_proj_drjl_8y4/finn_design_wrapper.v:345:16: Non-blocking assignment '<=' in combinational logic process
[2026-04-21 23:29:33,836]                                                                                                           : ... This will be executed as a blocking assignment '='!
[2026-04-21 23:29:33,836]   345 |    shift_en_o_ <= 1'bx;
[2026-04-21 23:29:33,836]       |                ^~
[2026-04-21 23:29:33,836] %Warning-COMBDLY: /tmp/finn_dev_emanuel-hernandez/vivado_stitch_proj_drjl_8y4/finn_design_wrapper.v:346:16: Non-blocking assignment '<=' in combinational logic process
[2026-04-21 23:29:33,836]                                                                                                           : ... This will be executed as a blocking assignment '='!
[2026-04-21 23:29:33,836]   346 |    shift_en_   <= 1'bx;
[2026-04-21 23:29:33,836]       |                ^~
[2026-04-21 23:29:33,836] %Warning-COMBDLY: /tmp/finn_dev_emanuel-hernandez/vivado_stitch_proj_drjl_8y4/finn_design_wrapper.v:347:16: Non-blocking assignment '<=' in combinational logic process
[2026-04-21 23:29:33,836]                                                                                                           : ... This will be executed as a blocking assignment '='!
[2026-04-21 23:29:33,836]   347 |    addr_       <=  'bx;
[2026-04-21 23:29:33,836]       |                ^~
[2026-04-21 23:29:33,836] %Warning-COMBDLY: /tmp/finn_dev_emanuel-hernandez/vivado_stitch_proj_drjl_8y4/finn_design_wrapper.v:348:16: Non-blocking assignment '<=' in combinational logic process
[2026-04-21 23:29:33,836]                                                                                                           : ... This will be executed as a blocking assignment '='!
[2026-04-21 23:29:33,836]   348 |    state_      <= 2'bx;
[2026-04-21 23:29:33,836]       |                ^~
[2026-04-21 23:29:35,715] make: Entering directory '/tmp/finn_dev_emanuel-hernandez/verilator_fifosim__9tw0xgy'
[2026-04-21 23:29:35,715] ccache g++  -I.  -MMD -I/usr/local/share/verilator/include -I/usr/local/share/verilator/include/vltstd -DVM_COVERAGE=0 -DVM_SC=0 -DVM_TRACE=0 -DVM_TRACE_FST=0 -DVM_TRACE_VCD=0 -faligned-new -fcf-protection=none -Wno-bool-operation -Wno-sign-compare -Wno-uninitialized -Wno-unused-but-set-variable -Wno-unused-parameter -Wno-unused-variable -Wno-shadow     --std=c++11  -DVL_THREADED -std=gnu++17 -Os -c -o verilator_fifosim.o verilator_fifosim.cpp
[2026-04-21 23:29:35,716] ccache g++  -I.  -MMD -I/usr/local/share/verilator/include -I/usr/local/share/verilator/include/vltstd -DVM_COVERAGE=0 -DVM_SC=0 -DVM_TRACE=0 -DVM_TRACE_FST=0 -DVM_TRACE_VCD=0 -faligned-new -fcf-protection=none -Wno-bool-operation -Wno-sign-compare -Wno-uninitialized -Wno-unused-but-set-variable -Wno-unused-parameter -Wno-unused-variable -Wno-shadow     --std=c++11  -DVL_THREADED -std=gnu++17 -Os -c -o verilated.o /usr/local/share/verilator/include/verilated.cpp
[2026-04-21 23:29:35,716] ccache g++  -I.  -MMD -I/usr/local/share/verilator/include -I/usr/local/share/verilator/include/vltstd -DVM_COVERAGE=0 -DVM_SC=0 -DVM_TRACE=0 -DVM_TRACE_FST=0 -DVM_TRACE_VCD=0 -faligned-new -fcf-protection=none -Wno-bool-operation -Wno-sign-compare -Wno-uninitialized -Wno-unused-but-set-variable -Wno-unused-parameter -Wno-unused-variable -Wno-shadow     --std=c++11  -DVL_THREADED -std=gnu++17 -Os -c -o verilated_threads.o /usr/local/share/verilator/include/verilated_threads.cpp
[2026-04-21 23:29:35,716] ccache g++  -I.  -MMD -I/usr/local/share/verilator/include -I/usr/local/share/verilator/include/vltstd -DVM_COVERAGE=0 -DVM_SC=0 -DVM_TRACE=0 -DVM_TRACE_FST=0 -DVM_TRACE_VCD=0 -faligned-new -fcf-protection=none -Wno-bool-operation -Wno-sign-compare -Wno-uninitialized -Wno-unused-but-set-variable -Wno-unused-parameter -Wno-unused-variable -Wno-shadow     --std=c++11  -DVL_THREADED -std=gnu++17 -Os -c -o Vfinn_design_wrapper.o Vfinn_design_wrapper.cpp
[2026-04-21 23:29:35,716] ccache g++  -I.  -MMD -I/usr/local/share/verilator/include -I/usr/local/share/verilator/include/vltstd -DVM_COVERAGE=0 -DVM_SC=0 -DVM_TRACE=0 -DVM_TRACE_FST=0 -DVM_TRACE_VCD=0 -faligned-new -fcf-protection=none -Wno-bool-operation -Wno-sign-compare -Wno-uninitialized -Wno-unused-but-set-variable -Wno-unused-parameter -Wno-unused-variable -Wno-shadow     --std=c++11  -DVL_THREADED -std=gnu++17 -Os -c -o Vfinn_design_wrapper___024root__DepSet_h13beed7b__0.o Vfinn_design_wrapper___024root__DepSet_h13beed7b__0.cpp
[2026-04-21 23:29:35,716] ccache g++  -I.  -MMD -I/usr/local/share/verilator/include -I/usr/local/share/verilator/include/vltstd -DVM_COVERAGE=0 -DVM_SC=0 -DVM_TRACE=0 -DVM_TRACE_FST=0 -DVM_TRACE_VCD=0 -faligned-new -fcf-protection=none -Wno-bool-operation -Wno-sign-compare -Wno-uninitialized -Wno-unused-but-set-variable -Wno-unused-parameter -Wno-unused-variable -Wno-shadow     --std=c++11  -DVL_THREADED -std=gnu++17 -Os -c -o Vfinn_design_wrapper___024root__DepSet_h47b9eb99__0.o Vfinn_design_wrapper___024root__DepSet_h47b9eb99__0.cpp
[2026-04-21 23:29:35,716] ccache g++  -I.  -MMD -I/usr/local/share/verilator/include -I/usr/local/share/verilator/include/vltstd -DVM_COVERAGE=0 -DVM_SC=0 -DVM_TRACE=0 -DVM_TRACE_FST=0 -DVM_TRACE_VCD=0 -faligned-new -fcf-protection=none -Wno-bool-operation -Wno-sign-compare -Wno-uninitialized -Wno-unused-but-set-variable -Wno-unused-parameter -Wno-unused-variable -Wno-shadow     --std=c++11  -DVL_THREADED -std=gnu++17 -Os -c -o Vfinn_design_wrapper___024root__DepSet_h47b9eb99__1.o Vfinn_design_wrapper___024root__DepSet_h47b9eb99__1.cpp
[2026-04-21 23:29:35,716] ccache g++  -I.  -MMD -I/usr/local/share/verilator/include -I/usr/local/share/verilator/include/vltstd -DVM_COVERAGE=0 -DVM_SC=0 -DVM_TRACE=0 -DVM_TRACE_FST=0 -DVM_TRACE_VCD=0 -faligned-new -fcf-protection=none -Wno-bool-operation -Wno-sign-compare -Wno-uninitialized -Wno-unused-but-set-variable -Wno-unused-parameter -Wno-unused-variable -Wno-shadow     --std=c++11  -DVL_THREADED -std=gnu++17 -Os -c -o Vfinn_design_wrapper___024root__DepSet_h47b9eb99__2.o Vfinn_design_wrapper___024root__DepSet_h47b9eb99__2.cpp
[2026-04-21 23:29:35,716] ccache g++  -I.  -MMD -I/usr/local/share/verilator/include -I/usr/local/share/verilator/include/vltstd -DVM_COVERAGE=0 -DVM_SC=0 -DVM_TRACE=0 -DVM_TRACE_FST=0 -DVM_TRACE_VCD=0 -faligned-new -fcf-protection=none -Wno-bool-operation -Wno-sign-compare -Wno-uninitialized -Wno-unused-but-set-variable -Wno-unused-parameter -Wno-unused-variable -Wno-shadow     --std=c++11  -DVL_THREADED -std=gnu++17  -c -o Vfinn_design_wrapper__ConstPool_0.o Vfinn_design_wrapper__ConstPool_0.cpp
[2026-04-21 23:29:35,716] ccache g++  -I.  -MMD -I/usr/local/share/verilator/include -I/usr/local/share/verilator/include/vltstd -DVM_COVERAGE=0 -DVM_SC=0 -DVM_TRACE=0 -DVM_TRACE_FST=0 -DVM_TRACE_VCD=0 -faligned-new -fcf-protection=none -Wno-bool-operation -Wno-sign-compare -Wno-uninitialized -Wno-unused-but-set-variable -Wno-unused-parameter -Wno-unused-variable -Wno-shadow     --std=c++11  -DVL_THREADED -std=gnu++17  -c -o Vfinn_design_wrapper___024root__Slow.o Vfinn_design_wrapper___024root__Slow.cpp
[2026-04-21 23:29:35,716] ccache g++  -I.  -MMD -I/usr/local/share/verilator/include -I/usr/local/share/verilator/include/vltstd -DVM_COVERAGE=0 -DVM_SC=0 -DVM_TRACE=0 -DVM_TRACE_FST=0 -DVM_TRACE_VCD=0 -faligned-new -fcf-protection=none -Wno-bool-operation -Wno-sign-compare -Wno-uninitialized -Wno-unused-but-set-variable -Wno-unused-parameter -Wno-unused-variable -Wno-shadow     --std=c++11  -DVL_THREADED -std=gnu++17  -c -o Vfinn_design_wrapper___024root__DepSet_h47b9eb99__0__Slow.o Vfinn_design_wrapper___024root__DepSet_h47b9eb99__0__Slow.cpp
[2026-04-21 23:29:35,716] ccache g++  -I.  -MMD -I/usr/local/share/verilator/include -I/usr/local/share/verilator/include/vltstd -DVM_COVERAGE=0 -DVM_SC=0 -DVM_TRACE=0 -DVM_TRACE_FST=0 -DVM_TRACE_VCD=0 -faligned-new -fcf-protection=none -Wno-bool-operation -Wno-sign-compare -Wno-uninitialized -Wno-unused-but-set-variable -Wno-unused-parameter -Wno-unused-variable -Wno-shadow     --std=c++11  -DVL_THREADED -std=gnu++17  -c -o Vfinn_design_wrapper__Syms.o Vfinn_design_wrapper__Syms.cpp
[2026-04-21 23:29:35,716] echo "" > Vfinn_design_wrapper__ALL.verilator_deplist.tmp
[2026-04-21 23:29:35,716] Archive ar -rcs Vfinn_design_wrapper__ALL.a Vfinn_design_wrapper.o Vfinn_design_wrapper___024root__DepSet_h13beed7b__0.o Vfinn_design_wrapper___024root__DepSet_h47b9eb99__0.o Vfinn_design_wrapper___024root__DepSet_h47b9eb99__1.o Vfinn_design_wrapper___024root__DepSet_h47b9eb99__2.o Vfinn_design_wrapper__ConstPool_0.o Vfinn_design_wrapper___024root__Slow.o Vfinn_design_wrapper___024root__DepSet_h47b9eb99__0__Slow.o Vfinn_design_wrapper__Syms.o
[2026-04-21 23:29:35,716] g++    verilator_fifosim.o verilated.o verilated_threads.o Vfinn_design_wrapper__ALL.a    -pthread -lpthread -latomic   -o Vfinn_design_wrapper
[2026-04-21 23:29:35,716] rm Vfinn_design_wrapper__ALL.verilator_deplist.tmp
[2026-04-21 23:29:35,716] make: Leaving directory '/tmp/finn_dev_emanuel-hernandez/verilator_fifosim__9tw0xgy'
[2026-04-21 23:29:35,956] Simulation starting
[2026-04-21 23:29:35,956] Number of inputs to write 1280
[2026-04-21 23:29:35,956] Number of outputs to expect 40
[2026-04-21 23:29:35,956] No-output timeout clock cycles 100000000
[2026-04-21 23:29:35,956] Elapsed iters 1000 inps 641 outs 0
[2026-04-21 23:29:35,956] Elapsed since last report = 0[s]
[2026-04-21 23:29:35,956] Elapsed iters 2000 inps 641 outs 0
[2026-04-21 23:29:35,956] Elapsed since last report = 0[s]
[2026-04-21 23:29:35,956] Elapsed iters 3000 inps 641 outs 0
[2026-04-21 23:29:35,956] Elapsed since last report = 0[s]
[2026-04-21 23:29:35,956] Elapsed iters 4000 inps 641 outs 0
[2026-04-21 23:29:35,956] Elapsed since last report = 0[s]
[2026-04-21 23:29:35,956] Elapsed iters 5000 inps 641 outs 0
[2026-04-21 23:29:35,956] Elapsed since last report = 0[s]
[2026-04-21 23:29:35,956] Elapsed iters 6000 inps 641 outs 0
[2026-04-21 23:29:35,956] Elapsed since last report = 0[s]
[2026-04-21 23:29:35,956] Elapsed iters 7000 inps 641 outs 0
[2026-04-21 23:29:35,956] Elapsed since last report = 0[s]
[2026-04-21 23:29:35,956] Elapsed iters 8000 inps 641 outs 0
[2026-04-21 23:29:35,956] Elapsed since last report = 0[s]
[2026-04-21 23:29:35,956] Elapsed iters 9000 inps 641 outs 0
[2026-04-21 23:29:35,956] Elapsed since last report = 0[s]
[2026-04-21 23:29:35,956] Elapsed iters 10000 inps 641 outs 0
[2026-04-21 23:29:35,956] Elapsed since last report = 0[s]
[2026-04-21 23:29:35,956] Elapsed iters 11000 inps 961 outs 0
[2026-04-21 23:29:35,956] Elapsed since last report = 0[s]
[2026-04-21 23:29:35,956] Elapsed iters 12000 inps 961 outs 0
[2026-04-21 23:29:35,956] Elapsed since last report = 0[s]
[2026-04-21 23:29:35,956] Elapsed iters 13000 inps 961 outs 0
[2026-04-21 23:29:35,956] Elapsed since last report = 0[s]
[2026-04-21 23:29:35,956] Elapsed iters 14000 inps 961 outs 0
[2026-04-21 23:29:35,956] Elapsed since last report = 0[s]
[2026-04-21 23:29:35,956] Elapsed iters 15000 inps 961 outs 0
[2026-04-21 23:29:35,956] Elapsed since last report = 0[s]
[2026-04-21 23:29:35,956] Elapsed iters 16000 inps 961 outs 0
[2026-04-21 23:29:35,956] Elapsed since last report = 0[s]
[2026-04-21 23:29:35,957] Elapsed iters 17000 inps 961 outs 0
[2026-04-21 23:29:35,957] Elapsed since last report = 0[s]
[2026-04-21 23:29:35,957] Elapsed iters 18000 inps 961 outs 0
[2026-04-21 23:29:35,957] Elapsed since last report = 0[s]
[2026-04-21 23:29:35,957] Elapsed iters 19000 inps 961 outs 10
[2026-04-21 23:29:35,957] Elapsed since last report = 0[s]
[2026-04-21 23:29:35,957] Elapsed iters 20000 inps 961 outs 10
[2026-04-21 23:29:35,957] Elapsed since last report = 0[s]
[2026-04-21 23:29:35,957] All inputs written at cycle 20823
[2026-04-21 23:29:35,957] Elapsed iters 21000 inps 1280 outs 10
[2026-04-21 23:29:35,957] Elapsed since last report = 0[s]
[2026-04-21 23:29:35,957] Elapsed iters 22000 inps 1280 outs 10
[2026-04-21 23:29:35,957] Elapsed since last report = 0[s]
[2026-04-21 23:29:35,957] Elapsed iters 23000 inps 1280 outs 10
[2026-04-21 23:29:35,957] Elapsed since last report = 0[s]
[2026-04-21 23:29:35,957] Elapsed iters 24000 inps 1280 outs 10
[2026-04-21 23:29:35,957] Elapsed since last report = 0[s]
[2026-04-21 23:29:35,957] Elapsed iters 25000 inps 1280 outs 10
[2026-04-21 23:29:35,957] Elapsed since last report = 0[s]
[2026-04-21 23:29:35,957] Elapsed iters 26000 inps 1280 outs 10
[2026-04-21 23:29:35,957] Elapsed since last report = 0[s]
[2026-04-21 23:29:35,957] Elapsed iters 27000 inps 1280 outs 10
[2026-04-21 23:29:35,957] Elapsed since last report = 0[s]
[2026-04-21 23:29:35,957] Elapsed iters 28000 inps 1280 outs 10
[2026-04-21 23:29:35,957] Elapsed since last report = 0[s]
[2026-04-21 23:29:35,957] Elapsed iters 29000 inps 1280 outs 17
[2026-04-21 23:29:35,957] Elapsed since last report = 0[s]
[2026-04-21 23:29:35,957] Elapsed iters 30000 inps 1280 outs 20
[2026-04-21 23:29:35,957] Elapsed since last report = 0[s]
[2026-04-21 23:29:35,957] Elapsed iters 31000 inps 1280 outs 20
[2026-04-21 23:29:35,957] Elapsed since last report = 0[s]
[2026-04-21 23:29:35,957] Elapsed iters 32000 inps 1280 outs 20
[2026-04-21 23:29:35,957] Elapsed since last report = 0[s]
[2026-04-21 23:29:35,957] Elapsed iters 33000 inps 1280 outs 20
[2026-04-21 23:29:35,957] Elapsed since last report = 0[s]
[2026-04-21 23:29:35,957] Elapsed iters 34000 inps 1280 outs 20
[2026-04-21 23:29:35,957] Elapsed since last report = 0[s]
[2026-04-21 23:29:35,957] Elapsed iters 35000 inps 1280 outs 20
[2026-04-21 23:29:35,957] Elapsed since last report = 0[s]
[2026-04-21 23:29:35,957] Elapsed iters 36000 inps 1280 outs 20
[2026-04-21 23:29:35,957] Elapsed since last report = 0[s]
[2026-04-21 23:29:35,957] Elapsed iters 37000 inps 1280 outs 20
[2026-04-21 23:29:35,957] Elapsed since last report = 0[s]
[2026-04-21 23:29:35,957] Elapsed iters 38000 inps 1280 outs 20
[2026-04-21 23:29:35,957] Elapsed since last report = 0[s]
[2026-04-21 23:29:35,957] Elapsed iters 39000 inps 1280 outs 23
[2026-04-21 23:29:35,957] Elapsed since last report = 0[s]
[2026-04-21 23:29:35,957] Elapsed iters 40000 inps 1280 outs 30
[2026-04-21 23:29:35,957] Elapsed since last report = 0[s]
[2026-04-21 23:29:35,957] Elapsed iters 41000 inps 1280 outs 30
[2026-04-21 23:29:35,957] Elapsed since last report = 0[s]
[2026-04-21 23:29:35,957] Elapsed iters 42000 inps 1280 outs 30
[2026-04-21 23:29:35,957] Elapsed since last report = 0[s]
[2026-04-21 23:29:35,957] Elapsed iters 43000 inps 1280 outs 30
[2026-04-21 23:29:35,957] Elapsed since last report = 0[s]
[2026-04-21 23:29:35,957] Elapsed iters 44000 inps 1280 outs 30
[2026-04-21 23:29:35,957] Elapsed since last report = 0[s]
[2026-04-21 23:29:35,957] Elapsed iters 45000 inps 1280 outs 30
[2026-04-21 23:29:35,957] Elapsed since last report = 0[s]
[2026-04-21 23:29:35,957] Elapsed iters 46000 inps 1280 outs 30
[2026-04-21 23:29:35,957] Elapsed since last report = 0[s]
[2026-04-21 23:29:35,957] Elapsed iters 47000 inps 1280 outs 30
[2026-04-21 23:29:35,957] Elapsed since last report = 0[s]
[2026-04-21 23:29:35,957] Elapsed iters 48000 inps 1280 outs 30
[2026-04-21 23:29:35,957] Elapsed since last report = 0[s]
[2026-04-21 23:29:35,957] Elapsed iters 49000 inps 1280 outs 30
[2026-04-21 23:29:35,957] Elapsed since last report = 0[s]
[2026-04-21 23:29:35,957] Simulation finished
[2026-04-21 23:29:35,957] Number of inputs consumed 1280
[2026-04-21 23:29:35,957] Number of outputs produced 40
[2026-04-21 23:29:35,957] Number of clock cycles 49662
[2026-04-21 23:29:35,961] /home/emanuel-hernandez/finn/src/finn/transformation/fpgadataflow/prepare_ip.py:56: UserWarning: Using pre-existing code for MVAU_hls_0
[2026-04-21 23:29:35,962]   warnings.warn("Using pre-existing code for %s" % node.name)
[2026-04-21 23:29:35,962] /home/emanuel-hernandez/finn/src/finn/transformation/fpgadataflow/prepare_ip.py:56: UserWarning: Using pre-existing code for StreamingDataWidthConverter_rtl_0
[2026-04-21 23:29:35,962]   warnings.warn("Using pre-existing code for %s" % node.name)
[2026-04-21 23:29:35,962] /home/emanuel-hernandez/finn/src/finn/transformation/fpgadataflow/prepare_ip.py:56: UserWarning: Using pre-existing code for MVAU_hls_1
[2026-04-21 23:29:35,962]   warnings.warn("Using pre-existing code for %s" % node.name)
[2026-04-21 23:29:35,963] /home/emanuel-hernandez/finn/src/finn/transformation/fpgadataflow/prepare_ip.py:56: UserWarning: Using pre-existing code for MVAU_rtl_0
[2026-04-21 23:29:35,963]   warnings.warn("Using pre-existing code for %s" % node.name)
[2026-04-21 23:29:36,006] /home/emanuel-hernandez/finn/src/finn/transformation/fpgadataflow/hlssynth_ip.py:74: UserWarning: Using pre-existing IP for MVAU_hls_1
[2026-04-21 23:29:36,006]   warnings.warn("Using pre-existing IP for %s" % node.name)
[2026-04-21 23:29:36,008] /home/emanuel-hernandez/finn/src/finn/transformation/fpgadataflow/hlssynth_ip.py:74: UserWarning: Using pre-existing IP for MVAU_hls_0
[2026-04-21 23:29:36,008]   warnings.warn("Using pre-existing IP for %s" % node.name)
[2026-04-21 23:29:36,024] Running step: step_create_stitched_ip [14/18]
[2026-04-21 23:30:05,758] creating 8-bits/finn_build/fc/stitched_ip
[2026-04-21 23:30:05,758] creating 8-bits/finn_build/fc/stitched_ip/.Xil
[2026-04-21 23:30:05,758] copying /tmp/finn_dev_emanuel-hernandez/vivado_stitch_proj_rgrwy7hk/all_verilog_srcs.txt -> 8-bits/finn_build/fc/stitched_ip
[2026-04-21 23:30:05,758] creating 8-bits/finn_build/fc/stitched_ip/finn_vivado_stitch_proj.cache
[2026-04-21 23:30:05,758] creating 8-bits/finn_build/fc/stitched_ip/finn_vivado_stitch_proj.cache/wt
[2026-04-21 23:30:05,759] copying /tmp/finn_dev_emanuel-hernandez/vivado_stitch_proj_rgrwy7hk/finn_vivado_stitch_proj.cache/wt/project.wpc -> 8-bits/finn_build/fc/stitched_ip/finn_vivado_stitch_proj.cache/wt
[2026-04-21 23:30:05,759] copying /tmp/finn_dev_emanuel-hernandez/vivado_stitch_proj_rgrwy7hk/make_project.sh -> 8-bits/finn_build/fc/stitched_ip
[2026-04-21 23:30:05,759] copying /tmp/finn_dev_emanuel-hernandez/vivado_stitch_proj_rgrwy7hk/vivado.jou -> 8-bits/finn_build/fc/stitched_ip
[2026-04-21 23:30:05,759] copying /tmp/finn_dev_emanuel-hernandez/vivado_stitch_proj_rgrwy7hk/make_project.tcl -> 8-bits/finn_build/fc/stitched_ip
[2026-04-21 23:30:05,759] creating 8-bits/finn_build/fc/stitched_ip/ip
[2026-04-21 23:30:05,759] copying /tmp/finn_dev_emanuel-hernandez/vivado_stitch_proj_rgrwy7hk/ip/component.bak -> 8-bits/finn_build/fc/stitched_ip/ip
[2026-04-21 23:30:05,759] creating 8-bits/finn_build/fc/stitched_ip/ip/sim
[2026-04-21 23:30:05,759] copying /tmp/finn_dev_emanuel-hernandez/vivado_stitch_proj_rgrwy7hk/ip/sim/finn_design_StreamingFIFO_rtl_1_0.v -> 8-bits/finn_build/fc/stitched_ip/ip/sim
[2026-04-21 23:30:05,759] copying /tmp/finn_dev_emanuel-hernandez/vivado_stitch_proj_rgrwy7hk/ip/sim/finn_design.v -> 8-bits/finn_build/fc/stitched_ip/ip/sim
[2026-04-21 23:30:05,759] copying /tmp/finn_dev_emanuel-hernandez/vivado_stitch_proj_rgrwy7hk/ip/sim/finn_design_MVAU_rtl_0_0.v -> 8-bits/finn_build/fc/stitched_ip/ip/sim
[2026-04-21 23:30:05,759] copying /tmp/finn_dev_emanuel-hernandez/vivado_stitch_proj_rgrwy7hk/ip/sim/finn_design_StreamingFIFO_rtl_4_0.v -> 8-bits/finn_build/fc/stitched_ip/ip/sim
[2026-04-21 23:30:05,759] copying /tmp/finn_dev_emanuel-hernandez/vivado_stitch_proj_rgrwy7hk/ip/sim/finn_design_StreamingDataWidthConverter_rtl_0_0.v -> 8-bits/finn_build/fc/stitched_ip/ip/sim
[2026-04-21 23:30:05,759] copying /tmp/finn_dev_emanuel-hernandez/vivado_stitch_proj_rgrwy7hk/ip/sim/finn_design_StreamingFIFO_rtl_0_0.v -> 8-bits/finn_build/fc/stitched_ip/ip/sim
[2026-04-21 23:30:05,759] copying /tmp/finn_dev_emanuel-hernandez/vivado_stitch_proj_rgrwy7hk/ip/sim/finn_design_StreamingFIFO_rtl_2_0.v -> 8-bits/finn_build/fc/stitched_ip/ip/sim
[2026-04-21 23:30:05,759] copying /tmp/finn_dev_emanuel-hernandez/vivado_stitch_proj_rgrwy7hk/ip/sim/finn_design_StreamingFIFO_rtl_3_0.v -> 8-bits/finn_build/fc/stitched_ip/ip/sim
[2026-04-21 23:30:05,759] creating 8-bits/finn_build/fc/stitched_ip/ip/data
[2026-04-21 23:30:05,759] copying /tmp/finn_dev_emanuel-hernandez/vivado_stitch_proj_rgrwy7hk/ip/data/finn_design.tcl -> 8-bits/finn_build/fc/stitched_ip/ip/data
[2026-04-21 23:30:05,759] copying /tmp/finn_dev_emanuel-hernandez/vivado_stitch_proj_rgrwy7hk/ip/data/finn_design.mdd -> 8-bits/finn_build/fc/stitched_ip/ip/data
[2026-04-21 23:30:05,760] creating 8-bits/finn_build/fc/stitched_ip/ip/src
[2026-04-21 23:30:05,760] creating 8-bits/finn_build/fc/stitched_ip/ip/src/finn_design_MVAU_rtl_0_wstrm_0
[2026-04-21 23:30:05,760] copying /tmp/finn_dev_emanuel-hernandez/vivado_stitch_proj_rgrwy7hk/ip/src/finn_design_MVAU_rtl_0_wstrm_0/finn_design_MVAU_rtl_0_wstrm_0.xci -> 8-bits/finn_build/fc/stitched_ip/ip/src/finn_design_MVAU_rtl_0_wstrm_0
[2026-04-21 23:30:05,760] copying /tmp/finn_dev_emanuel-hernandez/vivado_stitch_proj_rgrwy7hk/ip/src/finn_design_ooc.xdc -> 8-bits/finn_build/fc/stitched_ip/ip/src
[2026-04-21 23:30:05,760] creating 8-bits/finn_build/fc/stitched_ip/ip/src/finn_design_MVAU_hls_1_wstrm_0
[2026-04-21 23:30:05,760] copying /tmp/finn_dev_emanuel-hernandez/vivado_stitch_proj_rgrwy7hk/ip/src/finn_design_MVAU_hls_1_wstrm_0/finn_design_MVAU_hls_1_wstrm_0.xci -> 8-bits/finn_build/fc/stitched_ip/ip/src/finn_design_MVAU_hls_1_wstrm_0
[2026-04-21 23:30:05,760] copying /tmp/finn_dev_emanuel-hernandez/vivado_stitch_proj_rgrwy7hk/ip/src/StreamingFIFO_rtl_4.v -> 8-bits/finn_build/fc/stitched_ip/ip/src
[2026-04-21 23:30:05,760] copying /tmp/finn_dev_emanuel-hernandez/vivado_stitch_proj_rgrwy7hk/ip/src/StreamingFIFO_rtl_3.v -> 8-bits/finn_build/fc/stitched_ip/ip/src
[2026-04-21 23:30:05,760] copying /tmp/finn_dev_emanuel-hernandez/vivado_stitch_proj_rgrwy7hk/ip/src/finn_design_StreamingFIFO_rtl_1_0.v -> 8-bits/finn_build/fc/stitched_ip/ip/src
[2026-04-21 23:30:05,760] copying /tmp/finn_dev_emanuel-hernandez/vivado_stitch_proj_rgrwy7hk/ip/src/StreamingFIFO_rtl_1.v -> 8-bits/finn_build/fc/stitched_ip/ip/src
[2026-04-21 23:30:05,760] copying /tmp/finn_dev_emanuel-hernandez/vivado_stitch_proj_rgrwy7hk/ip/src/mvu_8sx8u_dsp48.sv -> 8-bits/finn_build/fc/stitched_ip/ip/src
[2026-04-21 23:30:05,760] copying /tmp/finn_dev_emanuel-hernandez/vivado_stitch_proj_rgrwy7hk/ip/src/dwc.sv -> 8-bits/finn_build/fc/stitched_ip/ip/src
[2026-04-21 23:30:05,760] copying /tmp/finn_dev_emanuel-hernandez/vivado_stitch_proj_rgrwy7hk/ip/src/mvu_4sx4u.sv -> 8-bits/finn_build/fc/stitched_ip/ip/src
[2026-04-21 23:30:05,760] creating 8-bits/finn_build/fc/stitched_ip/ip/src/finn_design_MVAU_hls_0_0
[2026-04-21 23:30:05,760] copying /tmp/finn_dev_emanuel-hernandez/vivado_stitch_proj_rgrwy7hk/ip/src/finn_design_MVAU_hls_0_0/finn_design_MVAU_hls_0_0.xci -> 8-bits/finn_build/fc/stitched_ip/ip/src/finn_design_MVAU_hls_0_0
[2026-04-21 23:30:05,760] copying /tmp/finn_dev_emanuel-hernandez/vivado_stitch_proj_rgrwy7hk/ip/src/dwc_axi.sv -> 8-bits/finn_build/fc/stitched_ip/ip/src
[2026-04-21 23:30:05,760] copying /tmp/finn_dev_emanuel-hernandez/vivado_stitch_proj_rgrwy7hk/ip/src/MVAU_rtl_0_wrapper.v -> 8-bits/finn_build/fc/stitched_ip/ip/src
[2026-04-21 23:30:05,760] copying /tmp/finn_dev_emanuel-hernandez/vivado_stitch_proj_rgrwy7hk/ip/src/mvu_vvu_axi.sv -> 8-bits/finn_build/fc/stitched_ip/ip/src
[2026-04-21 23:30:05,760] copying /tmp/finn_dev_emanuel-hernandez/vivado_stitch_proj_rgrwy7hk/ip/src/StreamingDataWidthConverter_rtl_0.v -> 8-bits/finn_build/fc/stitched_ip/ip/src
[2026-04-21 23:30:05,760] copying /tmp/finn_dev_emanuel-hernandez/vivado_stitch_proj_rgrwy7hk/ip/src/Q_srl.v -> 8-bits/finn_build/fc/stitched_ip/ip/src
[2026-04-21 23:30:05,761] creating 8-bits/finn_build/fc/stitched_ip/ip/src/finn_design_MVAU_hls_0_wstrm_0
[2026-04-21 23:30:05,761] copying /tmp/finn_dev_emanuel-hernandez/vivado_stitch_proj_rgrwy7hk/ip/src/finn_design_MVAU_hls_0_wstrm_0/finn_design_MVAU_hls_0_wstrm_0.xci -> 8-bits/finn_build/fc/stitched_ip/ip/src/finn_design_MVAU_hls_0_wstrm_0
[2026-04-21 23:30:05,761] copying /tmp/finn_dev_emanuel-hernandez/vivado_stitch_proj_rgrwy7hk/ip/src/finn_design.v -> 8-bits/finn_build/fc/stitched_ip/ip/src
[2026-04-21 23:30:05,761] copying /tmp/finn_dev_emanuel-hernandez/vivado_stitch_proj_rgrwy7hk/ip/src/finn_design_MVAU_rtl_0_0.v -> 8-bits/finn_build/fc/stitched_ip/ip/src
[2026-04-21 23:30:05,761] copying /tmp/finn_dev_emanuel-hernandez/vivado_stitch_proj_rgrwy7hk/ip/src/finn_design_StreamingFIFO_rtl_4_0.v -> 8-bits/finn_build/fc/stitched_ip/ip/src
[2026-04-21 23:30:05,761] creating 8-bits/finn_build/fc/stitched_ip/ip/src/finn_design_MVAU_hls_1_0
[2026-04-21 23:30:05,761] copying /tmp/finn_dev_emanuel-hernandez/vivado_stitch_proj_rgrwy7hk/ip/src/finn_design_MVAU_hls_1_0/finn_design_MVAU_hls_1_0.xci -> 8-bits/finn_build/fc/stitched_ip/ip/src/finn_design_MVAU_hls_1_0
[2026-04-21 23:30:05,761] copying /tmp/finn_dev_emanuel-hernandez/vivado_stitch_proj_rgrwy7hk/ip/src/StreamingFIFO_rtl_0.v -> 8-bits/finn_build/fc/stitched_ip/ip/src
[2026-04-21 23:30:05,761] copying /tmp/finn_dev_emanuel-hernandez/vivado_stitch_proj_rgrwy7hk/ip/src/mvu_vvu_8sx9_dsp58.sv -> 8-bits/finn_build/fc/stitched_ip/ip/src
[2026-04-21 23:30:05,761] copying /tmp/finn_dev_emanuel-hernandez/vivado_stitch_proj_rgrwy7hk/ip/src/finn_design_StreamingDataWidthConverter_rtl_0_0.v -> 8-bits/finn_build/fc/stitched_ip/ip/src
[2026-04-21 23:30:05,761] copying /tmp/finn_dev_emanuel-hernandez/vivado_stitch_proj_rgrwy7hk/ip/src/finn_design_StreamingFIFO_rtl_0_0.v -> 8-bits/finn_build/fc/stitched_ip/ip/src
[2026-04-21 23:30:05,761] copying /tmp/finn_dev_emanuel-hernandez/vivado_stitch_proj_rgrwy7hk/ip/src/finn_design_StreamingFIFO_rtl_2_0.v -> 8-bits/finn_build/fc/stitched_ip/ip/src
[2026-04-21 23:30:05,761] copying /tmp/finn_dev_emanuel-hernandez/vivado_stitch_proj_rgrwy7hk/ip/src/finn_design_StreamingFIFO_rtl_3_0.v -> 8-bits/finn_build/fc/stitched_ip/ip/src
[2026-04-21 23:30:05,761] copying /tmp/finn_dev_emanuel-hernandez/vivado_stitch_proj_rgrwy7hk/ip/src/StreamingFIFO_rtl_2.v -> 8-bits/finn_build/fc/stitched_ip/ip/src
[2026-04-21 23:30:05,761] copying /tmp/finn_dev_emanuel-hernandez/vivado_stitch_proj_rgrwy7hk/ip/src/replay_buffer.sv -> 8-bits/finn_build/fc/stitched_ip/ip/src
[2026-04-21 23:30:05,761] creating 8-bits/finn_build/fc/stitched_ip/ip/xgui
[2026-04-21 23:30:05,761] copying /tmp/finn_dev_emanuel-hernandez/vivado_stitch_proj_rgrwy7hk/ip/xgui/finn_design_v1_0.tcl -> 8-bits/finn_build/fc/stitched_ip/ip/xgui
[2026-04-21 23:30:05,761] copying /tmp/finn_dev_emanuel-hernandez/vivado_stitch_proj_rgrwy7hk/ip/component.xml -> 8-bits/finn_build/fc/stitched_ip/ip
[2026-04-21 23:30:05,761] creating 8-bits/finn_build/fc/stitched_ip/data
[2026-04-21 23:30:05,761] copying /tmp/finn_dev_emanuel-hernandez/vivado_stitch_proj_rgrwy7hk/data/finn_design.tcl -> 8-bits/finn_build/fc/stitched_ip/data
[2026-04-21 23:30:05,762] copying /tmp/finn_dev_emanuel-hernandez/vivado_stitch_proj_rgrwy7hk/data/finn_design.mdd -> 8-bits/finn_build/fc/stitched_ip/data
[2026-04-21 23:30:05,762] copying /tmp/finn_dev_emanuel-hernandez/vivado_stitch_proj_rgrwy7hk/finn_vivado_stitch_proj.xpr -> 8-bits/finn_build/fc/stitched_ip
[2026-04-21 23:30:05,762] creating 8-bits/finn_build/fc/stitched_ip/finn_vivado_stitch_proj.hw
[2026-04-21 23:30:05,762] copying /tmp/finn_dev_emanuel-hernandez/vivado_stitch_proj_rgrwy7hk/finn_vivado_stitch_proj.hw/finn_vivado_stitch_proj.lpr -> 8-bits/finn_build/fc/stitched_ip/finn_vivado_stitch_proj.hw
[2026-04-21 23:30:05,762] copying /tmp/finn_dev_emanuel-hernandez/vivado_stitch_proj_rgrwy7hk/vivado.log -> 8-bits/finn_build/fc/stitched_ip
[2026-04-21 23:30:05,762] creating 8-bits/finn_build/fc/stitched_ip/finn_vivado_stitch_proj.gen
[2026-04-21 23:30:05,762] creating 8-bits/finn_build/fc/stitched_ip/finn_vivado_stitch_proj.gen/sources_1
[2026-04-21 23:30:05,762] creating 8-bits/finn_build/fc/stitched_ip/finn_vivado_stitch_proj.gen/sources_1/bd
[2026-04-21 23:30:05,762] creating 8-bits/finn_build/fc/stitched_ip/finn_vivado_stitch_proj.gen/sources_1/bd/mref
[2026-04-21 23:30:05,762] creating 8-bits/finn_build/fc/stitched_ip/finn_vivado_stitch_proj.gen/sources_1/bd/mref/MVAU_rtl_0
[2026-04-21 23:30:05,762] creating 8-bits/finn_build/fc/stitched_ip/finn_vivado_stitch_proj.gen/sources_1/bd/mref/MVAU_rtl_0/xgui
[2026-04-21 23:30:05,762] copying /tmp/finn_dev_emanuel-hernandez/vivado_stitch_proj_rgrwy7hk/finn_vivado_stitch_proj.gen/sources_1/bd/mref/MVAU_rtl_0/xgui/MVAU_rtl_0_v1_0.tcl -> 8-bits/finn_build/fc/stitched_ip/finn_vivado_stitch_proj.gen/sources_1/bd/mref/MVAU_rtl_0/xgui
[2026-04-21 23:30:05,762] copying /tmp/finn_dev_emanuel-hernandez/vivado_stitch_proj_rgrwy7hk/finn_vivado_stitch_proj.gen/sources_1/bd/mref/MVAU_rtl_0/component.xml -> 8-bits/finn_build/fc/stitched_ip/finn_vivado_stitch_proj.gen/sources_1/bd/mref/MVAU_rtl_0
[2026-04-21 23:30:05,762] creating 8-bits/finn_build/fc/stitched_ip/finn_vivado_stitch_proj.gen/sources_1/bd/mref/StreamingFIFO_rtl_2
[2026-04-21 23:30:05,762] creating 8-bits/finn_build/fc/stitched_ip/finn_vivado_stitch_proj.gen/sources_1/bd/mref/StreamingFIFO_rtl_2/xgui
[2026-04-21 23:30:05,762] copying /tmp/finn_dev_emanuel-hernandez/vivado_stitch_proj_rgrwy7hk/finn_vivado_stitch_proj.gen/sources_1/bd/mref/StreamingFIFO_rtl_2/xgui/StreamingFIFO_rtl_2_v1_0.tcl -> 8-bits/finn_build/fc/stitched_ip/finn_vivado_stitch_proj.gen/sources_1/bd/mref/StreamingFIFO_rtl_2/xgui
[2026-04-21 23:30:05,762] copying /tmp/finn_dev_emanuel-hernandez/vivado_stitch_proj_rgrwy7hk/finn_vivado_stitch_proj.gen/sources_1/bd/mref/StreamingFIFO_rtl_2/component.xml -> 8-bits/finn_build/fc/stitched_ip/finn_vivado_stitch_proj.gen/sources_1/bd/mref/StreamingFIFO_rtl_2
[2026-04-21 23:30:05,762] creating 8-bits/finn_build/fc/stitched_ip/finn_vivado_stitch_proj.gen/sources_1/bd/mref/StreamingFIFO_rtl_4
[2026-04-21 23:30:05,762] creating 8-bits/finn_build/fc/stitched_ip/finn_vivado_stitch_proj.gen/sources_1/bd/mref/StreamingFIFO_rtl_4/xgui
[2026-04-21 23:30:05,762] copying /tmp/finn_dev_emanuel-hernandez/vivado_stitch_proj_rgrwy7hk/finn_vivado_stitch_proj.gen/sources_1/bd/mref/StreamingFIFO_rtl_4/xgui/StreamingFIFO_rtl_4_v1_0.tcl -> 8-bits/finn_build/fc/stitched_ip/finn_vivado_stitch_proj.gen/sources_1/bd/mref/StreamingFIFO_rtl_4/xgui
[2026-04-21 23:30:05,763] copying /tmp/finn_dev_emanuel-hernandez/vivado_stitch_proj_rgrwy7hk/finn_vivado_stitch_proj.gen/sources_1/bd/mref/StreamingFIFO_rtl_4/component.xml -> 8-bits/finn_build/fc/stitched_ip/finn_vivado_stitch_proj.gen/sources_1/bd/mref/StreamingFIFO_rtl_4
[2026-04-21 23:30:05,763] creating 8-bits/finn_build/fc/stitched_ip/finn_vivado_stitch_proj.gen/sources_1/bd/mref/StreamingDataWidthConverter_rtl_0
[2026-04-21 23:30:05,763] creating 8-bits/finn_build/fc/stitched_ip/finn_vivado_stitch_proj.gen/sources_1/bd/mref/StreamingDataWidthConverter_rtl_0/xgui
[2026-04-21 23:30:05,763] copying /tmp/finn_dev_emanuel-hernandez/vivado_stitch_proj_rgrwy7hk/finn_vivado_stitch_proj.gen/sources_1/bd/mref/StreamingDataWidthConverter_rtl_0/xgui/StreamingDataWidthConverter_rtl_0_v1_0.tcl -> 8-bits/finn_build/fc/stitched_ip/finn_vivado_stitch_proj.gen/sources_1/bd/mref/StreamingDataWidthConverter_rtl_0/xgui
[2026-04-21 23:30:05,763] copying /tmp/finn_dev_emanuel-hernandez/vivado_stitch_proj_rgrwy7hk/finn_vivado_stitch_proj.gen/sources_1/bd/mref/StreamingDataWidthConverter_rtl_0/component.xml -> 8-bits/finn_build/fc/stitched_ip/finn_vivado_stitch_proj.gen/sources_1/bd/mref/StreamingDataWidthConverter_rtl_0
[2026-04-21 23:30:05,763] creating 8-bits/finn_build/fc/stitched_ip/finn_vivado_stitch_proj.gen/sources_1/bd/mref/StreamingFIFO_rtl_0
[2026-04-21 23:30:05,763] creating 8-bits/finn_build/fc/stitched_ip/finn_vivado_stitch_proj.gen/sources_1/bd/mref/StreamingFIFO_rtl_0/xgui
[2026-04-21 23:30:05,765] copying /tmp/finn_dev_emanuel-hernandez/vivado_stitch_proj_rgrwy7hk/finn_vivado_stitch_proj.gen/sources_1/bd/mref/StreamingFIFO_rtl_0/xgui/StreamingFIFO_rtl_0_v1_0.tcl -> 8-bits/finn_build/fc/stitched_ip/finn_vivado_stitch_proj.gen/sources_1/bd/mref/StreamingFIFO_rtl_0/xgui
[2026-04-21 23:30:05,765] copying /tmp/finn_dev_emanuel-hernandez/vivado_stitch_proj_rgrwy7hk/finn_vivado_stitch_proj.gen/sources_1/bd/mref/StreamingFIFO_rtl_0/component.xml -> 8-bits/finn_build/fc/stitched_ip/finn_vivado_stitch_proj.gen/sources_1/bd/mref/StreamingFIFO_rtl_0
[2026-04-21 23:30:05,765] creating 8-bits/finn_build/fc/stitched_ip/finn_vivado_stitch_proj.gen/sources_1/bd/mref/StreamingFIFO_rtl_1
[2026-04-21 23:30:05,765] creating 8-bits/finn_build/fc/stitched_ip/finn_vivado_stitch_proj.gen/sources_1/bd/mref/StreamingFIFO_rtl_1/xgui
[2026-04-21 23:30:05,765] copying /tmp/finn_dev_emanuel-hernandez/vivado_stitch_proj_rgrwy7hk/finn_vivado_stitch_proj.gen/sources_1/bd/mref/StreamingFIFO_rtl_1/xgui/StreamingFIFO_rtl_1_v1_0.tcl -> 8-bits/finn_build/fc/stitched_ip/finn_vivado_stitch_proj.gen/sources_1/bd/mref/StreamingFIFO_rtl_1/xgui
[2026-04-21 23:30:05,765] copying /tmp/finn_dev_emanuel-hernandez/vivado_stitch_proj_rgrwy7hk/finn_vivado_stitch_proj.gen/sources_1/bd/mref/StreamingFIFO_rtl_1/component.xml -> 8-bits/finn_build/fc/stitched_ip/finn_vivado_stitch_proj.gen/sources_1/bd/mref/StreamingFIFO_rtl_1
[2026-04-21 23:30:05,765] creating 8-bits/finn_build/fc/stitched_ip/finn_vivado_stitch_proj.gen/sources_1/bd/mref/StreamingFIFO_rtl_3
[2026-04-21 23:30:05,765] creating 8-bits/finn_build/fc/stitched_ip/finn_vivado_stitch_proj.gen/sources_1/bd/mref/StreamingFIFO_rtl_3/xgui
[2026-04-21 23:30:05,765] copying /tmp/finn_dev_emanuel-hernandez/vivado_stitch_proj_rgrwy7hk/finn_vivado_stitch_proj.gen/sources_1/bd/mref/StreamingFIFO_rtl_3/xgui/StreamingFIFO_rtl_3_v1_0.tcl -> 8-bits/finn_build/fc/stitched_ip/finn_vivado_stitch_proj.gen/sources_1/bd/mref/StreamingFIFO_rtl_3/xgui
[2026-04-21 23:30:05,766] copying /tmp/finn_dev_emanuel-hernandez/vivado_stitch_proj_rgrwy7hk/finn_vivado_stitch_proj.gen/sources_1/bd/mref/StreamingFIFO_rtl_3/component.xml -> 8-bits/finn_build/fc/stitched_ip/finn_vivado_stitch_proj.gen/sources_1/bd/mref/StreamingFIFO_rtl_3
[2026-04-21 23:30:05,766] creating 8-bits/finn_build/fc/stitched_ip/finn_vivado_stitch_proj.gen/sources_1/bd/finn_design
[2026-04-21 23:30:05,766] copying /tmp/finn_dev_emanuel-hernandez/vivado_stitch_proj_rgrwy7hk/finn_vivado_stitch_proj.gen/sources_1/bd/finn_design/finn_design_ooc.xdc -> 8-bits/finn_build/fc/stitched_ip/finn_vivado_stitch_proj.gen/sources_1/bd/finn_design
[2026-04-21 23:30:05,766] creating 8-bits/finn_build/fc/stitched_ip/finn_vivado_stitch_proj.gen/sources_1/bd/finn_design/ipshared
[2026-04-21 23:30:05,766] creating 8-bits/finn_build/fc/stitched_ip/finn_vivado_stitch_proj.gen/sources_1/bd/finn_design/ipshared/497d
[2026-04-21 23:30:05,766] creating 8-bits/finn_build/fc/stitched_ip/finn_vivado_stitch_proj.gen/sources_1/bd/finn_design/ipshared/497d/hdl
[2026-04-21 23:30:05,766] creating 8-bits/finn_build/fc/stitched_ip/finn_vivado_stitch_proj.gen/sources_1/bd/finn_design/ipshared/497d/hdl/verilog
[2026-04-21 23:30:05,766] copying /tmp/finn_dev_emanuel-hernandez/vivado_stitch_proj_rgrwy7hk/finn_vivado_stitch_proj.gen/sources_1/bd/finn_design/ipshared/497d/hdl/verilog/MVAU_hls_0_Matrix_Vector_Activate_Stream_Batch_p_ZL7threshs_1_10_ROM_AUTO_1R.v -> 8-bits/finn_build/fc/stitched_ip/finn_vivado_stitch_proj.gen/sources_1/bd/finn_design/ipshared/497d/hdl/verilog
[2026-04-21 23:30:05,766] copying /tmp/finn_dev_emanuel-hernandez/vivado_stitch_proj_rgrwy7hk/finn_vivado_stitch_proj.gen/sources_1/bd/finn_design/ipshared/497d/hdl/verilog/MVAU_hls_0_Matrix_Vector_Activate_Stream_Batch_p_ZL7threshs_1_0_ROM_AUTO_1R.v -> 8-bits/finn_build/fc/stitched_ip/finn_vivado_stitch_proj.gen/sources_1/bd/finn_design/ipshared/497d/hdl/verilog
[2026-04-21 23:30:05,766] copying /tmp/finn_dev_emanuel-hernandez/vivado_stitch_proj_rgrwy7hk/finn_vivado_stitch_proj.gen/sources_1/bd/finn_design/ipshared/497d/hdl/verilog/MVAU_hls_0_Matrix_Vector_Activate_Stream_Batch_p_ZL7threshs_1_8_ROM_AUTO_1R.v -> 8-bits/finn_build/fc/stitched_ip/finn_vivado_stitch_proj.gen/sources_1/bd/finn_design/ipshared/497d/hdl/verilog
[2026-04-21 23:30:05,766] copying /tmp/finn_dev_emanuel-hernandez/vivado_stitch_proj_rgrwy7hk/finn_vivado_stitch_proj.gen/sources_1/bd/finn_design/ipshared/497d/hdl/verilog/MVAU_hls_0_Matrix_Vector_Activate_Stream_Batch_p_ZL7threshs_3_13_ROM_AUTO_1R.v -> 8-bits/finn_build/fc/stitched_ip/finn_vivado_stitch_proj.gen/sources_1/bd/finn_design/ipshared/497d/hdl/verilog
[2026-04-21 23:30:05,766] copying /tmp/finn_dev_emanuel-hernandez/vivado_stitch_proj_rgrwy7hk/finn_vivado_stitch_proj.gen/sources_1/bd/finn_design/ipshared/497d/hdl/verilog/MVAU_hls_0_Matrix_Vector_Activate_Stream_Batch_p_ZL7threshs_0_14_ROM_AUTO_1R.v -> 8-bits/finn_build/fc/stitched_ip/finn_vivado_stitch_proj.gen/sources_1/bd/finn_design/ipshared/497d/hdl/verilog
[2026-04-21 23:30:05,766] copying /tmp/finn_dev_emanuel-hernandez/vivado_stitch_proj_rgrwy7hk/finn_vivado_stitch_proj.gen/sources_1/bd/finn_design/ipshared/497d/hdl/verilog/MVAU_hls_0_Matrix_Vector_Activate_Stream_Batch_p_ZL7threshs_2_10_ROM_AUTO_1R.v -> 8-bits/finn_build/fc/stitched_ip/finn_vivado_stitch_proj.gen/sources_1/bd/finn_design/ipshared/497d/hdl/verilog
[2026-04-21 23:30:05,766] copying /tmp/finn_dev_emanuel-hernandez/vivado_stitch_proj_rgrwy7hk/finn_vivado_stitch_proj.gen/sources_1/bd/finn_design/ipshared/497d/hdl/verilog/MVAU_hls_0_hls_deadlock_kernel_monitor_top.vh -> 8-bits/finn_build/fc/stitched_ip/finn_vivado_stitch_proj.gen/sources_1/bd/finn_design/ipshared/497d/hdl/verilog
[2026-04-21 23:30:05,766] copying /tmp/finn_dev_emanuel-hernandez/vivado_stitch_proj_rgrwy7hk/finn_vivado_stitch_proj.gen/sources_1/bd/finn_design/ipshared/497d/hdl/verilog/MVAU_hls_0_Matrix_Vector_Activate_Stream_Batch_p_ZL7threshs_3_1_ROM_AUTO_1R.v -> 8-bits/finn_build/fc/stitched_ip/finn_vivado_stitch_proj.gen/sources_1/bd/finn_design/ipshared/497d/hdl/verilog
[2026-04-21 23:30:05,766] copying /tmp/finn_dev_emanuel-hernandez/vivado_stitch_proj_rgrwy7hk/finn_vivado_stitch_proj.gen/sources_1/bd/finn_design/ipshared/497d/hdl/verilog/MVAU_hls_0_Matrix_Vector_Activate_Stream_Batch_p_ZL7threshs_2_11_ROM_AUTO_1R.v -> 8-bits/finn_build/fc/stitched_ip/finn_vivado_stitch_proj.gen/sources_1/bd/finn_design/ipshared/497d/hdl/verilog
[2026-04-21 23:30:05,766] copying /tmp/finn_dev_emanuel-hernandez/vivado_stitch_proj_rgrwy7hk/finn_vivado_stitch_proj.gen/sources_1/bd/finn_design/ipshared/497d/hdl/verilog/MVAU_hls_0_Matrix_Vector_Activate_Stream_Batch_p_ZL7threshs_0_9_ROM_AUTO_1R.v -> 8-bits/finn_build/fc/stitched_ip/finn_vivado_stitch_proj.gen/sources_1/bd/finn_design/ipshared/497d/hdl/verilog
[2026-04-21 23:30:05,766] copying /tmp/finn_dev_emanuel-hernandez/vivado_stitch_proj_rgrwy7hk/finn_vivado_stitch_proj.gen/sources_1/bd/finn_design/ipshared/497d/hdl/verilog/MVAU_hls_0_Matrix_Vector_Activate_Stream_Batch_p_ZL7threshs_2_4_ROM_AUTO_1R.v -> 8-bits/finn_build/fc/stitched_ip/finn_vivado_stitch_proj.gen/sources_1/bd/finn_design/ipshared/497d/hdl/verilog
[2026-04-21 23:30:05,766] copying /tmp/finn_dev_emanuel-hernandez/vivado_stitch_proj_rgrwy7hk/finn_vivado_stitch_proj.gen/sources_1/bd/finn_design/ipshared/497d/hdl/verilog/MVAU_hls_0_Matrix_Vector_Activate_Stream_Batch_p_ZL7threshs_3_3_ROM_AUTO_1R.v -> 8-bits/finn_build/fc/stitched_ip/finn_vivado_stitch_proj.gen/sources_1/bd/finn_design/ipshared/497d/hdl/verilog
[2026-04-21 23:30:05,767] copying /tmp/finn_dev_emanuel-hernandez/vivado_stitch_proj_rgrwy7hk/finn_vivado_stitch_proj.gen/sources_1/bd/finn_design/ipshared/497d/hdl/verilog/MVAU_hls_0_Matrix_Vector_Activate_Stream_Batch_p_ZL7threshs_3_6_ROM_AUTO_1R.v -> 8-bits/finn_build/fc/stitched_ip/finn_vivado_stitch_proj.gen/sources_1/bd/finn_design/ipshared/497d/hdl/verilog
[2026-04-21 23:30:05,767] copying /tmp/finn_dev_emanuel-hernandez/vivado_stitch_proj_rgrwy7hk/finn_vivado_stitch_proj.gen/sources_1/bd/finn_design/ipshared/497d/hdl/verilog/MVAU_hls_0_Matrix_Vector_Activate_Stream_Batch_p_ZL7threshs_1_2_ROM_AUTO_1R.v -> 8-bits/finn_build/fc/stitched_ip/finn_vivado_stitch_proj.gen/sources_1/bd/finn_design/ipshared/497d/hdl/verilog
[2026-04-21 23:30:05,767] copying /tmp/finn_dev_emanuel-hernandez/vivado_stitch_proj_rgrwy7hk/finn_vivado_stitch_proj.gen/sources_1/bd/finn_design/ipshared/497d/hdl/verilog/MVAU_hls_0_Matrix_Vector_Activate_Stream_Batch_p_ZL7threshs_0_1_ROM_AUTO_1R.v -> 8-bits/finn_build/fc/stitched_ip/finn_vivado_stitch_proj.gen/sources_1/bd/finn_design/ipshared/497d/hdl/verilog
[2026-04-21 23:30:05,767] copying /tmp/finn_dev_emanuel-hernandez/vivado_stitch_proj_rgrwy7hk/finn_vivado_stitch_proj.gen/sources_1/bd/finn_design/ipshared/497d/hdl/verilog/MVAU_hls_0_Matrix_Vector_Activate_Stream_Batch_p_ZL7threshs_0_6_ROM_AUTO_1R.v -> 8-bits/finn_build/fc/stitched_ip/finn_vivado_stitch_proj.gen/sources_1/bd/finn_design/ipshared/497d/hdl/verilog
[2026-04-21 23:30:05,767] copying /tmp/finn_dev_emanuel-hernandez/vivado_stitch_proj_rgrwy7hk/finn_vivado_stitch_proj.gen/sources_1/bd/finn_design/ipshared/497d/hdl/verilog/MVAU_hls_0_Matrix_Vector_Activate_Stream_Batch_p_ZL7threshs_2_14_ROM_AUTO_1R.v -> 8-bits/finn_build/fc/stitched_ip/finn_vivado_stitch_proj.gen/sources_1/bd/finn_design/ipshared/497d/hdl/verilog
[2026-04-21 23:30:05,767] copying /tmp/finn_dev_emanuel-hernandez/vivado_stitch_proj_rgrwy7hk/finn_vivado_stitch_proj.gen/sources_1/bd/finn_design/ipshared/497d/hdl/verilog/MVAU_hls_0_Matrix_Vector_Activate_Stream_Batch_p_ZL7threshs_1_4_ROM_AUTO_1R.v -> 8-bits/finn_build/fc/stitched_ip/finn_vivado_stitch_proj.gen/sources_1/bd/finn_design/ipshared/497d/hdl/verilog
[2026-04-21 23:30:05,767] copying /tmp/finn_dev_emanuel-hernandez/vivado_stitch_proj_rgrwy7hk/finn_vivado_stitch_proj.gen/sources_1/bd/finn_design/ipshared/497d/hdl/verilog/MVAU_hls_0_Matrix_Vector_Activate_Stream_Batch_p_ZL7threshs_2_7_ROM_AUTO_1R.v -> 8-bits/finn_build/fc/stitched_ip/finn_vivado_stitch_proj.gen/sources_1/bd/finn_design/ipshared/497d/hdl/verilog
[2026-04-21 23:30:05,767] copying /tmp/finn_dev_emanuel-hernandez/vivado_stitch_proj_rgrwy7hk/finn_vivado_stitch_proj.gen/sources_1/bd/finn_design/ipshared/497d/hdl/verilog/MVAU_hls_0_Matrix_Vector_Activate_Stream_Batch_p_ZL7threshs_3_10_ROM_AUTO_1R.v -> 8-bits/finn_build/fc/stitched_ip/finn_vivado_stitch_proj.gen/sources_1/bd/finn_design/ipshared/497d/hdl/verilog
[2026-04-21 23:30:05,767] copying /tmp/finn_dev_emanuel-hernandez/vivado_stitch_proj_rgrwy7hk/finn_vivado_stitch_proj.gen/sources_1/bd/finn_design/ipshared/497d/hdl/verilog/MVAU_hls_0_Matrix_Vector_Activate_Stream_Batch_p_ZL7threshs_1_11_ROM_AUTO_1R.v -> 8-bits/finn_build/fc/stitched_ip/finn_vivado_stitch_proj.gen/sources_1/bd/finn_design/ipshared/497d/hdl/verilog
[2026-04-21 23:30:05,767] copying /tmp/finn_dev_emanuel-hernandez/vivado_stitch_proj_rgrwy7hk/finn_vivado_stitch_proj.gen/sources_1/bd/finn_design/ipshared/497d/hdl/verilog/MVAU_hls_0_Matrix_Vector_Activate_Stream_Batch_p_ZL7threshs_2_8_ROM_AUTO_1R.v -> 8-bits/finn_build/fc/stitched_ip/finn_vivado_stitch_proj.gen/sources_1/bd/finn_design/ipshared/497d/hdl/verilog
[2026-04-21 23:30:05,767] copying /tmp/finn_dev_emanuel-hernandez/vivado_stitch_proj_rgrwy7hk/finn_vivado_stitch_proj.gen/sources_1/bd/finn_design/ipshared/497d/hdl/verilog/MVAU_hls_0_Matrix_Vector_Activate_Stream_Batch_p_ZL7threshs_3_8_ROM_AUTO_1R.v -> 8-bits/finn_build/fc/stitched_ip/finn_vivado_stitch_proj.gen/sources_1/bd/finn_design/ipshared/497d/hdl/verilog
[2026-04-21 23:30:05,767] copying /tmp/finn_dev_emanuel-hernandez/vivado_stitch_proj_rgrwy7hk/finn_vivado_stitch_proj.gen/sources_1/bd/finn_design/ipshared/497d/hdl/verilog/MVAU_hls_0_Matrix_Vector_Activate_Stream_Batch.v -> 8-bits/finn_build/fc/stitched_ip/finn_vivado_stitch_proj.gen/sources_1/bd/finn_design/ipshared/497d/hdl/verilog
[2026-04-21 23:30:05,767] copying /tmp/finn_dev_emanuel-hernandez/vivado_stitch_proj_rgrwy7hk/finn_vivado_stitch_proj.gen/sources_1/bd/finn_design/ipshared/497d/hdl/verilog/MVAU_hls_0_hls_deadlock_idx0_monitor.v -> 8-bits/finn_build/fc/stitched_ip/finn_vivado_stitch_proj.gen/sources_1/bd/finn_design/ipshared/497d/hdl/verilog
[2026-04-21 23:30:05,767] copying /tmp/finn_dev_emanuel-hernandez/vivado_stitch_proj_rgrwy7hk/finn_vivado_stitch_proj.gen/sources_1/bd/finn_design/ipshared/497d/hdl/verilog/MVAU_hls_0_Matrix_Vector_Activate_Stream_Batch_p_ZL7threshs_0_7_ROM_AUTO_1R.v -> 8-bits/finn_build/fc/stitched_ip/finn_vivado_stitch_proj.gen/sources_1/bd/finn_design/ipshared/497d/hdl/verilog
[2026-04-21 23:30:05,767] copying /tmp/finn_dev_emanuel-hernandez/vivado_stitch_proj_rgrwy7hk/finn_vivado_stitch_proj.gen/sources_1/bd/finn_design/ipshared/497d/hdl/verilog/MVAU_hls_0_Matrix_Vector_Activate_Stream_Batch_p_ZL7threshs_2_9_ROM_AUTO_1R.v -> 8-bits/finn_build/fc/stitched_ip/finn_vivado_stitch_proj.gen/sources_1/bd/finn_design/ipshared/497d/hdl/verilog
[2026-04-21 23:30:05,767] copying /tmp/finn_dev_emanuel-hernandez/vivado_stitch_proj_rgrwy7hk/finn_vivado_stitch_proj.gen/sources_1/bd/finn_design/ipshared/497d/hdl/verilog/MVAU_hls_0_Matrix_Vector_Activate_Stream_Batch_p_ZL7threshs_2_1_ROM_AUTO_1R.v -> 8-bits/finn_build/fc/stitched_ip/finn_vivado_stitch_proj.gen/sources_1/bd/finn_design/ipshared/497d/hdl/verilog
[2026-04-21 23:30:05,767] copying /tmp/finn_dev_emanuel-hernandez/vivado_stitch_proj_rgrwy7hk/finn_vivado_stitch_proj.gen/sources_1/bd/finn_design/ipshared/497d/hdl/verilog/MVAU_hls_0_Matrix_Vector_Activate_Stream_Batch_p_ZL7threshs_1_13_ROM_AUTO_1R.v -> 8-bits/finn_build/fc/stitched_ip/finn_vivado_stitch_proj.gen/sources_1/bd/finn_design/ipshared/497d/hdl/verilog
[2026-04-21 23:30:05,768] copying /tmp/finn_dev_emanuel-hernandez/vivado_stitch_proj_rgrwy7hk/finn_vivado_stitch_proj.gen/sources_1/bd/finn_design/ipshared/497d/hdl/verilog/MVAU_hls_0_Matrix_Vector_Activate_Stream_Batch_p_ZL7threshs_0_10_ROM_AUTO_1R.v -> 8-bits/finn_build/fc/stitched_ip/finn_vivado_stitch_proj.gen/sources_1/bd/finn_design/ipshared/497d/hdl/verilog
[2026-04-21 23:30:05,768] copying /tmp/finn_dev_emanuel-hernandez/vivado_stitch_proj_rgrwy7hk/finn_vivado_stitch_proj.gen/sources_1/bd/finn_design/ipshared/497d/hdl/verilog/MVAU_hls_0_Matrix_Vector_Activate_Stream_Batch_p_ZL7threshs_0_5_ROM_AUTO_1R.v -> 8-bits/finn_build/fc/stitched_ip/finn_vivado_stitch_proj.gen/sources_1/bd/finn_design/ipshared/497d/hdl/verilog
[2026-04-21 23:30:05,768] copying /tmp/finn_dev_emanuel-hernandez/vivado_stitch_proj_rgrwy7hk/finn_vivado_stitch_proj.gen/sources_1/bd/finn_design/ipshared/497d/hdl/verilog/MVAU_hls_0_Matrix_Vector_Activate_Stream_Batch_p_ZL7threshs_3_12_ROM_AUTO_1R.v -> 8-bits/finn_build/fc/stitched_ip/finn_vivado_stitch_proj.gen/sources_1/bd/finn_design/ipshared/497d/hdl/verilog
[2026-04-21 23:30:05,768] copying /tmp/finn_dev_emanuel-hernandez/vivado_stitch_proj_rgrwy7hk/finn_vivado_stitch_proj.gen/sources_1/bd/finn_design/ipshared/497d/hdl/verilog/MVAU_hls_0_Matrix_Vector_Activate_Stream_Batch_p_ZL7threshs_1_12_ROM_AUTO_1R.v -> 8-bits/finn_build/fc/stitched_ip/finn_vivado_stitch_proj.gen/sources_1/bd/finn_design/ipshared/497d/hdl/verilog
[2026-04-21 23:30:05,768] copying /tmp/finn_dev_emanuel-hernandez/vivado_stitch_proj_rgrwy7hk/finn_vivado_stitch_proj.gen/sources_1/bd/finn_design/ipshared/497d/hdl/verilog/MVAU_hls_0_Matrix_Vector_Activate_Stream_Batch_p_ZL7threshs_0_13_ROM_AUTO_1R.v -> 8-bits/finn_build/fc/stitched_ip/finn_vivado_stitch_proj.gen/sources_1/bd/finn_design/ipshared/497d/hdl/verilog
[2026-04-21 23:30:05,768] copying /tmp/finn_dev_emanuel-hernandez/vivado_stitch_proj_rgrwy7hk/finn_vivado_stitch_proj.gen/sources_1/bd/finn_design/ipshared/497d/hdl/verilog/MVAU_hls_0_Matrix_Vector_Activate_Stream_Batch_p_ZL7threshs_3_5_ROM_AUTO_1R.v -> 8-bits/finn_build/fc/stitched_ip/finn_vivado_stitch_proj.gen/sources_1/bd/finn_design/ipshared/497d/hdl/verilog
[2026-04-21 23:30:05,768] copying /tmp/finn_dev_emanuel-hernandez/vivado_stitch_proj_rgrwy7hk/finn_vivado_stitch_proj.gen/sources_1/bd/finn_design/ipshared/497d/hdl/verilog/MVAU_hls_0_Matrix_Vector_Activate_Stream_Batch_p_ZL7threshs_1_1_ROM_AUTO_1R.v -> 8-bits/finn_build/fc/stitched_ip/finn_vivado_stitch_proj.gen/sources_1/bd/finn_design/ipshared/497d/hdl/verilog
[2026-04-21 23:30:05,768] copying /tmp/finn_dev_emanuel-hernandez/vivado_stitch_proj_rgrwy7hk/finn_vivado_stitch_proj.gen/sources_1/bd/finn_design/ipshared/497d/hdl/verilog/MVAU_hls_0_mac_muladd_8s_8s_23s_23_4_1.v -> 8-bits/finn_build/fc/stitched_ip/finn_vivado_stitch_proj.gen/sources_1/bd/finn_design/ipshared/497d/hdl/verilog
[2026-04-21 23:30:05,768] copying /tmp/finn_dev_emanuel-hernandez/vivado_stitch_proj_rgrwy7hk/finn_vivado_stitch_proj.gen/sources_1/bd/finn_design/ipshared/497d/hdl/verilog/MVAU_hls_0_Matrix_Vector_Activate_Stream_Batch_p_ZL7threshs_3_7_ROM_AUTO_1R.v -> 8-bits/finn_build/fc/stitched_ip/finn_vivado_stitch_proj.gen/sources_1/bd/finn_design/ipshared/497d/hdl/verilog
[2026-04-21 23:30:05,768] copying /tmp/finn_dev_emanuel-hernandez/vivado_stitch_proj_rgrwy7hk/finn_vivado_stitch_proj.gen/sources_1/bd/finn_design/ipshared/497d/hdl/verilog/MVAU_hls_0.v -> 8-bits/finn_build/fc/stitched_ip/finn_vivado_stitch_proj.gen/sources_1/bd/finn_design/ipshared/497d/hdl/verilog
[2026-04-21 23:30:05,768] copying /tmp/finn_dev_emanuel-hernandez/vivado_stitch_proj_rgrwy7hk/finn_vivado_stitch_proj.gen/sources_1/bd/finn_design/ipshared/497d/hdl/verilog/MVAU_hls_0_Matrix_Vector_Activate_Stream_Batch_p_ZL7threshs_1_7_ROM_AUTO_1R.v -> 8-bits/finn_build/fc/stitched_ip/finn_vivado_stitch_proj.gen/sources_1/bd/finn_design/ipshared/497d/hdl/verilog
[2026-04-21 23:30:05,768] copying /tmp/finn_dev_emanuel-hernandez/vivado_stitch_proj_rgrwy7hk/finn_vivado_stitch_proj.gen/sources_1/bd/finn_design/ipshared/497d/hdl/verilog/MVAU_hls_0_Matrix_Vector_Activate_Stream_Batch_p_ZL7threshs_2_0_ROM_AUTO_1R.v -> 8-bits/finn_build/fc/stitched_ip/finn_vivado_stitch_proj.gen/sources_1/bd/finn_design/ipshared/497d/hdl/verilog
[2026-04-21 23:30:05,768] copying /tmp/finn_dev_emanuel-hernandez/vivado_stitch_proj_rgrwy7hk/finn_vivado_stitch_proj.gen/sources_1/bd/finn_design/ipshared/497d/hdl/verilog/MVAU_hls_0_Matrix_Vector_Activate_Stream_Batch_p_ZL7threshs_2_12_ROM_AUTO_1R.v -> 8-bits/finn_build/fc/stitched_ip/finn_vivado_stitch_proj.gen/sources_1/bd/finn_design/ipshared/497d/hdl/verilog
[2026-04-21 23:30:05,768] copying /tmp/finn_dev_emanuel-hernandez/vivado_stitch_proj_rgrwy7hk/finn_vivado_stitch_proj.gen/sources_1/bd/finn_design/ipshared/497d/hdl/verilog/MVAU_hls_0_Matrix_Vector_Activate_Stream_Batch_p_ZL7threshs_2_13_ROM_AUTO_1R.v -> 8-bits/finn_build/fc/stitched_ip/finn_vivado_stitch_proj.gen/sources_1/bd/finn_design/ipshared/497d/hdl/verilog
[2026-04-21 23:30:05,768] copying /tmp/finn_dev_emanuel-hernandez/vivado_stitch_proj_rgrwy7hk/finn_vivado_stitch_proj.gen/sources_1/bd/finn_design/ipshared/497d/hdl/verilog/MVAU_hls_0_Matrix_Vector_Activate_Stream_Batch_p_ZL7threshs_1_5_ROM_AUTO_1R.v -> 8-bits/finn_build/fc/stitched_ip/finn_vivado_stitch_proj.gen/sources_1/bd/finn_design/ipshared/497d/hdl/verilog
[2026-04-21 23:30:05,768] copying /tmp/finn_dev_emanuel-hernandez/vivado_stitch_proj_rgrwy7hk/finn_vivado_stitch_proj.gen/sources_1/bd/finn_design/ipshared/497d/hdl/verilog/MVAU_hls_0_Matrix_Vector_Activate_Stream_Batch_p_ZL7threshs_0_0_ROM_AUTO_1R.v -> 8-bits/finn_build/fc/stitched_ip/finn_vivado_stitch_proj.gen/sources_1/bd/finn_design/ipshared/497d/hdl/verilog
[2026-04-21 23:30:05,768] copying /tmp/finn_dev_emanuel-hernandez/vivado_stitch_proj_rgrwy7hk/finn_vivado_stitch_proj.gen/sources_1/bd/finn_design/ipshared/497d/hdl/verilog/MVAU_hls_0_Matrix_Vector_Activate_Stream_Batch_p_ZL7threshs_0_11_ROM_AUTO_1R.v -> 8-bits/finn_build/fc/stitched_ip/finn_vivado_stitch_proj.gen/sources_1/bd/finn_design/ipshared/497d/hdl/verilog
[2026-04-21 23:30:05,768] copying /tmp/finn_dev_emanuel-hernandez/vivado_stitch_proj_rgrwy7hk/finn_vivado_stitch_proj.gen/sources_1/bd/finn_design/ipshared/497d/hdl/verilog/MVAU_hls_0_Matrix_Vector_Activate_Stream_Batch_p_ZL7threshs_2_6_ROM_AUTO_1R.v -> 8-bits/finn_build/fc/stitched_ip/finn_vivado_stitch_proj.gen/sources_1/bd/finn_design/ipshared/497d/hdl/verilog
[2026-04-21 23:30:05,768] copying /tmp/finn_dev_emanuel-hernandez/vivado_stitch_proj_rgrwy7hk/finn_vivado_stitch_proj.gen/sources_1/bd/finn_design/ipshared/497d/hdl/verilog/MVAU_hls_0_Matrix_Vector_Activate_Stream_Batch_p_ZL7threshs_1_14_ROM_AUTO_1R.v -> 8-bits/finn_build/fc/stitched_ip/finn_vivado_stitch_proj.gen/sources_1/bd/finn_design/ipshared/497d/hdl/verilog
[2026-04-21 23:30:05,769] copying /tmp/finn_dev_emanuel-hernandez/vivado_stitch_proj_rgrwy7hk/finn_vivado_stitch_proj.gen/sources_1/bd/finn_design/ipshared/497d/hdl/verilog/MVAU_hls_0_Matrix_Vector_Activate_Stream_Batch_p_ZL7threshs_3_0_ROM_AUTO_1R.v -> 8-bits/finn_build/fc/stitched_ip/finn_vivado_stitch_proj.gen/sources_1/bd/finn_design/ipshared/497d/hdl/verilog
[2026-04-21 23:30:05,769] copying /tmp/finn_dev_emanuel-hernandez/vivado_stitch_proj_rgrwy7hk/finn_vivado_stitch_proj.gen/sources_1/bd/finn_design/ipshared/497d/hdl/verilog/MVAU_hls_0_mul_8s_8s_16_1_1.v -> 8-bits/finn_build/fc/stitched_ip/finn_vivado_stitch_proj.gen/sources_1/bd/finn_design/ipshared/497d/hdl/verilog
[2026-04-21 23:30:05,769] copying /tmp/finn_dev_emanuel-hernandez/vivado_stitch_proj_rgrwy7hk/finn_vivado_stitch_proj.gen/sources_1/bd/finn_design/ipshared/497d/hdl/verilog/MVAU_hls_0_Matrix_Vector_Activate_Stream_Batch_p_ZL7threshs_3_4_ROM_AUTO_1R.v -> 8-bits/finn_build/fc/stitched_ip/finn_vivado_stitch_proj.gen/sources_1/bd/finn_design/ipshared/497d/hdl/verilog
[2026-04-21 23:30:05,769] copying /tmp/finn_dev_emanuel-hernandez/vivado_stitch_proj_rgrwy7hk/finn_vivado_stitch_proj.gen/sources_1/bd/finn_design/ipshared/497d/hdl/verilog/MVAU_hls_0_Matrix_Vector_Activate_Stream_Batch_p_ZL7threshs_0_4_ROM_AUTO_1R.v -> 8-bits/finn_build/fc/stitched_ip/finn_vivado_stitch_proj.gen/sources_1/bd/finn_design/ipshared/497d/hdl/verilog
[2026-04-21 23:30:05,769] copying /tmp/finn_dev_emanuel-hernandez/vivado_stitch_proj_rgrwy7hk/finn_vivado_stitch_proj.gen/sources_1/bd/finn_design/ipshared/497d/hdl/verilog/MVAU_hls_0_Matrix_Vector_Activate_Stream_Batch_p_ZL7threshs_3_9_ROM_AUTO_1R.v -> 8-bits/finn_build/fc/stitched_ip/finn_vivado_stitch_proj.gen/sources_1/bd/finn_design/ipshared/497d/hdl/verilog
[2026-04-21 23:30:05,769] copying /tmp/finn_dev_emanuel-hernandez/vivado_stitch_proj_rgrwy7hk/finn_vivado_stitch_proj.gen/sources_1/bd/finn_design/ipshared/497d/hdl/verilog/MVAU_hls_0_Matrix_Vector_Activate_Stream_Batch_p_ZL7threshs_0_8_ROM_AUTO_1R.v -> 8-bits/finn_build/fc/stitched_ip/finn_vivado_stitch_proj.gen/sources_1/bd/finn_design/ipshared/497d/hdl/verilog
[2026-04-21 23:30:05,769] copying /tmp/finn_dev_emanuel-hernandez/vivado_stitch_proj_rgrwy7hk/finn_vivado_stitch_proj.gen/sources_1/bd/finn_design/ipshared/497d/hdl/verilog/MVAU_hls_0_Matrix_Vector_Activate_Stream_Batch_p_ZL7threshs_0_12_ROM_AUTO_1R.v -> 8-bits/finn_build/fc/stitched_ip/finn_vivado_stitch_proj.gen/sources_1/bd/finn_design/ipshared/497d/hdl/verilog
[2026-04-21 23:30:05,769] copying /tmp/finn_dev_emanuel-hernandez/vivado_stitch_proj_rgrwy7hk/finn_vivado_stitch_proj.gen/sources_1/bd/finn_design/ipshared/497d/hdl/verilog/MVAU_hls_0_Matrix_Vector_Activate_Stream_Batch_p_ZL7threshs_2_5_ROM_AUTO_1R.v -> 8-bits/finn_build/fc/stitched_ip/finn_vivado_stitch_proj.gen/sources_1/bd/finn_design/ipshared/497d/hdl/verilog
[2026-04-21 23:30:05,769] copying /tmp/finn_dev_emanuel-hernandez/vivado_stitch_proj_rgrwy7hk/finn_vivado_stitch_proj.gen/sources_1/bd/finn_design/ipshared/497d/hdl/verilog/MVAU_hls_0_hls_deadlock_idx1_monitor.v -> 8-bits/finn_build/fc/stitched_ip/finn_vivado_stitch_proj.gen/sources_1/bd/finn_design/ipshared/497d/hdl/verilog
[2026-04-21 23:30:05,769] copying /tmp/finn_dev_emanuel-hernandez/vivado_stitch_proj_rgrwy7hk/finn_vivado_stitch_proj.gen/sources_1/bd/finn_design/ipshared/497d/hdl/verilog/MVAU_hls_0_Matrix_Vector_Activate_Stream_Batch_p_ZL7threshs_0_2_ROM_AUTO_1R.v -> 8-bits/finn_build/fc/stitched_ip/finn_vivado_stitch_proj.gen/sources_1/bd/finn_design/ipshared/497d/hdl/verilog
[2026-04-21 23:30:05,769] copying /tmp/finn_dev_emanuel-hernandez/vivado_stitch_proj_rgrwy7hk/finn_vivado_stitch_proj.gen/sources_1/bd/finn_design/ipshared/497d/hdl/verilog/MVAU_hls_0_mac_muladd_8s_8s_17s_17_4_1.v -> 8-bits/finn_build/fc/stitched_ip/finn_vivado_stitch_proj.gen/sources_1/bd/finn_design/ipshared/497d/hdl/verilog
[2026-04-21 23:30:05,769] copying /tmp/finn_dev_emanuel-hernandez/vivado_stitch_proj_rgrwy7hk/finn_vivado_stitch_proj.gen/sources_1/bd/finn_design/ipshared/497d/hdl/verilog/MVAU_hls_0_Matrix_Vector_Activate_Stream_Batch_p_ZL7threshs_0_3_ROM_AUTO_1R.v -> 8-bits/finn_build/fc/stitched_ip/finn_vivado_stitch_proj.gen/sources_1/bd/finn_design/ipshared/497d/hdl/verilog
[2026-04-21 23:30:05,769] copying /tmp/finn_dev_emanuel-hernandez/vivado_stitch_proj_rgrwy7hk/finn_vivado_stitch_proj.gen/sources_1/bd/finn_design/ipshared/497d/hdl/verilog/MVAU_hls_0_mux_3209_32_1_1.v -> 8-bits/finn_build/fc/stitched_ip/finn_vivado_stitch_proj.gen/sources_1/bd/finn_design/ipshared/497d/hdl/verilog
[2026-04-21 23:30:05,769] copying /tmp/finn_dev_emanuel-hernandez/vivado_stitch_proj_rgrwy7hk/finn_vivado_stitch_proj.gen/sources_1/bd/finn_design/ipshared/497d/hdl/verilog/MVAU_hls_0_flow_control_loop_pipe_sequential_init.v -> 8-bits/finn_build/fc/stitched_ip/finn_vivado_stitch_proj.gen/sources_1/bd/finn_design/ipshared/497d/hdl/verilog
[2026-04-21 23:30:05,769] copying /tmp/finn_dev_emanuel-hernandez/vivado_stitch_proj_rgrwy7hk/finn_vivado_stitch_proj.gen/sources_1/bd/finn_design/ipshared/497d/hdl/verilog/MVAU_hls_0_Matrix_Vector_Activate_Stream_Batch_p_ZL7threshs_3_11_ROM_AUTO_1R.v -> 8-bits/finn_build/fc/stitched_ip/finn_vivado_stitch_proj.gen/sources_1/bd/finn_design/ipshared/497d/hdl/verilog
[2026-04-21 23:30:05,769] copying /tmp/finn_dev_emanuel-hernandez/vivado_stitch_proj_rgrwy7hk/finn_vivado_stitch_proj.gen/sources_1/bd/finn_design/ipshared/497d/hdl/verilog/MVAU_hls_0_Matrix_Vector_Activate_Stream_Batch_p_ZL7threshs_3_2_ROM_AUTO_1R.v -> 8-bits/finn_build/fc/stitched_ip/finn_vivado_stitch_proj.gen/sources_1/bd/finn_design/ipshared/497d/hdl/verilog
[2026-04-21 23:30:05,769] copying /tmp/finn_dev_emanuel-hernandez/vivado_stitch_proj_rgrwy7hk/finn_vivado_stitch_proj.gen/sources_1/bd/finn_design/ipshared/497d/hdl/verilog/MVAU_hls_0_Matrix_Vector_Activate_Stream_Batch_p_ZL7threshs_3_14_ROM_AUTO_1R.v -> 8-bits/finn_build/fc/stitched_ip/finn_vivado_stitch_proj.gen/sources_1/bd/finn_design/ipshared/497d/hdl/verilog
[2026-04-21 23:30:05,769] copying /tmp/finn_dev_emanuel-hernandez/vivado_stitch_proj_rgrwy7hk/finn_vivado_stitch_proj.gen/sources_1/bd/finn_design/ipshared/497d/hdl/verilog/MVAU_hls_0_mac_muladd_8s_8s_16s_17_4_1.v -> 8-bits/finn_build/fc/stitched_ip/finn_vivado_stitch_proj.gen/sources_1/bd/finn_design/ipshared/497d/hdl/verilog
[2026-04-21 23:30:05,770] copying /tmp/finn_dev_emanuel-hernandez/vivado_stitch_proj_rgrwy7hk/finn_vivado_stitch_proj.gen/sources_1/bd/finn_design/ipshared/497d/hdl/verilog/MVAU_hls_0_Matrix_Vector_Activate_Stream_Batch_p_ZL7threshs_2_2_ROM_AUTO_1R.v -> 8-bits/finn_build/fc/stitched_ip/finn_vivado_stitch_proj.gen/sources_1/bd/finn_design/ipshared/497d/hdl/verilog
[2026-04-21 23:30:05,770] copying /tmp/finn_dev_emanuel-hernandez/vivado_stitch_proj_rgrwy7hk/finn_vivado_stitch_proj.gen/sources_1/bd/finn_design/ipshared/497d/hdl/verilog/MVAU_hls_0_Matrix_Vector_Activate_Stream_Batch_p_ZL7threshs_2_3_ROM_AUTO_1R.v -> 8-bits/finn_build/fc/stitched_ip/finn_vivado_stitch_proj.gen/sources_1/bd/finn_design/ipshared/497d/hdl/verilog
[2026-04-21 23:30:05,770] copying /tmp/finn_dev_emanuel-hernandez/vivado_stitch_proj_rgrwy7hk/finn_vivado_stitch_proj.gen/sources_1/bd/finn_design/ipshared/497d/hdl/verilog/MVAU_hls_0_regslice_both.v -> 8-bits/finn_build/fc/stitched_ip/finn_vivado_stitch_proj.gen/sources_1/bd/finn_design/ipshared/497d/hdl/verilog
[2026-04-21 23:30:05,770] copying /tmp/finn_dev_emanuel-hernandez/vivado_stitch_proj_rgrwy7hk/finn_vivado_stitch_proj.gen/sources_1/bd/finn_design/ipshared/497d/hdl/verilog/MVAU_hls_0_Matrix_Vector_Activate_Stream_Batch_p_ZL7threshs_1_6_ROM_AUTO_1R.v -> 8-bits/finn_build/fc/stitched_ip/finn_vivado_stitch_proj.gen/sources_1/bd/finn_design/ipshared/497d/hdl/verilog
[2026-04-21 23:30:05,770] copying /tmp/finn_dev_emanuel-hernandez/vivado_stitch_proj_rgrwy7hk/finn_vivado_stitch_proj.gen/sources_1/bd/finn_design/ipshared/497d/hdl/verilog/MVAU_hls_0_Matrix_Vector_Activate_Stream_Batch_p_ZL7threshs_1_3_ROM_AUTO_1R.v -> 8-bits/finn_build/fc/stitched_ip/finn_vivado_stitch_proj.gen/sources_1/bd/finn_design/ipshared/497d/hdl/verilog
[2026-04-21 23:30:05,770] copying /tmp/finn_dev_emanuel-hernandez/vivado_stitch_proj_rgrwy7hk/finn_vivado_stitch_proj.gen/sources_1/bd/finn_design/ipshared/497d/hdl/verilog/MVAU_hls_0_Matrix_Vector_Activate_Stream_Batch_p_ZL7threshs_1_9_ROM_AUTO_1R.v -> 8-bits/finn_build/fc/stitched_ip/finn_vivado_stitch_proj.gen/sources_1/bd/finn_design/ipshared/497d/hdl/verilog
[2026-04-21 23:30:05,770] creating 8-bits/finn_build/fc/stitched_ip/finn_vivado_stitch_proj.gen/sources_1/bd/finn_design/ipshared/9613
[2026-04-21 23:30:05,770] creating 8-bits/finn_build/fc/stitched_ip/finn_vivado_stitch_proj.gen/sources_1/bd/finn_design/ipshared/9613/hdl
[2026-04-21 23:30:05,770] creating 8-bits/finn_build/fc/stitched_ip/finn_vivado_stitch_proj.gen/sources_1/bd/finn_design/ipshared/9613/hdl/verilog
[2026-04-21 23:30:05,770] copying /tmp/finn_dev_emanuel-hernandez/vivado_stitch_proj_rgrwy7hk/finn_vivado_stitch_proj.gen/sources_1/bd/finn_design/ipshared/9613/hdl/verilog/MVAU_hls_1_hls_deadlock_idx0_monitor.v -> 8-bits/finn_build/fc/stitched_ip/finn_vivado_stitch_proj.gen/sources_1/bd/finn_design/ipshared/9613/hdl/verilog
[2026-04-21 23:30:05,770] copying /tmp/finn_dev_emanuel-hernandez/vivado_stitch_proj_rgrwy7hk/finn_vivado_stitch_proj.gen/sources_1/bd/finn_design/ipshared/9613/hdl/verilog/MVAU_hls_1_Matrix_Vector_Activate_Stream_Batch_p_ZL7threshs_11_ROM_AUTO_1R.v -> 8-bits/finn_build/fc/stitched_ip/finn_vivado_stitch_proj.gen/sources_1/bd/finn_design/ipshared/9613/hdl/verilog
[2026-04-21 23:30:05,770] copying /tmp/finn_dev_emanuel-hernandez/vivado_stitch_proj_rgrwy7hk/finn_vivado_stitch_proj.gen/sources_1/bd/finn_design/ipshared/9613/hdl/verilog/MVAU_hls_1_Matrix_Vector_Activate_Stream_Batch_p_ZL7threshs_9_ROM_AUTO_1R.v -> 8-bits/finn_build/fc/stitched_ip/finn_vivado_stitch_proj.gen/sources_1/bd/finn_design/ipshared/9613/hdl/verilog
[2026-04-21 23:30:05,770] copying /tmp/finn_dev_emanuel-hernandez/vivado_stitch_proj_rgrwy7hk/finn_vivado_stitch_proj.gen/sources_1/bd/finn_design/ipshared/9613/hdl/verilog/MVAU_hls_1_hls_deadlock_kernel_monitor_top.vh -> 8-bits/finn_build/fc/stitched_ip/finn_vivado_stitch_proj.gen/sources_1/bd/finn_design/ipshared/9613/hdl/verilog
[2026-04-21 23:30:05,770] copying /tmp/finn_dev_emanuel-hernandez/vivado_stitch_proj_rgrwy7hk/finn_vivado_stitch_proj.gen/sources_1/bd/finn_design/ipshared/9613/hdl/verilog/MVAU_hls_1_mac_muladd_8s_4ns_17s_17_4_1.v -> 8-bits/finn_build/fc/stitched_ip/finn_vivado_stitch_proj.gen/sources_1/bd/finn_design/ipshared/9613/hdl/verilog
[2026-04-21 23:30:05,770] copying /tmp/finn_dev_emanuel-hernandez/vivado_stitch_proj_rgrwy7hk/finn_vivado_stitch_proj.gen/sources_1/bd/finn_design/ipshared/9613/hdl/verilog/MVAU_hls_1.v -> 8-bits/finn_build/fc/stitched_ip/finn_vivado_stitch_proj.gen/sources_1/bd/finn_design/ipshared/9613/hdl/verilog
[2026-04-21 23:30:05,770] copying /tmp/finn_dev_emanuel-hernandez/vivado_stitch_proj_rgrwy7hk/finn_vivado_stitch_proj.gen/sources_1/bd/finn_design/ipshared/9613/hdl/verilog/MVAU_hls_1_Matrix_Vector_Activate_Stream_Batch_p_ZL7threshs_0_ROM_AUTO_1R.v -> 8-bits/finn_build/fc/stitched_ip/finn_vivado_stitch_proj.gen/sources_1/bd/finn_design/ipshared/9613/hdl/verilog
[2026-04-21 23:30:05,770] copying /tmp/finn_dev_emanuel-hernandez/vivado_stitch_proj_rgrwy7hk/finn_vivado_stitch_proj.gen/sources_1/bd/finn_design/ipshared/9613/hdl/verilog/MVAU_hls_1_flow_control_loop_pipe_sequential_init.v -> 8-bits/finn_build/fc/stitched_ip/finn_vivado_stitch_proj.gen/sources_1/bd/finn_design/ipshared/9613/hdl/verilog
[2026-04-21 23:30:05,770] copying /tmp/finn_dev_emanuel-hernandez/vivado_stitch_proj_rgrwy7hk/finn_vivado_stitch_proj.gen/sources_1/bd/finn_design/ipshared/9613/hdl/verilog/MVAU_hls_1_Matrix_Vector_Activate_Stream_Batch_p_ZL7threshs_5_ROM_AUTO_1R.v -> 8-bits/finn_build/fc/stitched_ip/finn_vivado_stitch_proj.gen/sources_1/bd/finn_design/ipshared/9613/hdl/verilog
[2026-04-21 23:30:05,771] copying /tmp/finn_dev_emanuel-hernandez/vivado_stitch_proj_rgrwy7hk/finn_vivado_stitch_proj.gen/sources_1/bd/finn_design/ipshared/9613/hdl/verilog/MVAU_hls_1_Matrix_Vector_Activate_Stream_Batch_p_ZL7threshs_8_ROM_AUTO_1R.v -> 8-bits/finn_build/fc/stitched_ip/finn_vivado_stitch_proj.gen/sources_1/bd/finn_design/ipshared/9613/hdl/verilog
[2026-04-21 23:30:05,771] copying /tmp/finn_dev_emanuel-hernandez/vivado_stitch_proj_rgrwy7hk/finn_vivado_stitch_proj.gen/sources_1/bd/finn_design/ipshared/9613/hdl/verilog/MVAU_hls_1_Matrix_Vector_Activate_Stream_Batch_p_ZL7threshs_12_ROM_AUTO_1R.v -> 8-bits/finn_build/fc/stitched_ip/finn_vivado_stitch_proj.gen/sources_1/bd/finn_design/ipshared/9613/hdl/verilog
[2026-04-21 23:30:05,771] copying /tmp/finn_dev_emanuel-hernandez/vivado_stitch_proj_rgrwy7hk/finn_vivado_stitch_proj.gen/sources_1/bd/finn_design/ipshared/9613/hdl/verilog/MVAU_hls_1_mux_1287_4_1_1.v -> 8-bits/finn_build/fc/stitched_ip/finn_vivado_stitch_proj.gen/sources_1/bd/finn_design/ipshared/9613/hdl/verilog
[2026-04-21 23:30:05,771] copying /tmp/finn_dev_emanuel-hernandez/vivado_stitch_proj_rgrwy7hk/finn_vivado_stitch_proj.gen/sources_1/bd/finn_design/ipshared/9613/hdl/verilog/MVAU_hls_1_hls_deadlock_idx1_monitor.v -> 8-bits/finn_build/fc/stitched_ip/finn_vivado_stitch_proj.gen/sources_1/bd/finn_design/ipshared/9613/hdl/verilog
[2026-04-21 23:30:05,771] copying /tmp/finn_dev_emanuel-hernandez/vivado_stitch_proj_rgrwy7hk/finn_vivado_stitch_proj.gen/sources_1/bd/finn_design/ipshared/9613/hdl/verilog/MVAU_hls_1_Matrix_Vector_Activate_Stream_Batch_p_ZL7threshs_13_ROM_AUTO_1R.v -> 8-bits/finn_build/fc/stitched_ip/finn_vivado_stitch_proj.gen/sources_1/bd/finn_design/ipshared/9613/hdl/verilog
[2026-04-21 23:30:05,771] copying /tmp/finn_dev_emanuel-hernandez/vivado_stitch_proj_rgrwy7hk/finn_vivado_stitch_proj.gen/sources_1/bd/finn_design/ipshared/9613/hdl/verilog/MVAU_hls_1_Matrix_Vector_Activate_Stream_Batch.v -> 8-bits/finn_build/fc/stitched_ip/finn_vivado_stitch_proj.gen/sources_1/bd/finn_design/ipshared/9613/hdl/verilog
[2026-04-21 23:30:05,771] copying /tmp/finn_dev_emanuel-hernandez/vivado_stitch_proj_rgrwy7hk/finn_vivado_stitch_proj.gen/sources_1/bd/finn_design/ipshared/9613/hdl/verilog/MVAU_hls_1_regslice_both.v -> 8-bits/finn_build/fc/stitched_ip/finn_vivado_stitch_proj.gen/sources_1/bd/finn_design/ipshared/9613/hdl/verilog
[2026-04-21 23:30:05,771] copying /tmp/finn_dev_emanuel-hernandez/vivado_stitch_proj_rgrwy7hk/finn_vivado_stitch_proj.gen/sources_1/bd/finn_design/ipshared/9613/hdl/verilog/MVAU_hls_1_Matrix_Vector_Activate_Stream_Batch_p_ZL7threshs_3_ROM_AUTO_1R.v -> 8-bits/finn_build/fc/stitched_ip/finn_vivado_stitch_proj.gen/sources_1/bd/finn_design/ipshared/9613/hdl/verilog
[2026-04-21 23:30:05,771] copying /tmp/finn_dev_emanuel-hernandez/vivado_stitch_proj_rgrwy7hk/finn_vivado_stitch_proj.gen/sources_1/bd/finn_design/ipshared/9613/hdl/verilog/MVAU_hls_1_Matrix_Vector_Activate_Stream_Batch_p_ZL7threshs_10_ROM_AUTO_1R.v -> 8-bits/finn_build/fc/stitched_ip/finn_vivado_stitch_proj.gen/sources_1/bd/finn_design/ipshared/9613/hdl/verilog
[2026-04-21 23:30:05,771] copying /tmp/finn_dev_emanuel-hernandez/vivado_stitch_proj_rgrwy7hk/finn_vivado_stitch_proj.gen/sources_1/bd/finn_design/ipshared/9613/hdl/verilog/MVAU_hls_1_Matrix_Vector_Activate_Stream_Batch_p_ZL7threshs_4_ROM_AUTO_1R.v -> 8-bits/finn_build/fc/stitched_ip/finn_vivado_stitch_proj.gen/sources_1/bd/finn_design/ipshared/9613/hdl/verilog
[2026-04-21 23:30:05,771] copying /tmp/finn_dev_emanuel-hernandez/vivado_stitch_proj_rgrwy7hk/finn_vivado_stitch_proj.gen/sources_1/bd/finn_design/ipshared/9613/hdl/verilog/MVAU_hls_1_Matrix_Vector_Activate_Stream_Batch_p_ZL7threshs_1_ROM_AUTO_1R.v -> 8-bits/finn_build/fc/stitched_ip/finn_vivado_stitch_proj.gen/sources_1/bd/finn_design/ipshared/9613/hdl/verilog
[2026-04-21 23:30:05,771] copying /tmp/finn_dev_emanuel-hernandez/vivado_stitch_proj_rgrwy7hk/finn_vivado_stitch_proj.gen/sources_1/bd/finn_design/ipshared/9613/hdl/verilog/MVAU_hls_1_Matrix_Vector_Activate_Stream_Batch_p_ZL7threshs_7_ROM_AUTO_1R.v -> 8-bits/finn_build/fc/stitched_ip/finn_vivado_stitch_proj.gen/sources_1/bd/finn_design/ipshared/9613/hdl/verilog
[2026-04-21 23:30:05,771] copying /tmp/finn_dev_emanuel-hernandez/vivado_stitch_proj_rgrwy7hk/finn_vivado_stitch_proj.gen/sources_1/bd/finn_design/ipshared/9613/hdl/verilog/MVAU_hls_1_Matrix_Vector_Activate_Stream_Batch_p_ZL7threshs_14_ROM_AUTO_1R.v -> 8-bits/finn_build/fc/stitched_ip/finn_vivado_stitch_proj.gen/sources_1/bd/finn_design/ipshared/9613/hdl/verilog
[2026-04-21 23:30:05,771] copying /tmp/finn_dev_emanuel-hernandez/vivado_stitch_proj_rgrwy7hk/finn_vivado_stitch_proj.gen/sources_1/bd/finn_design/ipshared/9613/hdl/verilog/MVAU_hls_1_Matrix_Vector_Activate_Stream_Batch_p_ZL7threshs_2_ROM_AUTO_1R.v -> 8-bits/finn_build/fc/stitched_ip/finn_vivado_stitch_proj.gen/sources_1/bd/finn_design/ipshared/9613/hdl/verilog
[2026-04-21 23:30:05,771] copying /tmp/finn_dev_emanuel-hernandez/vivado_stitch_proj_rgrwy7hk/finn_vivado_stitch_proj.gen/sources_1/bd/finn_design/ipshared/9613/hdl/verilog/MVAU_hls_1_Matrix_Vector_Activate_Stream_Batch_p_ZL7threshs_6_ROM_AUTO_1R.v -> 8-bits/finn_build/fc/stitched_ip/finn_vivado_stitch_proj.gen/sources_1/bd/finn_design/ipshared/9613/hdl/verilog
[2026-04-21 23:30:05,771] creating 8-bits/finn_build/fc/stitched_ip/finn_vivado_stitch_proj.gen/sources_1/bd/finn_design/ipshared/bcb1
[2026-04-21 23:30:05,771] creating 8-bits/finn_build/fc/stitched_ip/finn_vivado_stitch_proj.gen/sources_1/bd/finn_design/ipshared/bcb1/hdl
[2026-04-21 23:30:05,771] copying /tmp/finn_dev_emanuel-hernandez/vivado_stitch_proj_rgrwy7hk/finn_vivado_stitch_proj.gen/sources_1/bd/finn_design/ipshared/bcb1/hdl/memstream_axi_wrapper.v -> 8-bits/finn_build/fc/stitched_ip/finn_vivado_stitch_proj.gen/sources_1/bd/finn_design/ipshared/bcb1/hdl
[2026-04-21 23:30:05,772] copying /tmp/finn_dev_emanuel-hernandez/vivado_stitch_proj_rgrwy7hk/finn_vivado_stitch_proj.gen/sources_1/bd/finn_design/ipshared/bcb1/hdl/axilite_if.v -> 8-bits/finn_build/fc/stitched_ip/finn_vivado_stitch_proj.gen/sources_1/bd/finn_design/ipshared/bcb1/hdl
[2026-04-21 23:30:05,772] copying /tmp/finn_dev_emanuel-hernandez/vivado_stitch_proj_rgrwy7hk/finn_vivado_stitch_proj.gen/sources_1/bd/finn_design/ipshared/bcb1/hdl/memstream.sv -> 8-bits/finn_build/fc/stitched_ip/finn_vivado_stitch_proj.gen/sources_1/bd/finn_design/ipshared/bcb1/hdl
[2026-04-21 23:30:05,772] copying /tmp/finn_dev_emanuel-hernandez/vivado_stitch_proj_rgrwy7hk/finn_vivado_stitch_proj.gen/sources_1/bd/finn_design/ipshared/bcb1/hdl/memstream_axi.sv -> 8-bits/finn_build/fc/stitched_ip/finn_vivado_stitch_proj.gen/sources_1/bd/finn_design/ipshared/bcb1/hdl
[2026-04-21 23:30:05,772] creating 8-bits/finn_build/fc/stitched_ip/finn_vivado_stitch_proj.gen/sources_1/bd/finn_design/sim
[2026-04-21 23:30:05,772] copying /tmp/finn_dev_emanuel-hernandez/vivado_stitch_proj_rgrwy7hk/finn_vivado_stitch_proj.gen/sources_1/bd/finn_design/sim/finn_design.v -> 8-bits/finn_build/fc/stitched_ip/finn_vivado_stitch_proj.gen/sources_1/bd/finn_design/sim
[2026-04-21 23:30:05,772] copying /tmp/finn_dev_emanuel-hernandez/vivado_stitch_proj_rgrwy7hk/finn_vivado_stitch_proj.gen/sources_1/bd/finn_design/sim/finn_design.protoinst -> 8-bits/finn_build/fc/stitched_ip/finn_vivado_stitch_proj.gen/sources_1/bd/finn_design/sim
[2026-04-21 23:30:05,772] creating 8-bits/finn_build/fc/stitched_ip/finn_vivado_stitch_proj.gen/sources_1/bd/finn_design/ip
[2026-04-21 23:30:05,772] creating 8-bits/finn_build/fc/stitched_ip/finn_vivado_stitch_proj.gen/sources_1/bd/finn_design/ip/finn_design_MVAU_rtl_0_wstrm_0
[2026-04-21 23:30:05,772] creating 8-bits/finn_build/fc/stitched_ip/finn_vivado_stitch_proj.gen/sources_1/bd/finn_design/ip/finn_design_MVAU_rtl_0_wstrm_0/sim
[2026-04-21 23:30:05,772] copying /tmp/finn_dev_emanuel-hernandez/vivado_stitch_proj_rgrwy7hk/finn_vivado_stitch_proj.gen/sources_1/bd/finn_design/ip/finn_design_MVAU_rtl_0_wstrm_0/sim/finn_design_MVAU_rtl_0_wstrm_0.v -> 8-bits/finn_build/fc/stitched_ip/finn_vivado_stitch_proj.gen/sources_1/bd/finn_design/ip/finn_design_MVAU_rtl_0_wstrm_0/sim
[2026-04-21 23:30:05,772] copying /tmp/finn_dev_emanuel-hernandez/vivado_stitch_proj_rgrwy7hk/finn_vivado_stitch_proj.gen/sources_1/bd/finn_design/ip/finn_design_MVAU_rtl_0_wstrm_0/finn_design_MVAU_rtl_0_wstrm_0.xml -> 8-bits/finn_build/fc/stitched_ip/finn_vivado_stitch_proj.gen/sources_1/bd/finn_design/ip/finn_design_MVAU_rtl_0_wstrm_0
[2026-04-21 23:30:05,772] creating 8-bits/finn_build/fc/stitched_ip/finn_vivado_stitch_proj.gen/sources_1/bd/finn_design/ip/finn_design_MVAU_rtl_0_wstrm_0/synth
[2026-04-21 23:30:05,772] copying /tmp/finn_dev_emanuel-hernandez/vivado_stitch_proj_rgrwy7hk/finn_vivado_stitch_proj.gen/sources_1/bd/finn_design/ip/finn_design_MVAU_rtl_0_wstrm_0/synth/finn_design_MVAU_rtl_0_wstrm_0.v -> 8-bits/finn_build/fc/stitched_ip/finn_vivado_stitch_proj.gen/sources_1/bd/finn_design/ip/finn_design_MVAU_rtl_0_wstrm_0/synth
[2026-04-21 23:30:05,772] creating 8-bits/finn_build/fc/stitched_ip/finn_vivado_stitch_proj.gen/sources_1/bd/finn_design/ip/finn_design_MVAU_hls_1_wstrm_0
[2026-04-21 23:30:05,772] creating 8-bits/finn_build/fc/stitched_ip/finn_vivado_stitch_proj.gen/sources_1/bd/finn_design/ip/finn_design_MVAU_hls_1_wstrm_0/sim
[2026-04-21 23:30:05,772] copying /tmp/finn_dev_emanuel-hernandez/vivado_stitch_proj_rgrwy7hk/finn_vivado_stitch_proj.gen/sources_1/bd/finn_design/ip/finn_design_MVAU_hls_1_wstrm_0/sim/finn_design_MVAU_hls_1_wstrm_0.v -> 8-bits/finn_build/fc/stitched_ip/finn_vivado_stitch_proj.gen/sources_1/bd/finn_design/ip/finn_design_MVAU_hls_1_wstrm_0/sim
[2026-04-21 23:30:05,772] copying /tmp/finn_dev_emanuel-hernandez/vivado_stitch_proj_rgrwy7hk/finn_vivado_stitch_proj.gen/sources_1/bd/finn_design/ip/finn_design_MVAU_hls_1_wstrm_0/finn_design_MVAU_hls_1_wstrm_0.xml -> 8-bits/finn_build/fc/stitched_ip/finn_vivado_stitch_proj.gen/sources_1/bd/finn_design/ip/finn_design_MVAU_hls_1_wstrm_0
[2026-04-21 23:30:05,773] creating 8-bits/finn_build/fc/stitched_ip/finn_vivado_stitch_proj.gen/sources_1/bd/finn_design/ip/finn_design_MVAU_hls_1_wstrm_0/synth
[2026-04-21 23:30:05,773] copying /tmp/finn_dev_emanuel-hernandez/vivado_stitch_proj_rgrwy7hk/finn_vivado_stitch_proj.gen/sources_1/bd/finn_design/ip/finn_design_MVAU_hls_1_wstrm_0/synth/finn_design_MVAU_hls_1_wstrm_0.v -> 8-bits/finn_build/fc/stitched_ip/finn_vivado_stitch_proj.gen/sources_1/bd/finn_design/ip/finn_design_MVAU_hls_1_wstrm_0/synth
[2026-04-21 23:30:05,773] creating 8-bits/finn_build/fc/stitched_ip/finn_vivado_stitch_proj.gen/sources_1/bd/finn_design/ip/finn_design_StreamingFIFO_rtl_2_0
[2026-04-21 23:30:05,773] creating 8-bits/finn_build/fc/stitched_ip/finn_vivado_stitch_proj.gen/sources_1/bd/finn_design/ip/finn_design_StreamingFIFO_rtl_2_0/sim
[2026-04-21 23:30:05,773] copying /tmp/finn_dev_emanuel-hernandez/vivado_stitch_proj_rgrwy7hk/finn_vivado_stitch_proj.gen/sources_1/bd/finn_design/ip/finn_design_StreamingFIFO_rtl_2_0/sim/finn_design_StreamingFIFO_rtl_2_0.v -> 8-bits/finn_build/fc/stitched_ip/finn_vivado_stitch_proj.gen/sources_1/bd/finn_design/ip/finn_design_StreamingFIFO_rtl_2_0/sim
[2026-04-21 23:30:05,773] copying /tmp/finn_dev_emanuel-hernandez/vivado_stitch_proj_rgrwy7hk/finn_vivado_stitch_proj.gen/sources_1/bd/finn_design/ip/finn_design_StreamingFIFO_rtl_2_0/finn_design_StreamingFIFO_rtl_2_0.xml -> 8-bits/finn_build/fc/stitched_ip/finn_vivado_stitch_proj.gen/sources_1/bd/finn_design/ip/finn_design_StreamingFIFO_rtl_2_0
[2026-04-21 23:30:05,773] creating 8-bits/finn_build/fc/stitched_ip/finn_vivado_stitch_proj.gen/sources_1/bd/finn_design/ip/finn_design_StreamingFIFO_rtl_2_0/synth
[2026-04-21 23:30:05,773] copying /tmp/finn_dev_emanuel-hernandez/vivado_stitch_proj_rgrwy7hk/finn_vivado_stitch_proj.gen/sources_1/bd/finn_design/ip/finn_design_StreamingFIFO_rtl_2_0/synth/finn_design_StreamingFIFO_rtl_2_0.v -> 8-bits/finn_build/fc/stitched_ip/finn_vivado_stitch_proj.gen/sources_1/bd/finn_design/ip/finn_design_StreamingFIFO_rtl_2_0/synth
[2026-04-21 23:30:05,773] creating 8-bits/finn_build/fc/stitched_ip/finn_vivado_stitch_proj.gen/sources_1/bd/finn_design/ip/finn_design_MVAU_hls_0_0
[2026-04-21 23:30:05,773] creating 8-bits/finn_build/fc/stitched_ip/finn_vivado_stitch_proj.gen/sources_1/bd/finn_design/ip/finn_design_MVAU_hls_0_0/sim
[2026-04-21 23:30:05,773] copying /tmp/finn_dev_emanuel-hernandez/vivado_stitch_proj_rgrwy7hk/finn_vivado_stitch_proj.gen/sources_1/bd/finn_design/ip/finn_design_MVAU_hls_0_0/sim/finn_design_MVAU_hls_0_0.v -> 8-bits/finn_build/fc/stitched_ip/finn_vivado_stitch_proj.gen/sources_1/bd/finn_design/ip/finn_design_MVAU_hls_0_0/sim
[2026-04-21 23:30:05,773] copying /tmp/finn_dev_emanuel-hernandez/vivado_stitch_proj_rgrwy7hk/finn_vivado_stitch_proj.gen/sources_1/bd/finn_design/ip/finn_design_MVAU_hls_0_0/finn_design_MVAU_hls_0_0.xml -> 8-bits/finn_build/fc/stitched_ip/finn_vivado_stitch_proj.gen/sources_1/bd/finn_design/ip/finn_design_MVAU_hls_0_0
[2026-04-21 23:30:05,773] creating 8-bits/finn_build/fc/stitched_ip/finn_vivado_stitch_proj.gen/sources_1/bd/finn_design/ip/finn_design_MVAU_hls_0_0/constraints
[2026-04-21 23:30:05,773] copying /tmp/finn_dev_emanuel-hernandez/vivado_stitch_proj_rgrwy7hk/finn_vivado_stitch_proj.gen/sources_1/bd/finn_design/ip/finn_design_MVAU_hls_0_0/constraints/MVAU_hls_0_ooc.xdc -> 8-bits/finn_build/fc/stitched_ip/finn_vivado_stitch_proj.gen/sources_1/bd/finn_design/ip/finn_design_MVAU_hls_0_0/constraints
[2026-04-21 23:30:05,773] creating 8-bits/finn_build/fc/stitched_ip/finn_vivado_stitch_proj.gen/sources_1/bd/finn_design/ip/finn_design_MVAU_hls_0_0/hdl
[2026-04-21 23:30:05,773] creating 8-bits/finn_build/fc/stitched_ip/finn_vivado_stitch_proj.gen/sources_1/bd/finn_design/ip/finn_design_MVAU_hls_0_0/hdl/verilog
[2026-04-21 23:30:05,773] copying /tmp/finn_dev_emanuel-hernandez/vivado_stitch_proj_rgrwy7hk/finn_vivado_stitch_proj.gen/sources_1/bd/finn_design/ip/finn_design_MVAU_hls_0_0/hdl/verilog/MVAU_hls_0_Matrix_Vector_Activate_Stream_Batch_p_ZL7threshs_1_6_ROM_AUTO_1R.dat -> 8-bits/finn_build/fc/stitched_ip/finn_vivado_stitch_proj.gen/sources_1/bd/finn_design/ip/finn_design_MVAU_hls_0_0/hdl/verilog
[2026-04-21 23:30:05,774] copying /tmp/finn_dev_emanuel-hernandez/vivado_stitch_proj_rgrwy7hk/finn_vivado_stitch_proj.gen/sources_1/bd/finn_design/ip/finn_design_MVAU_hls_0_0/hdl/verilog/MVAU_hls_0_Matrix_Vector_Activate_Stream_Batch_p_ZL7threshs_3_0_ROM_AUTO_1R.dat -> 8-bits/finn_build/fc/stitched_ip/finn_vivado_stitch_proj.gen/sources_1/bd/finn_design/ip/finn_design_MVAU_hls_0_0/hdl/verilog
[2026-04-21 23:30:05,774] copying /tmp/finn_dev_emanuel-hernandez/vivado_stitch_proj_rgrwy7hk/finn_vivado_stitch_proj.gen/sources_1/bd/finn_design/ip/finn_design_MVAU_hls_0_0/hdl/verilog/MVAU_hls_0_Matrix_Vector_Activate_Stream_Batch_p_ZL7threshs_1_11_ROM_AUTO_1R.dat -> 8-bits/finn_build/fc/stitched_ip/finn_vivado_stitch_proj.gen/sources_1/bd/finn_design/ip/finn_design_MVAU_hls_0_0/hdl/verilog
[2026-04-21 23:30:05,774] copying /tmp/finn_dev_emanuel-hernandez/vivado_stitch_proj_rgrwy7hk/finn_vivado_stitch_proj.gen/sources_1/bd/finn_design/ip/finn_design_MVAU_hls_0_0/hdl/verilog/MVAU_hls_0_Matrix_Vector_Activate_Stream_Batch_p_ZL7threshs_0_12_ROM_AUTO_1R.dat -> 8-bits/finn_build/fc/stitched_ip/finn_vivado_stitch_proj.gen/sources_1/bd/finn_design/ip/finn_design_MVAU_hls_0_0/hdl/verilog
[2026-04-21 23:30:05,774] copying /tmp/finn_dev_emanuel-hernandez/vivado_stitch_proj_rgrwy7hk/finn_vivado_stitch_proj.gen/sources_1/bd/finn_design/ip/finn_design_MVAU_hls_0_0/hdl/verilog/MVAU_hls_0_Matrix_Vector_Activate_Stream_Batch_p_ZL7threshs_1_0_ROM_AUTO_1R.dat -> 8-bits/finn_build/fc/stitched_ip/finn_vivado_stitch_proj.gen/sources_1/bd/finn_design/ip/finn_design_MVAU_hls_0_0/hdl/verilog
[2026-04-21 23:30:05,774] copying /tmp/finn_dev_emanuel-hernandez/vivado_stitch_proj_rgrwy7hk/finn_vivado_stitch_proj.gen/sources_1/bd/finn_design/ip/finn_design_MVAU_hls_0_0/hdl/verilog/MVAU_hls_0_Matrix_Vector_Activate_Stream_Batch_p_ZL7threshs_0_9_ROM_AUTO_1R.dat -> 8-bits/finn_build/fc/stitched_ip/finn_vivado_stitch_proj.gen/sources_1/bd/finn_design/ip/finn_design_MVAU_hls_0_0/hdl/verilog
[2026-04-21 23:30:05,774] copying /tmp/finn_dev_emanuel-hernandez/vivado_stitch_proj_rgrwy7hk/finn_vivado_stitch_proj.gen/sources_1/bd/finn_design/ip/finn_design_MVAU_hls_0_0/hdl/verilog/MVAU_hls_0_Matrix_Vector_Activate_Stream_Batch_p_ZL7threshs_2_14_ROM_AUTO_1R.dat -> 8-bits/finn_build/fc/stitched_ip/finn_vivado_stitch_proj.gen/sources_1/bd/finn_design/ip/finn_design_MVAU_hls_0_0/hdl/verilog
[2026-04-21 23:30:05,774] copying /tmp/finn_dev_emanuel-hernandez/vivado_stitch_proj_rgrwy7hk/finn_vivado_stitch_proj.gen/sources_1/bd/finn_design/ip/finn_design_MVAU_hls_0_0/hdl/verilog/MVAU_hls_0_Matrix_Vector_Activate_Stream_Batch_p_ZL7threshs_2_12_ROM_AUTO_1R.dat -> 8-bits/finn_build/fc/stitched_ip/finn_vivado_stitch_proj.gen/sources_1/bd/finn_design/ip/finn_design_MVAU_hls_0_0/hdl/verilog
[2026-04-21 23:30:05,774] copying /tmp/finn_dev_emanuel-hernandez/vivado_stitch_proj_rgrwy7hk/finn_vivado_stitch_proj.gen/sources_1/bd/finn_design/ip/finn_design_MVAU_hls_0_0/hdl/verilog/MVAU_hls_0_Matrix_Vector_Activate_Stream_Batch_p_ZL7threshs_2_2_ROM_AUTO_1R.dat -> 8-bits/finn_build/fc/stitched_ip/finn_vivado_stitch_proj.gen/sources_1/bd/finn_design/ip/finn_design_MVAU_hls_0_0/hdl/verilog
[2026-04-21 23:30:05,774] copying /tmp/finn_dev_emanuel-hernandez/vivado_stitch_proj_rgrwy7hk/finn_vivado_stitch_proj.gen/sources_1/bd/finn_design/ip/finn_design_MVAU_hls_0_0/hdl/verilog/MVAU_hls_0_Matrix_Vector_Activate_Stream_Batch_p_ZL7threshs_0_5_ROM_AUTO_1R.dat -> 8-bits/finn_build/fc/stitched_ip/finn_vivado_stitch_proj.gen/sources_1/bd/finn_design/ip/finn_design_MVAU_hls_0_0/hdl/verilog
[2026-04-21 23:30:05,774] copying /tmp/finn_dev_emanuel-hernandez/vivado_stitch_proj_rgrwy7hk/finn_vivado_stitch_proj.gen/sources_1/bd/finn_design/ip/finn_design_MVAU_hls_0_0/hdl/verilog/MVAU_hls_0_Matrix_Vector_Activate_Stream_Batch_p_ZL7threshs_0_0_ROM_AUTO_1R.dat -> 8-bits/finn_build/fc/stitched_ip/finn_vivado_stitch_proj.gen/sources_1/bd/finn_design/ip/finn_design_MVAU_hls_0_0/hdl/verilog
[2026-04-21 23:30:05,774] copying /tmp/finn_dev_emanuel-hernandez/vivado_stitch_proj_rgrwy7hk/finn_vivado_stitch_proj.gen/sources_1/bd/finn_design/ip/finn_design_MVAU_hls_0_0/hdl/verilog/MVAU_hls_0_Matrix_Vector_Activate_Stream_Batch_p_ZL7threshs_3_12_ROM_AUTO_1R.dat -> 8-bits/finn_build/fc/stitched_ip/finn_vivado_stitch_proj.gen/sources_1/bd/finn_design/ip/finn_design_MVAU_hls_0_0/hdl/verilog
[2026-04-21 23:30:05,774] copying /tmp/finn_dev_emanuel-hernandez/vivado_stitch_proj_rgrwy7hk/finn_vivado_stitch_proj.gen/sources_1/bd/finn_design/ip/finn_design_MVAU_hls_0_0/hdl/verilog/MVAU_hls_0_Matrix_Vector_Activate_Stream_Batch_p_ZL7threshs_0_4_ROM_AUTO_1R.dat -> 8-bits/finn_build/fc/stitched_ip/finn_vivado_stitch_proj.gen/sources_1/bd/finn_design/ip/finn_design_MVAU_hls_0_0/hdl/verilog
[2026-04-21 23:30:05,774] copying /tmp/finn_dev_emanuel-hernandez/vivado_stitch_proj_rgrwy7hk/finn_vivado_stitch_proj.gen/sources_1/bd/finn_design/ip/finn_design_MVAU_hls_0_0/hdl/verilog/MVAU_hls_0_Matrix_Vector_Activate_Stream_Batch_p_ZL7threshs_2_11_ROM_AUTO_1R.dat -> 8-bits/finn_build/fc/stitched_ip/finn_vivado_stitch_proj.gen/sources_1/bd/finn_design/ip/finn_design_MVAU_hls_0_0/hdl/verilog
[2026-04-21 23:30:05,774] copying /tmp/finn_dev_emanuel-hernandez/vivado_stitch_proj_rgrwy7hk/finn_vivado_stitch_proj.gen/sources_1/bd/finn_design/ip/finn_design_MVAU_hls_0_0/hdl/verilog/MVAU_hls_0_Matrix_Vector_Activate_Stream_Batch_p_ZL7threshs_3_8_ROM_AUTO_1R.dat -> 8-bits/finn_build/fc/stitched_ip/finn_vivado_stitch_proj.gen/sources_1/bd/finn_design/ip/finn_design_MVAU_hls_0_0/hdl/verilog
[2026-04-21 23:30:05,774] copying /tmp/finn_dev_emanuel-hernandez/vivado_stitch_proj_rgrwy7hk/finn_vivado_stitch_proj.gen/sources_1/bd/finn_design/ip/finn_design_MVAU_hls_0_0/hdl/verilog/MVAU_hls_0_Matrix_Vector_Activate_Stream_Batch_p_ZL7threshs_2_1_ROM_AUTO_1R.dat -> 8-bits/finn_build/fc/stitched_ip/finn_vivado_stitch_proj.gen/sources_1/bd/finn_design/ip/finn_design_MVAU_hls_0_0/hdl/verilog
[2026-04-21 23:30:05,774] copying /tmp/finn_dev_emanuel-hernandez/vivado_stitch_proj_rgrwy7hk/finn_vivado_stitch_proj.gen/sources_1/bd/finn_design/ip/finn_design_MVAU_hls_0_0/hdl/verilog/MVAU_hls_0_Matrix_Vector_Activate_Stream_Batch_p_ZL7threshs_1_13_ROM_AUTO_1R.dat -> 8-bits/finn_build/fc/stitched_ip/finn_vivado_stitch_proj.gen/sources_1/bd/finn_design/ip/finn_design_MVAU_hls_0_0/hdl/verilog
[2026-04-21 23:30:05,774] copying /tmp/finn_dev_emanuel-hernandez/vivado_stitch_proj_rgrwy7hk/finn_vivado_stitch_proj.gen/sources_1/bd/finn_design/ip/finn_design_MVAU_hls_0_0/hdl/verilog/MVAU_hls_0_Matrix_Vector_Activate_Stream_Batch_p_ZL7threshs_0_6_ROM_AUTO_1R.dat -> 8-bits/finn_build/fc/stitched_ip/finn_vivado_stitch_proj.gen/sources_1/bd/finn_design/ip/finn_design_MVAU_hls_0_0/hdl/verilog
[2026-04-21 23:30:05,774] copying /tmp/finn_dev_emanuel-hernandez/vivado_stitch_proj_rgrwy7hk/finn_vivado_stitch_proj.gen/sources_1/bd/finn_design/ip/finn_design_MVAU_hls_0_0/hdl/verilog/MVAU_hls_0_Matrix_Vector_Activate_Stream_Batch_p_ZL7threshs_0_7_ROM_AUTO_1R.dat -> 8-bits/finn_build/fc/stitched_ip/finn_vivado_stitch_proj.gen/sources_1/bd/finn_design/ip/finn_design_MVAU_hls_0_0/hdl/verilog
[2026-04-21 23:30:05,774] copying /tmp/finn_dev_emanuel-hernandez/vivado_stitch_proj_rgrwy7hk/finn_vivado_stitch_proj.gen/sources_1/bd/finn_design/ip/finn_design_MVAU_hls_0_0/hdl/verilog/MVAU_hls_0_Matrix_Vector_Activate_Stream_Batch_p_ZL7threshs_3_11_ROM_AUTO_1R.dat -> 8-bits/finn_build/fc/stitched_ip/finn_vivado_stitch_proj.gen/sources_1/bd/finn_design/ip/finn_design_MVAU_hls_0_0/hdl/verilog
[2026-04-21 23:30:05,774] copying /tmp/finn_dev_emanuel-hernandez/vivado_stitch_proj_rgrwy7hk/finn_vivado_stitch_proj.gen/sources_1/bd/finn_design/ip/finn_design_MVAU_hls_0_0/hdl/verilog/MVAU_hls_0_Matrix_Vector_Activate_Stream_Batch_p_ZL7threshs_1_1_ROM_AUTO_1R.dat -> 8-bits/finn_build/fc/stitched_ip/finn_vivado_stitch_proj.gen/sources_1/bd/finn_design/ip/finn_design_MVAU_hls_0_0/hdl/verilog
[2026-04-21 23:30:05,774] copying /tmp/finn_dev_emanuel-hernandez/vivado_stitch_proj_rgrwy7hk/finn_vivado_stitch_proj.gen/sources_1/bd/finn_design/ip/finn_design_MVAU_hls_0_0/hdl/verilog/MVAU_hls_0_Matrix_Vector_Activate_Stream_Batch_p_ZL7threshs_3_14_ROM_AUTO_1R.dat -> 8-bits/finn_build/fc/stitched_ip/finn_vivado_stitch_proj.gen/sources_1/bd/finn_design/ip/finn_design_MVAU_hls_0_0/hdl/verilog
[2026-04-21 23:30:05,774] copying /tmp/finn_dev_emanuel-hernandez/vivado_stitch_proj_rgrwy7hk/finn_vivado_stitch_proj.gen/sources_1/bd/finn_design/ip/finn_design_MVAU_hls_0_0/hdl/verilog/MVAU_hls_0_Matrix_Vector_Activate_Stream_Batch_p_ZL7threshs_2_9_ROM_AUTO_1R.dat -> 8-bits/finn_build/fc/stitched_ip/finn_vivado_stitch_proj.gen/sources_1/bd/finn_design/ip/finn_design_MVAU_hls_0_0/hdl/verilog
[2026-04-21 23:30:05,775] copying /tmp/finn_dev_emanuel-hernandez/vivado_stitch_proj_rgrwy7hk/finn_vivado_stitch_proj.gen/sources_1/bd/finn_design/ip/finn_design_MVAU_hls_0_0/hdl/verilog/MVAU_hls_0_Matrix_Vector_Activate_Stream_Batch_p_ZL7threshs_2_4_ROM_AUTO_1R.dat -> 8-bits/finn_build/fc/stitched_ip/finn_vivado_stitch_proj.gen/sources_1/bd/finn_design/ip/finn_design_MVAU_hls_0_0/hdl/verilog
[2026-04-21 23:30:05,775] copying /tmp/finn_dev_emanuel-hernandez/vivado_stitch_proj_rgrwy7hk/finn_vivado_stitch_proj.gen/sources_1/bd/finn_design/ip/finn_design_MVAU_hls_0_0/hdl/verilog/MVAU_hls_0_Matrix_Vector_Activate_Stream_Batch_p_ZL7threshs_1_12_ROM_AUTO_1R.dat -> 8-bits/finn_build/fc/stitched_ip/finn_vivado_stitch_proj.gen/sources_1/bd/finn_design/ip/finn_design_MVAU_hls_0_0/hdl/verilog
[2026-04-21 23:30:05,775] copying /tmp/finn_dev_emanuel-hernandez/vivado_stitch_proj_rgrwy7hk/finn_vivado_stitch_proj.gen/sources_1/bd/finn_design/ip/finn_design_MVAU_hls_0_0/hdl/verilog/MVAU_hls_0_Matrix_Vector_Activate_Stream_Batch_p_ZL7threshs_0_13_ROM_AUTO_1R.dat -> 8-bits/finn_build/fc/stitched_ip/finn_vivado_stitch_proj.gen/sources_1/bd/finn_design/ip/finn_design_MVAU_hls_0_0/hdl/verilog
[2026-04-21 23:30:05,775] copying /tmp/finn_dev_emanuel-hernandez/vivado_stitch_proj_rgrwy7hk/finn_vivado_stitch_proj.gen/sources_1/bd/finn_design/ip/finn_design_MVAU_hls_0_0/hdl/verilog/MVAU_hls_0_Matrix_Vector_Activate_Stream_Batch_p_ZL7threshs_3_7_ROM_AUTO_1R.dat -> 8-bits/finn_build/fc/stitched_ip/finn_vivado_stitch_proj.gen/sources_1/bd/finn_design/ip/finn_design_MVAU_hls_0_0/hdl/verilog
[2026-04-21 23:30:05,775] copying /tmp/finn_dev_emanuel-hernandez/vivado_stitch_proj_rgrwy7hk/finn_vivado_stitch_proj.gen/sources_1/bd/finn_design/ip/finn_design_MVAU_hls_0_0/hdl/verilog/MVAU_hls_0_Matrix_Vector_Activate_Stream_Batch_p_ZL7threshs_1_2_ROM_AUTO_1R.dat -> 8-bits/finn_build/fc/stitched_ip/finn_vivado_stitch_proj.gen/sources_1/bd/finn_design/ip/finn_design_MVAU_hls_0_0/hdl/verilog
[2026-04-21 23:30:05,775] copying /tmp/finn_dev_emanuel-hernandez/vivado_stitch_proj_rgrwy7hk/finn_vivado_stitch_proj.gen/sources_1/bd/finn_design/ip/finn_design_MVAU_hls_0_0/hdl/verilog/MVAU_hls_0_Matrix_Vector_Activate_Stream_Batch_p_ZL7threshs_3_3_ROM_AUTO_1R.dat -> 8-bits/finn_build/fc/stitched_ip/finn_vivado_stitch_proj.gen/sources_1/bd/finn_design/ip/finn_design_MVAU_hls_0_0/hdl/verilog
[2026-04-21 23:30:05,775] copying /tmp/finn_dev_emanuel-hernandez/vivado_stitch_proj_rgrwy7hk/finn_vivado_stitch_proj.gen/sources_1/bd/finn_design/ip/finn_design_MVAU_hls_0_0/hdl/verilog/MVAU_hls_0_Matrix_Vector_Activate_Stream_Batch_p_ZL7threshs_0_2_ROM_AUTO_1R.dat -> 8-bits/finn_build/fc/stitched_ip/finn_vivado_stitch_proj.gen/sources_1/bd/finn_design/ip/finn_design_MVAU_hls_0_0/hdl/verilog
[2026-04-21 23:30:05,775] copying /tmp/finn_dev_emanuel-hernandez/vivado_stitch_proj_rgrwy7hk/finn_vivado_stitch_proj.gen/sources_1/bd/finn_design/ip/finn_design_MVAU_hls_0_0/hdl/verilog/MVAU_hls_0_Matrix_Vector_Activate_Stream_Batch_p_ZL7threshs_2_10_ROM_AUTO_1R.dat -> 8-bits/finn_build/fc/stitched_ip/finn_vivado_stitch_proj.gen/sources_1/bd/finn_design/ip/finn_design_MVAU_hls_0_0/hdl/verilog
[2026-04-21 23:30:05,775] copying /tmp/finn_dev_emanuel-hernandez/vivado_stitch_proj_rgrwy7hk/finn_vivado_stitch_proj.gen/sources_1/bd/finn_design/ip/finn_design_MVAU_hls_0_0/hdl/verilog/MVAU_hls_0_Matrix_Vector_Activate_Stream_Batch_p_ZL7threshs_2_0_ROM_AUTO_1R.dat -> 8-bits/finn_build/fc/stitched_ip/finn_vivado_stitch_proj.gen/sources_1/bd/finn_design/ip/finn_design_MVAU_hls_0_0/hdl/verilog
[2026-04-21 23:30:05,775] copying /tmp/finn_dev_emanuel-hernandez/vivado_stitch_proj_rgrwy7hk/finn_vivado_stitch_proj.gen/sources_1/bd/finn_design/ip/finn_design_MVAU_hls_0_0/hdl/verilog/MVAU_hls_0_Matrix_Vector_Activate_Stream_Batch_p_ZL7threshs_1_8_ROM_AUTO_1R.dat -> 8-bits/finn_build/fc/stitched_ip/finn_vivado_stitch_proj.gen/sources_1/bd/finn_design/ip/finn_design_MVAU_hls_0_0/hdl/verilog
[2026-04-21 23:30:05,775] copying /tmp/finn_dev_emanuel-hernandez/vivado_stitch_proj_rgrwy7hk/finn_vivado_stitch_proj.gen/sources_1/bd/finn_design/ip/finn_design_MVAU_hls_0_0/hdl/verilog/MVAU_hls_0_Matrix_Vector_Activate_Stream_Batch_p_ZL7threshs_1_7_ROM_AUTO_1R.dat -> 8-bits/finn_build/fc/stitched_ip/finn_vivado_stitch_proj.gen/sources_1/bd/finn_design/ip/finn_design_MVAU_hls_0_0/hdl/verilog
[2026-04-21 23:30:05,775] copying /tmp/finn_dev_emanuel-hernandez/vivado_stitch_proj_rgrwy7hk/finn_vivado_stitch_proj.gen/sources_1/bd/finn_design/ip/finn_design_MVAU_hls_0_0/hdl/verilog/MVAU_hls_0_Matrix_Vector_Activate_Stream_Batch_p_ZL7threshs_3_6_ROM_AUTO_1R.dat -> 8-bits/finn_build/fc/stitched_ip/finn_vivado_stitch_proj.gen/sources_1/bd/finn_design/ip/finn_design_MVAU_hls_0_0/hdl/verilog
[2026-04-21 23:30:05,775] copying /tmp/finn_dev_emanuel-hernandez/vivado_stitch_proj_rgrwy7hk/finn_vivado_stitch_proj.gen/sources_1/bd/finn_design/ip/finn_design_MVAU_hls_0_0/hdl/verilog/MVAU_hls_0_Matrix_Vector_Activate_Stream_Batch_p_ZL7threshs_1_9_ROM_AUTO_1R.dat -> 8-bits/finn_build/fc/stitched_ip/finn_vivado_stitch_proj.gen/sources_1/bd/finn_design/ip/finn_design_MVAU_hls_0_0/hdl/verilog
[2026-04-21 23:30:05,775] copying /tmp/finn_dev_emanuel-hernandez/vivado_stitch_proj_rgrwy7hk/finn_vivado_stitch_proj.gen/sources_1/bd/finn_design/ip/finn_design_MVAU_hls_0_0/hdl/verilog/MVAU_hls_0_Matrix_Vector_Activate_Stream_Batch_p_ZL7threshs_1_4_ROM_AUTO_1R.dat -> 8-bits/finn_build/fc/stitched_ip/finn_vivado_stitch_proj.gen/sources_1/bd/finn_design/ip/finn_design_MVAU_hls_0_0/hdl/verilog
[2026-04-21 23:30:05,775] copying /tmp/finn_dev_emanuel-hernandez/vivado_stitch_proj_rgrwy7hk/finn_vivado_stitch_proj.gen/sources_1/bd/finn_design/ip/finn_design_MVAU_hls_0_0/hdl/verilog/MVAU_hls_0_Matrix_Vector_Activate_Stream_Batch_p_ZL7threshs_1_5_ROM_AUTO_1R.dat -> 8-bits/finn_build/fc/stitched_ip/finn_vivado_stitch_proj.gen/sources_1/bd/finn_design/ip/finn_design_MVAU_hls_0_0/hdl/verilog
[2026-04-21 23:30:05,775] copying /tmp/finn_dev_emanuel-hernandez/vivado_stitch_proj_rgrwy7hk/finn_vivado_stitch_proj.gen/sources_1/bd/finn_design/ip/finn_design_MVAU_hls_0_0/hdl/verilog/MVAU_hls_0_Matrix_Vector_Activate_Stream_Batch_p_ZL7threshs_3_10_ROM_AUTO_1R.dat -> 8-bits/finn_build/fc/stitched_ip/finn_vivado_stitch_proj.gen/sources_1/bd/finn_design/ip/finn_design_MVAU_hls_0_0/hdl/verilog
[2026-04-21 23:30:05,775] copying /tmp/finn_dev_emanuel-hernandez/vivado_stitch_proj_rgrwy7hk/finn_vivado_stitch_proj.gen/sources_1/bd/finn_design/ip/finn_design_MVAU_hls_0_0/hdl/verilog/MVAU_hls_0_Matrix_Vector_Activate_Stream_Batch_p_ZL7threshs_3_4_ROM_AUTO_1R.dat -> 8-bits/finn_build/fc/stitched_ip/finn_vivado_stitch_proj.gen/sources_1/bd/finn_design/ip/finn_design_MVAU_hls_0_0/hdl/verilog
[2026-04-21 23:30:05,775] copying /tmp/finn_dev_emanuel-hernandez/vivado_stitch_proj_rgrwy7hk/finn_vivado_stitch_proj.gen/sources_1/bd/finn_design/ip/finn_design_MVAU_hls_0_0/hdl/verilog/MVAU_hls_0_Matrix_Vector_Activate_Stream_Batch_p_ZL7threshs_0_11_ROM_AUTO_1R.dat -> 8-bits/finn_build/fc/stitched_ip/finn_vivado_stitch_proj.gen/sources_1/bd/finn_design/ip/finn_design_MVAU_hls_0_0/hdl/verilog
[2026-04-21 23:30:05,775] copying /tmp/finn_dev_emanuel-hernandez/vivado_stitch_proj_rgrwy7hk/finn_vivado_stitch_proj.gen/sources_1/bd/finn_design/ip/finn_design_MVAU_hls_0_0/hdl/verilog/MVAU_hls_0_Matrix_Vector_Activate_Stream_Batch_p_ZL7threshs_0_8_ROM_AUTO_1R.dat -> 8-bits/finn_build/fc/stitched_ip/finn_vivado_stitch_proj.gen/sources_1/bd/finn_design/ip/finn_design_MVAU_hls_0_0/hdl/verilog
[2026-04-21 23:30:05,775] copying /tmp/finn_dev_emanuel-hernandez/vivado_stitch_proj_rgrwy7hk/finn_vivado_stitch_proj.gen/sources_1/bd/finn_design/ip/finn_design_MVAU_hls_0_0/hdl/verilog/MVAU_hls_0_Matrix_Vector_Activate_Stream_Batch_p_ZL7threshs_3_9_ROM_AUTO_1R.dat -> 8-bits/finn_build/fc/stitched_ip/finn_vivado_stitch_proj.gen/sources_1/bd/finn_design/ip/finn_design_MVAU_hls_0_0/hdl/verilog
[2026-04-21 23:30:05,775] copying /tmp/finn_dev_emanuel-hernandez/vivado_stitch_proj_rgrwy7hk/finn_vivado_stitch_proj.gen/sources_1/bd/finn_design/ip/finn_design_MVAU_hls_0_0/hdl/verilog/MVAU_hls_0_Matrix_Vector_Activate_Stream_Batch_p_ZL7threshs_0_14_ROM_AUTO_1R.dat -> 8-bits/finn_build/fc/stitched_ip/finn_vivado_stitch_proj.gen/sources_1/bd/finn_design/ip/finn_design_MVAU_hls_0_0/hdl/verilog
[2026-04-21 23:30:05,776] copying /tmp/finn_dev_emanuel-hernandez/vivado_stitch_proj_rgrwy7hk/finn_vivado_stitch_proj.gen/sources_1/bd/finn_design/ip/finn_design_MVAU_hls_0_0/hdl/verilog/MVAU_hls_0_Matrix_Vector_Activate_Stream_Batch_p_ZL7threshs_2_8_ROM_AUTO_1R.dat -> 8-bits/finn_build/fc/stitched_ip/finn_vivado_stitch_proj.gen/sources_1/bd/finn_design/ip/finn_design_MVAU_hls_0_0/hdl/verilog
[2026-04-21 23:30:05,776] copying /tmp/finn_dev_emanuel-hernandez/vivado_stitch_proj_rgrwy7hk/finn_vivado_stitch_proj.gen/sources_1/bd/finn_design/ip/finn_design_MVAU_hls_0_0/hdl/verilog/MVAU_hls_0_Matrix_Vector_Activate_Stream_Batch_p_ZL7threshs_2_3_ROM_AUTO_1R.dat -> 8-bits/finn_build/fc/stitched_ip/finn_vivado_stitch_proj.gen/sources_1/bd/finn_design/ip/finn_design_MVAU_hls_0_0/hdl/verilog
[2026-04-21 23:30:05,776] copying /tmp/finn_dev_emanuel-hernandez/vivado_stitch_proj_rgrwy7hk/finn_vivado_stitch_proj.gen/sources_1/bd/finn_design/ip/finn_design_MVAU_hls_0_0/hdl/verilog/MVAU_hls_0_Matrix_Vector_Activate_Stream_Batch_p_ZL7threshs_1_14_ROM_AUTO_1R.dat -> 8-bits/finn_build/fc/stitched_ip/finn_vivado_stitch_proj.gen/sources_1/bd/finn_design/ip/finn_design_MVAU_hls_0_0/hdl/verilog
[2026-04-21 23:30:05,776] copying /tmp/finn_dev_emanuel-hernandez/vivado_stitch_proj_rgrwy7hk/finn_vivado_stitch_proj.gen/sources_1/bd/finn_design/ip/finn_design_MVAU_hls_0_0/hdl/verilog/MVAU_hls_0_Matrix_Vector_Activate_Stream_Batch_p_ZL7threshs_0_10_ROM_AUTO_1R.dat -> 8-bits/finn_build/fc/stitched_ip/finn_vivado_stitch_proj.gen/sources_1/bd/finn_design/ip/finn_design_MVAU_hls_0_0/hdl/verilog
[2026-04-21 23:30:05,776] copying /tmp/finn_dev_emanuel-hernandez/vivado_stitch_proj_rgrwy7hk/finn_vivado_stitch_proj.gen/sources_1/bd/finn_design/ip/finn_design_MVAU_hls_0_0/hdl/verilog/MVAU_hls_0_Matrix_Vector_Activate_Stream_Batch_p_ZL7threshs_2_7_ROM_AUTO_1R.dat -> 8-bits/finn_build/fc/stitched_ip/finn_vivado_stitch_proj.gen/sources_1/bd/finn_design/ip/finn_design_MVAU_hls_0_0/hdl/verilog
[2026-04-21 23:30:05,776] copying /tmp/finn_dev_emanuel-hernandez/vivado_stitch_proj_rgrwy7hk/finn_vivado_stitch_proj.gen/sources_1/bd/finn_design/ip/finn_design_MVAU_hls_0_0/hdl/verilog/MVAU_hls_0_Matrix_Vector_Activate_Stream_Batch_p_ZL7threshs_0_3_ROM_AUTO_1R.dat -> 8-bits/finn_build/fc/stitched_ip/finn_vivado_stitch_proj.gen/sources_1/bd/finn_design/ip/finn_design_MVAU_hls_0_0/hdl/verilog
[2026-04-21 23:30:05,776] copying /tmp/finn_dev_emanuel-hernandez/vivado_stitch_proj_rgrwy7hk/finn_vivado_stitch_proj.gen/sources_1/bd/finn_design/ip/finn_design_MVAU_hls_0_0/hdl/verilog/MVAU_hls_0_Matrix_Vector_Activate_Stream_Batch_p_ZL7threshs_3_1_ROM_AUTO_1R.dat -> 8-bits/finn_build/fc/stitched_ip/finn_vivado_stitch_proj.gen/sources_1/bd/finn_design/ip/finn_design_MVAU_hls_0_0/hdl/verilog
[2026-04-21 23:30:05,776] copying /tmp/finn_dev_emanuel-hernandez/vivado_stitch_proj_rgrwy7hk/finn_vivado_stitch_proj.gen/sources_1/bd/finn_design/ip/finn_design_MVAU_hls_0_0/hdl/verilog/MVAU_hls_0_Matrix_Vector_Activate_Stream_Batch_p_ZL7threshs_0_1_ROM_AUTO_1R.dat -> 8-bits/finn_build/fc/stitched_ip/finn_vivado_stitch_proj.gen/sources_1/bd/finn_design/ip/finn_design_MVAU_hls_0_0/hdl/verilog
[2026-04-21 23:30:05,776] copying /tmp/finn_dev_emanuel-hernandez/vivado_stitch_proj_rgrwy7hk/finn_vivado_stitch_proj.gen/sources_1/bd/finn_design/ip/finn_design_MVAU_hls_0_0/hdl/verilog/MVAU_hls_0_Matrix_Vector_Activate_Stream_Batch_p_ZL7threshs_1_10_ROM_AUTO_1R.dat -> 8-bits/finn_build/fc/stitched_ip/finn_vivado_stitch_proj.gen/sources_1/bd/finn_design/ip/finn_design_MVAU_hls_0_0/hdl/verilog
[2026-04-21 23:30:05,776] copying /tmp/finn_dev_emanuel-hernandez/vivado_stitch_proj_rgrwy7hk/finn_vivado_stitch_proj.gen/sources_1/bd/finn_design/ip/finn_design_MVAU_hls_0_0/hdl/verilog/MVAU_hls_0_Matrix_Vector_Activate_Stream_Batch_p_ZL7threshs_1_3_ROM_AUTO_1R.dat -> 8-bits/finn_build/fc/stitched_ip/finn_vivado_stitch_proj.gen/sources_1/bd/finn_design/ip/finn_design_MVAU_hls_0_0/hdl/verilog
[2026-04-21 23:30:05,776] copying /tmp/finn_dev_emanuel-hernandez/vivado_stitch_proj_rgrwy7hk/finn_vivado_stitch_proj.gen/sources_1/bd/finn_design/ip/finn_design_MVAU_hls_0_0/hdl/verilog/MVAU_hls_0_Matrix_Vector_Activate_Stream_Batch_p_ZL7threshs_3_13_ROM_AUTO_1R.dat -> 8-bits/finn_build/fc/stitched_ip/finn_vivado_stitch_proj.gen/sources_1/bd/finn_design/ip/finn_design_MVAU_hls_0_0/hdl/verilog
[2026-04-21 23:30:05,776] copying /tmp/finn_dev_emanuel-hernandez/vivado_stitch_proj_rgrwy7hk/finn_vivado_stitch_proj.gen/sources_1/bd/finn_design/ip/finn_design_MVAU_hls_0_0/hdl/verilog/MVAU_hls_0_Matrix_Vector_Activate_Stream_Batch_p_ZL7threshs_3_2_ROM_AUTO_1R.dat -> 8-bits/finn_build/fc/stitched_ip/finn_vivado_stitch_proj.gen/sources_1/bd/finn_design/ip/finn_design_MVAU_hls_0_0/hdl/verilog
[2026-04-21 23:30:05,776] copying /tmp/finn_dev_emanuel-hernandez/vivado_stitch_proj_rgrwy7hk/finn_vivado_stitch_proj.gen/sources_1/bd/finn_design/ip/finn_design_MVAU_hls_0_0/hdl/verilog/MVAU_hls_0_Matrix_Vector_Activate_Stream_Batch_p_ZL7threshs_2_5_ROM_AUTO_1R.dat -> 8-bits/finn_build/fc/stitched_ip/finn_vivado_stitch_proj.gen/sources_1/bd/finn_design/ip/finn_design_MVAU_hls_0_0/hdl/verilog
[2026-04-21 23:30:05,776] copying /tmp/finn_dev_emanuel-hernandez/vivado_stitch_proj_rgrwy7hk/finn_vivado_stitch_proj.gen/sources_1/bd/finn_design/ip/finn_design_MVAU_hls_0_0/hdl/verilog/MVAU_hls_0_Matrix_Vector_Activate_Stream_Batch_p_ZL7threshs_2_13_ROM_AUTO_1R.dat -> 8-bits/finn_build/fc/stitched_ip/finn_vivado_stitch_proj.gen/sources_1/bd/finn_design/ip/finn_design_MVAU_hls_0_0/hdl/verilog
[2026-04-21 23:30:05,776] copying /tmp/finn_dev_emanuel-hernandez/vivado_stitch_proj_rgrwy7hk/finn_vivado_stitch_proj.gen/sources_1/bd/finn_design/ip/finn_design_MVAU_hls_0_0/hdl/verilog/MVAU_hls_0_Matrix_Vector_Activate_Stream_Batch_p_ZL7threshs_3_5_ROM_AUTO_1R.dat -> 8-bits/finn_build/fc/stitched_ip/finn_vivado_stitch_proj.gen/sources_1/bd/finn_design/ip/finn_design_MVAU_hls_0_0/hdl/verilog
[2026-04-21 23:30:05,776] copying /tmp/finn_dev_emanuel-hernandez/vivado_stitch_proj_rgrwy7hk/finn_vivado_stitch_proj.gen/sources_1/bd/finn_design/ip/finn_design_MVAU_hls_0_0/hdl/verilog/MVAU_hls_0_Matrix_Vector_Activate_Stream_Batch_p_ZL7threshs_2_6_ROM_AUTO_1R.dat -> 8-bits/finn_build/fc/stitched_ip/finn_vivado_stitch_proj.gen/sources_1/bd/finn_design/ip/finn_design_MVAU_hls_0_0/hdl/verilog
[2026-04-21 23:30:05,776] creating 8-bits/finn_build/fc/stitched_ip/finn_vivado_stitch_proj.gen/sources_1/bd/finn_design/ip/finn_design_MVAU_hls_0_0/synth
[2026-04-21 23:30:05,776] copying /tmp/finn_dev_emanuel-hernandez/vivado_stitch_proj_rgrwy7hk/finn_vivado_stitch_proj.gen/sources_1/bd/finn_design/ip/finn_design_MVAU_hls_0_0/synth/finn_design_MVAU_hls_0_0.v -> 8-bits/finn_build/fc/stitched_ip/finn_vivado_stitch_proj.gen/sources_1/bd/finn_design/ip/finn_design_MVAU_hls_0_0/synth
[2026-04-21 23:30:05,777] creating 8-bits/finn_build/fc/stitched_ip/finn_vivado_stitch_proj.gen/sources_1/bd/finn_design/ip/finn_design_StreamingDataWidthConverter_rtl_0_0
[2026-04-21 23:30:05,777] creating 8-bits/finn_build/fc/stitched_ip/finn_vivado_stitch_proj.gen/sources_1/bd/finn_design/ip/finn_design_StreamingDataWidthConverter_rtl_0_0/sim
[2026-04-21 23:30:05,777] copying /tmp/finn_dev_emanuel-hernandez/vivado_stitch_proj_rgrwy7hk/finn_vivado_stitch_proj.gen/sources_1/bd/finn_design/ip/finn_design_StreamingDataWidthConverter_rtl_0_0/sim/finn_design_StreamingDataWidthConverter_rtl_0_0.v -> 8-bits/finn_build/fc/stitched_ip/finn_vivado_stitch_proj.gen/sources_1/bd/finn_design/ip/finn_design_StreamingDataWidthConverter_rtl_0_0/sim
[2026-04-21 23:30:05,777] copying /tmp/finn_dev_emanuel-hernandez/vivado_stitch_proj_rgrwy7hk/finn_vivado_stitch_proj.gen/sources_1/bd/finn_design/ip/finn_design_StreamingDataWidthConverter_rtl_0_0/finn_design_StreamingDataWidthConverter_rtl_0_0.xml -> 8-bits/finn_build/fc/stitched_ip/finn_vivado_stitch_proj.gen/sources_1/bd/finn_design/ip/finn_design_StreamingDataWidthConverter_rtl_0_0
[2026-04-21 23:30:05,777] creating 8-bits/finn_build/fc/stitched_ip/finn_vivado_stitch_proj.gen/sources_1/bd/finn_design/ip/finn_design_StreamingDataWidthConverter_rtl_0_0/synth
[2026-04-21 23:30:05,777] copying /tmp/finn_dev_emanuel-hernandez/vivado_stitch_proj_rgrwy7hk/finn_vivado_stitch_proj.gen/sources_1/bd/finn_design/ip/finn_design_StreamingDataWidthConverter_rtl_0_0/synth/finn_design_StreamingDataWidthConverter_rtl_0_0.v -> 8-bits/finn_build/fc/stitched_ip/finn_vivado_stitch_proj.gen/sources_1/bd/finn_design/ip/finn_design_StreamingDataWidthConverter_rtl_0_0/synth
[2026-04-21 23:30:05,777] creating 8-bits/finn_build/fc/stitched_ip/finn_vivado_stitch_proj.gen/sources_1/bd/finn_design/ip/finn_design_MVAU_rtl_0_0
[2026-04-21 23:30:05,777] copying /tmp/finn_dev_emanuel-hernandez/vivado_stitch_proj_rgrwy7hk/finn_vivado_stitch_proj.gen/sources_1/bd/finn_design/ip/finn_design_MVAU_rtl_0_0/finn_design_MVAU_rtl_0_0.xml -> 8-bits/finn_build/fc/stitched_ip/finn_vivado_stitch_proj.gen/sources_1/bd/finn_design/ip/finn_design_MVAU_rtl_0_0
[2026-04-21 23:30:05,777] creating 8-bits/finn_build/fc/stitched_ip/finn_vivado_stitch_proj.gen/sources_1/bd/finn_design/ip/finn_design_MVAU_rtl_0_0/sim
[2026-04-21 23:30:05,777] copying /tmp/finn_dev_emanuel-hernandez/vivado_stitch_proj_rgrwy7hk/finn_vivado_stitch_proj.gen/sources_1/bd/finn_design/ip/finn_design_MVAU_rtl_0_0/sim/finn_design_MVAU_rtl_0_0.v -> 8-bits/finn_build/fc/stitched_ip/finn_vivado_stitch_proj.gen/sources_1/bd/finn_design/ip/finn_design_MVAU_rtl_0_0/sim
[2026-04-21 23:30:05,777] creating 8-bits/finn_build/fc/stitched_ip/finn_vivado_stitch_proj.gen/sources_1/bd/finn_design/ip/finn_design_MVAU_rtl_0_0/synth
[2026-04-21 23:30:05,777] copying /tmp/finn_dev_emanuel-hernandez/vivado_stitch_proj_rgrwy7hk/finn_vivado_stitch_proj.gen/sources_1/bd/finn_design/ip/finn_design_MVAU_rtl_0_0/synth/finn_design_MVAU_rtl_0_0.v -> 8-bits/finn_build/fc/stitched_ip/finn_vivado_stitch_proj.gen/sources_1/bd/finn_design/ip/finn_design_MVAU_rtl_0_0/synth
[2026-04-21 23:30:05,777] creating 8-bits/finn_build/fc/stitched_ip/finn_vivado_stitch_proj.gen/sources_1/bd/finn_design/ip/finn_design_StreamingFIFO_rtl_1_0
[2026-04-21 23:30:05,777] creating 8-bits/finn_build/fc/stitched_ip/finn_vivado_stitch_proj.gen/sources_1/bd/finn_design/ip/finn_design_StreamingFIFO_rtl_1_0/sim
[2026-04-21 23:30:05,777] copying /tmp/finn_dev_emanuel-hernandez/vivado_stitch_proj_rgrwy7hk/finn_vivado_stitch_proj.gen/sources_1/bd/finn_design/ip/finn_design_StreamingFIFO_rtl_1_0/sim/finn_design_StreamingFIFO_rtl_1_0.v -> 8-bits/finn_build/fc/stitched_ip/finn_vivado_stitch_proj.gen/sources_1/bd/finn_design/ip/finn_design_StreamingFIFO_rtl_1_0/sim
[2026-04-21 23:30:05,777] copying /tmp/finn_dev_emanuel-hernandez/vivado_stitch_proj_rgrwy7hk/finn_vivado_stitch_proj.gen/sources_1/bd/finn_design/ip/finn_design_StreamingFIFO_rtl_1_0/finn_design_StreamingFIFO_rtl_1_0.xml -> 8-bits/finn_build/fc/stitched_ip/finn_vivado_stitch_proj.gen/sources_1/bd/finn_design/ip/finn_design_StreamingFIFO_rtl_1_0
[2026-04-21 23:30:05,777] creating 8-bits/finn_build/fc/stitched_ip/finn_vivado_stitch_proj.gen/sources_1/bd/finn_design/ip/finn_design_StreamingFIFO_rtl_1_0/synth
[2026-04-21 23:30:05,778] copying /tmp/finn_dev_emanuel-hernandez/vivado_stitch_proj_rgrwy7hk/finn_vivado_stitch_proj.gen/sources_1/bd/finn_design/ip/finn_design_StreamingFIFO_rtl_1_0/synth/finn_design_StreamingFIFO_rtl_1_0.v -> 8-bits/finn_build/fc/stitched_ip/finn_vivado_stitch_proj.gen/sources_1/bd/finn_design/ip/finn_design_StreamingFIFO_rtl_1_0/synth
[2026-04-21 23:30:05,778] creating 8-bits/finn_build/fc/stitched_ip/finn_vivado_stitch_proj.gen/sources_1/bd/finn_design/ip/finn_design_StreamingFIFO_rtl_4_0
[2026-04-21 23:30:05,778] creating 8-bits/finn_build/fc/stitched_ip/finn_vivado_stitch_proj.gen/sources_1/bd/finn_design/ip/finn_design_StreamingFIFO_rtl_4_0/sim
[2026-04-21 23:30:05,778] copying /tmp/finn_dev_emanuel-hernandez/vivado_stitch_proj_rgrwy7hk/finn_vivado_stitch_proj.gen/sources_1/bd/finn_design/ip/finn_design_StreamingFIFO_rtl_4_0/sim/finn_design_StreamingFIFO_rtl_4_0.v -> 8-bits/finn_build/fc/stitched_ip/finn_vivado_stitch_proj.gen/sources_1/bd/finn_design/ip/finn_design_StreamingFIFO_rtl_4_0/sim
[2026-04-21 23:30:05,778] creating 8-bits/finn_build/fc/stitched_ip/finn_vivado_stitch_proj.gen/sources_1/bd/finn_design/ip/finn_design_StreamingFIFO_rtl_4_0/synth
[2026-04-21 23:30:05,778] copying /tmp/finn_dev_emanuel-hernandez/vivado_stitch_proj_rgrwy7hk/finn_vivado_stitch_proj.gen/sources_1/bd/finn_design/ip/finn_design_StreamingFIFO_rtl_4_0/synth/finn_design_StreamingFIFO_rtl_4_0.v -> 8-bits/finn_build/fc/stitched_ip/finn_vivado_stitch_proj.gen/sources_1/bd/finn_design/ip/finn_design_StreamingFIFO_rtl_4_0/synth
[2026-04-21 23:30:05,778] copying /tmp/finn_dev_emanuel-hernandez/vivado_stitch_proj_rgrwy7hk/finn_vivado_stitch_proj.gen/sources_1/bd/finn_design/ip/finn_design_StreamingFIFO_rtl_4_0/finn_design_StreamingFIFO_rtl_4_0.xml -> 8-bits/finn_build/fc/stitched_ip/finn_vivado_stitch_proj.gen/sources_1/bd/finn_design/ip/finn_design_StreamingFIFO_rtl_4_0
[2026-04-21 23:30:05,778] creating 8-bits/finn_build/fc/stitched_ip/finn_vivado_stitch_proj.gen/sources_1/bd/finn_design/ip/finn_design_MVAU_hls_0_wstrm_0
[2026-04-21 23:30:05,778] creating 8-bits/finn_build/fc/stitched_ip/finn_vivado_stitch_proj.gen/sources_1/bd/finn_design/ip/finn_design_MVAU_hls_0_wstrm_0/sim
[2026-04-21 23:30:05,778] copying /tmp/finn_dev_emanuel-hernandez/vivado_stitch_proj_rgrwy7hk/finn_vivado_stitch_proj.gen/sources_1/bd/finn_design/ip/finn_design_MVAU_hls_0_wstrm_0/sim/finn_design_MVAU_hls_0_wstrm_0.v -> 8-bits/finn_build/fc/stitched_ip/finn_vivado_stitch_proj.gen/sources_1/bd/finn_design/ip/finn_design_MVAU_hls_0_wstrm_0/sim
[2026-04-21 23:30:05,778] copying /tmp/finn_dev_emanuel-hernandez/vivado_stitch_proj_rgrwy7hk/finn_vivado_stitch_proj.gen/sources_1/bd/finn_design/ip/finn_design_MVAU_hls_0_wstrm_0/finn_design_MVAU_hls_0_wstrm_0.xml -> 8-bits/finn_build/fc/stitched_ip/finn_vivado_stitch_proj.gen/sources_1/bd/finn_design/ip/finn_design_MVAU_hls_0_wstrm_0
[2026-04-21 23:30:05,778] creating 8-bits/finn_build/fc/stitched_ip/finn_vivado_stitch_proj.gen/sources_1/bd/finn_design/ip/finn_design_MVAU_hls_0_wstrm_0/synth
[2026-04-21 23:30:05,778] copying /tmp/finn_dev_emanuel-hernandez/vivado_stitch_proj_rgrwy7hk/finn_vivado_stitch_proj.gen/sources_1/bd/finn_design/ip/finn_design_MVAU_hls_0_wstrm_0/synth/finn_design_MVAU_hls_0_wstrm_0.v -> 8-bits/finn_build/fc/stitched_ip/finn_vivado_stitch_proj.gen/sources_1/bd/finn_design/ip/finn_design_MVAU_hls_0_wstrm_0/synth
[2026-04-21 23:30:05,778] creating 8-bits/finn_build/fc/stitched_ip/finn_vivado_stitch_proj.gen/sources_1/bd/finn_design/ip/finn_design_MVAU_hls_1_0
[2026-04-21 23:30:05,778] creating 8-bits/finn_build/fc/stitched_ip/finn_vivado_stitch_proj.gen/sources_1/bd/finn_design/ip/finn_design_MVAU_hls_1_0/sim
[2026-04-21 23:30:05,778] copying /tmp/finn_dev_emanuel-hernandez/vivado_stitch_proj_rgrwy7hk/finn_vivado_stitch_proj.gen/sources_1/bd/finn_design/ip/finn_design_MVAU_hls_1_0/sim/finn_design_MVAU_hls_1_0.v -> 8-bits/finn_build/fc/stitched_ip/finn_vivado_stitch_proj.gen/sources_1/bd/finn_design/ip/finn_design_MVAU_hls_1_0/sim
[2026-04-21 23:30:05,778] creating 8-bits/finn_build/fc/stitched_ip/finn_vivado_stitch_proj.gen/sources_1/bd/finn_design/ip/finn_design_MVAU_hls_1_0/constraints
[2026-04-21 23:30:05,778] copying /tmp/finn_dev_emanuel-hernandez/vivado_stitch_proj_rgrwy7hk/finn_vivado_stitch_proj.gen/sources_1/bd/finn_design/ip/finn_design_MVAU_hls_1_0/constraints/MVAU_hls_1_ooc.xdc -> 8-bits/finn_build/fc/stitched_ip/finn_vivado_stitch_proj.gen/sources_1/bd/finn_design/ip/finn_design_MVAU_hls_1_0/constraints
[2026-04-21 23:30:05,779] creating 8-bits/finn_build/fc/stitched_ip/finn_vivado_stitch_proj.gen/sources_1/bd/finn_design/ip/finn_design_MVAU_hls_1_0/hdl
[2026-04-21 23:30:05,779] creating 8-bits/finn_build/fc/stitched_ip/finn_vivado_stitch_proj.gen/sources_1/bd/finn_design/ip/finn_design_MVAU_hls_1_0/hdl/verilog
[2026-04-21 23:30:05,779] copying /tmp/finn_dev_emanuel-hernandez/vivado_stitch_proj_rgrwy7hk/finn_vivado_stitch_proj.gen/sources_1/bd/finn_design/ip/finn_design_MVAU_hls_1_0/hdl/verilog/MVAU_hls_1_Matrix_Vector_Activate_Stream_Batch_p_ZL7threshs_6_ROM_AUTO_1R.dat -> 8-bits/finn_build/fc/stitched_ip/finn_vivado_stitch_proj.gen/sources_1/bd/finn_design/ip/finn_design_MVAU_hls_1_0/hdl/verilog
[2026-04-21 23:30:05,779] copying /tmp/finn_dev_emanuel-hernandez/vivado_stitch_proj_rgrwy7hk/finn_vivado_stitch_proj.gen/sources_1/bd/finn_design/ip/finn_design_MVAU_hls_1_0/hdl/verilog/MVAU_hls_1_Matrix_Vector_Activate_Stream_Batch_p_ZL7threshs_7_ROM_AUTO_1R.dat -> 8-bits/finn_build/fc/stitched_ip/finn_vivado_stitch_proj.gen/sources_1/bd/finn_design/ip/finn_design_MVAU_hls_1_0/hdl/verilog
[2026-04-21 23:30:05,779] copying /tmp/finn_dev_emanuel-hernandez/vivado_stitch_proj_rgrwy7hk/finn_vivado_stitch_proj.gen/sources_1/bd/finn_design/ip/finn_design_MVAU_hls_1_0/hdl/verilog/MVAU_hls_1_Matrix_Vector_Activate_Stream_Batch_p_ZL7threshs_14_ROM_AUTO_1R.dat -> 8-bits/finn_build/fc/stitched_ip/finn_vivado_stitch_proj.gen/sources_1/bd/finn_design/ip/finn_design_MVAU_hls_1_0/hdl/verilog
[2026-04-21 23:30:05,779] copying /tmp/finn_dev_emanuel-hernandez/vivado_stitch_proj_rgrwy7hk/finn_vivado_stitch_proj.gen/sources_1/bd/finn_design/ip/finn_design_MVAU_hls_1_0/hdl/verilog/MVAU_hls_1_Matrix_Vector_Activate_Stream_Batch_p_ZL7threshs_12_ROM_AUTO_1R.dat -> 8-bits/finn_build/fc/stitched_ip/finn_vivado_stitch_proj.gen/sources_1/bd/finn_design/ip/finn_design_MVAU_hls_1_0/hdl/verilog
[2026-04-21 23:30:05,779] copying /tmp/finn_dev_emanuel-hernandez/vivado_stitch_proj_rgrwy7hk/finn_vivado_stitch_proj.gen/sources_1/bd/finn_design/ip/finn_design_MVAU_hls_1_0/hdl/verilog/MVAU_hls_1_Matrix_Vector_Activate_Stream_Batch_p_ZL7threshs_1_ROM_AUTO_1R.dat -> 8-bits/finn_build/fc/stitched_ip/finn_vivado_stitch_proj.gen/sources_1/bd/finn_design/ip/finn_design_MVAU_hls_1_0/hdl/verilog
[2026-04-21 23:30:05,779] copying /tmp/finn_dev_emanuel-hernandez/vivado_stitch_proj_rgrwy7hk/finn_vivado_stitch_proj.gen/sources_1/bd/finn_design/ip/finn_design_MVAU_hls_1_0/hdl/verilog/MVAU_hls_1_Matrix_Vector_Activate_Stream_Batch_p_ZL7threshs_11_ROM_AUTO_1R.dat -> 8-bits/finn_build/fc/stitched_ip/finn_vivado_stitch_proj.gen/sources_1/bd/finn_design/ip/finn_design_MVAU_hls_1_0/hdl/verilog
[2026-04-21 23:30:05,779] copying /tmp/finn_dev_emanuel-hernandez/vivado_stitch_proj_rgrwy7hk/finn_vivado_stitch_proj.gen/sources_1/bd/finn_design/ip/finn_design_MVAU_hls_1_0/hdl/verilog/MVAU_hls_1_Matrix_Vector_Activate_Stream_Batch_p_ZL7threshs_2_ROM_AUTO_1R.dat -> 8-bits/finn_build/fc/stitched_ip/finn_vivado_stitch_proj.gen/sources_1/bd/finn_design/ip/finn_design_MVAU_hls_1_0/hdl/verilog
[2026-04-21 23:30:05,779] copying /tmp/finn_dev_emanuel-hernandez/vivado_stitch_proj_rgrwy7hk/finn_vivado_stitch_proj.gen/sources_1/bd/finn_design/ip/finn_design_MVAU_hls_1_0/hdl/verilog/MVAU_hls_1_Matrix_Vector_Activate_Stream_Batch_p_ZL7threshs_4_ROM_AUTO_1R.dat -> 8-bits/finn_build/fc/stitched_ip/finn_vivado_stitch_proj.gen/sources_1/bd/finn_design/ip/finn_design_MVAU_hls_1_0/hdl/verilog
[2026-04-21 23:30:05,779] copying /tmp/finn_dev_emanuel-hernandez/vivado_stitch_proj_rgrwy7hk/finn_vivado_stitch_proj.gen/sources_1/bd/finn_design/ip/finn_design_MVAU_hls_1_0/hdl/verilog/MVAU_hls_1_Matrix_Vector_Activate_Stream_Batch_p_ZL7threshs_10_ROM_AUTO_1R.dat -> 8-bits/finn_build/fc/stitched_ip/finn_vivado_stitch_proj.gen/sources_1/bd/finn_design/ip/finn_design_MVAU_hls_1_0/hdl/verilog
[2026-04-21 23:30:05,779] copying /tmp/finn_dev_emanuel-hernandez/vivado_stitch_proj_rgrwy7hk/finn_vivado_stitch_proj.gen/sources_1/bd/finn_design/ip/finn_design_MVAU_hls_1_0/hdl/verilog/MVAU_hls_1_Matrix_Vector_Activate_Stream_Batch_p_ZL7threshs_13_ROM_AUTO_1R.dat -> 8-bits/finn_build/fc/stitched_ip/finn_vivado_stitch_proj.gen/sources_1/bd/finn_design/ip/finn_design_MVAU_hls_1_0/hdl/verilog
[2026-04-21 23:30:05,779] copying /tmp/finn_dev_emanuel-hernandez/vivado_stitch_proj_rgrwy7hk/finn_vivado_stitch_proj.gen/sources_1/bd/finn_design/ip/finn_design_MVAU_hls_1_0/hdl/verilog/MVAU_hls_1_Matrix_Vector_Activate_Stream_Batch_p_ZL7threshs_9_ROM_AUTO_1R.dat -> 8-bits/finn_build/fc/stitched_ip/finn_vivado_stitch_proj.gen/sources_1/bd/finn_design/ip/finn_design_MVAU_hls_1_0/hdl/verilog
[2026-04-21 23:30:05,779] copying /tmp/finn_dev_emanuel-hernandez/vivado_stitch_proj_rgrwy7hk/finn_vivado_stitch_proj.gen/sources_1/bd/finn_design/ip/finn_design_MVAU_hls_1_0/hdl/verilog/MVAU_hls_1_Matrix_Vector_Activate_Stream_Batch_p_ZL7threshs_0_ROM_AUTO_1R.dat -> 8-bits/finn_build/fc/stitched_ip/finn_vivado_stitch_proj.gen/sources_1/bd/finn_design/ip/finn_design_MVAU_hls_1_0/hdl/verilog
[2026-04-21 23:30:05,779] copying /tmp/finn_dev_emanuel-hernandez/vivado_stitch_proj_rgrwy7hk/finn_vivado_stitch_proj.gen/sources_1/bd/finn_design/ip/finn_design_MVAU_hls_1_0/hdl/verilog/MVAU_hls_1_Matrix_Vector_Activate_Stream_Batch_p_ZL7threshs_5_ROM_AUTO_1R.dat -> 8-bits/finn_build/fc/stitched_ip/finn_vivado_stitch_proj.gen/sources_1/bd/finn_design/ip/finn_design_MVAU_hls_1_0/hdl/verilog
[2026-04-21 23:30:05,779] copying /tmp/finn_dev_emanuel-hernandez/vivado_stitch_proj_rgrwy7hk/finn_vivado_stitch_proj.gen/sources_1/bd/finn_design/ip/finn_design_MVAU_hls_1_0/hdl/verilog/MVAU_hls_1_Matrix_Vector_Activate_Stream_Batch_p_ZL7threshs_3_ROM_AUTO_1R.dat -> 8-bits/finn_build/fc/stitched_ip/finn_vivado_stitch_proj.gen/sources_1/bd/finn_design/ip/finn_design_MVAU_hls_1_0/hdl/verilog
[2026-04-21 23:30:05,779] copying /tmp/finn_dev_emanuel-hernandez/vivado_stitch_proj_rgrwy7hk/finn_vivado_stitch_proj.gen/sources_1/bd/finn_design/ip/finn_design_MVAU_hls_1_0/hdl/verilog/MVAU_hls_1_Matrix_Vector_Activate_Stream_Batch_p_ZL7threshs_8_ROM_AUTO_1R.dat -> 8-bits/finn_build/fc/stitched_ip/finn_vivado_stitch_proj.gen/sources_1/bd/finn_design/ip/finn_design_MVAU_hls_1_0/hdl/verilog
[2026-04-21 23:30:05,779] creating 8-bits/finn_build/fc/stitched_ip/finn_vivado_stitch_proj.gen/sources_1/bd/finn_design/ip/finn_design_MVAU_hls_1_0/synth
[2026-04-21 23:30:05,779] copying /tmp/finn_dev_emanuel-hernandez/vivado_stitch_proj_rgrwy7hk/finn_vivado_stitch_proj.gen/sources_1/bd/finn_design/ip/finn_design_MVAU_hls_1_0/synth/finn_design_MVAU_hls_1_0.v -> 8-bits/finn_build/fc/stitched_ip/finn_vivado_stitch_proj.gen/sources_1/bd/finn_design/ip/finn_design_MVAU_hls_1_0/synth
[2026-04-21 23:30:05,779] copying /tmp/finn_dev_emanuel-hernandez/vivado_stitch_proj_rgrwy7hk/finn_vivado_stitch_proj.gen/sources_1/bd/finn_design/ip/finn_design_MVAU_hls_1_0/finn_design_MVAU_hls_1_0.xml -> 8-bits/finn_build/fc/stitched_ip/finn_vivado_stitch_proj.gen/sources_1/bd/finn_design/ip/finn_design_MVAU_hls_1_0
[2026-04-21 23:30:05,780] creating 8-bits/finn_build/fc/stitched_ip/finn_vivado_stitch_proj.gen/sources_1/bd/finn_design/ip/finn_design_StreamingFIFO_rtl_0_0
[2026-04-21 23:30:05,780] creating 8-bits/finn_build/fc/stitched_ip/finn_vivado_stitch_proj.gen/sources_1/bd/finn_design/ip/finn_design_StreamingFIFO_rtl_0_0/sim
[2026-04-21 23:30:05,780] copying /tmp/finn_dev_emanuel-hernandez/vivado_stitch_proj_rgrwy7hk/finn_vivado_stitch_proj.gen/sources_1/bd/finn_design/ip/finn_design_StreamingFIFO_rtl_0_0/sim/finn_design_StreamingFIFO_rtl_0_0.v -> 8-bits/finn_build/fc/stitched_ip/finn_vivado_stitch_proj.gen/sources_1/bd/finn_design/ip/finn_design_StreamingFIFO_rtl_0_0/sim
[2026-04-21 23:30:05,780] copying /tmp/finn_dev_emanuel-hernandez/vivado_stitch_proj_rgrwy7hk/finn_vivado_stitch_proj.gen/sources_1/bd/finn_design/ip/finn_design_StreamingFIFO_rtl_0_0/finn_design_StreamingFIFO_rtl_0_0.xml -> 8-bits/finn_build/fc/stitched_ip/finn_vivado_stitch_proj.gen/sources_1/bd/finn_design/ip/finn_design_StreamingFIFO_rtl_0_0
[2026-04-21 23:30:05,780] creating 8-bits/finn_build/fc/stitched_ip/finn_vivado_stitch_proj.gen/sources_1/bd/finn_design/ip/finn_design_StreamingFIFO_rtl_0_0/synth
[2026-04-21 23:30:05,780] copying /tmp/finn_dev_emanuel-hernandez/vivado_stitch_proj_rgrwy7hk/finn_vivado_stitch_proj.gen/sources_1/bd/finn_design/ip/finn_design_StreamingFIFO_rtl_0_0/synth/finn_design_StreamingFIFO_rtl_0_0.v -> 8-bits/finn_build/fc/stitched_ip/finn_vivado_stitch_proj.gen/sources_1/bd/finn_design/ip/finn_design_StreamingFIFO_rtl_0_0/synth
[2026-04-21 23:30:05,780] creating 8-bits/finn_build/fc/stitched_ip/finn_vivado_stitch_proj.gen/sources_1/bd/finn_design/ip/finn_design_StreamingFIFO_rtl_3_0
[2026-04-21 23:30:05,780] creating 8-bits/finn_build/fc/stitched_ip/finn_vivado_stitch_proj.gen/sources_1/bd/finn_design/ip/finn_design_StreamingFIFO_rtl_3_0/sim
[2026-04-21 23:30:05,780] copying /tmp/finn_dev_emanuel-hernandez/vivado_stitch_proj_rgrwy7hk/finn_vivado_stitch_proj.gen/sources_1/bd/finn_design/ip/finn_design_StreamingFIFO_rtl_3_0/sim/finn_design_StreamingFIFO_rtl_3_0.v -> 8-bits/finn_build/fc/stitched_ip/finn_vivado_stitch_proj.gen/sources_1/bd/finn_design/ip/finn_design_StreamingFIFO_rtl_3_0/sim
[2026-04-21 23:30:05,780] creating 8-bits/finn_build/fc/stitched_ip/finn_vivado_stitch_proj.gen/sources_1/bd/finn_design/ip/finn_design_StreamingFIFO_rtl_3_0/synth
[2026-04-21 23:30:05,780] copying /tmp/finn_dev_emanuel-hernandez/vivado_stitch_proj_rgrwy7hk/finn_vivado_stitch_proj.gen/sources_1/bd/finn_design/ip/finn_design_StreamingFIFO_rtl_3_0/synth/finn_design_StreamingFIFO_rtl_3_0.v -> 8-bits/finn_build/fc/stitched_ip/finn_vivado_stitch_proj.gen/sources_1/bd/finn_design/ip/finn_design_StreamingFIFO_rtl_3_0/synth
[2026-04-21 23:30:05,780] copying /tmp/finn_dev_emanuel-hernandez/vivado_stitch_proj_rgrwy7hk/finn_vivado_stitch_proj.gen/sources_1/bd/finn_design/ip/finn_design_StreamingFIFO_rtl_3_0/finn_design_StreamingFIFO_rtl_3_0.xml -> 8-bits/finn_build/fc/stitched_ip/finn_vivado_stitch_proj.gen/sources_1/bd/finn_design/ip/finn_design_StreamingFIFO_rtl_3_0
[2026-04-21 23:30:05,780] copying /tmp/finn_dev_emanuel-hernandez/vivado_stitch_proj_rgrwy7hk/finn_vivado_stitch_proj.gen/sources_1/bd/finn_design/finn_design.bda -> 8-bits/finn_build/fc/stitched_ip/finn_vivado_stitch_proj.gen/sources_1/bd/finn_design
[2026-04-21 23:30:05,780] copying /tmp/finn_dev_emanuel-hernandez/vivado_stitch_proj_rgrwy7hk/finn_vivado_stitch_proj.gen/sources_1/bd/finn_design/finn_design.bxml -> 8-bits/finn_build/fc/stitched_ip/finn_vivado_stitch_proj.gen/sources_1/bd/finn_design
[2026-04-21 23:30:05,780] creating 8-bits/finn_build/fc/stitched_ip/finn_vivado_stitch_proj.gen/sources_1/bd/finn_design/hdl
[2026-04-21 23:30:05,780] copying /tmp/finn_dev_emanuel-hernandez/vivado_stitch_proj_rgrwy7hk/finn_vivado_stitch_proj.gen/sources_1/bd/finn_design/hdl/finn_design_wrapper.v -> 8-bits/finn_build/fc/stitched_ip/finn_vivado_stitch_proj.gen/sources_1/bd/finn_design/hdl
[2026-04-21 23:30:05,780] creating 8-bits/finn_build/fc/stitched_ip/finn_vivado_stitch_proj.gen/sources_1/bd/finn_design/synth
[2026-04-21 23:30:05,780] copying /tmp/finn_dev_emanuel-hernandez/vivado_stitch_proj_rgrwy7hk/finn_vivado_stitch_proj.gen/sources_1/bd/finn_design/synth/finn_design.hwdef -> 8-bits/finn_build/fc/stitched_ip/finn_vivado_stitch_proj.gen/sources_1/bd/finn_design/synth
[2026-04-21 23:30:05,780] copying /tmp/finn_dev_emanuel-hernandez/vivado_stitch_proj_rgrwy7hk/finn_vivado_stitch_proj.gen/sources_1/bd/finn_design/synth/finn_design.v -> 8-bits/finn_build/fc/stitched_ip/finn_vivado_stitch_proj.gen/sources_1/bd/finn_design/synth
[2026-04-21 23:30:05,781] creating 8-bits/finn_build/fc/stitched_ip/finn_vivado_stitch_proj.gen/sources_1/bd/finn_design/hw_handoff
[2026-04-21 23:30:05,781] copying /tmp/finn_dev_emanuel-hernandez/vivado_stitch_proj_rgrwy7hk/finn_vivado_stitch_proj.gen/sources_1/bd/finn_design/hw_handoff/finn_design.hwh -> 8-bits/finn_build/fc/stitched_ip/finn_vivado_stitch_proj.gen/sources_1/bd/finn_design/hw_handoff
[2026-04-21 23:30:05,781] creating 8-bits/finn_build/fc/stitched_ip/finn_vivado_stitch_proj.ip_user_files
[2026-04-21 23:30:05,781] creating 8-bits/finn_build/fc/stitched_ip/finn_vivado_stitch_proj.srcs
[2026-04-21 23:30:05,781] creating 8-bits/finn_build/fc/stitched_ip/finn_vivado_stitch_proj.srcs/sources_1
[2026-04-21 23:30:05,781] creating 8-bits/finn_build/fc/stitched_ip/finn_vivado_stitch_proj.srcs/sources_1/bd
[2026-04-21 23:30:05,781] creating 8-bits/finn_build/fc/stitched_ip/finn_vivado_stitch_proj.srcs/sources_1/bd/finn_design
[2026-04-21 23:30:05,781] copying /tmp/finn_dev_emanuel-hernandez/vivado_stitch_proj_rgrwy7hk/finn_vivado_stitch_proj.srcs/sources_1/bd/finn_design/finn_design.bd -> 8-bits/finn_build/fc/stitched_ip/finn_vivado_stitch_proj.srcs/sources_1/bd/finn_design
[2026-04-21 23:30:05,781] creating 8-bits/finn_build/fc/stitched_ip/finn_vivado_stitch_proj.srcs/sources_1/bd/finn_design/ip
[2026-04-21 23:30:05,781] creating 8-bits/finn_build/fc/stitched_ip/finn_vivado_stitch_proj.srcs/sources_1/bd/finn_design/ip/finn_design_MVAU_rtl_0_wstrm_0
[2026-04-21 23:30:05,781] copying /tmp/finn_dev_emanuel-hernandez/vivado_stitch_proj_rgrwy7hk/finn_vivado_stitch_proj.srcs/sources_1/bd/finn_design/ip/finn_design_MVAU_rtl_0_wstrm_0/finn_design_MVAU_rtl_0_wstrm_0.xci -> 8-bits/finn_build/fc/stitched_ip/finn_vivado_stitch_proj.srcs/sources_1/bd/finn_design/ip/finn_design_MVAU_rtl_0_wstrm_0
[2026-04-21 23:30:05,781] creating 8-bits/finn_build/fc/stitched_ip/finn_vivado_stitch_proj.srcs/sources_1/bd/finn_design/ip/finn_design_MVAU_hls_1_wstrm_0
[2026-04-21 23:30:05,781] copying /tmp/finn_dev_emanuel-hernandez/vivado_stitch_proj_rgrwy7hk/finn_vivado_stitch_proj.srcs/sources_1/bd/finn_design/ip/finn_design_MVAU_hls_1_wstrm_0/finn_design_MVAU_hls_1_wstrm_0.xci -> 8-bits/finn_build/fc/stitched_ip/finn_vivado_stitch_proj.srcs/sources_1/bd/finn_design/ip/finn_design_MVAU_hls_1_wstrm_0
[2026-04-21 23:30:05,781] creating 8-bits/finn_build/fc/stitched_ip/finn_vivado_stitch_proj.srcs/sources_1/bd/finn_design/ip/finn_design_StreamingFIFO_rtl_2_0
[2026-04-21 23:30:05,781] copying /tmp/finn_dev_emanuel-hernandez/vivado_stitch_proj_rgrwy7hk/finn_vivado_stitch_proj.srcs/sources_1/bd/finn_design/ip/finn_design_StreamingFIFO_rtl_2_0/finn_design_StreamingFIFO_rtl_2_0.xci -> 8-bits/finn_build/fc/stitched_ip/finn_vivado_stitch_proj.srcs/sources_1/bd/finn_design/ip/finn_design_StreamingFIFO_rtl_2_0
[2026-04-21 23:30:05,781] creating 8-bits/finn_build/fc/stitched_ip/finn_vivado_stitch_proj.srcs/sources_1/bd/finn_design/ip/finn_design_MVAU_hls_0_0
[2026-04-21 23:30:05,781] copying /tmp/finn_dev_emanuel-hernandez/vivado_stitch_proj_rgrwy7hk/finn_vivado_stitch_proj.srcs/sources_1/bd/finn_design/ip/finn_design_MVAU_hls_0_0/finn_design_MVAU_hls_0_0.xci -> 8-bits/finn_build/fc/stitched_ip/finn_vivado_stitch_proj.srcs/sources_1/bd/finn_design/ip/finn_design_MVAU_hls_0_0
[2026-04-21 23:30:05,781] creating 8-bits/finn_build/fc/stitched_ip/finn_vivado_stitch_proj.srcs/sources_1/bd/finn_design/ip/finn_design_StreamingDataWidthConverter_rtl_0_0
[2026-04-21 23:30:05,781] copying /tmp/finn_dev_emanuel-hernandez/vivado_stitch_proj_rgrwy7hk/finn_vivado_stitch_proj.srcs/sources_1/bd/finn_design/ip/finn_design_StreamingDataWidthConverter_rtl_0_0/finn_design_StreamingDataWidthConverter_rtl_0_0.xci -> 8-bits/finn_build/fc/stitched_ip/finn_vivado_stitch_proj.srcs/sources_1/bd/finn_design/ip/finn_design_StreamingDataWidthConverter_rtl_0_0
[2026-04-21 23:30:05,782] creating 8-bits/finn_build/fc/stitched_ip/finn_vivado_stitch_proj.srcs/sources_1/bd/finn_design/ip/finn_design_MVAU_rtl_0_0
[2026-04-21 23:30:05,782] copying /tmp/finn_dev_emanuel-hernandez/vivado_stitch_proj_rgrwy7hk/finn_vivado_stitch_proj.srcs/sources_1/bd/finn_design/ip/finn_design_MVAU_rtl_0_0/finn_design_MVAU_rtl_0_0.xci -> 8-bits/finn_build/fc/stitched_ip/finn_vivado_stitch_proj.srcs/sources_1/bd/finn_design/ip/finn_design_MVAU_rtl_0_0
[2026-04-21 23:30:05,782] creating 8-bits/finn_build/fc/stitched_ip/finn_vivado_stitch_proj.srcs/sources_1/bd/finn_design/ip/finn_design_StreamingFIFO_rtl_1_0
[2026-04-21 23:30:05,782] copying /tmp/finn_dev_emanuel-hernandez/vivado_stitch_proj_rgrwy7hk/finn_vivado_stitch_proj.srcs/sources_1/bd/finn_design/ip/finn_design_StreamingFIFO_rtl_1_0/finn_design_StreamingFIFO_rtl_1_0.xci -> 8-bits/finn_build/fc/stitched_ip/finn_vivado_stitch_proj.srcs/sources_1/bd/finn_design/ip/finn_design_StreamingFIFO_rtl_1_0
[2026-04-21 23:30:05,782] creating 8-bits/finn_build/fc/stitched_ip/finn_vivado_stitch_proj.srcs/sources_1/bd/finn_design/ip/finn_design_StreamingFIFO_rtl_4_0
[2026-04-21 23:30:05,782] copying /tmp/finn_dev_emanuel-hernandez/vivado_stitch_proj_rgrwy7hk/finn_vivado_stitch_proj.srcs/sources_1/bd/finn_design/ip/finn_design_StreamingFIFO_rtl_4_0/finn_design_StreamingFIFO_rtl_4_0.xci -> 8-bits/finn_build/fc/stitched_ip/finn_vivado_stitch_proj.srcs/sources_1/bd/finn_design/ip/finn_design_StreamingFIFO_rtl_4_0
[2026-04-21 23:30:05,782] creating 8-bits/finn_build/fc/stitched_ip/finn_vivado_stitch_proj.srcs/sources_1/bd/finn_design/ip/finn_design_MVAU_hls_0_wstrm_0
[2026-04-21 23:30:05,782] copying /tmp/finn_dev_emanuel-hernandez/vivado_stitch_proj_rgrwy7hk/finn_vivado_stitch_proj.srcs/sources_1/bd/finn_design/ip/finn_design_MVAU_hls_0_wstrm_0/finn_design_MVAU_hls_0_wstrm_0.xci -> 8-bits/finn_build/fc/stitched_ip/finn_vivado_stitch_proj.srcs/sources_1/bd/finn_design/ip/finn_design_MVAU_hls_0_wstrm_0
[2026-04-21 23:30:05,782] creating 8-bits/finn_build/fc/stitched_ip/finn_vivado_stitch_proj.srcs/sources_1/bd/finn_design/ip/finn_design_MVAU_hls_1_0
[2026-04-21 23:30:05,782] copying /tmp/finn_dev_emanuel-hernandez/vivado_stitch_proj_rgrwy7hk/finn_vivado_stitch_proj.srcs/sources_1/bd/finn_design/ip/finn_design_MVAU_hls_1_0/finn_design_MVAU_hls_1_0.xci -> 8-bits/finn_build/fc/stitched_ip/finn_vivado_stitch_proj.srcs/sources_1/bd/finn_design/ip/finn_design_MVAU_hls_1_0
[2026-04-21 23:30:05,782] creating 8-bits/finn_build/fc/stitched_ip/finn_vivado_stitch_proj.srcs/sources_1/bd/finn_design/ip/finn_design_StreamingFIFO_rtl_0_0
[2026-04-21 23:30:05,782] copying /tmp/finn_dev_emanuel-hernandez/vivado_stitch_proj_rgrwy7hk/finn_vivado_stitch_proj.srcs/sources_1/bd/finn_design/ip/finn_design_StreamingFIFO_rtl_0_0/finn_design_StreamingFIFO_rtl_0_0.xci -> 8-bits/finn_build/fc/stitched_ip/finn_vivado_stitch_proj.srcs/sources_1/bd/finn_design/ip/finn_design_StreamingFIFO_rtl_0_0
[2026-04-21 23:30:05,782] creating 8-bits/finn_build/fc/stitched_ip/finn_vivado_stitch_proj.srcs/sources_1/bd/finn_design/ip/finn_design_StreamingFIFO_rtl_3_0
[2026-04-21 23:30:05,782] copying /tmp/finn_dev_emanuel-hernandez/vivado_stitch_proj_rgrwy7hk/finn_vivado_stitch_proj.srcs/sources_1/bd/finn_design/ip/finn_design_StreamingFIFO_rtl_3_0/finn_design_StreamingFIFO_rtl_3_0.xci -> 8-bits/finn_build/fc/stitched_ip/finn_vivado_stitch_proj.srcs/sources_1/bd/finn_design/ip/finn_design_StreamingFIFO_rtl_3_0
[2026-04-21 23:30:05,782] copying /tmp/finn_dev_emanuel-hernandez/vivado_stitch_proj_rgrwy7hk/finn_vivado_stitch_proj.srcs/sources_1/bd/finn_design/finn_design.bda -> 8-bits/finn_build/fc/stitched_ip/finn_vivado_stitch_proj.srcs/sources_1/bd/finn_design
[2026-04-21 23:30:05,782] Vivado stitched IP written into 8-bits/finn_build/fc/stitched_ip
[2026-04-21 23:30:05,783] Running step: step_measure_rtlsim_performance [15/18]
[2026-04-21 23:30:05,783] rtlsim_use_vivado_comps is enabled, may yield incorrect results
[2026-04-21 23:30:06,560] %Warning-PINMISSING: /tmp/finn_dev_emanuel-hernandez/vivado_stitch_proj_rgrwy7hk/finn_design_wrapper.v:3252:34: Cell has missing pin: 'awready'
[2026-04-21 23:30:06,560]  3252 |   finn_design_MVAU_hls_0_wstrm_0 MVAU_hls_0_wstrm
[2026-04-21 23:30:06,560]       |                                  ^~~~~~~~~~~~~~~~
[2026-04-21 23:30:06,560]                      ... For warning description see https://verilator.org/warn/PINMISSING?v=4.224
[2026-04-21 23:30:06,560]                      ... Use "/* verilator lint_off PINMISSING */" and lint_on around source to disable this message.
[2026-04-21 23:30:06,560] %Warning-PINMISSING: /tmp/finn_dev_emanuel-hernandez/vivado_stitch_proj_rgrwy7hk/finn_design_wrapper.v:3252:34: Cell has missing pin: 'wready'
[2026-04-21 23:30:06,560]  3252 |   finn_design_MVAU_hls_0_wstrm_0 MVAU_hls_0_wstrm
[2026-04-21 23:30:06,560]       |                                  ^~~~~~~~~~~~~~~~
[2026-04-21 23:30:06,560] %Warning-PINMISSING: /tmp/finn_dev_emanuel-hernandez/vivado_stitch_proj_rgrwy7hk/finn_design_wrapper.v:3252:34: Cell has missing pin: 'bvalid'
[2026-04-21 23:30:06,560]  3252 |   finn_design_MVAU_hls_0_wstrm_0 MVAU_hls_0_wstrm
[2026-04-21 23:30:06,560]       |                                  ^~~~~~~~~~~~~~~~
[2026-04-21 23:30:06,560] %Warning-PINMISSING: /tmp/finn_dev_emanuel-hernandez/vivado_stitch_proj_rgrwy7hk/finn_design_wrapper.v:3252:34: Cell has missing pin: 'bresp'
[2026-04-21 23:30:06,560]  3252 |   finn_design_MVAU_hls_0_wstrm_0 MVAU_hls_0_wstrm
[2026-04-21 23:30:06,560]       |                                  ^~~~~~~~~~~~~~~~
[2026-04-21 23:30:06,560] %Warning-PINMISSING: /tmp/finn_dev_emanuel-hernandez/vivado_stitch_proj_rgrwy7hk/finn_design_wrapper.v:3252:34: Cell has missing pin: 'arready'
[2026-04-21 23:30:06,560]  3252 |   finn_design_MVAU_hls_0_wstrm_0 MVAU_hls_0_wstrm
[2026-04-21 23:30:06,560]       |                                  ^~~~~~~~~~~~~~~~
[2026-04-21 23:30:06,560] %Warning-PINMISSING: /tmp/finn_dev_emanuel-hernandez/vivado_stitch_proj_rgrwy7hk/finn_design_wrapper.v:3252:34: Cell has missing pin: 'rvalid'
[2026-04-21 23:30:06,560]  3252 |   finn_design_MVAU_hls_0_wstrm_0 MVAU_hls_0_wstrm
[2026-04-21 23:30:06,560]       |                                  ^~~~~~~~~~~~~~~~
[2026-04-21 23:30:06,560] %Warning-PINMISSING: /tmp/finn_dev_emanuel-hernandez/vivado_stitch_proj_rgrwy7hk/finn_design_wrapper.v:3252:34: Cell has missing pin: 'rresp'
[2026-04-21 23:30:06,560]  3252 |   finn_design_MVAU_hls_0_wstrm_0 MVAU_hls_0_wstrm
[2026-04-21 23:30:06,560]       |                                  ^~~~~~~~~~~~~~~~
[2026-04-21 23:30:06,560] %Warning-PINMISSING: /tmp/finn_dev_emanuel-hernandez/vivado_stitch_proj_rgrwy7hk/finn_design_wrapper.v:3252:34: Cell has missing pin: 'rdata'
[2026-04-21 23:30:06,560]  3252 |   finn_design_MVAU_hls_0_wstrm_0 MVAU_hls_0_wstrm
[2026-04-21 23:30:06,560]       |                                  ^~~~~~~~~~~~~~~~
[2026-04-21 23:30:06,560] %Warning-PINMISSING: /tmp/finn_dev_emanuel-hernandez/vivado_stitch_proj_rgrwy7hk/finn_design_wrapper.v:3321:34: Cell has missing pin: 'awready'
[2026-04-21 23:30:06,560]  3321 |   finn_design_MVAU_hls_1_wstrm_0 MVAU_hls_1_wstrm
[2026-04-21 23:30:06,560]       |                                  ^~~~~~~~~~~~~~~~
[2026-04-21 23:30:06,560] %Warning-PINMISSING: /tmp/finn_dev_emanuel-hernandez/vivado_stitch_proj_rgrwy7hk/finn_design_wrapper.v:3321:34: Cell has missing pin: 'wready'
[2026-04-21 23:30:06,560]  3321 |   finn_design_MVAU_hls_1_wstrm_0 MVAU_hls_1_wstrm
[2026-04-21 23:30:06,560]       |                                  ^~~~~~~~~~~~~~~~
[2026-04-21 23:30:06,560] %Warning-PINMISSING: /tmp/finn_dev_emanuel-hernandez/vivado_stitch_proj_rgrwy7hk/finn_design_wrapper.v:3321:34: Cell has missing pin: 'bvalid'
[2026-04-21 23:30:06,560]  3321 |   finn_design_MVAU_hls_1_wstrm_0 MVAU_hls_1_wstrm
[2026-04-21 23:30:06,560]       |                                  ^~~~~~~~~~~~~~~~
[2026-04-21 23:30:06,560] %Warning-PINMISSING: /tmp/finn_dev_emanuel-hernandez/vivado_stitch_proj_rgrwy7hk/finn_design_wrapper.v:3321:34: Cell has missing pin: 'bresp'
[2026-04-21 23:30:06,560]  3321 |   finn_design_MVAU_hls_1_wstrm_0 MVAU_hls_1_wstrm
[2026-04-21 23:30:06,560]       |                                  ^~~~~~~~~~~~~~~~
[2026-04-21 23:30:06,560] %Warning-PINMISSING: /tmp/finn_dev_emanuel-hernandez/vivado_stitch_proj_rgrwy7hk/finn_design_wrapper.v:3321:34: Cell has missing pin: 'arready'
[2026-04-21 23:30:06,560]  3321 |   finn_design_MVAU_hls_1_wstrm_0 MVAU_hls_1_wstrm
[2026-04-21 23:30:06,560]       |                                  ^~~~~~~~~~~~~~~~
[2026-04-21 23:30:06,560] %Warning-PINMISSING: /tmp/finn_dev_emanuel-hernandez/vivado_stitch_proj_rgrwy7hk/finn_design_wrapper.v:3321:34: Cell has missing pin: 'rvalid'
[2026-04-21 23:30:06,560]  3321 |   finn_design_MVAU_hls_1_wstrm_0 MVAU_hls_1_wstrm
[2026-04-21 23:30:06,560]       |                                  ^~~~~~~~~~~~~~~~
[2026-04-21 23:30:06,560] %Warning-PINMISSING: /tmp/finn_dev_emanuel-hernandez/vivado_stitch_proj_rgrwy7hk/finn_design_wrapper.v:3321:34: Cell has missing pin: 'rresp'
[2026-04-21 23:30:06,560]  3321 |   finn_design_MVAU_hls_1_wstrm_0 MVAU_hls_1_wstrm
[2026-04-21 23:30:06,560]       |                                  ^~~~~~~~~~~~~~~~
[2026-04-21 23:30:06,560] %Warning-PINMISSING: /tmp/finn_dev_emanuel-hernandez/vivado_stitch_proj_rgrwy7hk/finn_design_wrapper.v:3321:34: Cell has missing pin: 'rdata'
[2026-04-21 23:30:06,560]  3321 |   finn_design_MVAU_hls_1_wstrm_0 MVAU_hls_1_wstrm
[2026-04-21 23:30:06,560]       |                                  ^~~~~~~~~~~~~~~~
[2026-04-21 23:30:06,560] %Warning-PINMISSING: /tmp/finn_dev_emanuel-hernandez/vivado_stitch_proj_rgrwy7hk/finn_design_wrapper.v:3390:34: Cell has missing pin: 'awready'
[2026-04-21 23:30:06,560]  3390 |   finn_design_MVAU_rtl_0_wstrm_0 MVAU_rtl_0_wstrm
[2026-04-21 23:30:06,560]       |                                  ^~~~~~~~~~~~~~~~
[2026-04-21 23:30:06,560] %Warning-PINMISSING: /tmp/finn_dev_emanuel-hernandez/vivado_stitch_proj_rgrwy7hk/finn_design_wrapper.v:3390:34: Cell has missing pin: 'wready'
[2026-04-21 23:30:06,560]  3390 |   finn_design_MVAU_rtl_0_wstrm_0 MVAU_rtl_0_wstrm
[2026-04-21 23:30:06,560]       |                                  ^~~~~~~~~~~~~~~~
[2026-04-21 23:30:06,560] %Warning-PINMISSING: /tmp/finn_dev_emanuel-hernandez/vivado_stitch_proj_rgrwy7hk/finn_design_wrapper.v:3390:34: Cell has missing pin: 'bvalid'
[2026-04-21 23:30:06,560]  3390 |   finn_design_MVAU_rtl_0_wstrm_0 MVAU_rtl_0_wstrm
[2026-04-21 23:30:06,560]       |                                  ^~~~~~~~~~~~~~~~
[2026-04-21 23:30:06,561] %Warning-PINMISSING: /tmp/finn_dev_emanuel-hernandez/vivado_stitch_proj_rgrwy7hk/finn_design_wrapper.v:3390:34: Cell has missing pin: 'bresp'
[2026-04-21 23:30:06,561]  3390 |   finn_design_MVAU_rtl_0_wstrm_0 MVAU_rtl_0_wstrm
[2026-04-21 23:30:06,561]       |                                  ^~~~~~~~~~~~~~~~
[2026-04-21 23:30:06,561] %Warning-PINMISSING: /tmp/finn_dev_emanuel-hernandez/vivado_stitch_proj_rgrwy7hk/finn_design_wrapper.v:3390:34: Cell has missing pin: 'arready'
[2026-04-21 23:30:06,561]  3390 |   finn_design_MVAU_rtl_0_wstrm_0 MVAU_rtl_0_wstrm
[2026-04-21 23:30:06,561]       |                                  ^~~~~~~~~~~~~~~~
[2026-04-21 23:30:06,561] %Warning-PINMISSING: /tmp/finn_dev_emanuel-hernandez/vivado_stitch_proj_rgrwy7hk/finn_design_wrapper.v:3390:34: Cell has missing pin: 'rvalid'
[2026-04-21 23:30:06,561]  3390 |   finn_design_MVAU_rtl_0_wstrm_0 MVAU_rtl_0_wstrm
[2026-04-21 23:30:06,561]       |                                  ^~~~~~~~~~~~~~~~
[2026-04-21 23:30:06,561] %Warning-PINMISSING: /tmp/finn_dev_emanuel-hernandez/vivado_stitch_proj_rgrwy7hk/finn_design_wrapper.v:3390:34: Cell has missing pin: 'rresp'
[2026-04-21 23:30:06,561]  3390 |   finn_design_MVAU_rtl_0_wstrm_0 MVAU_rtl_0_wstrm
[2026-04-21 23:30:06,561]       |                                  ^~~~~~~~~~~~~~~~
[2026-04-21 23:30:06,561] %Warning-PINMISSING: /tmp/finn_dev_emanuel-hernandez/vivado_stitch_proj_rgrwy7hk/finn_design_wrapper.v:3390:34: Cell has missing pin: 'rdata'
[2026-04-21 23:30:06,561]  3390 |   finn_design_MVAU_rtl_0_wstrm_0 MVAU_rtl_0_wstrm
[2026-04-21 23:30:06,561]       |                                  ^~~~~~~~~~~~~~~~
[2026-04-21 23:30:06,561] %Warning-PINMISSING: /tmp/finn_dev_emanuel-hernandez/vivado_stitch_proj_rgrwy7hk/finn_design_wrapper.v:3505:37: Cell has missing pin: 'count'
[2026-04-21 23:30:06,561]  3505 |   finn_design_StreamingFIFO_rtl_0_0 StreamingFIFO_rtl_0
[2026-04-21 23:30:06,561]       |                                     ^~~~~~~~~~~~~~~~~~~
[2026-04-21 23:30:06,561] %Warning-PINMISSING: /tmp/finn_dev_emanuel-hernandez/vivado_stitch_proj_rgrwy7hk/finn_design_wrapper.v:3505:37: Cell has missing pin: 'maxcount'
[2026-04-21 23:30:06,561]  3505 |   finn_design_StreamingFIFO_rtl_0_0 StreamingFIFO_rtl_0
[2026-04-21 23:30:06,561]       |                                     ^~~~~~~~~~~~~~~~~~~
[2026-04-21 23:30:06,561] %Warning-PINMISSING: /tmp/finn_dev_emanuel-hernandez/vivado_stitch_proj_rgrwy7hk/finn_design_wrapper.v:3514:37: Cell has missing pin: 'count'
[2026-04-21 23:30:06,561]  3514 |   finn_design_StreamingFIFO_rtl_1_0 StreamingFIFO_rtl_1
[2026-04-21 23:30:06,561]       |                                     ^~~~~~~~~~~~~~~~~~~
[2026-04-21 23:30:06,561] %Warning-PINMISSING: /tmp/finn_dev_emanuel-hernandez/vivado_stitch_proj_rgrwy7hk/finn_design_wrapper.v:3514:37: Cell has missing pin: 'maxcount'
[2026-04-21 23:30:06,561]  3514 |   finn_design_StreamingFIFO_rtl_1_0 StreamingFIFO_rtl_1
[2026-04-21 23:30:06,561]       |                                     ^~~~~~~~~~~~~~~~~~~
[2026-04-21 23:30:06,561] %Warning-PINMISSING: /tmp/finn_dev_emanuel-hernandez/vivado_stitch_proj_rgrwy7hk/finn_design_wrapper.v:3523:37: Cell has missing pin: 'count'
[2026-04-21 23:30:06,561]  3523 |   finn_design_StreamingFIFO_rtl_2_0 StreamingFIFO_rtl_2
[2026-04-21 23:30:06,561]       |                                     ^~~~~~~~~~~~~~~~~~~
[2026-04-21 23:30:06,561] %Warning-PINMISSING: /tmp/finn_dev_emanuel-hernandez/vivado_stitch_proj_rgrwy7hk/finn_design_wrapper.v:3523:37: Cell has missing pin: 'maxcount'
[2026-04-21 23:30:06,561]  3523 |   finn_design_StreamingFIFO_rtl_2_0 StreamingFIFO_rtl_2
[2026-04-21 23:30:06,561]       |                                     ^~~~~~~~~~~~~~~~~~~
[2026-04-21 23:30:06,561] %Warning-PINMISSING: /tmp/finn_dev_emanuel-hernandez/vivado_stitch_proj_rgrwy7hk/finn_design_wrapper.v:3532:37: Cell has missing pin: 'count'
[2026-04-21 23:30:06,561]  3532 |   finn_design_StreamingFIFO_rtl_3_0 StreamingFIFO_rtl_3
[2026-04-21 23:30:06,561]       |                                     ^~~~~~~~~~~~~~~~~~~
[2026-04-21 23:30:06,561] %Warning-PINMISSING: /tmp/finn_dev_emanuel-hernandez/vivado_stitch_proj_rgrwy7hk/finn_design_wrapper.v:3532:37: Cell has missing pin: 'maxcount'
[2026-04-21 23:30:06,561]  3532 |   finn_design_StreamingFIFO_rtl_3_0 StreamingFIFO_rtl_3
[2026-04-21 23:30:06,561]       |                                     ^~~~~~~~~~~~~~~~~~~
[2026-04-21 23:30:06,561] %Warning-PINMISSING: /tmp/finn_dev_emanuel-hernandez/vivado_stitch_proj_rgrwy7hk/finn_design_wrapper.v:3541:37: Cell has missing pin: 'count'
[2026-04-21 23:30:06,561]  3541 |   finn_design_StreamingFIFO_rtl_4_0 StreamingFIFO_rtl_4
[2026-04-21 23:30:06,561]       |                                     ^~~~~~~~~~~~~~~~~~~
[2026-04-21 23:30:06,561] %Warning-PINMISSING: /tmp/finn_dev_emanuel-hernandez/vivado_stitch_proj_rgrwy7hk/finn_design_wrapper.v:3541:37: Cell has missing pin: 'maxcount'
[2026-04-21 23:30:06,561]  3541 |   finn_design_StreamingFIFO_rtl_4_0 StreamingFIFO_rtl_4
[2026-04-21 23:30:06,561]       |                                     ^~~~~~~~~~~~~~~~~~~
[2026-04-21 23:30:06,561] %Warning-TIMESCALEMOD: /home/emanuel-hernandez/finn/finn-rtllib/swg/swg_pkg.sv:32:9: Timescale missing on this module as other modules have it (IEEE 1800-2017 3.14.2.3)
[2026-04-21 23:30:06,561]    32 | package swg;
[2026-04-21 23:30:06,561]       |         ^~~
[2026-04-21 23:30:06,561]                        /tmp/finn_dev_emanuel-hernandez/vivado_stitch_proj_rgrwy7hk/finn_design_wrapper.v:118:8: ... Location of module with timescale
[2026-04-21 23:30:06,561]   118 | module MVAU_hls_0_Matrix_Vector_Activate_Stream_Batch_p_ZL7threshs_2_14_ROM_AUTO_1R (
[2026-04-21 23:30:06,561]       |        ^~~~~~~~~~~~~~~~~~~~~~~~~~~~~~~~~~~~~~~~~~~~~~~~~~~~~~~~~~~~~~~~~~~~~~~~~~~~
[2026-04-21 23:30:06,561] %Warning-TIMESCALEMOD: /tmp/finn_dev_emanuel-hernandez/vivado_stitch_proj_rgrwy7hk/finn_design_wrapper.v:61:8: Timescale missing on this module as other modules have it (IEEE 1800-2017 3.14.2.3)
[2026-04-21 23:30:06,561]    61 | module finn_design_StreamingDataWidthConverter_rtl_0_0 (
[2026-04-21 23:30:06,561]       |        ^~~~~~~~~~~~~~~~~~~~~~~~~~~~~~~~~~~~~~~~~~~~~~~
[2026-04-21 23:30:06,561]                        /tmp/finn_dev_emanuel-hernandez/vivado_stitch_proj_rgrwy7hk/finn_design_wrapper.v:118:8: ... Location of module with timescale
[2026-04-21 23:30:06,561]   118 | module MVAU_hls_0_Matrix_Vector_Activate_Stream_Batch_p_ZL7threshs_2_14_ROM_AUTO_1R (
[2026-04-21 23:30:06,561]       |        ^~~~~~~~~~~~~~~~~~~~~~~~~~~~~~~~~~~~~~~~~~~~~~~~~~~~~~~~~~~~~~~~~~~~~~~~~~~~
[2026-04-21 23:30:06,561] %Warning-WIDTH: /tmp/finn_dev_emanuel-hernandez/vivado_stitch_proj_rgrwy7hk/finn_design_wrapper.v:780:21: Operator VAR 'SIMD_UNEVEN' expects 1 bits on the Initial value, but Initial value's MODDIV generates 32 bits.
[2026-04-21 23:30:06,561]                                                                                                         : ... In instance finn_design_wrapper.finn_design_i.MVAU_rtl_0.MVAU_rtl_0.inst.inst
[2026-04-21 23:30:06,561]   780 |  localparam bit     SIMD_UNEVEN = SIMD % 2
[2026-04-21 23:30:06,561]       |                     ^~~~~~~~~~~
[2026-04-21 23:30:06,561] %Warning-WIDTH: /tmp/finn_dev_emanuel-hernandez/vivado_stitch_proj_rgrwy7hk/finn_design_wrapper.v:897:69: Operator ADD expects 32 bits on the LHS, but LHS's VARREF 'PUMPED_COMPUTE' generates 1 bits.
[2026-04-21 23:30:06,561]                                                                                                         : ... In instance finn_design_wrapper.finn_design_i.MVAU_rtl_0.MVAU_rtl_0.inst.inst
[2026-04-21 23:30:06,561]   897 |   localparam int unsigned  DSP_SIMD = EFFECTIVE_SIMD/(PUMPED_COMPUTE+1);
[2026-04-21 23:30:06,561]       |                                                                     ^
[2026-04-21 23:30:06,561] %Warning-WIDTH: /tmp/finn_dev_emanuel-hernandez/vivado_stitch_proj_rgrwy7hk/finn_design_wrapper.v:1009:3: Operator GENCASE expects 144 bits on the Case expression, but Case expression's VARREF 'COMPUTE_CORE' generates 120 bits.
[2026-04-21 23:30:06,561]                                                                                                         : ... In instance finn_design_wrapper.finn_design_i.MVAU_rtl_0.MVAU_rtl_0.inst.inst
[2026-04-21 23:30:06,561]  1009 |   case(COMPUTE_CORE)
[2026-04-21 23:30:06,561]       |   ^~~~
[2026-04-21 23:30:06,561] %Warning-WIDTH: /tmp/finn_dev_emanuel-hernandez/vivado_stitch_proj_rgrwy7hk/finn_design_wrapper.v:13040:11: Operator ASSIGNW expects 27 bits on the Assign RHS, but Assign RHS's SIGNED generates 8 bits.
[2026-04-21 23:30:06,561]                                                                                                           : ... In instance finn_design_wrapper.finn_design_i.MVAU_hls_1.MVAU_hls_1.inst.grp_Matrix_Vector_Activate_Stream_Batch_fu_60.mac_muladd_8s_4ns_17s_17_4_1_U2.MVAU_hls_1_mac_muladd_8s_4ns_17s_17_4_1_DSP48_0_U
[2026-04-21 23:30:06,561] 13040 | assign a  = $signed(in0);
[2026-04-21 23:30:06,561]       |           ^
[2026-04-21 23:30:06,561] %Warning-WIDTH: /tmp/finn_dev_emanuel-hernandez/vivado_stitch_proj_rgrwy7hk/finn_design_wrapper.v:13041:11: Operator ASSIGNW expects 18 bits on the Assign RHS, but Assign RHS's UNSIGNED generates 4 bits.
[2026-04-21 23:30:06,561]                                                                                                           : ... In instance finn_design_wrapper.finn_design_i.MVAU_hls_1.MVAU_hls_1.inst.grp_Matrix_Vector_Activate_Stream_Batch_fu_60.mac_muladd_8s_4ns_17s_17_4_1_U2.MVAU_hls_1_mac_muladd_8s_4ns_17s_17_4_1_DSP48_0_U
[2026-04-21 23:30:06,561] 13041 | assign b  = $unsigned(in1);
[2026-04-21 23:30:06,561]       |           ^
[2026-04-21 23:30:06,561] %Warning-WIDTH: /tmp/finn_dev_emanuel-hernandez/vivado_stitch_proj_rgrwy7hk/finn_design_wrapper.v:13042:11: Operator ASSIGNW expects 48 bits on the Assign RHS, but Assign RHS's SIGNED generates 17 bits.
[2026-04-21 23:30:06,561]                                                                                                           : ... In instance finn_design_wrapper.finn_design_i.MVAU_hls_1.MVAU_hls_1.inst.grp_Matrix_Vector_Activate_Stream_Batch_fu_60.mac_muladd_8s_4ns_17s_17_4_1_U2.MVAU_hls_1_mac_muladd_8s_4ns_17s_17_4_1_DSP48_0_U
[2026-04-21 23:30:06,561] 13042 | assign c  = $signed(in2);
[2026-04-21 23:30:06,561]       |           ^
[2026-04-21 23:30:06,561] %Warning-WIDTH: /tmp/finn_dev_emanuel-hernandez/vivado_stitch_proj_rgrwy7hk/finn_design_wrapper.v:13045:19: Operator ADD expects 48 bits on the LHS, but LHS's VARREF 'm_reg' generates 45 bits.
[2026-04-21 23:30:06,561]                                                                                                           : ... In instance finn_design_wrapper.finn_design_i.MVAU_hls_1.MVAU_hls_1.inst.grp_Matrix_Vector_Activate_Stream_Batch_fu_60.mac_muladd_8s_4ns_17s_17_4_1_U2.MVAU_hls_1_mac_muladd_8s_4ns_17s_17_4_1_DSP48_0_U
[2026-04-21 23:30:06,561] 13045 | assign p  = m_reg + c;
[2026-04-21 23:30:06,561]       |                   ^
[2026-04-21 23:30:06,561] %Warning-WIDTH: /tmp/finn_dev_emanuel-hernandez/vivado_stitch_proj_rgrwy7hk/finn_design_wrapper.v:13056:13: Operator ASSIGNW expects 17 bits on the Assign RHS, but Assign RHS's VARREF 'p_reg' generates 48 bits.
[2026-04-21 23:30:06,561]                                                                                                           : ... In instance finn_design_wrapper.finn_design_i.MVAU_hls_1.MVAU_hls_1.inst.grp_Matrix_Vector_Activate_Stream_Batch_fu_60.mac_muladd_8s_4ns_17s_17_4_1_U2.MVAU_hls_1_mac_muladd_8s_4ns_17s_17_4_1_DSP48_0_U
[2026-04-21 23:30:06,561] 13056 | assign dout = p_reg;
[2026-04-21 23:30:06,561]       |             ^
[2026-04-21 23:30:06,561] %Warning-WIDTH: /tmp/finn_dev_emanuel-hernandez/vivado_stitch_proj_rgrwy7hk/finn_design_wrapper.v:5230:11: Operator ASSIGNW expects 27 bits on the Assign RHS, but Assign RHS's SIGNED generates 8 bits.
[2026-04-21 23:30:06,561]                                                                                                          : ... In instance finn_design_wrapper.finn_design_i.MVAU_hls_0.MVAU_hls_0.inst.grp_Matrix_Vector_Activate_Stream_Batch_fu_150.mac_muladd_8s_8s_16s_17_4_1_U6.MVAU_hls_0_mac_muladd_8s_8s_16s_17_4_1_DSP48_0_U
[2026-04-21 23:30:06,561]  5230 | assign a  = $signed(in0);
[2026-04-21 23:30:06,561]       |           ^
[2026-04-21 23:30:06,561] %Warning-WIDTH: /tmp/finn_dev_emanuel-hernandez/vivado_stitch_proj_rgrwy7hk/finn_design_wrapper.v:5231:11: Operator ASSIGNW expects 18 bits on the Assign RHS, but Assign RHS's SIGNED generates 8 bits.
[2026-04-21 23:30:06,561]                                                                                                          : ... In instance finn_design_wrapper.finn_design_i.MVAU_hls_0.MVAU_hls_0.inst.grp_Matrix_Vector_Activate_Stream_Batch_fu_150.mac_muladd_8s_8s_16s_17_4_1_U6.MVAU_hls_0_mac_muladd_8s_8s_16s_17_4_1_DSP48_0_U
[2026-04-21 23:30:06,561]  5231 | assign b  = $signed(in1);
[2026-04-21 23:30:06,561]       |           ^
[2026-04-21 23:30:06,561] %Warning-WIDTH: /tmp/finn_dev_emanuel-hernandez/vivado_stitch_proj_rgrwy7hk/finn_design_wrapper.v:5232:11: Operator ASSIGNW expects 48 bits on the Assign RHS, but Assign RHS's SIGNED generates 16 bits.
[2026-04-21 23:30:06,561]                                                                                                          : ... In instance finn_design_wrapper.finn_design_i.MVAU_hls_0.MVAU_hls_0.inst.grp_Matrix_Vector_Activate_Stream_Batch_fu_150.mac_muladd_8s_8s_16s_17_4_1_U6.MVAU_hls_0_mac_muladd_8s_8s_16s_17_4_1_DSP48_0_U
[2026-04-21 23:30:06,561]  5232 | assign c  = $signed(in2);
[2026-04-21 23:30:06,561]       |           ^
[2026-04-21 23:30:06,561] %Warning-WIDTH: /tmp/finn_dev_emanuel-hernandez/vivado_stitch_proj_rgrwy7hk/finn_design_wrapper.v:5235:19: Operator ADD expects 48 bits on the LHS, but LHS's VARREF 'm_reg' generates 45 bits.
[2026-04-21 23:30:06,561]                                                                                                          : ... In instance finn_design_wrapper.finn_design_i.MVAU_hls_0.MVAU_hls_0.inst.grp_Matrix_Vector_Activate_Stream_Batch_fu_150.mac_muladd_8s_8s_16s_17_4_1_U6.MVAU_hls_0_mac_muladd_8s_8s_16s_17_4_1_DSP48_0_U
[2026-04-21 23:30:06,561]  5235 | assign p  = m_reg + c;
[2026-04-21 23:30:06,561]       |                   ^
[2026-04-21 23:30:06,561] %Warning-WIDTH: /tmp/finn_dev_emanuel-hernandez/vivado_stitch_proj_rgrwy7hk/finn_design_wrapper.v:5246:13: Operator ASSIGNW expects 17 bits on the Assign RHS, but Assign RHS's VARREF 'p_reg' generates 48 bits.
[2026-04-21 23:30:06,561]                                                                                                          : ... In instance finn_design_wrapper.finn_design_i.MVAU_hls_0.MVAU_hls_0.inst.grp_Matrix_Vector_Activate_Stream_Batch_fu_150.mac_muladd_8s_8s_16s_17_4_1_U6.MVAU_hls_0_mac_muladd_8s_8s_16s_17_4_1_DSP48_0_U
[2026-04-21 23:30:06,561]  5246 | assign dout = p_reg;
[2026-04-21 23:30:06,561]       |             ^
[2026-04-21 23:30:06,561] %Warning-WIDTH: /tmp/finn_dev_emanuel-hernandez/vivado_stitch_proj_rgrwy7hk/finn_design_wrapper.v:4502:11: Operator ASSIGNW expects 27 bits on the Assign RHS, but Assign RHS's SIGNED generates 8 bits.
[2026-04-21 23:30:06,561]                                                                                                          : ... In instance finn_design_wrapper.finn_design_i.MVAU_hls_0.MVAU_hls_0.inst.grp_Matrix_Vector_Activate_Stream_Batch_fu_150.mac_muladd_8s_8s_17s_17_4_1_U10.MVAU_hls_0_mac_muladd_8s_8s_17s_17_4_1_DSP48_1_U
[2026-04-21 23:30:06,561]  4502 | assign a  = $signed(in0);
[2026-04-21 23:30:06,561]       |           ^
[2026-04-21 23:30:06,561] %Warning-WIDTH: /tmp/finn_dev_emanuel-hernandez/vivado_stitch_proj_rgrwy7hk/finn_design_wrapper.v:4503:11: Operator ASSIGNW expects 18 bits on the Assign RHS, but Assign RHS's SIGNED generates 8 bits.
[2026-04-21 23:30:06,561]                                                                                                          : ... In instance finn_design_wrapper.finn_design_i.MVAU_hls_0.MVAU_hls_0.inst.grp_Matrix_Vector_Activate_Stream_Batch_fu_150.mac_muladd_8s_8s_17s_17_4_1_U10.MVAU_hls_0_mac_muladd_8s_8s_17s_17_4_1_DSP48_1_U
[2026-04-21 23:30:06,561]  4503 | assign b  = $signed(in1);
[2026-04-21 23:30:06,561]       |           ^
[2026-04-21 23:30:06,561] %Warning-WIDTH: /tmp/finn_dev_emanuel-hernandez/vivado_stitch_proj_rgrwy7hk/finn_design_wrapper.v:4504:11: Operator ASSIGNW expects 48 bits on the Assign RHS, but Assign RHS's SIGNED generates 17 bits.
[2026-04-21 23:30:06,561]                                                                                                          : ... In instance finn_design_wrapper.finn_design_i.MVAU_hls_0.MVAU_hls_0.inst.grp_Matrix_Vector_Activate_Stream_Batch_fu_150.mac_muladd_8s_8s_17s_17_4_1_U10.MVAU_hls_0_mac_muladd_8s_8s_17s_17_4_1_DSP48_1_U
[2026-04-21 23:30:06,561]  4504 | assign c  = $signed(in2);
[2026-04-21 23:30:06,562]       |           ^
[2026-04-21 23:30:06,562] %Warning-WIDTH: /tmp/finn_dev_emanuel-hernandez/vivado_stitch_proj_rgrwy7hk/finn_design_wrapper.v:4507:19: Operator ADD expects 48 bits on the LHS, but LHS's VARREF 'm_reg' generates 45 bits.
[2026-04-21 23:30:06,562]                                                                                                          : ... In instance finn_design_wrapper.finn_design_i.MVAU_hls_0.MVAU_hls_0.inst.grp_Matrix_Vector_Activate_Stream_Batch_fu_150.mac_muladd_8s_8s_17s_17_4_1_U10.MVAU_hls_0_mac_muladd_8s_8s_17s_17_4_1_DSP48_1_U
[2026-04-21 23:30:06,562]  4507 | assign p  = m_reg + c;
[2026-04-21 23:30:06,562]       |                   ^
[2026-04-21 23:30:06,562] %Warning-WIDTH: /tmp/finn_dev_emanuel-hernandez/vivado_stitch_proj_rgrwy7hk/finn_design_wrapper.v:4518:13: Operator ASSIGNW expects 17 bits on the Assign RHS, but Assign RHS's VARREF 'p_reg' generates 48 bits.
[2026-04-21 23:30:06,562]                                                                                                          : ... In instance finn_design_wrapper.finn_design_i.MVAU_hls_0.MVAU_hls_0.inst.grp_Matrix_Vector_Activate_Stream_Batch_fu_150.mac_muladd_8s_8s_17s_17_4_1_U10.MVAU_hls_0_mac_muladd_8s_8s_17s_17_4_1_DSP48_1_U
[2026-04-21 23:30:06,562]  4518 | assign dout = p_reg;
[2026-04-21 23:30:06,562]       |             ^
[2026-04-21 23:30:06,562] %Warning-WIDTH: /tmp/finn_dev_emanuel-hernandez/vivado_stitch_proj_rgrwy7hk/finn_design_wrapper.v:1567:11: Operator ASSIGNW expects 27 bits on the Assign RHS, but Assign RHS's SIGNED generates 8 bits.
[2026-04-21 23:30:06,562]                                                                                                          : ... In instance finn_design_wrapper.finn_design_i.MVAU_hls_0.MVAU_hls_0.inst.grp_Matrix_Vector_Activate_Stream_Batch_fu_150.mac_muladd_8s_8s_23s_23_4_1_U11.MVAU_hls_0_mac_muladd_8s_8s_23s_23_4_1_DSP48_2_U
[2026-04-21 23:30:06,562]  1567 | assign a  = $signed(in0);
[2026-04-21 23:30:06,562]       |           ^
[2026-04-21 23:30:06,562] %Warning-WIDTH: /tmp/finn_dev_emanuel-hernandez/vivado_stitch_proj_rgrwy7hk/finn_design_wrapper.v:1568:11: Operator ASSIGNW expects 18 bits on the Assign RHS, but Assign RHS's SIGNED generates 8 bits.
[2026-04-21 23:30:06,562]                                                                                                          : ... In instance finn_design_wrapper.finn_design_i.MVAU_hls_0.MVAU_hls_0.inst.grp_Matrix_Vector_Activate_Stream_Batch_fu_150.mac_muladd_8s_8s_23s_23_4_1_U11.MVAU_hls_0_mac_muladd_8s_8s_23s_23_4_1_DSP48_2_U
[2026-04-21 23:30:06,562]  1568 | assign b  = $signed(in1);
[2026-04-21 23:30:06,562]       |           ^
[2026-04-21 23:30:06,562] %Warning-WIDTH: /tmp/finn_dev_emanuel-hernandez/vivado_stitch_proj_rgrwy7hk/finn_design_wrapper.v:1569:11: Operator ASSIGNW expects 48 bits on the Assign RHS, but Assign RHS's SIGNED generates 23 bits.
[2026-04-21 23:30:06,562]                                                                                                          : ... In instance finn_design_wrapper.finn_design_i.MVAU_hls_0.MVAU_hls_0.inst.grp_Matrix_Vector_Activate_Stream_Batch_fu_150.mac_muladd_8s_8s_23s_23_4_1_U11.MVAU_hls_0_mac_muladd_8s_8s_23s_23_4_1_DSP48_2_U
[2026-04-21 23:30:06,562]  1569 | assign c  = $signed(in2);
[2026-04-21 23:30:06,562]       |           ^
[2026-04-21 23:30:06,562] %Warning-WIDTH: /tmp/finn_dev_emanuel-hernandez/vivado_stitch_proj_rgrwy7hk/finn_design_wrapper.v:1572:19: Operator ADD expects 48 bits on the LHS, but LHS's VARREF 'm_reg' generates 45 bits.
[2026-04-21 23:30:06,562]                                                                                                          : ... In instance finn_design_wrapper.finn_design_i.MVAU_hls_0.MVAU_hls_0.inst.grp_Matrix_Vector_Activate_Stream_Batch_fu_150.mac_muladd_8s_8s_23s_23_4_1_U11.MVAU_hls_0_mac_muladd_8s_8s_23s_23_4_1_DSP48_2_U
[2026-04-21 23:30:06,562]  1572 | assign p  = m_reg + c;
[2026-04-21 23:30:06,562]       |                   ^
[2026-04-21 23:30:06,562] %Warning-WIDTH: /tmp/finn_dev_emanuel-hernandez/vivado_stitch_proj_rgrwy7hk/finn_design_wrapper.v:1583:13: Operator ASSIGNW expects 23 bits on the Assign RHS, but Assign RHS's VARREF 'p_reg' generates 48 bits.
[2026-04-21 23:30:06,562]                                                                                                          : ... In instance finn_design_wrapper.finn_design_i.MVAU_hls_0.MVAU_hls_0.inst.grp_Matrix_Vector_Activate_Stream_Batch_fu_150.mac_muladd_8s_8s_23s_23_4_1_U11.MVAU_hls_0_mac_muladd_8s_8s_23s_23_4_1_DSP48_2_U
[2026-04-21 23:30:06,562]  1583 | assign dout = p_reg;
[2026-04-21 23:30:06,562]       |             ^
[2026-04-21 23:30:06,562] %Warning-UNPACKED: /tmp/finn_dev_emanuel-hernandez/vivado_stitch_proj_rgrwy7hk/finn_design_wrapper.v:6159:10: Unsupported: Unpacked struct/union
[2026-04-21 23:30:06,562]                                                                                                             : ... In instance finn_design_wrapper.finn_design_i.MVAU_rtl_0.MVAU_rtl_0_wstrm.inst.core.mem
[2026-04-21 23:30:06,562]  6159 |  typedef struct {
[2026-04-21 23:30:06,562]       |          ^~~~~~
[2026-04-21 23:30:06,562] %Warning-WIDTH: /tmp/finn_dev_emanuel-hernandez/vivado_stitch_proj_rgrwy7hk/finn_design_wrapper.v:6182:36: Operator ADD expects 32 bits on the LHS, but LHS's SEL generates 10 bits.
[2026-04-21 23:30:06,562]                                                                                                          : ... In instance finn_design_wrapper.finn_design_i.MVAU_rtl_0.MVAU_rtl_0_wstrm.inst.core.mem
[2026-04-21 23:30:06,562]  6182 |   assign ptr_nxt.val = ptr_eff.val + (config_ce? 0 : !ptr_eff.lst? 1 : WRAP_INC);
[2026-04-21 23:30:06,562]       |                                    ^
[2026-04-21 23:30:06,562] %Warning-WIDTH: /tmp/finn_dev_emanuel-hernandez/vivado_stitch_proj_rgrwy7hk/finn_design_wrapper.v:6182:22: Operator ASSIGNW expects 10 bits on the Assign RHS, but Assign RHS's ADD generates 32 bits.
[2026-04-21 23:30:06,562]                                                                                                          : ... In instance finn_design_wrapper.finn_design_i.MVAU_rtl_0.MVAU_rtl_0_wstrm.inst.core.mem
[2026-04-21 23:30:06,562]  6182 |   assign ptr_nxt.val = ptr_eff.val + (config_ce? 0 : !ptr_eff.lst? 1 : WRAP_INC);
[2026-04-21 23:30:06,562]       |                      ^
[2026-04-21 23:30:06,562] %Warning-WIDTH: /tmp/finn_dev_emanuel-hernandez/vivado_stitch_proj_rgrwy7hk/finn_design_wrapper.v:6187:20: Operator EQ expects 32 bits on the LHS, but LHS's SEL generates 10 bits.
[2026-04-21 23:30:06,562]                                                                                                          : ... In instance finn_design_wrapper.finn_design_i.MVAU_rtl_0.MVAU_rtl_0_wstrm.inst.core.mem
[2026-04-21 23:30:06,562]  6187 |        ptr_eff.val == DEPTH-2;
[2026-04-21 23:30:06,562]       |                    ^~
[2026-04-21 23:30:06,562] %Warning-WIDTH: /tmp/finn_dev_emanuel-hernandez/vivado_stitch_proj_rgrwy7hk/finn_design_wrapper.v:6210:19: Operator PATMEMBER expects 10 bits on the Pattern value, but Pattern value's VARREF 'config_address' generates 32 bits.
[2026-04-21 23:30:06,562]                                                                                                          : ... In instance finn_design_wrapper.finn_design_i.MVAU_rtl_0.MVAU_rtl_0_wstrm.inst.core.mem
[2026-04-21 23:30:06,562]  6210 |      Ptr[1] <= '{ val: config_address, lst: 'x };
[2026-04-21 23:30:06,562]       |                   ^~~
[2026-04-21 23:30:06,562] %Warning-WIDTH: /tmp/finn_dev_emanuel-hernandez/vivado_stitch_proj_rgrwy7hk/finn_design_wrapper.v:11004:27: Operator ASSIGNW expects 32 bits on the Assign RHS, but Assign RHS's VARREF 'ip_rdata' generates 8 bits.
[2026-04-21 23:30:06,562]                                                                                                           : ... In instance finn_design_wrapper.finn_design_i.MVAU_rtl_0.MVAU_rtl_0_wstrm.inst.core.config_if
[2026-04-21 23:30:06,562] 11004 |     assign internal_rdata = ip_rdata;
[2026-04-21 23:30:06,562]       |                           ^
[2026-04-21 23:30:06,562] %Warning-LITENDIAN: /tmp/finn_dev_emanuel-hernandez/vivado_stitch_proj_rgrwy7hk/finn_design_wrapper.v:232:8: Little bit endian vector: left < right of bit range: [1:5]
[2026-04-21 23:30:06,562]                                                                                                            : ... In instance finn_design_wrapper.finn_design_i.MVAU_rtl_0.MVAU_rtl_0.inst.inst.blkDsp.genblk2.core
[2026-04-21 23:30:06,562]   232 |  logic [1:5] L = '0;
[2026-04-21 23:30:06,562]       |        ^
[2026-04-21 23:30:06,562] %Warning-WIDTH: /tmp/finn_dev_emanuel-hernandez/vivado_stitch_proj_rgrwy7hk/finn_design_wrapper.v:285:44: Operator ASSIGN expects 7 bits on the Assign RHS, but Assign RHS's ARRAYSEL generates 8 bits.
[2026-04-21 23:30:06,562]                                                                                                         : ... In instance finn_design_wrapper.finn_design_i.MVAU_rtl_0.MVAU_rtl_0.inst.inst.blkDsp.genblk2.core
[2026-04-21 23:30:06,562]   285 |       dd[D[pe + PE_REM] +: WEIGHT_WIDTH-1] = ww[pe];
[2026-04-21 23:30:06,562]       |                                            ^
[2026-04-21 23:30:06,562] %Warning-WIDTH: /tmp/finn_dev_emanuel-hernandez/vivado_stitch_proj_rgrwy7hk/finn_design_wrapper.v:307:29: Operator SUB expects 30 bits on the LHS, but LHS's VARREF 'dd' generates 27 bits.
[2026-04-21 23:30:06,562]                                                                                                         : ... In instance finn_design_wrapper.finn_design_i.MVAU_rtl_0.MVAU_rtl_0.inst.inst.blkDsp.genblk2.core
[2026-04-21 23:30:06,562]   307 |      else if(en)  AD1 <= dd - aa;
[2026-04-21 23:30:06,562]       |                             ^
[2026-04-21 23:30:06,562] %Warning-WIDTH: /tmp/finn_dev_emanuel-hernandez/vivado_stitch_proj_rgrwy7hk/finn_design_wrapper.v:307:23: Operator ASSIGNDLY expects 27 bits on the Assign RHS, but Assign RHS's SUB generates 30 bits.
[2026-04-21 23:30:06,562]                                                                                                         : ... In instance finn_design_wrapper.finn_design_i.MVAU_rtl_0.MVAU_rtl_0.inst.inst.blkDsp.genblk2.core
[2026-04-21 23:30:06,562]   307 |      else if(en)  AD1 <= dd - aa;
[2026-04-21 23:30:06,562]       |                       ^~
[2026-04-21 23:30:06,562] %Warning-WIDTH: /tmp/finn_dev_emanuel-hernandez/vivado_stitch_proj_rgrwy7hk/finn_design_wrapper.v:325:28: Operator ADD expects 48 bits on the LHS, but LHS's VARREF 'M2' generates 46 bits.
[2026-04-21 23:30:06,562]                                                                                                         : ... In instance finn_design_wrapper.finn_design_i.MVAU_rtl_0.MVAU_rtl_0.inst.inst.blkDsp.genblk2.core
[2026-04-21 23:30:06,562]   325 |      else if(en)  P3 <= M2 + (L[3]? 0 : P3);
[2026-04-21 23:30:06,562]       |                            ^
[2026-04-21 23:30:06,562] %Warning-WIDTH: /tmp/finn_dev_emanuel-hernandez/vivado_stitch_proj_rgrwy7hk/finn_design_wrapper.v:693:20: Operator SUB expects 24 bits on the RHS, but RHS's VARREF 'hi4' generates 13 bits.
[2026-04-21 23:30:06,562]                                                                                                         : ... In instance finn_design_wrapper.finn_design_i.MVAU_rtl_0.MVAU_rtl_0.inst.inst.blkDsp.genblk2.core
[2026-04-21 23:30:06,562]   693 |     Res5[1] <= up4 - hi4;
[2026-04-21 23:30:06,562]       |                    ^
[2026-04-21 23:30:06,562] %Warning-WIDTH: /tmp/finn_dev_emanuel-hernandez/vivado_stitch_proj_rgrwy7hk/finn_design_wrapper.v:694:56: Operator ADD expects 25 bits on the RHS, but RHS's SIGNED generates 13 bits.
[2026-04-21 23:30:06,562]                                                                                                         : ... In instance finn_design_wrapper.finn_design_i.MVAU_rtl_0.MVAU_rtl_0.inst.inst.blkDsp.genblk2.core
[2026-04-21 23:30:06,562]   694 |     Res5[0] <= $signed({ hi4, {(D[1] - D[0]){1'b0}} }) + $signed({ 1'b0, lo4 });
[2026-04-21 23:30:06,562]       |                                                        ^
[2026-04-21 23:30:06,562] %Warning-WIDTH: /tmp/finn_dev_emanuel-hernandez/vivado_stitch_proj_rgrwy7hk/finn_design_wrapper.v:694:13: Operator ASSIGNDLY expects 24 bits on the Assign RHS, but Assign RHS's ADD generates 25 bits.
[2026-04-21 23:30:06,562]                                                                                                         : ... In instance finn_design_wrapper.finn_design_i.MVAU_rtl_0.MVAU_rtl_0.inst.inst.blkDsp.genblk2.core
[2026-04-21 23:30:06,562]   694 |     Res5[0] <= $signed({ hi4, {(D[1] - D[0]){1'b0}} }) + $signed({ 1'b0, lo4 });
[2026-04-21 23:30:06,562]       |             ^~
[2026-04-21 23:30:06,562] %Warning-WIDTH: /tmp/finn_dev_emanuel-hernandez/vivado_stitch_proj_rgrwy7hk/finn_design_wrapper.v:11958:20: Operator ADD expects 32 bits on the LHS, but LHS's VARREF 'Count' generates 6 bits.
[2026-04-21 23:30:06,562]                                                                                                           : ... In instance finn_design_wrapper.finn_design_i.MVAU_rtl_0.MVAU_rtl_0.inst.inst.activation_replay
[2026-04-21 23:30:06,562] 11958 |     Count <= Count + (Last? 2**$clog2(LEN)-LEN+1 : 1);
[2026-04-21 23:30:06,562]       |                    ^
[2026-04-21 23:30:06,562] %Warning-WIDTH: /tmp/finn_dev_emanuel-hernandez/vivado_stitch_proj_rgrwy7hk/finn_design_wrapper.v:11958:11: Operator ASSIGNDLY expects 6 bits on the Assign RHS, but Assign RHS's ADD generates 32 bits.
[2026-04-21 23:30:06,562]                                                                                                           : ... In instance finn_design_wrapper.finn_design_i.MVAU_rtl_0.MVAU_rtl_0.inst.inst.activation_replay
[2026-04-21 23:30:06,562] 11958 |     Count <= Count + (Last? 2**$clog2(LEN)-LEN+1 : 1);
[2026-04-21 23:30:06,562]       |           ^~
[2026-04-21 23:30:06,562] %Warning-WIDTH: /tmp/finn_dev_emanuel-hernandez/vivado_stitch_proj_rgrwy7hk/finn_design_wrapper.v:11959:26: Operator NOT expects 32 bits on the LHS, but LHS's VARREF 'Count' generates 6 bits.
[2026-04-21 23:30:06,562]                                                                                                           : ... In instance finn_design_wrapper.finn_design_i.MVAU_rtl_0.MVAU_rtl_0.inst.inst.activation_replay
[2026-04-21 23:30:06,562] 11959 |     Last  <= (((LEN-2) & ~Count) == 0) && ((LEN&1) || !Last);
[2026-04-21 23:30:06,562]       |                          ^
[2026-04-21 23:30:06,562] %Warning-WIDTH: /tmp/finn_dev_emanuel-hernandez/vivado_stitch_proj_rgrwy7hk/finn_design_wrapper.v:11959:52: Logical operator LOGOR expects 1 bit on the LHS, but LHS's AND generates 32 bits.
[2026-04-21 23:30:06,562]                                                                                                           : ... In instance finn_design_wrapper.finn_design_i.MVAU_rtl_0.MVAU_rtl_0.inst.inst.activation_replay
[2026-04-21 23:30:06,562] 11959 |     Last  <= (((LEN-2) & ~Count) == 0) && ((LEN&1) || !Last);
[2026-04-21 23:30:06,562]       |                                                    ^~
[2026-04-21 23:30:06,562] %Warning-WIDTH: /tmp/finn_dev_emanuel-hernandez/vivado_stitch_proj_rgrwy7hk/finn_design_wrapper.v:11988:23: Operator ADD expects 32 bits on the LHS, but LHS's VARREF 'RepCnt' generates 4 bits.
[2026-04-21 23:30:06,562]                                                                                                           : ... In instance finn_design_wrapper.finn_design_i.MVAU_rtl_0.MVAU_rtl_0.inst.inst.activation_replay
[2026-04-21 23:30:06,562] 11988 |      RepCnt <= RepCnt + (RepLst? 2**$clog2(REP)-REP+1 : 1);
[2026-04-21 23:30:06,562]       |                       ^
[2026-04-21 23:30:06,562] %Warning-WIDTH: /tmp/finn_dev_emanuel-hernandez/vivado_stitch_proj_rgrwy7hk/finn_design_wrapper.v:11988:13: Operator ASSIGNDLY expects 4 bits on the Assign RHS, but Assign RHS's ADD generates 32 bits.
[2026-04-21 23:30:06,562]                                                                                                           : ... In instance finn_design_wrapper.finn_design_i.MVAU_rtl_0.MVAU_rtl_0.inst.inst.activation_replay
[2026-04-21 23:30:06,562] 11988 |      RepCnt <= RepCnt + (RepLst? 2**$clog2(REP)-REP+1 : 1);
[2026-04-21 23:30:06,562]       |             ^~
[2026-04-21 23:30:06,562] %Warning-WIDTH: /tmp/finn_dev_emanuel-hernandez/vivado_stitch_proj_rgrwy7hk/finn_design_wrapper.v:11989:28: Operator NOT expects 32 bits on the LHS, but LHS's VARREF 'RepCnt' generates 4 bits.
[2026-04-21 23:30:06,562]                                                                                                           : ... In instance finn_design_wrapper.finn_design_i.MVAU_rtl_0.MVAU_rtl_0.inst.inst.activation_replay
[2026-04-21 23:30:06,562] 11989 |      RepLst <= (((REP-2) & ~RepCnt) == 0) && ((REP&1) || !RepLst);
[2026-04-21 23:30:06,562]       |                            ^
[2026-04-21 23:30:06,562] %Warning-WIDTH: /tmp/finn_dev_emanuel-hernandez/vivado_stitch_proj_rgrwy7hk/finn_design_wrapper.v:11989:55: Logical operator LOGOR expects 1 bit on the LHS, but LHS's AND generates 32 bits.
[2026-04-21 23:30:06,562]                                                                                                           : ... In instance finn_design_wrapper.finn_design_i.MVAU_rtl_0.MVAU_rtl_0.inst.inst.activation_replay
[2026-04-21 23:30:06,562] 11989 |      RepLst <= (((REP-2) & ~RepCnt) == 0) && ((REP&1) || !RepLst);
[2026-04-21 23:30:06,562]       |                                                       ^~
[2026-04-21 23:30:06,562] %Warning-WIDTH: /tmp/finn_dev_emanuel-hernandez/vivado_stitch_proj_rgrwy7hk/finn_design_wrapper.v:12023:17: Logical operator LOGNOT expects 1 bit on the LHS, but LHS's SHIFTR generates 7 bits.
[2026-04-21 23:30:06,562]                                                                                                           : ... In instance finn_design_wrapper.finn_design_i.MVAU_rtl_0.MVAU_rtl_0.inst.inst.activation_replay
[2026-04-21 23:30:06,562] 12023 |   assign irdy = !((WP-FP) >> AWIDTH);
[2026-04-21 23:30:06,563]       |                 ^
[2026-04-21 23:30:06,563] %Warning-WIDTH: /tmp/finn_dev_emanuel-hernandez/vivado_stitch_proj_rgrwy7hk/finn_design_wrapper.v:12049:16: Operator ADD expects 32 bits on the LHS, but LHS's VARREF 'RP' generates 7 bits.
[2026-04-21 23:30:06,563]                                                                                                           : ... In instance finn_design_wrapper.finn_design_i.MVAU_rtl_0.MVAU_rtl_0.inst.inst.activation_replay
[2026-04-21 23:30:06,563] 12049 |       RP <= RP + (rewind? 2**(AWIDTH+1)-LEN+1 : 1);
[2026-04-21 23:30:06,563]       |                ^
[2026-04-21 23:30:06,563] %Warning-WIDTH: /tmp/finn_dev_emanuel-hernandez/vivado_stitch_proj_rgrwy7hk/finn_design_wrapper.v:12049:10: Operator ASSIGNDLY expects 7 bits on the Assign RHS, but Assign RHS's ADD generates 32 bits.
[2026-04-21 23:30:06,563]                                                                                                           : ... In instance finn_design_wrapper.finn_design_i.MVAU_rtl_0.MVAU_rtl_0.inst.inst.activation_replay
[2026-04-21 23:30:06,563] 12049 |       RP <= RP + (rewind? 2**(AWIDTH+1)-LEN+1 : 1);
[2026-04-21 23:30:06,563]       |          ^~
[2026-04-21 23:30:06,563] %Warning-WIDTH: /tmp/finn_dev_emanuel-hernandez/vivado_stitch_proj_rgrwy7hk/finn_design_wrapper.v:12050:16: Operator ADD expects 7 bits on the RHS, but RHS's VARREF 'last_rep' generates 1 bits.
[2026-04-21 23:30:06,563]                                                                                                           : ... In instance finn_design_wrapper.finn_design_i.MVAU_rtl_0.MVAU_rtl_0.inst.inst.activation_replay
[2026-04-21 23:30:06,563] 12050 |       FP <= FP + last_rep;
[2026-04-21 23:30:06,563]       |                ^
[2026-04-21 23:30:06,563] %Warning-WIDTH: /tmp/finn_dev_emanuel-hernandez/vivado_stitch_proj_rgrwy7hk/finn_design_wrapper.v:6182:36: Operator ADD expects 32 bits on the LHS, but LHS's SEL generates 13 bits.
[2026-04-21 23:30:06,563]                                                                                                          : ... In instance finn_design_wrapper.finn_design_i.MVAU_hls_1.MVAU_hls_1_wstrm.inst.core.mem
[2026-04-21 23:30:06,563]  6182 |   assign ptr_nxt.val = ptr_eff.val + (config_ce? 0 : !ptr_eff.lst? 1 : WRAP_INC);
[2026-04-21 23:30:06,563]       |                                    ^
[2026-04-21 23:30:06,563] %Warning-WIDTH: /tmp/finn_dev_emanuel-hernandez/vivado_stitch_proj_rgrwy7hk/finn_design_wrapper.v:6182:22: Operator ASSIGNW expects 13 bits on the Assign RHS, but Assign RHS's ADD generates 32 bits.
[2026-04-21 23:30:06,563]                                                                                                          : ... In instance finn_design_wrapper.finn_design_i.MVAU_hls_1.MVAU_hls_1_wstrm.inst.core.mem
[2026-04-21 23:30:06,563]  6182 |   assign ptr_nxt.val = ptr_eff.val + (config_ce? 0 : !ptr_eff.lst? 1 : WRAP_INC);
[2026-04-21 23:30:06,563]       |                      ^
[2026-04-21 23:30:06,563] %Warning-WIDTH: /tmp/finn_dev_emanuel-hernandez/vivado_stitch_proj_rgrwy7hk/finn_design_wrapper.v:6187:20: Operator EQ expects 32 bits on the LHS, but LHS's SEL generates 13 bits.
[2026-04-21 23:30:06,563]                                                                                                          : ... In instance finn_design_wrapper.finn_design_i.MVAU_hls_1.MVAU_hls_1_wstrm.inst.core.mem
[2026-04-21 23:30:06,563]  6187 |        ptr_eff.val == DEPTH-2;
[2026-04-21 23:30:06,563]       |                    ^~
[2026-04-21 23:30:06,563] %Warning-WIDTH: /tmp/finn_dev_emanuel-hernandez/vivado_stitch_proj_rgrwy7hk/finn_design_wrapper.v:6210:19: Operator PATMEMBER expects 13 bits on the Pattern value, but Pattern value's VARREF 'config_address' generates 32 bits.
[2026-04-21 23:30:06,563]                                                                                                          : ... In instance finn_design_wrapper.finn_design_i.MVAU_hls_1.MVAU_hls_1_wstrm.inst.core.mem
[2026-04-21 23:30:06,563]  6210 |      Ptr[1] <= '{ val: config_address, lst: 'x };
[2026-04-21 23:30:06,563]       |                   ^~~
[2026-04-21 23:30:06,563] %Warning-WIDTH: /tmp/finn_dev_emanuel-hernandez/vivado_stitch_proj_rgrwy7hk/finn_design_wrapper.v:6182:36: Operator ADD expects 32 bits on the LHS, but LHS's SEL generates 14 bits.
[2026-04-21 23:30:06,563]                                                                                                          : ... In instance finn_design_wrapper.finn_design_i.MVAU_hls_0.MVAU_hls_0_wstrm.inst.core.mem
[2026-04-21 23:30:06,563]  6182 |   assign ptr_nxt.val = ptr_eff.val + (config_ce? 0 : !ptr_eff.lst? 1 : WRAP_INC);
[2026-04-21 23:30:06,563]       |                                    ^
[2026-04-21 23:30:06,563] %Warning-WIDTH: /tmp/finn_dev_emanuel-hernandez/vivado_stitch_proj_rgrwy7hk/finn_design_wrapper.v:6182:22: Operator ASSIGNW expects 14 bits on the Assign RHS, but Assign RHS's ADD generates 32 bits.
[2026-04-21 23:30:06,563]                                                                                                          : ... In instance finn_design_wrapper.finn_design_i.MVAU_hls_0.MVAU_hls_0_wstrm.inst.core.mem
[2026-04-21 23:30:06,563]  6182 |   assign ptr_nxt.val = ptr_eff.val + (config_ce? 0 : !ptr_eff.lst? 1 : WRAP_INC);
[2026-04-21 23:30:06,563]       |                      ^
[2026-04-21 23:30:06,563] %Warning-WIDTH: /tmp/finn_dev_emanuel-hernandez/vivado_stitch_proj_rgrwy7hk/finn_design_wrapper.v:6187:20: Operator EQ expects 32 bits on the LHS, but LHS's SEL generates 14 bits.
[2026-04-21 23:30:06,563]                                                                                                          : ... In instance finn_design_wrapper.finn_design_i.MVAU_hls_0.MVAU_hls_0_wstrm.inst.core.mem
[2026-04-21 23:30:06,563]  6187 |        ptr_eff.val == DEPTH-2;
[2026-04-21 23:30:06,563]       |                    ^~
[2026-04-21 23:30:06,563] %Warning-WIDTH: /tmp/finn_dev_emanuel-hernandez/vivado_stitch_proj_rgrwy7hk/finn_design_wrapper.v:6210:19: Operator PATMEMBER expects 14 bits on the Pattern value, but Pattern value's VARREF 'config_address' generates 32 bits.
[2026-04-21 23:30:06,563]                                                                                                          : ... In instance finn_design_wrapper.finn_design_i.MVAU_hls_0.MVAU_hls_0_wstrm.inst.core.mem
[2026-04-21 23:30:06,563]  6210 |      Ptr[1] <= '{ val: config_address, lst: 'x };
[2026-04-21 23:30:06,563]       |                   ^~~
[2026-04-21 23:30:06,563] %Warning-WIDTH: /tmp/finn_dev_emanuel-hernandez/vivado_stitch_proj_rgrwy7hk/finn_design_wrapper.v:11010:27: Operator ASSIGNW expects 32 bits on the Assign RHS, but Assign RHS's SHIFTR generates 128 bits.
[2026-04-21 23:30:06,563]                                                                                                           : ... In instance finn_design_wrapper.finn_design_i.MVAU_hls_0.MVAU_hls_0_wstrm.inst.core.config_if
[2026-04-21 23:30:06,563] 11010 |     assign internal_rdata = ip_rdata >> (internal_rfold*DATA_WIDTH);
[2026-04-21 23:30:06,563]       |                           ^
[2026-04-21 23:30:06,563] %Warning-STMTDLY: /tmp/finn_dev_emanuel-hernandez/vivado_stitch_proj_rgrwy7hk/finn_design_wrapper.v:13656:2: Unsupported: Ignoring delay on this delayed statement.
[2026-04-21 23:30:06,563]                                                                                                            : ... In instance finn_design_wrapper.finn_design_i.MVAU_hls_1.MVAU_hls_1.inst.grp_Matrix_Vector_Activate_Stream_Batch_fu_60.flow_control_loop_pipe_sequential_init_U
[2026-04-21 23:30:06,563] 13656 | #0 ap_loop_init_int = 1'b1;
[2026-04-21 23:30:06,563]       |  ^
[2026-04-21 23:30:06,563] %Warning-STMTDLY: /tmp/finn_dev_emanuel-hernandez/vivado_stitch_proj_rgrwy7hk/finn_design_wrapper.v:13657:2: Unsupported: Ignoring delay on this delayed statement.
[2026-04-21 23:30:06,563]                                                                                                            : ... In instance finn_design_wrapper.finn_design_i.MVAU_hls_1.MVAU_hls_1.inst.grp_Matrix_Vector_Activate_Stream_Batch_fu_60.flow_control_loop_pipe_sequential_init_U
[2026-04-21 23:30:06,563] 13657 | #0 ap_done_cache = 1'b0;
[2026-04-21 23:30:06,563]       |  ^
[2026-04-21 23:30:06,563] %Warning-STMTDLY: /tmp/finn_dev_emanuel-hernandez/vivado_stitch_proj_rgrwy7hk/finn_design_wrapper.v:6761:2: Unsupported: Ignoring delay on this delayed statement.
[2026-04-21 23:30:06,563]                                                                                                           : ... In instance finn_design_wrapper.finn_design_i.MVAU_hls_0.MVAU_hls_0.inst.grp_Matrix_Vector_Activate_Stream_Batch_fu_150.flow_control_loop_pipe_sequential_init_U
[2026-04-21 23:30:06,563]  6761 | #0 ap_loop_init_int = 1'b1;
[2026-04-21 23:30:06,563]       |  ^
[2026-04-21 23:30:06,563] %Warning-STMTDLY: /tmp/finn_dev_emanuel-hernandez/vivado_stitch_proj_rgrwy7hk/finn_design_wrapper.v:6762:2: Unsupported: Ignoring delay on this delayed statement.
[2026-04-21 23:30:06,563]                                                                                                           : ... In instance finn_design_wrapper.finn_design_i.MVAU_hls_0.MVAU_hls_0.inst.grp_Matrix_Vector_Activate_Stream_Batch_fu_150.flow_control_loop_pipe_sequential_init_U
[2026-04-21 23:30:06,563]  6762 | #0 ap_done_cache = 1'b0;
[2026-04-21 23:30:06,563]       |  ^
[2026-04-21 23:30:06,563] %Warning-WIDTH: /tmp/finn_dev_emanuel-hernandez/vivado_stitch_proj_rgrwy7hk/finn_design_wrapper.v:22650:4: Logical operator IF expects 1 bit on the If, but If's MODDIV generates 32 bits.
[2026-04-21 23:30:06,563]                                                                                                          : ... In instance finn_design_wrapper.finn_design_i.StreamingDataWidthConverter_rtl_0.inst.impl.core
[2026-04-21 23:30:06,563] 22650 |    if(IBITS % OBITS) begin
[2026-04-21 23:30:06,563]       |    ^~
[2026-04-21 23:30:06,563] %Warning-WIDTH: /tmp/finn_dev_emanuel-hernandez/vivado_stitch_proj_rgrwy7hk/finn_design_wrapper.v:22679:11: Operator ASSIGN expects 3 bits on the Assign RHS, but Assign RHS's COND generates 32 bits.
[2026-04-21 23:30:06,563]                                                                                                           : ... In instance finn_design_wrapper.finn_design_i.StreamingDataWidthConverter_rtl_0.inst.impl.core
[2026-04-21 23:30:06,563] 22679 |      acnt = ivld? -K+1 : 1;
[2026-04-21 23:30:06,563]       |           ^
[2026-04-21 23:30:06,563] %Warning-WIDTH: /tmp/finn_dev_emanuel-hernandez/vivado_stitch_proj_rgrwy7hk/finn_design_wrapper.v:22685:18: Operator ADD expects 3 bits on the RHS, but RHS's VARREF 'ainc' generates 1 bits.
[2026-04-21 23:30:06,563]                                                                                                           : ... In instance finn_design_wrapper.finn_design_i.StreamingDataWidthConverter_rtl_0.inst.impl.core
[2026-04-21 23:30:06,563] 22685 |     ACnt <= acnt + ainc;
[2026-04-21 23:30:06,563]       |                  ^
[2026-04-21 23:30:06,563] %Warning-WIDTH: /tmp/finn_dev_emanuel-hernandez/vivado_stitch_proj_rgrwy7hk/finn_design_wrapper.v:15563:4: Output port connection 'ip_addr' expects 12 bits on the pin connection, but pin connection's VARREF 'config_address' generates 32 bits.
[2026-04-21 23:30:06,563]                                                                                                          : ... In instance finn_design_wrapper.finn_design_i.MVAU_rtl_0.MVAU_rtl_0_wstrm.inst.core
[2026-04-21 23:30:06,563] 15563 |   .ip_addr(config_address),
[2026-04-21 23:30:06,563]       |    ^~~~~~~
[2026-04-21 23:30:06,563] %Warning-WIDTH: /tmp/finn_dev_emanuel-hernandez/vivado_stitch_proj_rgrwy7hk/finn_design_wrapper.v:818:75: Operator EQ expects 144 bits on the LHS, but LHS's VARREF 'COMPUTE_CORE' generates 120 bits.
[2026-04-21 23:30:06,563]                                                                                                         : ... In instance finn_design_wrapper.finn_design_i.MVAU_rtl_0.MVAU_rtl_0.inst.inst
[2026-04-21 23:30:06,563]   818 |    if (!(SIGNED_ACTIVATIONS == 1 && ACTIVATION_WIDTH == 9 && COMPUTE_CORE == "mvu_vvu_8sx9_dsp58")) begin
[2026-04-21 23:30:06,563]       |                                                                           ^~
[2026-04-21 23:30:06,563] %Warning-WIDTH: /tmp/finn_dev_emanuel-hernandez/vivado_stitch_proj_rgrwy7hk/finn_design_wrapper.v:823:20: Operator EQ expects 144 bits on the LHS, but LHS's VARREF 'COMPUTE_CORE' generates 120 bits.
[2026-04-21 23:30:06,563]                                                                                                         : ... In instance finn_design_wrapper.finn_design_i.MVAU_rtl_0.MVAU_rtl_0.inst.inst
[2026-04-21 23:30:06,563]   823 |   if (COMPUTE_CORE == "mvu_vvu_8sx9_dsp58") begin
[2026-04-21 23:30:06,563]       |                    ^~
[2026-04-21 23:30:06,563] %Warning-WIDTH: /tmp/finn_dev_emanuel-hernandez/vivado_stitch_proj_rgrwy7hk/finn_design_wrapper.v:833:21: Operator NEQ expects 144 bits on the LHS, but LHS's VARREF 'COMPUTE_CORE' generates 120 bits.
[2026-04-21 23:30:06,563]                                                                                                         : ... In instance finn_design_wrapper.finn_design_i.MVAU_rtl_0.MVAU_rtl_0.inst.inst
[2026-04-21 23:30:06,563]   833 |    if (COMPUTE_CORE != "mvu_vvu_8sx9_dsp58" && COMPUTE_CORE != "mvu_vvu_lut") begin
[2026-04-21 23:30:06,563]       |                     ^~
[2026-04-21 23:30:06,563] %Warning-WIDTH: /tmp/finn_dev_emanuel-hernandez/vivado_stitch_proj_rgrwy7hk/finn_design_wrapper.v:15563:4: Output port connection 'ip_addr' expects 15 bits on the pin connection, but pin connection's VARREF 'config_address' generates 32 bits.
[2026-04-21 23:30:06,563]                                                                                                          : ... In instance finn_design_wrapper.finn_design_i.MVAU_hls_1.MVAU_hls_1_wstrm.inst.core
[2026-04-21 23:30:06,563] 15563 |   .ip_addr(config_address),
[2026-04-21 23:30:06,563]       |    ^~~~~~~
[2026-04-21 23:30:06,563] %Warning-WIDTH: /tmp/finn_dev_emanuel-hernandez/vivado_stitch_proj_rgrwy7hk/finn_design_wrapper.v:15563:4: Output port connection 'ip_addr' expects 18 bits on the pin connection, but pin connection's VARREF 'config_address' generates 32 bits.
[2026-04-21 23:30:06,563]                                                                                                          : ... In instance finn_design_wrapper.finn_design_i.MVAU_hls_0.MVAU_hls_0_wstrm.inst.core
[2026-04-21 23:30:06,563] 15563 |   .ip_addr(config_address),
[2026-04-21 23:30:06,563]       |    ^~~~~~~
[2026-04-21 23:30:06,563] %Warning-STMTDLY: /tmp/finn_dev_emanuel-hernandez/vivado_stitch_proj_rgrwy7hk/finn_design_wrapper.v:16796:2: Unsupported: Ignoring delay on this delayed statement.
[2026-04-21 23:30:06,563]                                                                                                            : ... In instance finn_design_wrapper.finn_design_i.MVAU_hls_0.MVAU_hls_0.inst.grp_Matrix_Vector_Activate_Stream_Batch_fu_150
[2026-04-21 23:30:06,563] 16796 | #0 ap_CS_iter0_fsm = 1'd1;
[2026-04-21 23:30:06,563]       |  ^
[2026-04-21 23:30:06,563] %Warning-STMTDLY: /tmp/finn_dev_emanuel-hernandez/vivado_stitch_proj_rgrwy7hk/finn_design_wrapper.v:16797:2: Unsupported: Ignoring delay on this delayed statement.
[2026-04-21 23:30:06,563]                                                                                                            : ... In instance finn_design_wrapper.finn_design_i.MVAU_hls_0.MVAU_hls_0.inst.grp_Matrix_Vector_Activate_Stream_Batch_fu_150
[2026-04-21 23:30:06,563] 16797 | #0 ap_CS_iter1_fsm = 2'd1;
[2026-04-21 23:30:06,563]       |  ^
[2026-04-21 23:30:06,563] %Warning-STMTDLY: /tmp/finn_dev_emanuel-hernandez/vivado_stitch_proj_rgrwy7hk/finn_design_wrapper.v:16798:2: Unsupported: Ignoring delay on this delayed statement.
[2026-04-21 23:30:06,563]                                                                                                            : ... In instance finn_design_wrapper.finn_design_i.MVAU_hls_0.MVAU_hls_0.inst.grp_Matrix_Vector_Activate_Stream_Batch_fu_150
[2026-04-21 23:30:06,563] 16798 | #0 ap_CS_iter2_fsm = 2'd1;
[2026-04-21 23:30:06,563]       |  ^
[2026-04-21 23:30:06,563] %Warning-STMTDLY: /tmp/finn_dev_emanuel-hernandez/vivado_stitch_proj_rgrwy7hk/finn_design_wrapper.v:16799:2: Unsupported: Ignoring delay on this delayed statement.
[2026-04-21 23:30:06,563]                                                                                                            : ... In instance finn_design_wrapper.finn_design_i.MVAU_hls_0.MVAU_hls_0.inst.grp_Matrix_Vector_Activate_Stream_Batch_fu_150
[2026-04-21 23:30:06,563] 16799 | #0 ap_CS_iter3_fsm = 2'd1;
[2026-04-21 23:30:06,563]       |  ^
[2026-04-21 23:30:06,563] %Warning-STMTDLY: /tmp/finn_dev_emanuel-hernandez/vivado_stitch_proj_rgrwy7hk/finn_design_wrapper.v:16800:2: Unsupported: Ignoring delay on this delayed statement.
[2026-04-21 23:30:06,564]                                                                                                            : ... In instance finn_design_wrapper.finn_design_i.MVAU_hls_0.MVAU_hls_0.inst.grp_Matrix_Vector_Activate_Stream_Batch_fu_150
[2026-04-21 23:30:06,564] 16800 | #0 ap_CS_iter4_fsm = 2'd1;
[2026-04-21 23:30:06,564]       |  ^
[2026-04-21 23:30:06,564] %Warning-STMTDLY: /tmp/finn_dev_emanuel-hernandez/vivado_stitch_proj_rgrwy7hk/finn_design_wrapper.v:16801:2: Unsupported: Ignoring delay on this delayed statement.
[2026-04-21 23:30:06,564]                                                                                                            : ... In instance finn_design_wrapper.finn_design_i.MVAU_hls_0.MVAU_hls_0.inst.grp_Matrix_Vector_Activate_Stream_Batch_fu_150
[2026-04-21 23:30:06,564] 16801 | #0 ap_CS_iter5_fsm = 2'd1;
[2026-04-21 23:30:06,564]       |  ^
[2026-04-21 23:30:06,564] %Warning-STMTDLY: /tmp/finn_dev_emanuel-hernandez/vivado_stitch_proj_rgrwy7hk/finn_design_wrapper.v:16802:2: Unsupported: Ignoring delay on this delayed statement.
[2026-04-21 23:30:06,564]                                                                                                            : ... In instance finn_design_wrapper.finn_design_i.MVAU_hls_0.MVAU_hls_0.inst.grp_Matrix_Vector_Activate_Stream_Batch_fu_150
[2026-04-21 23:30:06,564] 16802 | #0 ap_CS_iter6_fsm = 2'd1;
[2026-04-21 23:30:06,564]       |  ^
[2026-04-21 23:30:06,564] %Warning-STMTDLY: /tmp/finn_dev_emanuel-hernandez/vivado_stitch_proj_rgrwy7hk/finn_design_wrapper.v:16803:2: Unsupported: Ignoring delay on this delayed statement.
[2026-04-21 23:30:06,564]                                                                                                            : ... In instance finn_design_wrapper.finn_design_i.MVAU_hls_0.MVAU_hls_0.inst.grp_Matrix_Vector_Activate_Stream_Batch_fu_150
[2026-04-21 23:30:06,564] 16803 | #0 ap_done_reg = 1'b0;
[2026-04-21 23:30:06,564]       |  ^
[2026-04-21 23:30:06,564] %Warning-WIDTH: /tmp/finn_dev_emanuel-hernandez/vivado_stitch_proj_rgrwy7hk/finn_design_wrapper.v:21391:29: Operator ASSIGN expects 1 bits on the Assign RHS, but Assign RHS's CONST '?32?bxxxxxxxxxxxxxxxxxxxxxxxxxxxxxxxx' generates 32 bits.
[2026-04-21 23:30:06,564]                                                                                                           : ... In instance finn_design_wrapper.finn_design_i.MVAU_hls_0.MVAU_hls_0.inst.grp_Matrix_Vector_Activate_Stream_Batch_fu_150
[2026-04-21 23:30:06,564] 21391 |             ap_NS_iter0_fsm = 'bx;
[2026-04-21 23:30:06,564]       |                             ^
[2026-04-21 23:30:06,564] %Warning-WIDTH: /tmp/finn_dev_emanuel-hernandez/vivado_stitch_proj_rgrwy7hk/finn_design_wrapper.v:21415:29: Operator ASSIGN expects 2 bits on the Assign RHS, but Assign RHS's CONST '?32?bxxxxxxxxxxxxxxxxxxxxxxxxxxxxxxxx' generates 32 bits.
[2026-04-21 23:30:06,564]                                                                                                           : ... In instance finn_design_wrapper.finn_design_i.MVAU_hls_0.MVAU_hls_0.inst.grp_Matrix_Vector_Activate_Stream_Batch_fu_150
[2026-04-21 23:30:06,564] 21415 |             ap_NS_iter1_fsm = 'bx;
[2026-04-21 23:30:06,564]       |                             ^
[2026-04-21 23:30:06,564] %Warning-WIDTH: /tmp/finn_dev_emanuel-hernandez/vivado_stitch_proj_rgrwy7hk/finn_design_wrapper.v:21439:29: Operator ASSIGN expects 2 bits on the Assign RHS, but Assign RHS's CONST '?32?bxxxxxxxxxxxxxxxxxxxxxxxxxxxxxxxx' generates 32 bits.
[2026-04-21 23:30:06,564]                                                                                                           : ... In instance finn_design_wrapper.finn_design_i.MVAU_hls_0.MVAU_hls_0.inst.grp_Matrix_Vector_Activate_Stream_Batch_fu_150
[2026-04-21 23:30:06,564] 21439 |             ap_NS_iter2_fsm = 'bx;
[2026-04-21 23:30:06,564]       |                             ^
[2026-04-21 23:30:06,564] %Warning-WIDTH: /tmp/finn_dev_emanuel-hernandez/vivado_stitch_proj_rgrwy7hk/finn_design_wrapper.v:21463:29: Operator ASSIGN expects 2 bits on the Assign RHS, but Assign RHS's CONST '?32?bxxxxxxxxxxxxxxxxxxxxxxxxxxxxxxxx' generates 32 bits.
[2026-04-21 23:30:06,564]                                                                                                           : ... In instance finn_design_wrapper.finn_design_i.MVAU_hls_0.MVAU_hls_0.inst.grp_Matrix_Vector_Activate_Stream_Batch_fu_150
[2026-04-21 23:30:06,564] 21463 |             ap_NS_iter3_fsm = 'bx;
[2026-04-21 23:30:06,564]       |                             ^
[2026-04-21 23:30:06,564] %Warning-WIDTH: /tmp/finn_dev_emanuel-hernandez/vivado_stitch_proj_rgrwy7hk/finn_design_wrapper.v:21487:29: Operator ASSIGN expects 2 bits on the Assign RHS, but Assign RHS's CONST '?32?bxxxxxxxxxxxxxxxxxxxxxxxxxxxxxxxx' generates 32 bits.
[2026-04-21 23:30:06,564]                                                                                                           : ... In instance finn_design_wrapper.finn_design_i.MVAU_hls_0.MVAU_hls_0.inst.grp_Matrix_Vector_Activate_Stream_Batch_fu_150
[2026-04-21 23:30:06,564] 21487 |             ap_NS_iter4_fsm = 'bx;
[2026-04-21 23:30:06,564]       |                             ^
[2026-04-21 23:30:06,564] %Warning-WIDTH: /tmp/finn_dev_emanuel-hernandez/vivado_stitch_proj_rgrwy7hk/finn_design_wrapper.v:21511:29: Operator ASSIGN expects 2 bits on the Assign RHS, but Assign RHS's CONST '?32?bxxxxxxxxxxxxxxxxxxxxxxxxxxxxxxxx' generates 32 bits.
[2026-04-21 23:30:06,564]                                                                                                           : ... In instance finn_design_wrapper.finn_design_i.MVAU_hls_0.MVAU_hls_0.inst.grp_Matrix_Vector_Activate_Stream_Batch_fu_150
[2026-04-21 23:30:06,564] 21511 |             ap_NS_iter5_fsm = 'bx;
[2026-04-21 23:30:06,564]       |                             ^
[2026-04-21 23:30:06,564] %Warning-WIDTH: /tmp/finn_dev_emanuel-hernandez/vivado_stitch_proj_rgrwy7hk/finn_design_wrapper.v:21535:29: Operator ASSIGN expects 2 bits on the Assign RHS, but Assign RHS's CONST '?32?bxxxxxxxxxxxxxxxxxxxxxxxxxxxxxxxx' generates 32 bits.
[2026-04-21 23:30:06,564]                                                                                                           : ... In instance finn_design_wrapper.finn_design_i.MVAU_hls_0.MVAU_hls_0.inst.grp_Matrix_Vector_Activate_Stream_Batch_fu_150
[2026-04-21 23:30:06,564] 21535 |             ap_NS_iter6_fsm = 'bx;
[2026-04-21 23:30:06,564]       |                             ^
[2026-04-21 23:30:06,564] %Warning-WIDTH: /tmp/finn_dev_emanuel-hernandez/vivado_stitch_proj_rgrwy7hk/finn_design_wrapper.v:21716:23: Operator ASSIGNW expects 8 bits on the Assign RHS, but Assign RHS's VARREF 'sext_ln1494_3_fu_6499_p1' generates 16 bits.
[2026-04-21 23:30:06,564]                                                                                                           : ... In instance finn_design_wrapper.finn_design_i.MVAU_hls_0.MVAU_hls_0.inst.grp_Matrix_Vector_Activate_Stream_Batch_fu_150
[2026-04-21 23:30:06,564] 21716 | assign grp_fu_8425_p0 = sext_ln1494_3_fu_6499_p1;
[2026-04-21 23:30:06,564]       |                       ^
[2026-04-21 23:30:06,564] %Warning-WIDTH: /tmp/finn_dev_emanuel-hernandez/vivado_stitch_proj_rgrwy7hk/finn_design_wrapper.v:21718:23: Operator ASSIGNW expects 8 bits on the Assign RHS, but Assign RHS's VARREF 'sext_ln1494_3_fu_6499_p1' generates 16 bits.
[2026-04-21 23:30:06,564]                                                                                                           : ... In instance finn_design_wrapper.finn_design_i.MVAU_hls_0.MVAU_hls_0.inst.grp_Matrix_Vector_Activate_Stream_Batch_fu_150
[2026-04-21 23:30:06,564] 21718 | assign grp_fu_8433_p1 = sext_ln1494_3_fu_6499_p1;
[2026-04-21 23:30:06,564]       |                       ^
[2026-04-21 23:30:06,564] %Warning-WIDTH: /tmp/finn_dev_emanuel-hernandez/vivado_stitch_proj_rgrwy7hk/finn_design_wrapper.v:21720:23: Operator ASSIGNW expects 8 bits on the Assign RHS, but Assign RHS's VARREF 'sext_ln1494_3_fu_6499_p1' generates 16 bits.
[2026-04-21 23:30:06,564]                                                                                                           : ... In instance finn_design_wrapper.finn_design_i.MVAU_hls_0.MVAU_hls_0.inst.grp_Matrix_Vector_Activate_Stream_Batch_fu_150
[2026-04-21 23:30:06,564] 21720 | assign grp_fu_8441_p1 = sext_ln1494_3_fu_6499_p1;
[2026-04-21 23:30:06,564]       |                       ^
[2026-04-21 23:30:06,564] %Warning-WIDTH: /tmp/finn_dev_emanuel-hernandez/vivado_stitch_proj_rgrwy7hk/finn_design_wrapper.v:21722:23: Operator ASSIGNW expects 8 bits on the Assign RHS, but Assign RHS's VARREF 'sext_ln1494_3_fu_6499_p1' generates 16 bits.
[2026-04-21 23:30:06,564]                                                                                                           : ... In instance finn_design_wrapper.finn_design_i.MVAU_hls_0.MVAU_hls_0.inst.grp_Matrix_Vector_Activate_Stream_Batch_fu_150
[2026-04-21 23:30:06,564] 21722 | assign grp_fu_8449_p1 = sext_ln1494_3_fu_6499_p1;
[2026-04-21 23:30:06,564]       |                       ^
[2026-04-21 23:30:06,564] %Warning-WIDTH: /tmp/finn_dev_emanuel-hernandez/vivado_stitch_proj_rgrwy7hk/finn_design_wrapper.v:21724:23: Operator ASSIGNW expects 8 bits on the Assign RHS, but Assign RHS's VARREF 'sext_ln1494_fu_6515_p1' generates 16 bits.
[2026-04-21 23:30:06,564]                                                                                                           : ... In instance finn_design_wrapper.finn_design_i.MVAU_hls_0.MVAU_hls_0.inst.grp_Matrix_Vector_Activate_Stream_Batch_fu_150
[2026-04-21 23:30:06,564] 21724 | assign grp_fu_8457_p0 = sext_ln1494_fu_6515_p1;
[2026-04-21 23:30:06,564]       |                       ^
[2026-04-21 23:30:06,564] %Warning-WIDTH: /tmp/finn_dev_emanuel-hernandez/vivado_stitch_proj_rgrwy7hk/finn_design_wrapper.v:21726:23: Operator ASSIGNW expects 8 bits on the Assign RHS, but Assign RHS's VARREF 'sext_ln1494_1_fu_6521_p1' generates 16 bits.
[2026-04-21 23:30:06,564]                                                                                                           : ... In instance finn_design_wrapper.finn_design_i.MVAU_hls_0.MVAU_hls_0.inst.grp_Matrix_Vector_Activate_Stream_Batch_fu_150
[2026-04-21 23:30:06,564] 21726 | assign grp_fu_8466_p0 = sext_ln1494_1_fu_6521_p1;
[2026-04-21 23:30:06,564]       |                       ^
[2026-04-21 23:30:06,564] %Warning-WIDTH: /tmp/finn_dev_emanuel-hernandez/vivado_stitch_proj_rgrwy7hk/finn_design_wrapper.v:21730:23: Operator ASSIGNW expects 8 bits on the Assign RHS, but Assign RHS's VARREF 'sext_ln1494_fu_6515_p1' generates 16 bits.
[2026-04-21 23:30:06,564]                                                                                                           : ... In instance finn_design_wrapper.finn_design_i.MVAU_hls_0.MVAU_hls_0.inst.grp_Matrix_Vector_Activate_Stream_Batch_fu_150
[2026-04-21 23:30:06,564] 21730 | assign grp_fu_8475_p1 = sext_ln1494_fu_6515_p1;
[2026-04-21 23:30:06,564]       |                       ^
[2026-04-21 23:30:06,564] %Warning-WIDTH: /tmp/finn_dev_emanuel-hernandez/vivado_stitch_proj_rgrwy7hk/finn_design_wrapper.v:21732:23: Operator ASSIGNW expects 8 bits on the Assign RHS, but Assign RHS's VARREF 'sext_ln1494_1_fu_6521_p1' generates 16 bits.
[2026-04-21 23:30:06,564]                                                                                                           : ... In instance finn_design_wrapper.finn_design_i.MVAU_hls_0.MVAU_hls_0.inst.grp_Matrix_Vector_Activate_Stream_Batch_fu_150
[2026-04-21 23:30:06,564] 21732 | assign grp_fu_8484_p1 = sext_ln1494_1_fu_6521_p1;
[2026-04-21 23:30:06,564]       |                       ^
[2026-04-21 23:30:06,564] %Warning-WIDTH: /tmp/finn_dev_emanuel-hernandez/vivado_stitch_proj_rgrwy7hk/finn_design_wrapper.v:21736:23: Operator ASSIGNW expects 8 bits on the Assign RHS, but Assign RHS's VARREF 'sext_ln1494_fu_6515_p1' generates 16 bits.
[2026-04-21 23:30:06,564]                                                                                                           : ... In instance finn_design_wrapper.finn_design_i.MVAU_hls_0.MVAU_hls_0.inst.grp_Matrix_Vector_Activate_Stream_Batch_fu_150
[2026-04-21 23:30:06,564] 21736 | assign grp_fu_8493_p1 = sext_ln1494_fu_6515_p1;
[2026-04-21 23:30:06,564]       |                       ^
[2026-04-21 23:30:06,564] %Warning-WIDTH: /tmp/finn_dev_emanuel-hernandez/vivado_stitch_proj_rgrwy7hk/finn_design_wrapper.v:21738:23: Operator ASSIGNW expects 8 bits on the Assign RHS, but Assign RHS's VARREF 'sext_ln1494_1_fu_6521_p1' generates 16 bits.
[2026-04-21 23:30:06,564]                                                                                                           : ... In instance finn_design_wrapper.finn_design_i.MVAU_hls_0.MVAU_hls_0.inst.grp_Matrix_Vector_Activate_Stream_Batch_fu_150
[2026-04-21 23:30:06,564] 21738 | assign grp_fu_8502_p1 = sext_ln1494_1_fu_6521_p1;
[2026-04-21 23:30:06,564]       |                       ^
[2026-04-21 23:30:06,564] %Warning-WIDTH: /tmp/finn_dev_emanuel-hernandez/vivado_stitch_proj_rgrwy7hk/finn_design_wrapper.v:21742:23: Operator ASSIGNW expects 8 bits on the Assign RHS, but Assign RHS's VARREF 'sext_ln1494_fu_6515_p1' generates 16 bits.
[2026-04-21 23:30:06,564]                                                                                                           : ... In instance finn_design_wrapper.finn_design_i.MVAU_hls_0.MVAU_hls_0.inst.grp_Matrix_Vector_Activate_Stream_Batch_fu_150
[2026-04-21 23:30:06,564] 21742 | assign grp_fu_8511_p1 = sext_ln1494_fu_6515_p1;
[2026-04-21 23:30:06,564]       |                       ^
[2026-04-21 23:30:06,564] %Warning-WIDTH: /tmp/finn_dev_emanuel-hernandez/vivado_stitch_proj_rgrwy7hk/finn_design_wrapper.v:21744:23: Operator ASSIGNW expects 8 bits on the Assign RHS, but Assign RHS's VARREF 'sext_ln1494_1_fu_6521_p1' generates 16 bits.
[2026-04-21 23:30:06,564]                                                                                                           : ... In instance finn_design_wrapper.finn_design_i.MVAU_hls_0.MVAU_hls_0.inst.grp_Matrix_Vector_Activate_Stream_Batch_fu_150
[2026-04-21 23:30:06,564] 21744 | assign grp_fu_8520_p1 = sext_ln1494_1_fu_6521_p1;
[2026-04-21 23:30:06,564]       |                       ^
[2026-04-21 23:30:06,564] %Warning-WIDTH: /tmp/finn_dev_emanuel-hernandez/vivado_stitch_proj_rgrwy7hk/finn_design_wrapper.v:21884:30: Operator ASSIGNW expects 64 bits on the Assign RHS, but Assign RHS's VARREF 'nf_2_reg_10495_pp0_iter3_reg' generates 32 bits.
[2026-04-21 23:30:06,564]                                                                                                           : ... In instance finn_design_wrapper.finn_design_i.MVAU_hls_0.MVAU_hls_0.inst.grp_Matrix_Vector_Activate_Stream_Batch_fu_150
[2026-04-21 23:30:06,564] 21884 | assign idxprom2_i_fu_6637_p1 = nf_2_reg_10495_pp0_iter3_reg;
[2026-04-21 23:30:06,564]       |                              ^
[2026-04-21 23:30:06,564] %Warning-WIDTH: /tmp/finn_dev_emanuel-hernandez/vivado_stitch_proj_rgrwy7hk/finn_design_wrapper.v:21894:34: Operator ASSIGNW expects 5 bits on the Assign RHS, but Assign RHS's VARREF 'idxprom2_i_fu_6637_p1' generates 64 bits.
[2026-04-21 23:30:06,564]                                                                                                           : ... In instance finn_design_wrapper.finn_design_i.MVAU_hls_0.MVAU_hls_0.inst.grp_Matrix_Vector_Activate_Stream_Batch_fu_150
[2026-04-21 23:30:06,564] 21894 | assign p_ZL7threshs_0_0_address0 = idxprom2_i_fu_6637_p1;
[2026-04-21 23:30:06,564]       |                                  ^
[2026-04-21 23:30:06,564] %Warning-WIDTH: /tmp/finn_dev_emanuel-hernandez/vivado_stitch_proj_rgrwy7hk/finn_design_wrapper.v:21896:35: Operator ASSIGNW expects 5 bits on the Assign RHS, but Assign RHS's VARREF 'idxprom2_i_fu_6637_p1' generates 64 bits.
[2026-04-21 23:30:06,564]                                                                                                           : ... In instance finn_design_wrapper.finn_design_i.MVAU_hls_0.MVAU_hls_0.inst.grp_Matrix_Vector_Activate_Stream_Batch_fu_150
[2026-04-21 23:30:06,564] 21896 | assign p_ZL7threshs_0_10_address0 = idxprom2_i_fu_6637_p1;
[2026-04-21 23:30:06,564]       |                                   ^
[2026-04-21 23:30:06,564] %Warning-WIDTH: /tmp/finn_dev_emanuel-hernandez/vivado_stitch_proj_rgrwy7hk/finn_design_wrapper.v:21898:35: Operator ASSIGNW expects 5 bits on the Assign RHS, but Assign RHS's VARREF 'idxprom2_i_fu_6637_p1' generates 64 bits.
[2026-04-21 23:30:06,564]                                                                                                           : ... In instance finn_design_wrapper.finn_design_i.MVAU_hls_0.MVAU_hls_0.inst.grp_Matrix_Vector_Activate_Stream_Batch_fu_150
[2026-04-21 23:30:06,564] 21898 | assign p_ZL7threshs_0_11_address0 = idxprom2_i_fu_6637_p1;
[2026-04-21 23:30:06,564]       |                                   ^
[2026-04-21 23:30:06,564] %Warning-WIDTH: /tmp/finn_dev_emanuel-hernandez/vivado_stitch_proj_rgrwy7hk/finn_design_wrapper.v:21900:35: Operator ASSIGNW expects 5 bits on the Assign RHS, but Assign RHS's VARREF 'idxprom2_i_fu_6637_p1' generates 64 bits.
[2026-04-21 23:30:06,564]                                                                                                           : ... In instance finn_design_wrapper.finn_design_i.MVAU_hls_0.MVAU_hls_0.inst.grp_Matrix_Vector_Activate_Stream_Batch_fu_150
[2026-04-21 23:30:06,564] 21900 | assign p_ZL7threshs_0_12_address0 = idxprom2_i_fu_6637_p1;
[2026-04-21 23:30:06,564]       |                                   ^
[2026-04-21 23:30:06,564] %Warning-WIDTH: /tmp/finn_dev_emanuel-hernandez/vivado_stitch_proj_rgrwy7hk/finn_design_wrapper.v:21902:35: Operator ASSIGNW expects 5 bits on the Assign RHS, but Assign RHS's VARREF 'idxprom2_i_fu_6637_p1' generates 64 bits.
[2026-04-21 23:30:06,564]                                                                                                           : ... In instance finn_design_wrapper.finn_design_i.MVAU_hls_0.MVAU_hls_0.inst.grp_Matrix_Vector_Activate_Stream_Batch_fu_150
[2026-04-21 23:30:06,564] 21902 | assign p_ZL7threshs_0_13_address0 = idxprom2_i_fu_6637_p1;
[2026-04-21 23:30:06,564]       |                                   ^
[2026-04-21 23:30:06,564] %Warning-WIDTH: /tmp/finn_dev_emanuel-hernandez/vivado_stitch_proj_rgrwy7hk/finn_design_wrapper.v:21904:35: Operator ASSIGNW expects 5 bits on the Assign RHS, but Assign RHS's VARREF 'idxprom2_i_fu_6637_p1' generates 64 bits.
[2026-04-21 23:30:06,564]                                                                                                           : ... In instance finn_design_wrapper.finn_design_i.MVAU_hls_0.MVAU_hls_0.inst.grp_Matrix_Vector_Activate_Stream_Batch_fu_150
[2026-04-21 23:30:06,564] 21904 | assign p_ZL7threshs_0_14_address0 = idxprom2_i_fu_6637_p1;
[2026-04-21 23:30:06,565]       |                                   ^
[2026-04-21 23:30:06,565] %Warning-WIDTH: /tmp/finn_dev_emanuel-hernandez/vivado_stitch_proj_rgrwy7hk/finn_design_wrapper.v:21906:34: Operator ASSIGNW expects 5 bits on the Assign RHS, but Assign RHS's VARREF 'idxprom2_i_fu_6637_p1' generates 64 bits.
[2026-04-21 23:30:06,565]                                                                                                           : ... In instance finn_design_wrapper.finn_design_i.MVAU_hls_0.MVAU_hls_0.inst.grp_Matrix_Vector_Activate_Stream_Batch_fu_150
[2026-04-21 23:30:06,565] 21906 | assign p_ZL7threshs_0_1_address0 = idxprom2_i_fu_6637_p1;
[2026-04-21 23:30:06,565]       |                                  ^
[2026-04-21 23:30:06,565] %Warning-WIDTH: /tmp/finn_dev_emanuel-hernandez/vivado_stitch_proj_rgrwy7hk/finn_design_wrapper.v:21908:34: Operator ASSIGNW expects 5 bits on the Assign RHS, but Assign RHS's VARREF 'idxprom2_i_fu_6637_p1' generates 64 bits.
[2026-04-21 23:30:06,565]                                                                                                           : ... In instance finn_design_wrapper.finn_design_i.MVAU_hls_0.MVAU_hls_0.inst.grp_Matrix_Vector_Activate_Stream_Batch_fu_150
[2026-04-21 23:30:06,565] 21908 | assign p_ZL7threshs_0_2_address0 = idxprom2_i_fu_6637_p1;
[2026-04-21 23:30:06,565]       |                                  ^
[2026-04-21 23:30:06,565] %Warning-WIDTH: /tmp/finn_dev_emanuel-hernandez/vivado_stitch_proj_rgrwy7hk/finn_design_wrapper.v:21910:34: Operator ASSIGNW expects 5 bits on the Assign RHS, but Assign RHS's VARREF 'idxprom2_i_fu_6637_p1' generates 64 bits.
[2026-04-21 23:30:06,565]                                                                                                           : ... In instance finn_design_wrapper.finn_design_i.MVAU_hls_0.MVAU_hls_0.inst.grp_Matrix_Vector_Activate_Stream_Batch_fu_150
[2026-04-21 23:30:06,565] 21910 | assign p_ZL7threshs_0_3_address0 = idxprom2_i_fu_6637_p1;
[2026-04-21 23:30:06,565]       |                                  ^
[2026-04-21 23:30:06,565] %Warning-WIDTH: /tmp/finn_dev_emanuel-hernandez/vivado_stitch_proj_rgrwy7hk/finn_design_wrapper.v:21912:34: Operator ASSIGNW expects 5 bits on the Assign RHS, but Assign RHS's VARREF 'idxprom2_i_fu_6637_p1' generates 64 bits.
[2026-04-21 23:30:06,565]                                                                                                           : ... In instance finn_design_wrapper.finn_design_i.MVAU_hls_0.MVAU_hls_0.inst.grp_Matrix_Vector_Activate_Stream_Batch_fu_150
[2026-04-21 23:30:06,565] 21912 | assign p_ZL7threshs_0_4_address0 = idxprom2_i_fu_6637_p1;
[2026-04-21 23:30:06,565]       |                                  ^
[2026-04-21 23:30:06,565] %Warning-WIDTH: /tmp/finn_dev_emanuel-hernandez/vivado_stitch_proj_rgrwy7hk/finn_design_wrapper.v:21914:34: Operator ASSIGNW expects 5 bits on the Assign RHS, but Assign RHS's VARREF 'idxprom2_i_fu_6637_p1' generates 64 bits.
[2026-04-21 23:30:06,565]                                                                                                           : ... In instance finn_design_wrapper.finn_design_i.MVAU_hls_0.MVAU_hls_0.inst.grp_Matrix_Vector_Activate_Stream_Batch_fu_150
[2026-04-21 23:30:06,565] 21914 | assign p_ZL7threshs_0_5_address0 = idxprom2_i_fu_6637_p1;
[2026-04-21 23:30:06,565]       |                                  ^
[2026-04-21 23:30:06,565] %Warning-WIDTH: /tmp/finn_dev_emanuel-hernandez/vivado_stitch_proj_rgrwy7hk/finn_design_wrapper.v:21916:34: Operator ASSIGNW expects 5 bits on the Assign RHS, but Assign RHS's VARREF 'idxprom2_i_fu_6637_p1' generates 64 bits.
[2026-04-21 23:30:06,565]                                                                                                           : ... In instance finn_design_wrapper.finn_design_i.MVAU_hls_0.MVAU_hls_0.inst.grp_Matrix_Vector_Activate_Stream_Batch_fu_150
[2026-04-21 23:30:06,565] 21916 | assign p_ZL7threshs_0_6_address0 = idxprom2_i_fu_6637_p1;
[2026-04-21 23:30:06,565]       |                                  ^
[2026-04-21 23:30:06,565] %Warning-WIDTH: /tmp/finn_dev_emanuel-hernandez/vivado_stitch_proj_rgrwy7hk/finn_design_wrapper.v:21918:34: Operator ASSIGNW expects 5 bits on the Assign RHS, but Assign RHS's VARREF 'idxprom2_i_fu_6637_p1' generates 64 bits.
[2026-04-21 23:30:06,565]                                                                                                           : ... In instance finn_design_wrapper.finn_design_i.MVAU_hls_0.MVAU_hls_0.inst.grp_Matrix_Vector_Activate_Stream_Batch_fu_150
[2026-04-21 23:30:06,565] 21918 | assign p_ZL7threshs_0_7_address0 = idxprom2_i_fu_6637_p1;
[2026-04-21 23:30:06,565]       |                                  ^
[2026-04-21 23:30:06,565] %Warning-WIDTH: /tmp/finn_dev_emanuel-hernandez/vivado_stitch_proj_rgrwy7hk/finn_design_wrapper.v:21920:34: Operator ASSIGNW expects 5 bits on the Assign RHS, but Assign RHS's VARREF 'idxprom2_i_fu_6637_p1' generates 64 bits.
[2026-04-21 23:30:06,565]                                                                                                           : ... In instance finn_design_wrapper.finn_design_i.MVAU_hls_0.MVAU_hls_0.inst.grp_Matrix_Vector_Activate_Stream_Batch_fu_150
[2026-04-21 23:30:06,565] 21920 | assign p_ZL7threshs_0_8_address0 = idxprom2_i_fu_6637_p1;
[2026-04-21 23:30:06,565]       |                                  ^
[2026-04-21 23:30:06,565] %Warning-WIDTH: /tmp/finn_dev_emanuel-hernandez/vivado_stitch_proj_rgrwy7hk/finn_design_wrapper.v:21922:34: Operator ASSIGNW expects 5 bits on the Assign RHS, but Assign RHS's VARREF 'idxprom2_i_fu_6637_p1' generates 64 bits.
[2026-04-21 23:30:06,565]                                                                                                           : ... In instance finn_design_wrapper.finn_design_i.MVAU_hls_0.MVAU_hls_0.inst.grp_Matrix_Vector_Activate_Stream_Batch_fu_150
[2026-04-21 23:30:06,565] 21922 | assign p_ZL7threshs_0_9_address0 = idxprom2_i_fu_6637_p1;
[2026-04-21 23:30:06,565]       |                                  ^
[2026-04-21 23:30:06,565] %Warning-WIDTH: /tmp/finn_dev_emanuel-hernandez/vivado_stitch_proj_rgrwy7hk/finn_design_wrapper.v:21924:34: Operator ASSIGNW expects 5 bits on the Assign RHS, but Assign RHS's VARREF 'idxprom2_i_fu_6637_p1' generates 64 bits.
[2026-04-21 23:30:06,565]                                                                                                           : ... In instance finn_design_wrapper.finn_design_i.MVAU_hls_0.MVAU_hls_0.inst.grp_Matrix_Vector_Activate_Stream_Batch_fu_150
[2026-04-21 23:30:06,565] 21924 | assign p_ZL7threshs_1_0_address0 = idxprom2_i_fu_6637_p1;
[2026-04-21 23:30:06,565]       |                                  ^
[2026-04-21 23:30:06,565] %Warning-WIDTH: /tmp/finn_dev_emanuel-hernandez/vivado_stitch_proj_rgrwy7hk/finn_design_wrapper.v:21926:35: Operator ASSIGNW expects 5 bits on the Assign RHS, but Assign RHS's VARREF 'idxprom2_i_fu_6637_p1' generates 64 bits.
[2026-04-21 23:30:06,565]                                                                                                           : ... In instance finn_design_wrapper.finn_design_i.MVAU_hls_0.MVAU_hls_0.inst.grp_Matrix_Vector_Activate_Stream_Batch_fu_150
[2026-04-21 23:30:06,565] 21926 | assign p_ZL7threshs_1_10_address0 = idxprom2_i_fu_6637_p1;
[2026-04-21 23:30:06,565]       |                                   ^
[2026-04-21 23:30:06,565] %Warning-WIDTH: /tmp/finn_dev_emanuel-hernandez/vivado_stitch_proj_rgrwy7hk/finn_design_wrapper.v:21928:35: Operator ASSIGNW expects 5 bits on the Assign RHS, but Assign RHS's VARREF 'idxprom2_i_fu_6637_p1' generates 64 bits.
[2026-04-21 23:30:06,565]                                                                                                           : ... In instance finn_design_wrapper.finn_design_i.MVAU_hls_0.MVAU_hls_0.inst.grp_Matrix_Vector_Activate_Stream_Batch_fu_150
[2026-04-21 23:30:06,565] 21928 | assign p_ZL7threshs_1_11_address0 = idxprom2_i_fu_6637_p1;
[2026-04-21 23:30:06,565]       |                                   ^
[2026-04-21 23:30:06,565] %Warning-WIDTH: /tmp/finn_dev_emanuel-hernandez/vivado_stitch_proj_rgrwy7hk/finn_design_wrapper.v:21930:35: Operator ASSIGNW expects 5 bits on the Assign RHS, but Assign RHS's VARREF 'idxprom2_i_fu_6637_p1' generates 64 bits.
[2026-04-21 23:30:06,565]                                                                                                           : ... In instance finn_design_wrapper.finn_design_i.MVAU_hls_0.MVAU_hls_0.inst.grp_Matrix_Vector_Activate_Stream_Batch_fu_150
[2026-04-21 23:30:06,565] 21930 | assign p_ZL7threshs_1_12_address0 = idxprom2_i_fu_6637_p1;
[2026-04-21 23:30:06,565]       |                                   ^
[2026-04-21 23:30:06,565] %Warning-WIDTH: /tmp/finn_dev_emanuel-hernandez/vivado_stitch_proj_rgrwy7hk/finn_design_wrapper.v:21932:35: Operator ASSIGNW expects 5 bits on the Assign RHS, but Assign RHS's VARREF 'idxprom2_i_fu_6637_p1' generates 64 bits.
[2026-04-21 23:30:06,565]                                                                                                           : ... In instance finn_design_wrapper.finn_design_i.MVAU_hls_0.MVAU_hls_0.inst.grp_Matrix_Vector_Activate_Stream_Batch_fu_150
[2026-04-21 23:30:06,565] 21932 | assign p_ZL7threshs_1_13_address0 = idxprom2_i_fu_6637_p1;
[2026-04-21 23:30:06,565]       |                                   ^
[2026-04-21 23:30:06,565] %Warning-WIDTH: /tmp/finn_dev_emanuel-hernandez/vivado_stitch_proj_rgrwy7hk/finn_design_wrapper.v:21934:35: Operator ASSIGNW expects 5 bits on the Assign RHS, but Assign RHS's VARREF 'idxprom2_i_fu_6637_p1' generates 64 bits.
[2026-04-21 23:30:06,565]                                                                                                           : ... In instance finn_design_wrapper.finn_design_i.MVAU_hls_0.MVAU_hls_0.inst.grp_Matrix_Vector_Activate_Stream_Batch_fu_150
[2026-04-21 23:30:06,565] 21934 | assign p_ZL7threshs_1_14_address0 = idxprom2_i_fu_6637_p1;
[2026-04-21 23:30:06,565]       |                                   ^
[2026-04-21 23:30:06,565] %Warning-WIDTH: /tmp/finn_dev_emanuel-hernandez/vivado_stitch_proj_rgrwy7hk/finn_design_wrapper.v:21936:34: Operator ASSIGNW expects 5 bits on the Assign RHS, but Assign RHS's VARREF 'idxprom2_i_fu_6637_p1' generates 64 bits.
[2026-04-21 23:30:06,565]                                                                                                           : ... In instance finn_design_wrapper.finn_design_i.MVAU_hls_0.MVAU_hls_0.inst.grp_Matrix_Vector_Activate_Stream_Batch_fu_150
[2026-04-21 23:30:06,565] 21936 | assign p_ZL7threshs_1_1_address0 = idxprom2_i_fu_6637_p1;
[2026-04-21 23:30:06,565]       |                                  ^
[2026-04-21 23:30:06,565] %Warning-WIDTH: /tmp/finn_dev_emanuel-hernandez/vivado_stitch_proj_rgrwy7hk/finn_design_wrapper.v:21938:34: Operator ASSIGNW expects 5 bits on the Assign RHS, but Assign RHS's VARREF 'idxprom2_i_fu_6637_p1' generates 64 bits.
[2026-04-21 23:30:06,565]                                                                                                           : ... In instance finn_design_wrapper.finn_design_i.MVAU_hls_0.MVAU_hls_0.inst.grp_Matrix_Vector_Activate_Stream_Batch_fu_150
[2026-04-21 23:30:06,565] 21938 | assign p_ZL7threshs_1_2_address0 = idxprom2_i_fu_6637_p1;
[2026-04-21 23:30:06,565]       |                                  ^
[2026-04-21 23:30:06,565] %Warning-WIDTH: /tmp/finn_dev_emanuel-hernandez/vivado_stitch_proj_rgrwy7hk/finn_design_wrapper.v:21940:34: Operator ASSIGNW expects 5 bits on the Assign RHS, but Assign RHS's VARREF 'idxprom2_i_fu_6637_p1' generates 64 bits.
[2026-04-21 23:30:06,565]                                                                                                           : ... In instance finn_design_wrapper.finn_design_i.MVAU_hls_0.MVAU_hls_0.inst.grp_Matrix_Vector_Activate_Stream_Batch_fu_150
[2026-04-21 23:30:06,565] 21940 | assign p_ZL7threshs_1_3_address0 = idxprom2_i_fu_6637_p1;
[2026-04-21 23:30:06,565]       |                                  ^
[2026-04-21 23:30:06,565] %Warning-WIDTH: /tmp/finn_dev_emanuel-hernandez/vivado_stitch_proj_rgrwy7hk/finn_design_wrapper.v:21942:34: Operator ASSIGNW expects 5 bits on the Assign RHS, but Assign RHS's VARREF 'idxprom2_i_fu_6637_p1' generates 64 bits.
[2026-04-21 23:30:06,565]                                                                                                           : ... In instance finn_design_wrapper.finn_design_i.MVAU_hls_0.MVAU_hls_0.inst.grp_Matrix_Vector_Activate_Stream_Batch_fu_150
[2026-04-21 23:30:06,565] 21942 | assign p_ZL7threshs_1_4_address0 = idxprom2_i_fu_6637_p1;
[2026-04-21 23:30:06,565]       |                                  ^
[2026-04-21 23:30:06,565] %Warning-WIDTH: /tmp/finn_dev_emanuel-hernandez/vivado_stitch_proj_rgrwy7hk/finn_design_wrapper.v:21944:34: Operator ASSIGNW expects 5 bits on the Assign RHS, but Assign RHS's VARREF 'idxprom2_i_fu_6637_p1' generates 64 bits.
[2026-04-21 23:30:06,565]                                                                                                           : ... In instance finn_design_wrapper.finn_design_i.MVAU_hls_0.MVAU_hls_0.inst.grp_Matrix_Vector_Activate_Stream_Batch_fu_150
[2026-04-21 23:30:06,565] 21944 | assign p_ZL7threshs_1_5_address0 = idxprom2_i_fu_6637_p1;
[2026-04-21 23:30:06,565]       |                                  ^
[2026-04-21 23:30:06,565] %Warning-WIDTH: /tmp/finn_dev_emanuel-hernandez/vivado_stitch_proj_rgrwy7hk/finn_design_wrapper.v:21946:34: Operator ASSIGNW expects 5 bits on the Assign RHS, but Assign RHS's VARREF 'idxprom2_i_fu_6637_p1' generates 64 bits.
[2026-04-21 23:30:06,565]                                                                                                           : ... In instance finn_design_wrapper.finn_design_i.MVAU_hls_0.MVAU_hls_0.inst.grp_Matrix_Vector_Activate_Stream_Batch_fu_150
[2026-04-21 23:30:06,565] 21946 | assign p_ZL7threshs_1_6_address0 = idxprom2_i_fu_6637_p1;
[2026-04-21 23:30:06,565]       |                                  ^
[2026-04-21 23:30:06,565] %Warning-WIDTH: /tmp/finn_dev_emanuel-hernandez/vivado_stitch_proj_rgrwy7hk/finn_design_wrapper.v:21948:34: Operator ASSIGNW expects 5 bits on the Assign RHS, but Assign RHS's VARREF 'idxprom2_i_fu_6637_p1' generates 64 bits.
[2026-04-21 23:30:06,565]                                                                                                           : ... In instance finn_design_wrapper.finn_design_i.MVAU_hls_0.MVAU_hls_0.inst.grp_Matrix_Vector_Activate_Stream_Batch_fu_150
[2026-04-21 23:30:06,565] 21948 | assign p_ZL7threshs_1_7_address0 = idxprom2_i_fu_6637_p1;
[2026-04-21 23:30:06,565]       |                                  ^
[2026-04-21 23:30:06,565] %Warning-WIDTH: /tmp/finn_dev_emanuel-hernandez/vivado_stitch_proj_rgrwy7hk/finn_design_wrapper.v:21950:34: Operator ASSIGNW expects 5 bits on the Assign RHS, but Assign RHS's VARREF 'idxprom2_i_fu_6637_p1' generates 64 bits.
[2026-04-21 23:30:06,565]                                                                                                           : ... In instance finn_design_wrapper.finn_design_i.MVAU_hls_0.MVAU_hls_0.inst.grp_Matrix_Vector_Activate_Stream_Batch_fu_150
[2026-04-21 23:30:06,565] 21950 | assign p_ZL7threshs_1_8_address0 = idxprom2_i_fu_6637_p1;
[2026-04-21 23:30:06,565]       |                                  ^
[2026-04-21 23:30:06,565] %Warning-WIDTH: /tmp/finn_dev_emanuel-hernandez/vivado_stitch_proj_rgrwy7hk/finn_design_wrapper.v:21952:34: Operator ASSIGNW expects 5 bits on the Assign RHS, but Assign RHS's VARREF 'idxprom2_i_fu_6637_p1' generates 64 bits.
[2026-04-21 23:30:06,565]                                                                                                           : ... In instance finn_design_wrapper.finn_design_i.MVAU_hls_0.MVAU_hls_0.inst.grp_Matrix_Vector_Activate_Stream_Batch_fu_150
[2026-04-21 23:30:06,565] 21952 | assign p_ZL7threshs_1_9_address0 = idxprom2_i_fu_6637_p1;
[2026-04-21 23:30:06,565]       |                                  ^
[2026-04-21 23:30:06,565] %Warning-WIDTH: /tmp/finn_dev_emanuel-hernandez/vivado_stitch_proj_rgrwy7hk/finn_design_wrapper.v:21954:34: Operator ASSIGNW expects 5 bits on the Assign RHS, but Assign RHS's VARREF 'idxprom2_i_fu_6637_p1' generates 64 bits.
[2026-04-21 23:30:06,565]                                                                                                           : ... In instance finn_design_wrapper.finn_design_i.MVAU_hls_0.MVAU_hls_0.inst.grp_Matrix_Vector_Activate_Stream_Batch_fu_150
[2026-04-21 23:30:06,566] 21954 | assign p_ZL7threshs_2_0_address0 = idxprom2_i_fu_6637_p1;
[2026-04-21 23:30:06,566]       |                                  ^
[2026-04-21 23:30:06,566] %Warning-WIDTH: /tmp/finn_dev_emanuel-hernandez/vivado_stitch_proj_rgrwy7hk/finn_design_wrapper.v:21956:35: Operator ASSIGNW expects 5 bits on the Assign RHS, but Assign RHS's VARREF 'idxprom2_i_fu_6637_p1' generates 64 bits.
[2026-04-21 23:30:06,566]                                                                                                           : ... In instance finn_design_wrapper.finn_design_i.MVAU_hls_0.MVAU_hls_0.inst.grp_Matrix_Vector_Activate_Stream_Batch_fu_150
[2026-04-21 23:30:06,566] 21956 | assign p_ZL7threshs_2_10_address0 = idxprom2_i_fu_6637_p1;
[2026-04-21 23:30:06,566]       |                                   ^
[2026-04-21 23:30:06,566] %Warning-WIDTH: /tmp/finn_dev_emanuel-hernandez/vivado_stitch_proj_rgrwy7hk/finn_design_wrapper.v:21958:35: Operator ASSIGNW expects 5 bits on the Assign RHS, but Assign RHS's VARREF 'idxprom2_i_fu_6637_p1' generates 64 bits.
[2026-04-21 23:30:06,566]                                                                                                           : ... In instance finn_design_wrapper.finn_design_i.MVAU_hls_0.MVAU_hls_0.inst.grp_Matrix_Vector_Activate_Stream_Batch_fu_150
[2026-04-21 23:30:06,566] 21958 | assign p_ZL7threshs_2_11_address0 = idxprom2_i_fu_6637_p1;
[2026-04-21 23:30:06,566]       |                                   ^
[2026-04-21 23:30:06,566] %Warning-WIDTH: /tmp/finn_dev_emanuel-hernandez/vivado_stitch_proj_rgrwy7hk/finn_design_wrapper.v:21960:35: Operator ASSIGNW expects 5 bits on the Assign RHS, but Assign RHS's VARREF 'idxprom2_i_fu_6637_p1' generates 64 bits.
[2026-04-21 23:30:06,566]                                                                                                           : ... In instance finn_design_wrapper.finn_design_i.MVAU_hls_0.MVAU_hls_0.inst.grp_Matrix_Vector_Activate_Stream_Batch_fu_150
[2026-04-21 23:30:06,566] 21960 | assign p_ZL7threshs_2_12_address0 = idxprom2_i_fu_6637_p1;
[2026-04-21 23:30:06,566]       |                                   ^
[2026-04-21 23:30:06,566] %Warning-WIDTH: /tmp/finn_dev_emanuel-hernandez/vivado_stitch_proj_rgrwy7hk/finn_design_wrapper.v:21962:35: Operator ASSIGNW expects 5 bits on the Assign RHS, but Assign RHS's VARREF 'idxprom2_i_fu_6637_p1' generates 64 bits.
[2026-04-21 23:30:06,566]                                                                                                           : ... In instance finn_design_wrapper.finn_design_i.MVAU_hls_0.MVAU_hls_0.inst.grp_Matrix_Vector_Activate_Stream_Batch_fu_150
[2026-04-21 23:30:06,566] 21962 | assign p_ZL7threshs_2_13_address0 = idxprom2_i_fu_6637_p1;
[2026-04-21 23:30:06,566]       |                                   ^
[2026-04-21 23:30:06,566] %Warning-WIDTH: /tmp/finn_dev_emanuel-hernandez/vivado_stitch_proj_rgrwy7hk/finn_design_wrapper.v:21964:35: Operator ASSIGNW expects 5 bits on the Assign RHS, but Assign RHS's VARREF 'idxprom2_i_fu_6637_p1' generates 64 bits.
[2026-04-21 23:30:06,566]                                                                                                           : ... In instance finn_design_wrapper.finn_design_i.MVAU_hls_0.MVAU_hls_0.inst.grp_Matrix_Vector_Activate_Stream_Batch_fu_150
[2026-04-21 23:30:06,566] 21964 | assign p_ZL7threshs_2_14_address0 = idxprom2_i_fu_6637_p1;
[2026-04-21 23:30:06,566]       |                                   ^
[2026-04-21 23:30:06,566] %Warning-WIDTH: /tmp/finn_dev_emanuel-hernandez/vivado_stitch_proj_rgrwy7hk/finn_design_wrapper.v:21966:34: Operator ASSIGNW expects 5 bits on the Assign RHS, but Assign RHS's VARREF 'idxprom2_i_fu_6637_p1' generates 64 bits.
[2026-04-21 23:30:06,566]                                                                                                           : ... In instance finn_design_wrapper.finn_design_i.MVAU_hls_0.MVAU_hls_0.inst.grp_Matrix_Vector_Activate_Stream_Batch_fu_150
[2026-04-21 23:30:06,566] 21966 | assign p_ZL7threshs_2_1_address0 = idxprom2_i_fu_6637_p1;
[2026-04-21 23:30:06,566]       |                                  ^
[2026-04-21 23:30:06,566] %Warning-WIDTH: /tmp/finn_dev_emanuel-hernandez/vivado_stitch_proj_rgrwy7hk/finn_design_wrapper.v:21968:34: Operator ASSIGNW expects 5 bits on the Assign RHS, but Assign RHS's VARREF 'idxprom2_i_fu_6637_p1' generates 64 bits.
[2026-04-21 23:30:06,566]                                                                                                           : ... In instance finn_design_wrapper.finn_design_i.MVAU_hls_0.MVAU_hls_0.inst.grp_Matrix_Vector_Activate_Stream_Batch_fu_150
[2026-04-21 23:30:06,566] 21968 | assign p_ZL7threshs_2_2_address0 = idxprom2_i_fu_6637_p1;
[2026-04-21 23:30:06,566]       |                                  ^
[2026-04-21 23:30:06,566] %Warning-WIDTH: /tmp/finn_dev_emanuel-hernandez/vivado_stitch_proj_rgrwy7hk/finn_design_wrapper.v:21970:34: Operator ASSIGNW expects 5 bits on the Assign RHS, but Assign RHS's VARREF 'idxprom2_i_fu_6637_p1' generates 64 bits.
[2026-04-21 23:30:06,566]                                                                                                           : ... In instance finn_design_wrapper.finn_design_i.MVAU_hls_0.MVAU_hls_0.inst.grp_Matrix_Vector_Activate_Stream_Batch_fu_150
[2026-04-21 23:30:06,566] 21970 | assign p_ZL7threshs_2_3_address0 = idxprom2_i_fu_6637_p1;
[2026-04-21 23:30:06,566]       |                                  ^
[2026-04-21 23:30:06,566] %Warning-WIDTH: /tmp/finn_dev_emanuel-hernandez/vivado_stitch_proj_rgrwy7hk/finn_design_wrapper.v:21972:34: Operator ASSIGNW expects 5 bits on the Assign RHS, but Assign RHS's VARREF 'idxprom2_i_fu_6637_p1' generates 64 bits.
[2026-04-21 23:30:06,566]                                                                                                           : ... In instance finn_design_wrapper.finn_design_i.MVAU_hls_0.MVAU_hls_0.inst.grp_Matrix_Vector_Activate_Stream_Batch_fu_150
[2026-04-21 23:30:06,566] 21972 | assign p_ZL7threshs_2_4_address0 = idxprom2_i_fu_6637_p1;
[2026-04-21 23:30:06,566]       |                                  ^
[2026-04-21 23:30:06,566] %Warning-WIDTH: /tmp/finn_dev_emanuel-hernandez/vivado_stitch_proj_rgrwy7hk/finn_design_wrapper.v:21974:34: Operator ASSIGNW expects 5 bits on the Assign RHS, but Assign RHS's VARREF 'idxprom2_i_fu_6637_p1' generates 64 bits.
[2026-04-21 23:30:06,566]                                                                                                           : ... In instance finn_design_wrapper.finn_design_i.MVAU_hls_0.MVAU_hls_0.inst.grp_Matrix_Vector_Activate_Stream_Batch_fu_150
[2026-04-21 23:30:06,566] 21974 | assign p_ZL7threshs_2_5_address0 = idxprom2_i_fu_6637_p1;
[2026-04-21 23:30:06,566]       |                                  ^
[2026-04-21 23:30:06,566] %Warning-WIDTH: /tmp/finn_dev_emanuel-hernandez/vivado_stitch_proj_rgrwy7hk/finn_design_wrapper.v:21976:34: Operator ASSIGNW expects 5 bits on the Assign RHS, but Assign RHS's VARREF 'idxprom2_i_fu_6637_p1' generates 64 bits.
[2026-04-21 23:30:06,566]                                                                                                           : ... In instance finn_design_wrapper.finn_design_i.MVAU_hls_0.MVAU_hls_0.inst.grp_Matrix_Vector_Activate_Stream_Batch_fu_150
[2026-04-21 23:30:06,566] 21976 | assign p_ZL7threshs_2_6_address0 = idxprom2_i_fu_6637_p1;
[2026-04-21 23:30:06,566]       |                                  ^
[2026-04-21 23:30:06,566] %Warning-WIDTH: /tmp/finn_dev_emanuel-hernandez/vivado_stitch_proj_rgrwy7hk/finn_design_wrapper.v:21978:34: Operator ASSIGNW expects 5 bits on the Assign RHS, but Assign RHS's VARREF 'idxprom2_i_fu_6637_p1' generates 64 bits.
[2026-04-21 23:30:06,566]                                                                                                           : ... In instance finn_design_wrapper.finn_design_i.MVAU_hls_0.MVAU_hls_0.inst.grp_Matrix_Vector_Activate_Stream_Batch_fu_150
[2026-04-21 23:30:06,566] 21978 | assign p_ZL7threshs_2_7_address0 = idxprom2_i_fu_6637_p1;
[2026-04-21 23:30:06,566]       |                                  ^
[2026-04-21 23:30:06,566] %Warning-WIDTH: /tmp/finn_dev_emanuel-hernandez/vivado_stitch_proj_rgrwy7hk/finn_design_wrapper.v:21980:34: Operator ASSIGNW expects 5 bits on the Assign RHS, but Assign RHS's VARREF 'idxprom2_i_fu_6637_p1' generates 64 bits.
[2026-04-21 23:30:06,566]                                                                                                           : ... In instance finn_design_wrapper.finn_design_i.MVAU_hls_0.MVAU_hls_0.inst.grp_Matrix_Vector_Activate_Stream_Batch_fu_150
[2026-04-21 23:30:06,566] 21980 | assign p_ZL7threshs_2_8_address0 = idxprom2_i_fu_6637_p1;
[2026-04-21 23:30:06,566]       |                                  ^
[2026-04-21 23:30:06,566] %Warning-WIDTH: /tmp/finn_dev_emanuel-hernandez/vivado_stitch_proj_rgrwy7hk/finn_design_wrapper.v:21982:34: Operator ASSIGNW expects 5 bits on the Assign RHS, but Assign RHS's VARREF 'idxprom2_i_fu_6637_p1' generates 64 bits.
[2026-04-21 23:30:06,566]                                                                                                           : ... In instance finn_design_wrapper.finn_design_i.MVAU_hls_0.MVAU_hls_0.inst.grp_Matrix_Vector_Activate_Stream_Batch_fu_150
[2026-04-21 23:30:06,566] 21982 | assign p_ZL7threshs_2_9_address0 = idxprom2_i_fu_6637_p1;
[2026-04-21 23:30:06,566]       |                                  ^
[2026-04-21 23:30:06,566] %Warning-WIDTH: /tmp/finn_dev_emanuel-hernandez/vivado_stitch_proj_rgrwy7hk/finn_design_wrapper.v:21984:34: Operator ASSIGNW expects 5 bits on the Assign RHS, but Assign RHS's VARREF 'idxprom2_i_fu_6637_p1' generates 64 bits.
[2026-04-21 23:30:06,566]                                                                                                           : ... In instance finn_design_wrapper.finn_design_i.MVAU_hls_0.MVAU_hls_0.inst.grp_Matrix_Vector_Activate_Stream_Batch_fu_150
[2026-04-21 23:30:06,566] 21984 | assign p_ZL7threshs_3_0_address0 = idxprom2_i_fu_6637_p1;
[2026-04-21 23:30:06,566]       |                                  ^
[2026-04-21 23:30:06,566] %Warning-WIDTH: /tmp/finn_dev_emanuel-hernandez/vivado_stitch_proj_rgrwy7hk/finn_design_wrapper.v:21986:35: Operator ASSIGNW expects 5 bits on the Assign RHS, but Assign RHS's VARREF 'idxprom2_i_fu_6637_p1' generates 64 bits.
[2026-04-21 23:30:06,566]                                                                                                           : ... In instance finn_design_wrapper.finn_design_i.MVAU_hls_0.MVAU_hls_0.inst.grp_Matrix_Vector_Activate_Stream_Batch_fu_150
[2026-04-21 23:30:06,566] 21986 | assign p_ZL7threshs_3_10_address0 = idxprom2_i_fu_6637_p1;
[2026-04-21 23:30:06,566]       |                                   ^
[2026-04-21 23:30:06,566] %Warning-WIDTH: /tmp/finn_dev_emanuel-hernandez/vivado_stitch_proj_rgrwy7hk/finn_design_wrapper.v:21988:35: Operator ASSIGNW expects 5 bits on the Assign RHS, but Assign RHS's VARREF 'idxprom2_i_fu_6637_p1' generates 64 bits.
[2026-04-21 23:30:06,566]                                                                                                           : ... In instance finn_design_wrapper.finn_design_i.MVAU_hls_0.MVAU_hls_0.inst.grp_Matrix_Vector_Activate_Stream_Batch_fu_150
[2026-04-21 23:30:06,566] 21988 | assign p_ZL7threshs_3_11_address0 = idxprom2_i_fu_6637_p1;
[2026-04-21 23:30:06,566]       |                                   ^
[2026-04-21 23:30:06,566] %Warning-WIDTH: /tmp/finn_dev_emanuel-hernandez/vivado_stitch_proj_rgrwy7hk/finn_design_wrapper.v:21990:35: Operator ASSIGNW expects 5 bits on the Assign RHS, but Assign RHS's VARREF 'idxprom2_i_fu_6637_p1' generates 64 bits.
[2026-04-21 23:30:06,566]                                                                                                           : ... In instance finn_design_wrapper.finn_design_i.MVAU_hls_0.MVAU_hls_0.inst.grp_Matrix_Vector_Activate_Stream_Batch_fu_150
[2026-04-21 23:30:06,566] 21990 | assign p_ZL7threshs_3_12_address0 = idxprom2_i_fu_6637_p1;
[2026-04-21 23:30:06,566]       |                                   ^
[2026-04-21 23:30:06,566] %Warning-WIDTH: /tmp/finn_dev_emanuel-hernandez/vivado_stitch_proj_rgrwy7hk/finn_design_wrapper.v:21992:35: Operator ASSIGNW expects 5 bits on the Assign RHS, but Assign RHS's VARREF 'idxprom2_i_fu_6637_p1' generates 64 bits.
[2026-04-21 23:30:06,566]                                                                                                           : ... In instance finn_design_wrapper.finn_design_i.MVAU_hls_0.MVAU_hls_0.inst.grp_Matrix_Vector_Activate_Stream_Batch_fu_150
[2026-04-21 23:30:06,566] 21992 | assign p_ZL7threshs_3_13_address0 = idxprom2_i_fu_6637_p1;
[2026-04-21 23:30:06,566]       |                                   ^
[2026-04-21 23:30:06,566] %Warning-WIDTH: /tmp/finn_dev_emanuel-hernandez/vivado_stitch_proj_rgrwy7hk/finn_design_wrapper.v:21994:35: Operator ASSIGNW expects 5 bits on the Assign RHS, but Assign RHS's VARREF 'idxprom2_i_fu_6637_p1' generates 64 bits.
[2026-04-21 23:30:06,566]                                                                                                           : ... In instance finn_design_wrapper.finn_design_i.MVAU_hls_0.MVAU_hls_0.inst.grp_Matrix_Vector_Activate_Stream_Batch_fu_150
[2026-04-21 23:30:06,566] 21994 | assign p_ZL7threshs_3_14_address0 = idxprom2_i_fu_6637_p1;
[2026-04-21 23:30:06,566]       |                                   ^
[2026-04-21 23:30:06,566] %Warning-WIDTH: /tmp/finn_dev_emanuel-hernandez/vivado_stitch_proj_rgrwy7hk/finn_design_wrapper.v:21996:34: Operator ASSIGNW expects 5 bits on the Assign RHS, but Assign RHS's VARREF 'idxprom2_i_fu_6637_p1' generates 64 bits.
[2026-04-21 23:30:06,566]                                                                                                           : ... In instance finn_design_wrapper.finn_design_i.MVAU_hls_0.MVAU_hls_0.inst.grp_Matrix_Vector_Activate_Stream_Batch_fu_150
[2026-04-21 23:30:06,566] 21996 | assign p_ZL7threshs_3_1_address0 = idxprom2_i_fu_6637_p1;
[2026-04-21 23:30:06,566]       |                                  ^
[2026-04-21 23:30:06,566] %Warning-WIDTH: /tmp/finn_dev_emanuel-hernandez/vivado_stitch_proj_rgrwy7hk/finn_design_wrapper.v:21998:34: Operator ASSIGNW expects 5 bits on the Assign RHS, but Assign RHS's VARREF 'idxprom2_i_fu_6637_p1' generates 64 bits.
[2026-04-21 23:30:06,566]                                                                                                           : ... In instance finn_design_wrapper.finn_design_i.MVAU_hls_0.MVAU_hls_0.inst.grp_Matrix_Vector_Activate_Stream_Batch_fu_150
[2026-04-21 23:30:06,566] 21998 | assign p_ZL7threshs_3_2_address0 = idxprom2_i_fu_6637_p1;
[2026-04-21 23:30:06,566]       |                                  ^
[2026-04-21 23:30:06,566] %Warning-WIDTH: /tmp/finn_dev_emanuel-hernandez/vivado_stitch_proj_rgrwy7hk/finn_design_wrapper.v:22000:34: Operator ASSIGNW expects 5 bits on the Assign RHS, but Assign RHS's VARREF 'idxprom2_i_fu_6637_p1' generates 64 bits.
[2026-04-21 23:30:06,567]                                                                                                           : ... In instance finn_design_wrapper.finn_design_i.MVAU_hls_0.MVAU_hls_0.inst.grp_Matrix_Vector_Activate_Stream_Batch_fu_150
[2026-04-21 23:30:06,567] 22000 | assign p_ZL7threshs_3_3_address0 = idxprom2_i_fu_6637_p1;
[2026-04-21 23:30:06,567]       |                                  ^
[2026-04-21 23:30:06,567] %Warning-WIDTH: /tmp/finn_dev_emanuel-hernandez/vivado_stitch_proj_rgrwy7hk/finn_design_wrapper.v:22002:34: Operator ASSIGNW expects 5 bits on the Assign RHS, but Assign RHS's VARREF 'idxprom2_i_fu_6637_p1' generates 64 bits.
[2026-04-21 23:30:06,567]                                                                                                           : ... In instance finn_design_wrapper.finn_design_i.MVAU_hls_0.MVAU_hls_0.inst.grp_Matrix_Vector_Activate_Stream_Batch_fu_150
[2026-04-21 23:30:06,567] 22002 | assign p_ZL7threshs_3_4_address0 = idxprom2_i_fu_6637_p1;
[2026-04-21 23:30:06,567]       |                                  ^
[2026-04-21 23:30:06,567] %Warning-WIDTH: /tmp/finn_dev_emanuel-hernandez/vivado_stitch_proj_rgrwy7hk/finn_design_wrapper.v:22004:34: Operator ASSIGNW expects 5 bits on the Assign RHS, but Assign RHS's VARREF 'idxprom2_i_fu_6637_p1' generates 64 bits.
[2026-04-21 23:30:06,567]                                                                                                           : ... In instance finn_design_wrapper.finn_design_i.MVAU_hls_0.MVAU_hls_0.inst.grp_Matrix_Vector_Activate_Stream_Batch_fu_150
[2026-04-21 23:30:06,567] 22004 | assign p_ZL7threshs_3_5_address0 = idxprom2_i_fu_6637_p1;
[2026-04-21 23:30:06,567]       |                                  ^
[2026-04-21 23:30:06,567] %Warning-WIDTH: /tmp/finn_dev_emanuel-hernandez/vivado_stitch_proj_rgrwy7hk/finn_design_wrapper.v:22006:34: Operator ASSIGNW expects 5 bits on the Assign RHS, but Assign RHS's VARREF 'idxprom2_i_fu_6637_p1' generates 64 bits.
[2026-04-21 23:30:06,567]                                                                                                           : ... In instance finn_design_wrapper.finn_design_i.MVAU_hls_0.MVAU_hls_0.inst.grp_Matrix_Vector_Activate_Stream_Batch_fu_150
[2026-04-21 23:30:06,567] 22006 | assign p_ZL7threshs_3_6_address0 = idxprom2_i_fu_6637_p1;
[2026-04-21 23:30:06,567]       |                                  ^
[2026-04-21 23:30:06,567] %Warning-WIDTH: /tmp/finn_dev_emanuel-hernandez/vivado_stitch_proj_rgrwy7hk/finn_design_wrapper.v:22008:34: Operator ASSIGNW expects 5 bits on the Assign RHS, but Assign RHS's VARREF 'idxprom2_i_fu_6637_p1' generates 64 bits.
[2026-04-21 23:30:06,567]                                                                                                           : ... In instance finn_design_wrapper.finn_design_i.MVAU_hls_0.MVAU_hls_0.inst.grp_Matrix_Vector_Activate_Stream_Batch_fu_150
[2026-04-21 23:30:06,567] 22008 | assign p_ZL7threshs_3_7_address0 = idxprom2_i_fu_6637_p1;
[2026-04-21 23:30:06,567]       |                                  ^
[2026-04-21 23:30:06,567] %Warning-WIDTH: /tmp/finn_dev_emanuel-hernandez/vivado_stitch_proj_rgrwy7hk/finn_design_wrapper.v:22010:34: Operator ASSIGNW expects 5 bits on the Assign RHS, but Assign RHS's VARREF 'idxprom2_i_fu_6637_p1' generates 64 bits.
[2026-04-21 23:30:06,567]                                                                                                           : ... In instance finn_design_wrapper.finn_design_i.MVAU_hls_0.MVAU_hls_0.inst.grp_Matrix_Vector_Activate_Stream_Batch_fu_150
[2026-04-21 23:30:06,567] 22010 | assign p_ZL7threshs_3_8_address0 = idxprom2_i_fu_6637_p1;
[2026-04-21 23:30:06,567]       |                                  ^
[2026-04-21 23:30:06,567] %Warning-WIDTH: /tmp/finn_dev_emanuel-hernandez/vivado_stitch_proj_rgrwy7hk/finn_design_wrapper.v:22012:34: Operator ASSIGNW expects 5 bits on the Assign RHS, but Assign RHS's VARREF 'idxprom2_i_fu_6637_p1' generates 64 bits.
[2026-04-21 23:30:06,567]                                                                                                           : ... In instance finn_design_wrapper.finn_design_i.MVAU_hls_0.MVAU_hls_0.inst.grp_Matrix_Vector_Activate_Stream_Batch_fu_150
[2026-04-21 23:30:06,567] 22012 | assign p_ZL7threshs_3_9_address0 = idxprom2_i_fu_6637_p1;
[2026-04-21 23:30:06,567]       |                                  ^
[2026-04-21 23:30:06,567] %Warning-WIDTH: /tmp/finn_dev_emanuel-hernandez/vivado_stitch_proj_rgrwy7hk/finn_design_wrapper.v:22034:28: Operator ASSIGNW expects 8 bits on the Assign RHS, but Assign RHS's VARREF 'sext_ln1494_2_fu_6545_p1' generates 16 bits.
[2026-04-21 23:30:06,567]                                                                                                           : ... In instance finn_design_wrapper.finn_design_i.MVAU_hls_0.MVAU_hls_0.inst.grp_Matrix_Vector_Activate_Stream_Batch_fu_150
[2026-04-21 23:30:06,567] 22034 | assign ret_V_10_fu_6574_p1 = sext_ln1494_2_fu_6545_p1;
[2026-04-21 23:30:06,567]       |                            ^
[2026-04-21 23:30:06,567] %Warning-WIDTH: /tmp/finn_dev_emanuel-hernandez/vivado_stitch_proj_rgrwy7hk/finn_design_wrapper.v:22036:28: Operator ASSIGNW expects 8 bits on the Assign RHS, but Assign RHS's VARREF 'sext_ln1494_2_fu_6545_p1' generates 16 bits.
[2026-04-21 23:30:06,567]                                                                                                           : ... In instance finn_design_wrapper.finn_design_i.MVAU_hls_0.MVAU_hls_0.inst.grp_Matrix_Vector_Activate_Stream_Batch_fu_150
[2026-04-21 23:30:06,567] 22036 | assign ret_V_14_fu_6587_p1 = sext_ln1494_2_fu_6545_p1;
[2026-04-21 23:30:06,567]       |                            ^
[2026-04-21 23:30:06,567] %Warning-WIDTH: /tmp/finn_dev_emanuel-hernandez/vivado_stitch_proj_rgrwy7hk/finn_design_wrapper.v:22038:27: Operator ASSIGNW expects 8 bits on the Assign RHS, but Assign RHS's VARREF 'sext_ln1494_2_fu_6545_p1' generates 16 bits.
[2026-04-21 23:30:06,567]                                                                                                           : ... In instance finn_design_wrapper.finn_design_i.MVAU_hls_0.MVAU_hls_0.inst.grp_Matrix_Vector_Activate_Stream_Batch_fu_150
[2026-04-21 23:30:06,567] 22038 | assign ret_V_2_fu_6548_p0 = sext_ln1494_2_fu_6545_p1;
[2026-04-21 23:30:06,567]       |                           ^
[2026-04-21 23:30:06,567] %Warning-WIDTH: /tmp/finn_dev_emanuel-hernandez/vivado_stitch_proj_rgrwy7hk/finn_design_wrapper.v:22040:27: Operator ASSIGNW expects 8 bits on the Assign RHS, but Assign RHS's VARREF 'sext_ln1494_2_fu_6545_p1' generates 16 bits.
[2026-04-21 23:30:06,567]                                                                                                           : ... In instance finn_design_wrapper.finn_design_i.MVAU_hls_0.MVAU_hls_0.inst.grp_Matrix_Vector_Activate_Stream_Batch_fu_150
[2026-04-21 23:30:06,567] 22040 | assign ret_V_6_fu_6561_p1 = sext_ln1494_2_fu_6545_p1;
[2026-04-21 23:30:06,567]       |                           ^
[2026-04-21 23:30:06,567] %Warning-WIDTH: /tmp/finn_dev_emanuel-hernandez/vivado_stitch_proj_rgrwy7hk/finn_design_wrapper.v:22042:34: Operator ASSIGNW expects 23 bits on the Assign RHS, but Assign RHS's SIGNED generates 17 bits.
[2026-04-21 23:30:06,567]                                                                                                           : ... In instance finn_design_wrapper.finn_design_i.MVAU_hls_0.MVAU_hls_0.inst.grp_Matrix_Vector_Activate_Stream_Batch_fu_150
[2026-04-21 23:30:06,567] 22042 | assign sext_ln1039_10_fu_7556_p1 = $signed(p_ZL7threshs_3_1_q0);
[2026-04-21 23:30:06,567]       |                                  ^
[2026-04-21 23:30:06,567] %Warning-WIDTH: /tmp/finn_dev_emanuel-hernandez/vivado_stitch_proj_rgrwy7hk/finn_design_wrapper.v:22044:34: Operator ASSIGNW expects 23 bits on the Assign RHS, but Assign RHS's SIGNED generates 17 bits.
[2026-04-21 23:30:06,567]                                                                                                           : ... In instance finn_design_wrapper.finn_design_i.MVAU_hls_0.MVAU_hls_0.inst.grp_Matrix_Vector_Activate_Stream_Batch_fu_150
[2026-04-21 23:30:06,567] 22044 | assign sext_ln1039_11_fu_7576_p1 = $signed(p_ZL7threshs_3_2_q0);
[2026-04-21 23:30:06,567]       |                                  ^
[2026-04-21 23:30:06,567] %Warning-WIDTH: /tmp/finn_dev_emanuel-hernandez/vivado_stitch_proj_rgrwy7hk/finn_design_wrapper.v:22046:34: Operator ASSIGNW expects 23 bits on the Assign RHS, but Assign RHS's SIGNED generates 17 bits.
[2026-04-21 23:30:06,567]                                                                                                           : ... In instance finn_design_wrapper.finn_design_i.MVAU_hls_0.MVAU_hls_0.inst.grp_Matrix_Vector_Activate_Stream_Batch_fu_150
[2026-04-21 23:30:06,567] 22046 | assign sext_ln1039_12_fu_7596_p1 = $signed(p_ZL7threshs_3_3_q0);
[2026-04-21 23:30:06,567]       |                                  ^
[2026-04-21 23:30:06,567] %Warning-WIDTH: /tmp/finn_dev_emanuel-hernandez/vivado_stitch_proj_rgrwy7hk/finn_design_wrapper.v:22048:33: Operator ASSIGNW expects 23 bits on the Assign RHS, but Assign RHS's SIGNED generates 17 bits.
[2026-04-21 23:30:06,567]                                                                                                           : ... In instance finn_design_wrapper.finn_design_i.MVAU_hls_0.MVAU_hls_0.inst.grp_Matrix_Vector_Activate_Stream_Batch_fu_150
[2026-04-21 23:30:06,567] 22048 | assign sext_ln1039_1_fu_6752_p1 = $signed(p_ZL7threshs_0_1_q0);
[2026-04-21 23:30:06,567]       |                                 ^
[2026-04-21 23:30:06,567] %Warning-WIDTH: /tmp/finn_dev_emanuel-hernandez/vivado_stitch_proj_rgrwy7hk/finn_design_wrapper.v:22050:33: Operator ASSIGNW expects 23 bits on the Assign RHS, but Assign RHS's SIGNED generates 17 bits.
[2026-04-21 23:30:06,567]                                                                                                           : ... In instance finn_design_wrapper.finn_design_i.MVAU_hls_0.MVAU_hls_0.inst.grp_Matrix_Vector_Activate_Stream_Batch_fu_150
[2026-04-21 23:30:06,567] 22050 | assign sext_ln1039_2_fu_7000_p1 = $signed(p_ZL7threshs_1_0_q0);
[2026-04-21 23:30:06,567]       |                                 ^
[2026-04-21 23:30:06,567] %Warning-WIDTH: /tmp/finn_dev_emanuel-hernandez/vivado_stitch_proj_rgrwy7hk/finn_design_wrapper.v:22052:33: Operator ASSIGNW expects 23 bits on the Assign RHS, but Assign RHS's SIGNED generates 17 bits.
[2026-04-21 23:30:06,567]                                                                                                           : ... In instance finn_design_wrapper.finn_design_i.MVAU_hls_0.MVAU_hls_0.inst.grp_Matrix_Vector_Activate_Stream_Batch_fu_150
[2026-04-21 23:30:06,567] 22052 | assign sext_ln1039_3_fu_7020_p1 = $signed(p_ZL7threshs_1_1_q0);
[2026-04-21 23:30:06,567]       |                                 ^
[2026-04-21 23:30:06,567] %Warning-WIDTH: /tmp/finn_dev_emanuel-hernandez/vivado_stitch_proj_rgrwy7hk/finn_design_wrapper.v:22054:33: Operator ASSIGNW expects 23 bits on the Assign RHS, but Assign RHS's SIGNED generates 17 bits.
[2026-04-21 23:30:06,567]                                                                                                           : ... In instance finn_design_wrapper.finn_design_i.MVAU_hls_0.MVAU_hls_0.inst.grp_Matrix_Vector_Activate_Stream_Batch_fu_150
[2026-04-21 23:30:06,567] 22054 | assign sext_ln1039_4_fu_7040_p1 = $signed(p_ZL7threshs_1_2_q0);
[2026-04-21 23:30:06,567]       |                                 ^
[2026-04-21 23:30:06,567] %Warning-WIDTH: /tmp/finn_dev_emanuel-hernandez/vivado_stitch_proj_rgrwy7hk/finn_design_wrapper.v:22056:33: Operator ASSIGNW expects 23 bits on the Assign RHS, but Assign RHS's SIGNED generates 18 bits.
[2026-04-21 23:30:06,567]                                                                                                           : ... In instance finn_design_wrapper.finn_design_i.MVAU_hls_0.MVAU_hls_0.inst.grp_Matrix_Vector_Activate_Stream_Batch_fu_150
[2026-04-21 23:30:06,567] 22056 | assign sext_ln1039_5_fu_7060_p1 = $signed(p_ZL7threshs_1_3_q0);
[2026-04-21 23:30:06,567]       |                                 ^
[2026-04-21 23:30:06,567] %Warning-WIDTH: /tmp/finn_dev_emanuel-hernandez/vivado_stitch_proj_rgrwy7hk/finn_design_wrapper.v:22058:33: Operator ASSIGNW expects 23 bits on the Assign RHS, but Assign RHS's SIGNED generates 16 bits.
[2026-04-21 23:30:06,567]                                                                                                           : ... In instance finn_design_wrapper.finn_design_i.MVAU_hls_0.MVAU_hls_0.inst.grp_Matrix_Vector_Activate_Stream_Batch_fu_150
[2026-04-21 23:30:06,567] 22058 | assign sext_ln1039_6_fu_7268_p1 = $signed(p_ZL7threshs_2_0_q0);
[2026-04-21 23:30:06,567]       |                                 ^
[2026-04-21 23:30:06,567] %Warning-WIDTH: /tmp/finn_dev_emanuel-hernandez/vivado_stitch_proj_rgrwy7hk/finn_design_wrapper.v:22060:33: Operator ASSIGNW expects 23 bits on the Assign RHS, but Assign RHS's SIGNED generates 17 bits.
[2026-04-21 23:30:06,567]                                                                                                           : ... In instance finn_design_wrapper.finn_design_i.MVAU_hls_0.MVAU_hls_0.inst.grp_Matrix_Vector_Activate_Stream_Batch_fu_150
[2026-04-21 23:30:06,567] 22060 | assign sext_ln1039_7_fu_7288_p1 = $signed(p_ZL7threshs_2_1_q0);
[2026-04-21 23:30:06,567]       |                                 ^
[2026-04-21 23:30:06,567] %Warning-WIDTH: /tmp/finn_dev_emanuel-hernandez/vivado_stitch_proj_rgrwy7hk/finn_design_wrapper.v:22062:33: Operator ASSIGNW expects 23 bits on the Assign RHS, but Assign RHS's SIGNED generates 17 bits.
[2026-04-21 23:30:06,567]                                                                                                           : ... In instance finn_design_wrapper.finn_design_i.MVAU_hls_0.MVAU_hls_0.inst.grp_Matrix_Vector_Activate_Stream_Batch_fu_150
[2026-04-21 23:30:06,567] 22062 | assign sext_ln1039_8_fu_7308_p1 = $signed(p_ZL7threshs_2_2_q0);
[2026-04-21 23:30:06,567]       |                                 ^
[2026-04-21 23:30:06,567] %Warning-WIDTH: /tmp/finn_dev_emanuel-hernandez/vivado_stitch_proj_rgrwy7hk/finn_design_wrapper.v:22064:33: Operator ASSIGNW expects 23 bits on the Assign RHS, but Assign RHS's SIGNED generates 17 bits.
[2026-04-21 23:30:06,567]                                                                                                           : ... In instance finn_design_wrapper.finn_design_i.MVAU_hls_0.MVAU_hls_0.inst.grp_Matrix_Vector_Activate_Stream_Batch_fu_150
[2026-04-21 23:30:06,567] 22064 | assign sext_ln1039_9_fu_7536_p1 = $signed(p_ZL7threshs_3_0_q0);
[2026-04-21 23:30:06,567]       |                                 ^
[2026-04-21 23:30:06,567] %Warning-WIDTH: /tmp/finn_dev_emanuel-hernandez/vivado_stitch_proj_rgrwy7hk/finn_design_wrapper.v:22066:31: Operator ASSIGNW expects 23 bits on the Assign RHS, but Assign RHS's SIGNED generates 17 bits.
[2026-04-21 23:30:06,567]                                                                                                           : ... In instance finn_design_wrapper.finn_design_i.MVAU_hls_0.MVAU_hls_0.inst.grp_Matrix_Vector_Activate_Stream_Batch_fu_150
[2026-04-21 23:30:06,568] 22066 | assign sext_ln1039_fu_6732_p1 = $signed(p_ZL7threshs_0_0_q0);
[2026-04-21 23:30:06,568]       |                               ^
[2026-04-21 23:30:06,568] %Warning-WIDTH: /tmp/finn_dev_emanuel-hernandez/vivado_stitch_proj_rgrwy7hk/finn_design_wrapper.v:22068:33: Operator ASSIGNW expects 16 bits on the Assign RHS, but Assign RHS's SIGNED generates 8 bits.
[2026-04-21 23:30:06,568]                                                                                                           : ... In instance finn_design_wrapper.finn_design_i.MVAU_hls_0.MVAU_hls_0.inst.grp_Matrix_Vector_Activate_Stream_Batch_fu_150
[2026-04-21 23:30:06,568] 22068 | assign sext_ln1494_1_fu_6521_p1 = $signed(r_V_1_reg_10618);
[2026-04-21 23:30:06,568]       |                                 ^
[2026-04-21 23:30:06,568] %Warning-WIDTH: /tmp/finn_dev_emanuel-hernandez/vivado_stitch_proj_rgrwy7hk/finn_design_wrapper.v:22070:33: Operator ASSIGNW expects 16 bits on the Assign RHS, but Assign RHS's SIGNED generates 8 bits.
[2026-04-21 23:30:06,568]                                                                                                           : ... In instance finn_design_wrapper.finn_design_i.MVAU_hls_0.MVAU_hls_0.inst.grp_Matrix_Vector_Activate_Stream_Batch_fu_150
[2026-04-21 23:30:06,568] 22070 | assign sext_ln1494_2_fu_6545_p1 = $signed(r_V_2_reg_10623_pp0_iter2_reg);
[2026-04-21 23:30:06,568]       |                                 ^
[2026-04-21 23:30:06,568] %Warning-WIDTH: /tmp/finn_dev_emanuel-hernandez/vivado_stitch_proj_rgrwy7hk/finn_design_wrapper.v:22072:33: Operator ASSIGNW expects 16 bits on the Assign RHS, but Assign RHS's SIGNED generates 8 bits.
[2026-04-21 23:30:06,568]                                                                                                           : ... In instance finn_design_wrapper.finn_design_i.MVAU_hls_0.MVAU_hls_0.inst.grp_Matrix_Vector_Activate_Stream_Batch_fu_150
[2026-04-21 23:30:06,568] 22072 | assign sext_ln1494_3_fu_6499_p1 = $signed(r_V_3_fu_6486_p4);
[2026-04-21 23:30:06,568]       |                                 ^
[2026-04-21 23:30:06,568] %Warning-WIDTH: /tmp/finn_dev_emanuel-hernandez/vivado_stitch_proj_rgrwy7hk/finn_design_wrapper.v:22074:31: Operator ASSIGNW expects 16 bits on the Assign RHS, but Assign RHS's SIGNED generates 8 bits.
[2026-04-21 23:30:06,568]                                                                                                           : ... In instance finn_design_wrapper.finn_design_i.MVAU_hls_0.MVAU_hls_0.inst.grp_Matrix_Vector_Activate_Stream_Batch_fu_150
[2026-04-21 23:30:06,568] 22074 | assign sext_ln1494_fu_6515_p1 = $signed(r_V_reg_10613);
[2026-04-21 23:30:06,568]       |                               ^
[2026-04-21 23:30:06,568] %Warning-WIDTH: /tmp/finn_dev_emanuel-hernandez/vivado_stitch_proj_rgrwy7hk/finn_design_wrapper.v:22076:33: Operator ASSIGNW expects 23 bits on the Assign RHS, but Assign RHS's VARREF 'grp_fu_8511_p3' generates 17 bits.
[2026-04-21 23:30:06,568]                                                                                                           : ... In instance finn_design_wrapper.finn_design_i.MVAU_hls_0.MVAU_hls_0.inst.grp_Matrix_Vector_Activate_Stream_Batch_fu_150
[2026-04-21 23:30:06,568] 22076 | assign sext_ln840_11_fu_6724_p1 = grp_fu_8511_p3;
[2026-04-21 23:30:06,568]       |                                 ^
[2026-04-21 23:30:06,568] %Warning-WIDTH: /tmp/finn_dev_emanuel-hernandez/vivado_stitch_proj_rgrwy7hk/finn_design_wrapper.v:22078:32: Operator ASSIGNW expects 23 bits on the Assign RHS, but Assign RHS's VARREF 'grp_fu_8457_p3' generates 17 bits.
[2026-04-21 23:30:06,568]                                                                                                           : ... In instance finn_design_wrapper.finn_design_i.MVAU_hls_0.MVAU_hls_0.inst.grp_Matrix_Vector_Activate_Stream_Batch_fu_150
[2026-04-21 23:30:06,568] 22078 | assign sext_ln840_2_fu_6700_p1 = grp_fu_8457_p3;
[2026-04-21 23:30:06,568]       |                                ^
[2026-04-21 23:30:06,568] %Warning-WIDTH: /tmp/finn_dev_emanuel-hernandez/vivado_stitch_proj_rgrwy7hk/finn_design_wrapper.v:22080:32: Operator ASSIGNW expects 23 bits on the Assign RHS, but Assign RHS's VARREF 'grp_fu_8475_p3' generates 17 bits.
[2026-04-21 23:30:06,568]                                                                                                           : ... In instance finn_design_wrapper.finn_design_i.MVAU_hls_0.MVAU_hls_0.inst.grp_Matrix_Vector_Activate_Stream_Batch_fu_150
[2026-04-21 23:30:06,568] 22080 | assign sext_ln840_5_fu_6708_p1 = grp_fu_8475_p3;
[2026-04-21 23:30:06,568]       |                                ^
[2026-04-21 23:30:06,568] %Warning-WIDTH: /tmp/finn_dev_emanuel-hernandez/vivado_stitch_proj_rgrwy7hk/finn_design_wrapper.v:22082:32: Operator ASSIGNW expects 23 bits on the Assign RHS, but Assign RHS's VARREF 'grp_fu_8493_p3' generates 17 bits.
[2026-04-21 23:30:06,568]                                                                                                           : ... In instance finn_design_wrapper.finn_design_i.MVAU_hls_0.MVAU_hls_0.inst.grp_Matrix_Vector_Activate_Stream_Batch_fu_150
[2026-04-21 23:30:06,568] 22082 | assign sext_ln840_8_fu_6716_p1 = grp_fu_8493_p3;
[2026-04-21 23:30:06,568]       |                                ^
[2026-04-21 23:30:06,568] %Warning-WIDTH: /tmp/finn_dev_emanuel-hernandez/vivado_stitch_proj_rgrwy7hk/finn_design_wrapper.v:22202:34: Operator ASSIGNW expects 23 bits on the Assign RHS, but Assign RHS's VARREF 'p_ZL7threshs_0_12_q0' generates 17 bits.
[2026-04-21 23:30:06,568]                                                                                                           : ... In instance finn_design_wrapper.finn_design_i.MVAU_hls_0.MVAU_hls_0.inst.grp_Matrix_Vector_Activate_Stream_Batch_fu_150
[2026-04-21 23:30:06,568] 22202 | assign zext_ln1039_10_fu_6922_p1 = p_ZL7threshs_0_12_q0;
[2026-04-21 23:30:06,568]       |                                  ^
[2026-04-21 23:30:06,568] %Warning-WIDTH: /tmp/finn_dev_emanuel-hernandez/vivado_stitch_proj_rgrwy7hk/finn_design_wrapper.v:22204:34: Operator ASSIGNW expects 23 bits on the Assign RHS, but Assign RHS's VARREF 'p_ZL7threshs_0_13_q0' generates 17 bits.
[2026-04-21 23:30:06,568]                                                                                                           : ... In instance finn_design_wrapper.finn_design_i.MVAU_hls_0.MVAU_hls_0.inst.grp_Matrix_Vector_Activate_Stream_Batch_fu_150
[2026-04-21 23:30:06,568] 22204 | assign zext_ln1039_11_fu_6932_p1 = p_ZL7threshs_0_13_q0;
[2026-04-21 23:30:06,568]       |                                  ^
[2026-04-21 23:30:06,568] %Warning-WIDTH: /tmp/finn_dev_emanuel-hernandez/vivado_stitch_proj_rgrwy7hk/finn_design_wrapper.v:22206:34: Operator ASSIGNW expects 23 bits on the Assign RHS, but Assign RHS's VARREF 'p_ZL7threshs_0_14_q0' generates 18 bits.
[2026-04-21 23:30:06,568]                                                                                                           : ... In instance finn_design_wrapper.finn_design_i.MVAU_hls_0.MVAU_hls_0.inst.grp_Matrix_Vector_Activate_Stream_Batch_fu_150
[2026-04-21 23:30:06,568] 22206 | assign zext_ln1039_12_fu_6942_p1 = p_ZL7threshs_0_14_q0;
[2026-04-21 23:30:06,568]       |                                  ^
[2026-04-21 23:30:06,568] %Warning-WIDTH: /tmp/finn_dev_emanuel-hernandez/vivado_stitch_proj_rgrwy7hk/finn_design_wrapper.v:22208:34: Operator ASSIGNW expects 23 bits on the Assign RHS, but Assign RHS's VARREF 'p_ZL7threshs_1_4_q0' generates 17 bits.
[2026-04-21 23:30:06,568]                                                                                                           : ... In instance finn_design_wrapper.finn_design_i.MVAU_hls_0.MVAU_hls_0.inst.grp_Matrix_Vector_Activate_Stream_Batch_fu_150
[2026-04-21 23:30:06,568] 22208 | assign zext_ln1039_13_fu_7080_p1 = p_ZL7threshs_1_4_q0;
[2026-04-21 23:30:06,568]       |                                  ^
[2026-04-21 23:30:06,568] %Warning-WIDTH: /tmp/finn_dev_emanuel-hernandez/vivado_stitch_proj_rgrwy7hk/finn_design_wrapper.v:22210:34: Operator ASSIGNW expects 23 bits on the Assign RHS, but Assign RHS's VARREF 'p_ZL7threshs_1_5_q0' generates 17 bits.
[2026-04-21 23:30:06,568]                                                                                                           : ... In instance finn_design_wrapper.finn_design_i.MVAU_hls_0.MVAU_hls_0.inst.grp_Matrix_Vector_Activate_Stream_Batch_fu_150
[2026-04-21 23:30:06,568] 22210 | assign zext_ln1039_14_fu_7100_p1 = p_ZL7threshs_1_5_q0;
[2026-04-21 23:30:06,568]       |                                  ^
[2026-04-21 23:30:06,568] %Warning-WIDTH: /tmp/finn_dev_emanuel-hernandez/vivado_stitch_proj_rgrwy7hk/finn_design_wrapper.v:22212:34: Operator ASSIGNW expects 23 bits on the Assign RHS, but Assign RHS's VARREF 'p_ZL7threshs_1_6_q0' generates 17 bits.
[2026-04-21 23:30:06,568]                                                                                                           : ... In instance finn_design_wrapper.finn_design_i.MVAU_hls_0.MVAU_hls_0.inst.grp_Matrix_Vector_Activate_Stream_Batch_fu_150
[2026-04-21 23:30:06,568] 22212 | assign zext_ln1039_15_fu_7120_p1 = p_ZL7threshs_1_6_q0;
[2026-04-21 23:30:06,568]       |                                  ^
[2026-04-21 23:30:06,568] %Warning-WIDTH: /tmp/finn_dev_emanuel-hernandez/vivado_stitch_proj_rgrwy7hk/finn_design_wrapper.v:22214:34: Operator ASSIGNW expects 23 bits on the Assign RHS, but Assign RHS's VARREF 'p_ZL7threshs_1_7_q0' generates 17 bits.
[2026-04-21 23:30:06,568]                                                                                                           : ... In instance finn_design_wrapper.finn_design_i.MVAU_hls_0.MVAU_hls_0.inst.grp_Matrix_Vector_Activate_Stream_Batch_fu_150
[2026-04-21 23:30:06,568] 22214 | assign zext_ln1039_16_fu_7140_p1 = p_ZL7threshs_1_7_q0;
[2026-04-21 23:30:06,568]       |                                  ^
[2026-04-21 23:30:06,568] %Warning-WIDTH: /tmp/finn_dev_emanuel-hernandez/vivado_stitch_proj_rgrwy7hk/finn_design_wrapper.v:22216:34: Operator ASSIGNW expects 23 bits on the Assign RHS, but Assign RHS's VARREF 'p_ZL7threshs_1_8_q0' generates 17 bits.
[2026-04-21 23:30:06,568]                                                                                                           : ... In instance finn_design_wrapper.finn_design_i.MVAU_hls_0.MVAU_hls_0.inst.grp_Matrix_Vector_Activate_Stream_Batch_fu_150
[2026-04-21 23:30:06,568] 22216 | assign zext_ln1039_17_fu_7150_p1 = p_ZL7threshs_1_8_q0;
[2026-04-21 23:30:06,568]       |                                  ^
[2026-04-21 23:30:06,568] %Warning-WIDTH: /tmp/finn_dev_emanuel-hernandez/vivado_stitch_proj_rgrwy7hk/finn_design_wrapper.v:22218:34: Operator ASSIGNW expects 23 bits on the Assign RHS, but Assign RHS's VARREF 'p_ZL7threshs_1_9_q0' generates 17 bits.
[2026-04-21 23:30:06,568]                                                                                                           : ... In instance finn_design_wrapper.finn_design_i.MVAU_hls_0.MVAU_hls_0.inst.grp_Matrix_Vector_Activate_Stream_Batch_fu_150
[2026-04-21 23:30:06,568] 22218 | assign zext_ln1039_18_fu_7160_p1 = p_ZL7threshs_1_9_q0;
[2026-04-21 23:30:06,568]       |                                  ^
[2026-04-21 23:30:06,568] %Warning-WIDTH: /tmp/finn_dev_emanuel-hernandez/vivado_stitch_proj_rgrwy7hk/finn_design_wrapper.v:22220:34: Operator ASSIGNW expects 23 bits on the Assign RHS, but Assign RHS's VARREF 'p_ZL7threshs_1_10_q0' generates 17 bits.
[2026-04-21 23:30:06,568]                                                                                                           : ... In instance finn_design_wrapper.finn_design_i.MVAU_hls_0.MVAU_hls_0.inst.grp_Matrix_Vector_Activate_Stream_Batch_fu_150
[2026-04-21 23:30:06,568] 22220 | assign zext_ln1039_19_fu_7170_p1 = p_ZL7threshs_1_10_q0;
[2026-04-21 23:30:06,568]       |                                  ^
[2026-04-21 23:30:06,568] %Warning-WIDTH: /tmp/finn_dev_emanuel-hernandez/vivado_stitch_proj_rgrwy7hk/finn_design_wrapper.v:22222:33: Operator ASSIGNW expects 23 bits on the Assign RHS, but Assign RHS's VARREF 'p_ZL7threshs_0_3_q0' generates 16 bits.
[2026-04-21 23:30:06,568]                                                                                                           : ... In instance finn_design_wrapper.finn_design_i.MVAU_hls_0.MVAU_hls_0.inst.grp_Matrix_Vector_Activate_Stream_Batch_fu_150
[2026-04-21 23:30:06,568] 22222 | assign zext_ln1039_1_fu_6792_p1 = p_ZL7threshs_0_3_q0;
[2026-04-21 23:30:06,568]       |                                 ^
[2026-04-21 23:30:06,568] %Warning-WIDTH: /tmp/finn_dev_emanuel-hernandez/vivado_stitch_proj_rgrwy7hk/finn_design_wrapper.v:22224:34: Operator ASSIGNW expects 23 bits on the Assign RHS, but Assign RHS's VARREF 'p_ZL7threshs_1_11_q0' generates 17 bits.
[2026-04-21 23:30:06,568]                                                                                                           : ... In instance finn_design_wrapper.finn_design_i.MVAU_hls_0.MVAU_hls_0.inst.grp_Matrix_Vector_Activate_Stream_Batch_fu_150
[2026-04-21 23:30:06,568] 22224 | assign zext_ln1039_20_fu_7180_p1 = p_ZL7threshs_1_11_q0;
[2026-04-21 23:30:06,568]       |                                  ^
[2026-04-21 23:30:06,568] %Warning-WIDTH: /tmp/finn_dev_emanuel-hernandez/vivado_stitch_proj_rgrwy7hk/finn_design_wrapper.v:22226:34: Operator ASSIGNW expects 23 bits on the Assign RHS, but Assign RHS's VARREF 'p_ZL7threshs_1_12_q0' generates 17 bits.
[2026-04-21 23:30:06,568]                                                                                                           : ... In instance finn_design_wrapper.finn_design_i.MVAU_hls_0.MVAU_hls_0.inst.grp_Matrix_Vector_Activate_Stream_Batch_fu_150
[2026-04-21 23:30:06,568] 22226 | assign zext_ln1039_21_fu_7190_p1 = p_ZL7threshs_1_12_q0;
[2026-04-21 23:30:06,568]       |                                  ^
[2026-04-21 23:30:06,568] %Warning-WIDTH: /tmp/finn_dev_emanuel-hernandez/vivado_stitch_proj_rgrwy7hk/finn_design_wrapper.v:22228:34: Operator ASSIGNW expects 23 bits on the Assign RHS, but Assign RHS's VARREF 'p_ZL7threshs_1_13_q0' generates 17 bits.
[2026-04-21 23:30:06,568]                                                                                                           : ... In instance finn_design_wrapper.finn_design_i.MVAU_hls_0.MVAU_hls_0.inst.grp_Matrix_Vector_Activate_Stream_Batch_fu_150
[2026-04-21 23:30:06,568] 22228 | assign zext_ln1039_22_fu_7200_p1 = p_ZL7threshs_1_13_q0;
[2026-04-21 23:30:06,568]       |                                  ^
[2026-04-21 23:30:06,568] %Warning-WIDTH: /tmp/finn_dev_emanuel-hernandez/vivado_stitch_proj_rgrwy7hk/finn_design_wrapper.v:22230:34: Operator ASSIGNW expects 23 bits on the Assign RHS, but Assign RHS's VARREF 'p_ZL7threshs_1_14_q0' generates 17 bits.
[2026-04-21 23:30:06,568]                                                                                                           : ... In instance finn_design_wrapper.finn_design_i.MVAU_hls_0.MVAU_hls_0.inst.grp_Matrix_Vector_Activate_Stream_Batch_fu_150
[2026-04-21 23:30:06,568] 22230 | assign zext_ln1039_23_fu_7210_p1 = p_ZL7threshs_1_14_q0;
[2026-04-21 23:30:06,568]       |                                  ^
[2026-04-21 23:30:06,568] %Warning-WIDTH: /tmp/finn_dev_emanuel-hernandez/vivado_stitch_proj_rgrwy7hk/finn_design_wrapper.v:22232:34: Operator ASSIGNW expects 23 bits on the Assign RHS, but Assign RHS's VARREF 'p_ZL7threshs_2_3_q0' generates 16 bits.
[2026-04-21 23:30:06,568]                                                                                                           : ... In instance finn_design_wrapper.finn_design_i.MVAU_hls_0.MVAU_hls_0.inst.grp_Matrix_Vector_Activate_Stream_Batch_fu_150
[2026-04-21 23:30:06,568] 22232 | assign zext_ln1039_24_fu_7328_p1 = p_ZL7threshs_2_3_q0;
[2026-04-21 23:30:06,568]       |                                  ^
[2026-04-21 23:30:06,568] %Warning-WIDTH: /tmp/finn_dev_emanuel-hernandez/vivado_stitch_proj_rgrwy7hk/finn_design_wrapper.v:22234:34: Operator ASSIGNW expects 23 bits on the Assign RHS, but Assign RHS's VARREF 'p_ZL7threshs_2_4_q0' generates 16 bits.
[2026-04-21 23:30:06,568]                                                                                                           : ... In instance finn_design_wrapper.finn_design_i.MVAU_hls_0.MVAU_hls_0.inst.grp_Matrix_Vector_Activate_Stream_Batch_fu_150
[2026-04-21 23:30:06,568] 22234 | assign zext_ln1039_25_fu_7348_p1 = p_ZL7threshs_2_4_q0;
[2026-04-21 23:30:06,568]       |                                  ^
[2026-04-21 23:30:06,568] %Warning-WIDTH: /tmp/finn_dev_emanuel-hernandez/vivado_stitch_proj_rgrwy7hk/finn_design_wrapper.v:22236:34: Operator ASSIGNW expects 23 bits on the Assign RHS, but Assign RHS's VARREF 'p_ZL7threshs_2_5_q0' generates 16 bits.
[2026-04-21 23:30:06,568]                                                                                                           : ... In instance finn_design_wrapper.finn_design_i.MVAU_hls_0.MVAU_hls_0.inst.grp_Matrix_Vector_Activate_Stream_Batch_fu_150
[2026-04-21 23:30:06,568] 22236 | assign zext_ln1039_26_fu_7368_p1 = p_ZL7threshs_2_5_q0;
[2026-04-21 23:30:06,568]       |                                  ^
[2026-04-21 23:30:06,568] %Warning-WIDTH: /tmp/finn_dev_emanuel-hernandez/vivado_stitch_proj_rgrwy7hk/finn_design_wrapper.v:22238:34: Operator ASSIGNW expects 23 bits on the Assign RHS, but Assign RHS's VARREF 'p_ZL7threshs_2_6_q0' generates 17 bits.
[2026-04-21 23:30:06,568]                                                                                                           : ... In instance finn_design_wrapper.finn_design_i.MVAU_hls_0.MVAU_hls_0.inst.grp_Matrix_Vector_Activate_Stream_Batch_fu_150
[2026-04-21 23:30:06,568] 22238 | assign zext_ln1039_27_fu_7388_p1 = p_ZL7threshs_2_6_q0;
[2026-04-21 23:30:06,568]       |                                  ^
[2026-04-21 23:30:06,568] %Warning-WIDTH: /tmp/finn_dev_emanuel-hernandez/vivado_stitch_proj_rgrwy7hk/finn_design_wrapper.v:22240:34: Operator ASSIGNW expects 23 bits on the Assign RHS, but Assign RHS's VARREF 'p_ZL7threshs_2_7_q0' generates 17 bits.
[2026-04-21 23:30:06,568]                                                                                                           : ... In instance finn_design_wrapper.finn_design_i.MVAU_hls_0.MVAU_hls_0.inst.grp_Matrix_Vector_Activate_Stream_Batch_fu_150
[2026-04-21 23:30:06,568] 22240 | assign zext_ln1039_28_fu_7408_p1 = p_ZL7threshs_2_7_q0;
[2026-04-21 23:30:06,568]       |                                  ^
[2026-04-21 23:30:06,568] %Warning-WIDTH: /tmp/finn_dev_emanuel-hernandez/vivado_stitch_proj_rgrwy7hk/finn_design_wrapper.v:22242:34: Operator ASSIGNW expects 23 bits on the Assign RHS, but Assign RHS's VARREF 'p_ZL7threshs_2_8_q0' generates 17 bits.
[2026-04-21 23:30:06,568]                                                                                                           : ... In instance finn_design_wrapper.finn_design_i.MVAU_hls_0.MVAU_hls_0.inst.grp_Matrix_Vector_Activate_Stream_Batch_fu_150
[2026-04-21 23:30:06,569] 22242 | assign zext_ln1039_29_fu_7418_p1 = p_ZL7threshs_2_8_q0;
[2026-04-21 23:30:06,569]       |                                  ^
[2026-04-21 23:30:06,569] %Warning-WIDTH: /tmp/finn_dev_emanuel-hernandez/vivado_stitch_proj_rgrwy7hk/finn_design_wrapper.v:22244:33: Operator ASSIGNW expects 23 bits on the Assign RHS, but Assign RHS's VARREF 'p_ZL7threshs_0_4_q0' generates 16 bits.
[2026-04-21 23:30:06,569]                                                                                                           : ... In instance finn_design_wrapper.finn_design_i.MVAU_hls_0.MVAU_hls_0.inst.grp_Matrix_Vector_Activate_Stream_Batch_fu_150
[2026-04-21 23:30:06,569] 22244 | assign zext_ln1039_2_fu_6812_p1 = p_ZL7threshs_0_4_q0;
[2026-04-21 23:30:06,569]       |                                 ^
[2026-04-21 23:30:06,569] %Warning-WIDTH: /tmp/finn_dev_emanuel-hernandez/vivado_stitch_proj_rgrwy7hk/finn_design_wrapper.v:22246:34: Operator ASSIGNW expects 23 bits on the Assign RHS, but Assign RHS's VARREF 'p_ZL7threshs_2_9_q0' generates 17 bits.
[2026-04-21 23:30:06,569]                                                                                                           : ... In instance finn_design_wrapper.finn_design_i.MVAU_hls_0.MVAU_hls_0.inst.grp_Matrix_Vector_Activate_Stream_Batch_fu_150
[2026-04-21 23:30:06,569] 22246 | assign zext_ln1039_30_fu_7428_p1 = p_ZL7threshs_2_9_q0;
[2026-04-21 23:30:06,569]       |                                  ^
[2026-04-21 23:30:06,569] %Warning-WIDTH: /tmp/finn_dev_emanuel-hernandez/vivado_stitch_proj_rgrwy7hk/finn_design_wrapper.v:22248:34: Operator ASSIGNW expects 23 bits on the Assign RHS, but Assign RHS's VARREF 'p_ZL7threshs_2_10_q0' generates 17 bits.
[2026-04-21 23:30:06,569]                                                                                                           : ... In instance finn_design_wrapper.finn_design_i.MVAU_hls_0.MVAU_hls_0.inst.grp_Matrix_Vector_Activate_Stream_Batch_fu_150
[2026-04-21 23:30:06,569] 22248 | assign zext_ln1039_31_fu_7438_p1 = p_ZL7threshs_2_10_q0;
[2026-04-21 23:30:06,569]       |                                  ^
[2026-04-21 23:30:06,569] %Warning-WIDTH: /tmp/finn_dev_emanuel-hernandez/vivado_stitch_proj_rgrwy7hk/finn_design_wrapper.v:22250:34: Operator ASSIGNW expects 23 bits on the Assign RHS, but Assign RHS's VARREF 'p_ZL7threshs_2_11_q0' generates 17 bits.
[2026-04-21 23:30:06,569]                                                                                                           : ... In instance finn_design_wrapper.finn_design_i.MVAU_hls_0.MVAU_hls_0.inst.grp_Matrix_Vector_Activate_Stream_Batch_fu_150
[2026-04-21 23:30:06,569] 22250 | assign zext_ln1039_32_fu_7448_p1 = p_ZL7threshs_2_11_q0;
[2026-04-21 23:30:06,569]       |                                  ^
[2026-04-21 23:30:06,569] %Warning-WIDTH: /tmp/finn_dev_emanuel-hernandez/vivado_stitch_proj_rgrwy7hk/finn_design_wrapper.v:22252:34: Operator ASSIGNW expects 23 bits on the Assign RHS, but Assign RHS's VARREF 'p_ZL7threshs_2_12_q0' generates 17 bits.
[2026-04-21 23:30:06,569]                                                                                                           : ... In instance finn_design_wrapper.finn_design_i.MVAU_hls_0.MVAU_hls_0.inst.grp_Matrix_Vector_Activate_Stream_Batch_fu_150
[2026-04-21 23:30:06,569] 22252 | assign zext_ln1039_33_fu_7458_p1 = p_ZL7threshs_2_12_q0;
[2026-04-21 23:30:06,569]       |                                  ^
[2026-04-21 23:30:06,569] %Warning-WIDTH: /tmp/finn_dev_emanuel-hernandez/vivado_stitch_proj_rgrwy7hk/finn_design_wrapper.v:22254:34: Operator ASSIGNW expects 23 bits on the Assign RHS, but Assign RHS's VARREF 'p_ZL7threshs_2_13_q0' generates 17 bits.
[2026-04-21 23:30:06,569]                                                                                                           : ... In instance finn_design_wrapper.finn_design_i.MVAU_hls_0.MVAU_hls_0.inst.grp_Matrix_Vector_Activate_Stream_Batch_fu_150
[2026-04-21 23:30:06,569] 22254 | assign zext_ln1039_34_fu_7468_p1 = p_ZL7threshs_2_13_q0;
[2026-04-21 23:30:06,569]       |                                  ^
[2026-04-21 23:30:06,569] %Warning-WIDTH: /tmp/finn_dev_emanuel-hernandez/vivado_stitch_proj_rgrwy7hk/finn_design_wrapper.v:22256:34: Operator ASSIGNW expects 23 bits on the Assign RHS, but Assign RHS's VARREF 'p_ZL7threshs_2_14_q0' generates 17 bits.
[2026-04-21 23:30:06,569]                                                                                                           : ... In instance finn_design_wrapper.finn_design_i.MVAU_hls_0.MVAU_hls_0.inst.grp_Matrix_Vector_Activate_Stream_Batch_fu_150
[2026-04-21 23:30:06,569] 22256 | assign zext_ln1039_35_fu_7478_p1 = p_ZL7threshs_2_14_q0;
[2026-04-21 23:30:06,569]       |                                  ^
[2026-04-21 23:30:06,569] %Warning-WIDTH: /tmp/finn_dev_emanuel-hernandez/vivado_stitch_proj_rgrwy7hk/finn_design_wrapper.v:22258:34: Operator ASSIGNW expects 23 bits on the Assign RHS, but Assign RHS's VARREF 'p_ZL7threshs_3_4_q0' generates 16 bits.
[2026-04-21 23:30:06,569]                                                                                                           : ... In instance finn_design_wrapper.finn_design_i.MVAU_hls_0.MVAU_hls_0.inst.grp_Matrix_Vector_Activate_Stream_Batch_fu_150
[2026-04-21 23:30:06,569] 22258 | assign zext_ln1039_36_fu_7616_p1 = p_ZL7threshs_3_4_q0;
[2026-04-21 23:30:06,569]       |                                  ^
[2026-04-21 23:30:06,569] %Warning-WIDTH: /tmp/finn_dev_emanuel-hernandez/vivado_stitch_proj_rgrwy7hk/finn_design_wrapper.v:22260:34: Operator ASSIGNW expects 23 bits on the Assign RHS, but Assign RHS's VARREF 'p_ZL7threshs_3_5_q0' generates 17 bits.
[2026-04-21 23:30:06,569]                                                                                                           : ... In instance finn_design_wrapper.finn_design_i.MVAU_hls_0.MVAU_hls_0.inst.grp_Matrix_Vector_Activate_Stream_Batch_fu_150
[2026-04-21 23:30:06,569] 22260 | assign zext_ln1039_37_fu_7636_p1 = p_ZL7threshs_3_5_q0;
[2026-04-21 23:30:06,569]       |                                  ^
[2026-04-21 23:30:06,569] %Warning-WIDTH: /tmp/finn_dev_emanuel-hernandez/vivado_stitch_proj_rgrwy7hk/finn_design_wrapper.v:22262:34: Operator ASSIGNW expects 23 bits on the Assign RHS, but Assign RHS's VARREF 'p_ZL7threshs_3_6_q0' generates 17 bits.
[2026-04-21 23:30:06,569]                                                                                                           : ... In instance finn_design_wrapper.finn_design_i.MVAU_hls_0.MVAU_hls_0.inst.grp_Matrix_Vector_Activate_Stream_Batch_fu_150
[2026-04-21 23:30:06,569] 22262 | assign zext_ln1039_38_fu_7656_p1 = p_ZL7threshs_3_6_q0;
[2026-04-21 23:30:06,569]       |                                  ^
[2026-04-21 23:30:06,569] %Warning-WIDTH: /tmp/finn_dev_emanuel-hernandez/vivado_stitch_proj_rgrwy7hk/finn_design_wrapper.v:22264:34: Operator ASSIGNW expects 23 bits on the Assign RHS, but Assign RHS's VARREF 'p_ZL7threshs_3_7_q0' generates 17 bits.
[2026-04-21 23:30:06,569]                                                                                                           : ... In instance finn_design_wrapper.finn_design_i.MVAU_hls_0.MVAU_hls_0.inst.grp_Matrix_Vector_Activate_Stream_Batch_fu_150
[2026-04-21 23:30:06,569] 22264 | assign zext_ln1039_39_fu_7676_p1 = p_ZL7threshs_3_7_q0;
[2026-04-21 23:30:06,569]       |                                  ^
[2026-04-21 23:30:06,569] %Warning-WIDTH: /tmp/finn_dev_emanuel-hernandez/vivado_stitch_proj_rgrwy7hk/finn_design_wrapper.v:22266:33: Operator ASSIGNW expects 23 bits on the Assign RHS, but Assign RHS's VARREF 'p_ZL7threshs_0_5_q0' generates 17 bits.
[2026-04-21 23:30:06,569]                                                                                                           : ... In instance finn_design_wrapper.finn_design_i.MVAU_hls_0.MVAU_hls_0.inst.grp_Matrix_Vector_Activate_Stream_Batch_fu_150
[2026-04-21 23:30:06,569] 22266 | assign zext_ln1039_3_fu_6832_p1 = p_ZL7threshs_0_5_q0;
[2026-04-21 23:30:06,569]       |                                 ^
[2026-04-21 23:30:06,569] %Warning-WIDTH: /tmp/finn_dev_emanuel-hernandez/vivado_stitch_proj_rgrwy7hk/finn_design_wrapper.v:22268:34: Operator ASSIGNW expects 23 bits on the Assign RHS, but Assign RHS's VARREF 'p_ZL7threshs_3_8_q0' generates 17 bits.
[2026-04-21 23:30:06,569]                                                                                                           : ... In instance finn_design_wrapper.finn_design_i.MVAU_hls_0.MVAU_hls_0.inst.grp_Matrix_Vector_Activate_Stream_Batch_fu_150
[2026-04-21 23:30:06,569] 22268 | assign zext_ln1039_40_fu_7686_p1 = p_ZL7threshs_3_8_q0;
[2026-04-21 23:30:06,569]       |                                  ^
[2026-04-21 23:30:06,569] %Warning-WIDTH: /tmp/finn_dev_emanuel-hernandez/vivado_stitch_proj_rgrwy7hk/finn_design_wrapper.v:22270:34: Operator ASSIGNW expects 23 bits on the Assign RHS, but Assign RHS's VARREF 'p_ZL7threshs_3_9_q0' generates 17 bits.
[2026-04-21 23:30:06,569]                                                                                                           : ... In instance finn_design_wrapper.finn_design_i.MVAU_hls_0.MVAU_hls_0.inst.grp_Matrix_Vector_Activate_Stream_Batch_fu_150
[2026-04-21 23:30:06,569] 22270 | assign zext_ln1039_41_fu_7696_p1 = p_ZL7threshs_3_9_q0;
[2026-04-21 23:30:06,569]       |                                  ^
[2026-04-21 23:30:06,569] %Warning-WIDTH: /tmp/finn_dev_emanuel-hernandez/vivado_stitch_proj_rgrwy7hk/finn_design_wrapper.v:22272:34: Operator ASSIGNW expects 23 bits on the Assign RHS, but Assign RHS's VARREF 'p_ZL7threshs_3_10_q0' generates 17 bits.
[2026-04-21 23:30:06,569]                                                                                                           : ... In instance finn_design_wrapper.finn_design_i.MVAU_hls_0.MVAU_hls_0.inst.grp_Matrix_Vector_Activate_Stream_Batch_fu_150
[2026-04-21 23:30:06,569] 22272 | assign zext_ln1039_42_fu_7706_p1 = p_ZL7threshs_3_10_q0;
[2026-04-21 23:30:06,569]       |                                  ^
[2026-04-21 23:30:06,569] %Warning-WIDTH: /tmp/finn_dev_emanuel-hernandez/vivado_stitch_proj_rgrwy7hk/finn_design_wrapper.v:22274:34: Operator ASSIGNW expects 23 bits on the Assign RHS, but Assign RHS's VARREF 'p_ZL7threshs_3_11_q0' generates 17 bits.
[2026-04-21 23:30:06,569]                                                                                                           : ... In instance finn_design_wrapper.finn_design_i.MVAU_hls_0.MVAU_hls_0.inst.grp_Matrix_Vector_Activate_Stream_Batch_fu_150
[2026-04-21 23:30:06,569] 22274 | assign zext_ln1039_43_fu_7716_p1 = p_ZL7threshs_3_11_q0;
[2026-04-21 23:30:06,569]       |                                  ^
[2026-04-21 23:30:06,569] %Warning-WIDTH: /tmp/finn_dev_emanuel-hernandez/vivado_stitch_proj_rgrwy7hk/finn_design_wrapper.v:22276:34: Operator ASSIGNW expects 23 bits on the Assign RHS, but Assign RHS's VARREF 'p_ZL7threshs_3_12_q0' generates 17 bits.
[2026-04-21 23:30:06,569]                                                                                                           : ... In instance finn_design_wrapper.finn_design_i.MVAU_hls_0.MVAU_hls_0.inst.grp_Matrix_Vector_Activate_Stream_Batch_fu_150
[2026-04-21 23:30:06,569] 22276 | assign zext_ln1039_44_fu_7726_p1 = p_ZL7threshs_3_12_q0;
[2026-04-21 23:30:06,569]       |                                  ^
[2026-04-21 23:30:06,569] %Warning-WIDTH: /tmp/finn_dev_emanuel-hernandez/vivado_stitch_proj_rgrwy7hk/finn_design_wrapper.v:22278:34: Operator ASSIGNW expects 23 bits on the Assign RHS, but Assign RHS's VARREF 'p_ZL7threshs_3_13_q0' generates 17 bits.
[2026-04-21 23:30:06,569]                                                                                                           : ... In instance finn_design_wrapper.finn_design_i.MVAU_hls_0.MVAU_hls_0.inst.grp_Matrix_Vector_Activate_Stream_Batch_fu_150
[2026-04-21 23:30:06,569] 22278 | assign zext_ln1039_45_fu_7736_p1 = p_ZL7threshs_3_13_q0;
[2026-04-21 23:30:06,569]       |                                  ^
[2026-04-21 23:30:06,569] %Warning-WIDTH: /tmp/finn_dev_emanuel-hernandez/vivado_stitch_proj_rgrwy7hk/finn_design_wrapper.v:22280:34: Operator ASSIGNW expects 23 bits on the Assign RHS, but Assign RHS's VARREF 'p_ZL7threshs_3_14_q0' generates 17 bits.
[2026-04-21 23:30:06,569]                                                                                                           : ... In instance finn_design_wrapper.finn_design_i.MVAU_hls_0.MVAU_hls_0.inst.grp_Matrix_Vector_Activate_Stream_Batch_fu_150
[2026-04-21 23:30:06,569] 22280 | assign zext_ln1039_46_fu_7746_p1 = p_ZL7threshs_3_14_q0;
[2026-04-21 23:30:06,569]       |                                  ^
[2026-04-21 23:30:06,569] %Warning-WIDTH: /tmp/finn_dev_emanuel-hernandez/vivado_stitch_proj_rgrwy7hk/finn_design_wrapper.v:22282:33: Operator ASSIGNW expects 23 bits on the Assign RHS, but Assign RHS's VARREF 'p_ZL7threshs_0_6_q0' generates 17 bits.
[2026-04-21 23:30:06,569]                                                                                                           : ... In instance finn_design_wrapper.finn_design_i.MVAU_hls_0.MVAU_hls_0.inst.grp_Matrix_Vector_Activate_Stream_Batch_fu_150
[2026-04-21 23:30:06,569] 22282 | assign zext_ln1039_4_fu_6852_p1 = p_ZL7threshs_0_6_q0;
[2026-04-21 23:30:06,569]       |                                 ^
[2026-04-21 23:30:06,569] %Warning-WIDTH: /tmp/finn_dev_emanuel-hernandez/vivado_stitch_proj_rgrwy7hk/finn_design_wrapper.v:22284:33: Operator ASSIGNW expects 23 bits on the Assign RHS, but Assign RHS's VARREF 'p_ZL7threshs_0_7_q0' generates 17 bits.
[2026-04-21 23:30:06,569]                                                                                                           : ... In instance finn_design_wrapper.finn_design_i.MVAU_hls_0.MVAU_hls_0.inst.grp_Matrix_Vector_Activate_Stream_Batch_fu_150
[2026-04-21 23:30:06,569] 22284 | assign zext_ln1039_5_fu_6872_p1 = p_ZL7threshs_0_7_q0;
[2026-04-21 23:30:06,569]       |                                 ^
[2026-04-21 23:30:06,569] %Warning-WIDTH: /tmp/finn_dev_emanuel-hernandez/vivado_stitch_proj_rgrwy7hk/finn_design_wrapper.v:22286:33: Operator ASSIGNW expects 23 bits on the Assign RHS, but Assign RHS's VARREF 'p_ZL7threshs_0_8_q0' generates 17 bits.
[2026-04-21 23:30:06,569]                                                                                                           : ... In instance finn_design_wrapper.finn_design_i.MVAU_hls_0.MVAU_hls_0.inst.grp_Matrix_Vector_Activate_Stream_Batch_fu_150
[2026-04-21 23:30:06,569] 22286 | assign zext_ln1039_6_fu_6882_p1 = p_ZL7threshs_0_8_q0;
[2026-04-21 23:30:06,569]       |                                 ^
[2026-04-21 23:30:06,569] %Warning-WIDTH: /tmp/finn_dev_emanuel-hernandez/vivado_stitch_proj_rgrwy7hk/finn_design_wrapper.v:22288:33: Operator ASSIGNW expects 23 bits on the Assign RHS, but Assign RHS's VARREF 'p_ZL7threshs_0_9_q0' generates 17 bits.
[2026-04-21 23:30:06,569]                                                                                                           : ... In instance finn_design_wrapper.finn_design_i.MVAU_hls_0.MVAU_hls_0.inst.grp_Matrix_Vector_Activate_Stream_Batch_fu_150
[2026-04-21 23:30:06,569] 22288 | assign zext_ln1039_7_fu_6892_p1 = p_ZL7threshs_0_9_q0;
[2026-04-21 23:30:06,569]       |                                 ^
[2026-04-21 23:30:06,569] %Warning-WIDTH: /tmp/finn_dev_emanuel-hernandez/vivado_stitch_proj_rgrwy7hk/finn_design_wrapper.v:22290:33: Operator ASSIGNW expects 23 bits on the Assign RHS, but Assign RHS's VARREF 'p_ZL7threshs_0_10_q0' generates 17 bits.
[2026-04-21 23:30:06,569]                                                                                                           : ... In instance finn_design_wrapper.finn_design_i.MVAU_hls_0.MVAU_hls_0.inst.grp_Matrix_Vector_Activate_Stream_Batch_fu_150
[2026-04-21 23:30:06,569] 22290 | assign zext_ln1039_8_fu_6902_p1 = p_ZL7threshs_0_10_q0;
[2026-04-21 23:30:06,569]       |                                 ^
[2026-04-21 23:30:06,569] %Warning-WIDTH: /tmp/finn_dev_emanuel-hernandez/vivado_stitch_proj_rgrwy7hk/finn_design_wrapper.v:22292:33: Operator ASSIGNW expects 23 bits on the Assign RHS, but Assign RHS's VARREF 'p_ZL7threshs_0_11_q0' generates 17 bits.
[2026-04-21 23:30:06,569]                                                                                                           : ... In instance finn_design_wrapper.finn_design_i.MVAU_hls_0.MVAU_hls_0.inst.grp_Matrix_Vector_Activate_Stream_Batch_fu_150
[2026-04-21 23:30:06,569] 22292 | assign zext_ln1039_9_fu_6912_p1 = p_ZL7threshs_0_11_q0;
[2026-04-21 23:30:06,569]       |                                 ^
[2026-04-21 23:30:06,569] %Warning-WIDTH: /tmp/finn_dev_emanuel-hernandez/vivado_stitch_proj_rgrwy7hk/finn_design_wrapper.v:22294:31: Operator ASSIGNW expects 23 bits on the Assign RHS, but Assign RHS's VARREF 'p_ZL7threshs_0_2_q0' generates 16 bits.
[2026-04-21 23:30:06,569]                                                                                                           : ... In instance finn_design_wrapper.finn_design_i.MVAU_hls_0.MVAU_hls_0.inst.grp_Matrix_Vector_Activate_Stream_Batch_fu_150
[2026-04-21 23:30:06,569] 22294 | assign zext_ln1039_fu_6772_p1 = p_ZL7threshs_0_2_q0;
[2026-04-21 23:30:06,569]       |                               ^
[2026-04-21 23:30:06,569] %Warning-WIDTH: /tmp/finn_dev_emanuel-hernandez/vivado_stitch_proj_rgrwy7hk/finn_design_wrapper.v:22296:32: Operator ASSIGNW expects 2 bits on the Assign RHS, but Assign RHS's VARREF 'result_V_2_fu_7010_p2' generates 1 bits.
[2026-04-21 23:30:06,569]                                                                                                           : ... In instance finn_design_wrapper.finn_design_i.MVAU_hls_0.MVAU_hls_0.inst.grp_Matrix_Vector_Activate_Stream_Batch_fu_150
[2026-04-21 23:30:06,569] 22296 | assign zext_ln215_1_fu_7016_p1 = result_V_2_fu_7010_p2;
[2026-04-21 23:30:06,569]       |                                ^
[2026-04-21 23:30:06,569] %Warning-WIDTH: /tmp/finn_dev_emanuel-hernandez/vivado_stitch_proj_rgrwy7hk/finn_design_wrapper.v:22298:32: Operator ASSIGNW expects 2 bits on the Assign RHS, but Assign RHS's VARREF 'result_V_4_fu_7278_p2' generates 1 bits.
[2026-04-21 23:30:06,569]                                                                                                           : ... In instance finn_design_wrapper.finn_design_i.MVAU_hls_0.MVAU_hls_0.inst.grp_Matrix_Vector_Activate_Stream_Batch_fu_150
[2026-04-21 23:30:06,569] 22298 | assign zext_ln215_2_fu_7284_p1 = result_V_4_fu_7278_p2;
[2026-04-21 23:30:06,569]       |                                ^
[2026-04-21 23:30:06,569] %Warning-WIDTH: /tmp/finn_dev_emanuel-hernandez/vivado_stitch_proj_rgrwy7hk/finn_design_wrapper.v:22300:32: Operator ASSIGNW expects 2 bits on the Assign RHS, but Assign RHS's VARREF 'result_V_6_fu_7546_p2' generates 1 bits.
[2026-04-21 23:30:06,570]                                                                                                           : ... In instance finn_design_wrapper.finn_design_i.MVAU_hls_0.MVAU_hls_0.inst.grp_Matrix_Vector_Activate_Stream_Batch_fu_150
[2026-04-21 23:30:06,570] 22300 | assign zext_ln215_3_fu_7552_p1 = result_V_6_fu_7546_p2;
[2026-04-21 23:30:06,570]       |                                ^
[2026-04-21 23:30:06,570] %Warning-WIDTH: /tmp/finn_dev_emanuel-hernandez/vivado_stitch_proj_rgrwy7hk/finn_design_wrapper.v:22302:30: Operator ASSIGNW expects 2 bits on the Assign RHS, but Assign RHS's VARREF 'result_V_fu_6742_p2' generates 1 bits.
[2026-04-21 23:30:06,570]                                                                                                           : ... In instance finn_design_wrapper.finn_design_i.MVAU_hls_0.MVAU_hls_0.inst.grp_Matrix_Vector_Activate_Stream_Batch_fu_150
[2026-04-21 23:30:06,570] 22302 | assign zext_ln215_fu_6748_p1 = result_V_fu_6742_p2;
[2026-04-21 23:30:06,570]       |                              ^
[2026-04-21 23:30:06,570] %Warning-WIDTH: /tmp/finn_dev_emanuel-hernandez/vivado_stitch_proj_rgrwy7hk/finn_design_wrapper.v:22304:33: Operator ASSIGNW expects 2 bits on the Assign RHS, but Assign RHS's VARREF 'xor_ln1039_10_fu_7860_p2' generates 1 bits.
[2026-04-21 23:30:06,570]                                                                                                           : ... In instance finn_design_wrapper.finn_design_i.MVAU_hls_0.MVAU_hls_0.inst.grp_Matrix_Vector_Activate_Stream_Batch_fu_150
[2026-04-21 23:30:06,570] 22304 | assign zext_ln218_10_fu_7865_p1 = xor_ln1039_10_fu_7860_p2;
[2026-04-21 23:30:06,570]       |                                 ^
[2026-04-21 23:30:06,570] %Warning-WIDTH: /tmp/finn_dev_emanuel-hernandez/vivado_stitch_proj_rgrwy7hk/finn_design_wrapper.v:22306:33: Operator ASSIGNW expects 2 bits on the Assign RHS, but Assign RHS's VARREF 'xor_ln1039_11_fu_7869_p2' generates 1 bits.
[2026-04-21 23:30:06,570]                                                                                                           : ... In instance finn_design_wrapper.finn_design_i.MVAU_hls_0.MVAU_hls_0.inst.grp_Matrix_Vector_Activate_Stream_Batch_fu_150
[2026-04-21 23:30:06,570] 22306 | assign zext_ln218_11_fu_7874_p1 = xor_ln1039_11_fu_7869_p2;
[2026-04-21 23:30:06,570]       |                                 ^
[2026-04-21 23:30:06,570] %Warning-WIDTH: /tmp/finn_dev_emanuel-hernandez/vivado_stitch_proj_rgrwy7hk/finn_design_wrapper.v:22308:33: Operator ASSIGNW expects 2 bits on the Assign RHS, but Assign RHS's VARREF 'xor_ln1039_12_fu_7878_p2' generates 1 bits.
[2026-04-21 23:30:06,570]                                                                                                           : ... In instance finn_design_wrapper.finn_design_i.MVAU_hls_0.MVAU_hls_0.inst.grp_Matrix_Vector_Activate_Stream_Batch_fu_150
[2026-04-21 23:30:06,570] 22308 | assign zext_ln218_12_fu_7883_p1 = xor_ln1039_12_fu_7878_p2;
[2026-04-21 23:30:06,570]       |                                 ^
[2026-04-21 23:30:06,570] %Warning-WIDTH: /tmp/finn_dev_emanuel-hernandez/vivado_stitch_proj_rgrwy7hk/finn_design_wrapper.v:22310:33: Operator ASSIGNW expects 2 bits on the Assign RHS, but Assign RHS's VARREF 'xor_ln1039_15_fu_7030_p2' generates 1 bits.
[2026-04-21 23:30:06,570]                                                                                                           : ... In instance finn_design_wrapper.finn_design_i.MVAU_hls_0.MVAU_hls_0.inst.grp_Matrix_Vector_Activate_Stream_Batch_fu_150
[2026-04-21 23:30:06,570] 22310 | assign zext_ln218_13_fu_7036_p1 = xor_ln1039_15_fu_7030_p2;
[2026-04-21 23:30:06,570]       |                                 ^
[2026-04-21 23:30:06,570] %Warning-WIDTH: /tmp/finn_dev_emanuel-hernandez/vivado_stitch_proj_rgrwy7hk/finn_design_wrapper.v:22312:33: Operator ASSIGNW expects 2 bits on the Assign RHS, but Assign RHS's VARREF 'xor_ln1039_16_fu_7050_p2' generates 1 bits.
[2026-04-21 23:30:06,570]                                                                                                           : ... In instance finn_design_wrapper.finn_design_i.MVAU_hls_0.MVAU_hls_0.inst.grp_Matrix_Vector_Activate_Stream_Batch_fu_150
[2026-04-21 23:30:06,570] 22312 | assign zext_ln218_14_fu_7056_p1 = xor_ln1039_16_fu_7050_p2;
[2026-04-21 23:30:06,570]       |                                 ^
[2026-04-21 23:30:06,570] %Warning-WIDTH: /tmp/finn_dev_emanuel-hernandez/vivado_stitch_proj_rgrwy7hk/finn_design_wrapper.v:22314:33: Operator ASSIGNW expects 2 bits on the Assign RHS, but Assign RHS's VARREF 'xor_ln1039_17_fu_7070_p2' generates 1 bits.
[2026-04-21 23:30:06,570]                                                                                                           : ... In instance finn_design_wrapper.finn_design_i.MVAU_hls_0.MVAU_hls_0.inst.grp_Matrix_Vector_Activate_Stream_Batch_fu_150
[2026-04-21 23:30:06,570] 22314 | assign zext_ln218_15_fu_7076_p1 = xor_ln1039_17_fu_7070_p2;
[2026-04-21 23:30:06,570]       |                                 ^
[2026-04-21 23:30:06,570] %Warning-WIDTH: /tmp/finn_dev_emanuel-hernandez/vivado_stitch_proj_rgrwy7hk/finn_design_wrapper.v:22316:33: Operator ASSIGNW expects 2 bits on the Assign RHS, but Assign RHS's VARREF 'xor_ln1039_18_fu_7090_p2' generates 1 bits.
[2026-04-21 23:30:06,570]                                                                                                           : ... In instance finn_design_wrapper.finn_design_i.MVAU_hls_0.MVAU_hls_0.inst.grp_Matrix_Vector_Activate_Stream_Batch_fu_150
[2026-04-21 23:30:06,570] 22316 | assign zext_ln218_16_fu_7096_p1 = xor_ln1039_18_fu_7090_p2;
[2026-04-21 23:30:06,570]       |                                 ^
[2026-04-21 23:30:06,570] %Warning-WIDTH: /tmp/finn_dev_emanuel-hernandez/vivado_stitch_proj_rgrwy7hk/finn_design_wrapper.v:22318:33: Operator ASSIGNW expects 2 bits on the Assign RHS, but Assign RHS's VARREF 'xor_ln1039_19_fu_7110_p2' generates 1 bits.
[2026-04-21 23:30:06,570]                                                                                                           : ... In instance finn_design_wrapper.finn_design_i.MVAU_hls_0.MVAU_hls_0.inst.grp_Matrix_Vector_Activate_Stream_Batch_fu_150
[2026-04-21 23:30:06,570] 22318 | assign zext_ln218_17_fu_7116_p1 = xor_ln1039_19_fu_7110_p2;
[2026-04-21 23:30:06,570]       |                                 ^
[2026-04-21 23:30:06,570] %Warning-WIDTH: /tmp/finn_dev_emanuel-hernandez/vivado_stitch_proj_rgrwy7hk/finn_design_wrapper.v:22320:33: Operator ASSIGNW expects 2 bits on the Assign RHS, but Assign RHS's VARREF 'xor_ln1039_20_fu_7130_p2' generates 1 bits.
[2026-04-21 23:30:06,570]                                                                                                           : ... In instance finn_design_wrapper.finn_design_i.MVAU_hls_0.MVAU_hls_0.inst.grp_Matrix_Vector_Activate_Stream_Batch_fu_150
[2026-04-21 23:30:06,570] 22320 | assign zext_ln218_18_fu_7136_p1 = xor_ln1039_20_fu_7130_p2;
[2026-04-21 23:30:06,570]       |                                 ^
[2026-04-21 23:30:06,570] %Warning-WIDTH: /tmp/finn_dev_emanuel-hernandez/vivado_stitch_proj_rgrwy7hk/finn_design_wrapper.v:22322:33: Operator ASSIGNW expects 2 bits on the Assign RHS, but Assign RHS's VARREF 'xor_ln1039_21_fu_7971_p2' generates 1 bits.
[2026-04-21 23:30:06,570]                                                                                                           : ... In instance finn_design_wrapper.finn_design_i.MVAU_hls_0.MVAU_hls_0.inst.grp_Matrix_Vector_Activate_Stream_Batch_fu_150
[2026-04-21 23:30:06,570] 22322 | assign zext_ln218_19_fu_7976_p1 = xor_ln1039_21_fu_7971_p2;
[2026-04-21 23:30:06,570]       |                                 ^
[2026-04-21 23:30:06,570] %Warning-WIDTH: /tmp/finn_dev_emanuel-hernandez/vivado_stitch_proj_rgrwy7hk/finn_design_wrapper.v:22324:32: Operator ASSIGNW expects 2 bits on the Assign RHS, but Assign RHS's VARREF 'xor_ln1039_1_fu_6782_p2' generates 1 bits.
[2026-04-21 23:30:06,570]                                                                                                           : ... In instance finn_design_wrapper.finn_design_i.MVAU_hls_0.MVAU_hls_0.inst.grp_Matrix_Vector_Activate_Stream_Batch_fu_150
[2026-04-21 23:30:06,570] 22324 | assign zext_ln218_1_fu_6788_p1 = xor_ln1039_1_fu_6782_p2;
[2026-04-21 23:30:06,570]       |                                ^
[2026-04-21 23:30:06,570] %Warning-WIDTH: /tmp/finn_dev_emanuel-hernandez/vivado_stitch_proj_rgrwy7hk/finn_design_wrapper.v:22326:33: Operator ASSIGNW expects 2 bits on the Assign RHS, but Assign RHS's VARREF 'xor_ln1039_22_fu_7980_p2' generates 1 bits.
[2026-04-21 23:30:06,570]                                                                                                           : ... In instance finn_design_wrapper.finn_design_i.MVAU_hls_0.MVAU_hls_0.inst.grp_Matrix_Vector_Activate_Stream_Batch_fu_150
[2026-04-21 23:30:06,570] 22326 | assign zext_ln218_20_fu_7985_p1 = xor_ln1039_22_fu_7980_p2;
[2026-04-21 23:30:06,570]       |                                 ^
[2026-04-21 23:30:06,570] %Warning-WIDTH: /tmp/finn_dev_emanuel-hernandez/vivado_stitch_proj_rgrwy7hk/finn_design_wrapper.v:22328:33: Operator ASSIGNW expects 2 bits on the Assign RHS, but Assign RHS's VARREF 'xor_ln1039_23_fu_7989_p2' generates 1 bits.
[2026-04-21 23:30:06,570]                                                                                                           : ... In instance finn_design_wrapper.finn_design_i.MVAU_hls_0.MVAU_hls_0.inst.grp_Matrix_Vector_Activate_Stream_Batch_fu_150
[2026-04-21 23:30:06,571] 22328 | assign zext_ln218_21_fu_7994_p1 = xor_ln1039_23_fu_7989_p2;
[2026-04-21 23:30:06,571]       |                                 ^
[2026-04-21 23:30:06,571] %Warning-WIDTH: /tmp/finn_dev_emanuel-hernandez/vivado_stitch_proj_rgrwy7hk/finn_design_wrapper.v:22330:33: Operator ASSIGNW expects 2 bits on the Assign RHS, but Assign RHS's VARREF 'xor_ln1039_24_fu_7998_p2' generates 1 bits.
[2026-04-21 23:30:06,571]                                                                                                           : ... In instance finn_design_wrapper.finn_design_i.MVAU_hls_0.MVAU_hls_0.inst.grp_Matrix_Vector_Activate_Stream_Batch_fu_150
[2026-04-21 23:30:06,571] 22330 | assign zext_ln218_22_fu_8003_p1 = xor_ln1039_24_fu_7998_p2;
[2026-04-21 23:30:06,571]       |                                 ^
[2026-04-21 23:30:06,571] %Warning-WIDTH: /tmp/finn_dev_emanuel-hernandez/vivado_stitch_proj_rgrwy7hk/finn_design_wrapper.v:22332:33: Operator ASSIGNW expects 2 bits on the Assign RHS, but Assign RHS's VARREF 'xor_ln1039_25_fu_8007_p2' generates 1 bits.
[2026-04-21 23:30:06,571]                                                                                                           : ... In instance finn_design_wrapper.finn_design_i.MVAU_hls_0.MVAU_hls_0.inst.grp_Matrix_Vector_Activate_Stream_Batch_fu_150
[2026-04-21 23:30:06,571] 22332 | assign zext_ln218_23_fu_8012_p1 = xor_ln1039_25_fu_8007_p2;
[2026-04-21 23:30:06,571]       |                                 ^
[2026-04-21 23:30:06,571] %Warning-WIDTH: /tmp/finn_dev_emanuel-hernandez/vivado_stitch_proj_rgrwy7hk/finn_design_wrapper.v:22334:33: Operator ASSIGNW expects 2 bits on the Assign RHS, but Assign RHS's VARREF 'xor_ln1039_26_fu_8016_p2' generates 1 bits.
[2026-04-21 23:30:06,571]                                                                                                           : ... In instance finn_design_wrapper.finn_design_i.MVAU_hls_0.MVAU_hls_0.inst.grp_Matrix_Vector_Activate_Stream_Batch_fu_150
[2026-04-21 23:30:06,571] 22334 | assign zext_ln218_24_fu_8021_p1 = xor_ln1039_26_fu_8016_p2;
[2026-04-21 23:30:06,571]       |                                 ^
[2026-04-21 23:30:06,571] %Warning-WIDTH: /tmp/finn_dev_emanuel-hernandez/vivado_stitch_proj_rgrwy7hk/finn_design_wrapper.v:22336:33: Operator ASSIGNW expects 2 bits on the Assign RHS, but Assign RHS's VARREF 'xor_ln1039_27_fu_8025_p2' generates 1 bits.
[2026-04-21 23:30:06,571]                                                                                                           : ... In instance finn_design_wrapper.finn_design_i.MVAU_hls_0.MVAU_hls_0.inst.grp_Matrix_Vector_Activate_Stream_Batch_fu_150
[2026-04-21 23:30:06,571] 22336 | assign zext_ln218_25_fu_8030_p1 = xor_ln1039_27_fu_8025_p2;
[2026-04-21 23:30:06,571]       |                                 ^
[2026-04-21 23:30:06,571] %Warning-WIDTH: /tmp/finn_dev_emanuel-hernandez/vivado_stitch_proj_rgrwy7hk/finn_design_wrapper.v:22338:33: Operator ASSIGNW expects 2 bits on the Assign RHS, but Assign RHS's VARREF 'xor_ln1039_30_fu_7298_p2' generates 1 bits.
[2026-04-21 23:30:06,571]                                                                                                           : ... In instance finn_design_wrapper.finn_design_i.MVAU_hls_0.MVAU_hls_0.inst.grp_Matrix_Vector_Activate_Stream_Batch_fu_150
[2026-04-21 23:30:06,571] 22338 | assign zext_ln218_26_fu_7304_p1 = xor_ln1039_30_fu_7298_p2;
[2026-04-21 23:30:06,571]       |                                 ^
[2026-04-21 23:30:06,571] %Warning-WIDTH: /tmp/finn_dev_emanuel-hernandez/vivado_stitch_proj_rgrwy7hk/finn_design_wrapper.v:22340:33: Operator ASSIGNW expects 2 bits on the Assign RHS, but Assign RHS's VARREF 'xor_ln1039_31_fu_7318_p2' generates 1 bits.
[2026-04-21 23:30:06,571]                                                                                                           : ... In instance finn_design_wrapper.finn_design_i.MVAU_hls_0.MVAU_hls_0.inst.grp_Matrix_Vector_Activate_Stream_Batch_fu_150
[2026-04-21 23:30:06,571] 22340 | assign zext_ln218_27_fu_7324_p1 = xor_ln1039_31_fu_7318_p2;
[2026-04-21 23:30:06,571]       |                                 ^
[2026-04-21 23:30:06,571] %Warning-WIDTH: /tmp/finn_dev_emanuel-hernandez/vivado_stitch_proj_rgrwy7hk/finn_design_wrapper.v:22342:33: Operator ASSIGNW expects 2 bits on the Assign RHS, but Assign RHS's VARREF 'xor_ln1039_32_fu_7338_p2' generates 1 bits.
[2026-04-21 23:30:06,571]                                                                                                           : ... In instance finn_design_wrapper.finn_design_i.MVAU_hls_0.MVAU_hls_0.inst.grp_Matrix_Vector_Activate_Stream_Batch_fu_150
[2026-04-21 23:30:06,571] 22342 | assign zext_ln218_28_fu_7344_p1 = xor_ln1039_32_fu_7338_p2;
[2026-04-21 23:30:06,571]       |                                 ^
[2026-04-21 23:30:06,571] %Warning-WIDTH: /tmp/finn_dev_emanuel-hernandez/vivado_stitch_proj_rgrwy7hk/finn_design_wrapper.v:22344:33: Operator ASSIGNW expects 2 bits on the Assign RHS, but Assign RHS's VARREF 'xor_ln1039_33_fu_7358_p2' generates 1 bits.
[2026-04-21 23:30:06,571]                                                                                                           : ... In instance finn_design_wrapper.finn_design_i.MVAU_hls_0.MVAU_hls_0.inst.grp_Matrix_Vector_Activate_Stream_Batch_fu_150
[2026-04-21 23:30:06,571] 22344 | assign zext_ln218_29_fu_7364_p1 = xor_ln1039_33_fu_7358_p2;
[2026-04-21 23:30:06,571]       |                                 ^
[2026-04-21 23:30:06,571] %Warning-WIDTH: /tmp/finn_dev_emanuel-hernandez/vivado_stitch_proj_rgrwy7hk/finn_design_wrapper.v:22346:32: Operator ASSIGNW expects 2 bits on the Assign RHS, but Assign RHS's VARREF 'xor_ln1039_2_fu_6802_p2' generates 1 bits.
[2026-04-21 23:30:06,571]                                                                                                           : ... In instance finn_design_wrapper.finn_design_i.MVAU_hls_0.MVAU_hls_0.inst.grp_Matrix_Vector_Activate_Stream_Batch_fu_150
[2026-04-21 23:30:06,571] 22346 | assign zext_ln218_2_fu_6808_p1 = xor_ln1039_2_fu_6802_p2;
[2026-04-21 23:30:06,571]       |                                ^
[2026-04-21 23:30:06,571] %Warning-WIDTH: /tmp/finn_dev_emanuel-hernandez/vivado_stitch_proj_rgrwy7hk/finn_design_wrapper.v:22348:33: Operator ASSIGNW expects 2 bits on the Assign RHS, but Assign RHS's VARREF 'xor_ln1039_34_fu_7378_p2' generates 1 bits.
[2026-04-21 23:30:06,571]                                                                                                           : ... In instance finn_design_wrapper.finn_design_i.MVAU_hls_0.MVAU_hls_0.inst.grp_Matrix_Vector_Activate_Stream_Batch_fu_150
[2026-04-21 23:30:06,571] 22348 | assign zext_ln218_30_fu_7384_p1 = xor_ln1039_34_fu_7378_p2;
[2026-04-21 23:30:06,571]       |                                 ^
[2026-04-21 23:30:06,571] %Warning-WIDTH: /tmp/finn_dev_emanuel-hernandez/vivado_stitch_proj_rgrwy7hk/finn_design_wrapper.v:22350:33: Operator ASSIGNW expects 2 bits on the Assign RHS, but Assign RHS's VARREF 'xor_ln1039_35_fu_7398_p2' generates 1 bits.
[2026-04-21 23:30:06,571]                                                                                                           : ... In instance finn_design_wrapper.finn_design_i.MVAU_hls_0.MVAU_hls_0.inst.grp_Matrix_Vector_Activate_Stream_Batch_fu_150
[2026-04-21 23:30:06,571] 22350 | assign zext_ln218_31_fu_7404_p1 = xor_ln1039_35_fu_7398_p2;
[2026-04-21 23:30:06,571]       |                                 ^
[2026-04-21 23:30:06,571] %Warning-WIDTH: /tmp/finn_dev_emanuel-hernandez/vivado_stitch_proj_rgrwy7hk/finn_design_wrapper.v:22352:33: Operator ASSIGNW expects 2 bits on the Assign RHS, but Assign RHS's VARREF 'xor_ln1039_36_fu_8118_p2' generates 1 bits.
[2026-04-21 23:30:06,571]                                                                                                           : ... In instance finn_design_wrapper.finn_design_i.MVAU_hls_0.MVAU_hls_0.inst.grp_Matrix_Vector_Activate_Stream_Batch_fu_150
[2026-04-21 23:30:06,571] 22352 | assign zext_ln218_32_fu_8123_p1 = xor_ln1039_36_fu_8118_p2;
[2026-04-21 23:30:06,571]       |                                 ^
[2026-04-21 23:30:06,571] %Warning-WIDTH: /tmp/finn_dev_emanuel-hernandez/vivado_stitch_proj_rgrwy7hk/finn_design_wrapper.v:22354:33: Operator ASSIGNW expects 2 bits on the Assign RHS, but Assign RHS's VARREF 'xor_ln1039_37_fu_8127_p2' generates 1 bits.
[2026-04-21 23:30:06,571]                                                                                                           : ... In instance finn_design_wrapper.finn_design_i.MVAU_hls_0.MVAU_hls_0.inst.grp_Matrix_Vector_Activate_Stream_Batch_fu_150
[2026-04-21 23:30:06,572] 22354 | assign zext_ln218_33_fu_8132_p1 = xor_ln1039_37_fu_8127_p2;
[2026-04-21 23:30:06,572]       |                                 ^
[2026-04-21 23:30:06,572] %Warning-WIDTH: /tmp/finn_dev_emanuel-hernandez/vivado_stitch_proj_rgrwy7hk/finn_design_wrapper.v:22356:33: Operator ASSIGNW expects 2 bits on the Assign RHS, but Assign RHS's VARREF 'xor_ln1039_38_fu_8136_p2' generates 1 bits.
[2026-04-21 23:30:06,572]                                                                                                           : ... In instance finn_design_wrapper.finn_design_i.MVAU_hls_0.MVAU_hls_0.inst.grp_Matrix_Vector_Activate_Stream_Batch_fu_150
[2026-04-21 23:30:06,572] 22356 | assign zext_ln218_34_fu_8141_p1 = xor_ln1039_38_fu_8136_p2;
[2026-04-21 23:30:06,572]       |                                 ^
[2026-04-21 23:30:06,572] %Warning-WIDTH: /tmp/finn_dev_emanuel-hernandez/vivado_stitch_proj_rgrwy7hk/finn_design_wrapper.v:22358:33: Operator ASSIGNW expects 2 bits on the Assign RHS, but Assign RHS's VARREF 'xor_ln1039_39_fu_8145_p2' generates 1 bits.
[2026-04-21 23:30:06,572]                                                                                                           : ... In instance finn_design_wrapper.finn_design_i.MVAU_hls_0.MVAU_hls_0.inst.grp_Matrix_Vector_Activate_Stream_Batch_fu_150
[2026-04-21 23:30:06,572] 22358 | assign zext_ln218_35_fu_8150_p1 = xor_ln1039_39_fu_8145_p2;
[2026-04-21 23:30:06,572]       |                                 ^
[2026-04-21 23:30:06,572] %Warning-WIDTH: /tmp/finn_dev_emanuel-hernandez/vivado_stitch_proj_rgrwy7hk/finn_design_wrapper.v:22360:33: Operator ASSIGNW expects 2 bits on the Assign RHS, but Assign RHS's VARREF 'xor_ln1039_40_fu_8154_p2' generates 1 bits.
[2026-04-21 23:30:06,572]                                                                                                           : ... In instance finn_design_wrapper.finn_design_i.MVAU_hls_0.MVAU_hls_0.inst.grp_Matrix_Vector_Activate_Stream_Batch_fu_150
[2026-04-21 23:30:06,572] 22360 | assign zext_ln218_36_fu_8159_p1 = xor_ln1039_40_fu_8154_p2;
[2026-04-21 23:30:06,572]       |                                 ^
[2026-04-21 23:30:06,572] %Warning-WIDTH: /tmp/finn_dev_emanuel-hernandez/vivado_stitch_proj_rgrwy7hk/finn_design_wrapper.v:22362:33: Operator ASSIGNW expects 2 bits on the Assign RHS, but Assign RHS's VARREF 'xor_ln1039_41_fu_8163_p2' generates 1 bits.
[2026-04-21 23:30:06,572]                                                                                                           : ... In instance finn_design_wrapper.finn_design_i.MVAU_hls_0.MVAU_hls_0.inst.grp_Matrix_Vector_Activate_Stream_Batch_fu_150
[2026-04-21 23:30:06,572] 22362 | assign zext_ln218_37_fu_8168_p1 = xor_ln1039_41_fu_8163_p2;
[2026-04-21 23:30:06,572]       |                                 ^
[2026-04-21 23:30:06,572] %Warning-WIDTH: /tmp/finn_dev_emanuel-hernandez/vivado_stitch_proj_rgrwy7hk/finn_design_wrapper.v:22364:33: Operator ASSIGNW expects 2 bits on the Assign RHS, but Assign RHS's VARREF 'xor_ln1039_42_fu_8172_p2' generates 1 bits.
[2026-04-21 23:30:06,572]                                                                                                           : ... In instance finn_design_wrapper.finn_design_i.MVAU_hls_0.MVAU_hls_0.inst.grp_Matrix_Vector_Activate_Stream_Batch_fu_150
[2026-04-21 23:30:06,572] 22364 | assign zext_ln218_38_fu_8177_p1 = xor_ln1039_42_fu_8172_p2;
[2026-04-21 23:30:06,572]       |                                 ^
[2026-04-21 23:30:06,572] %Warning-WIDTH: /tmp/finn_dev_emanuel-hernandez/vivado_stitch_proj_rgrwy7hk/finn_design_wrapper.v:22366:33: Operator ASSIGNW expects 2 bits on the Assign RHS, but Assign RHS's VARREF 'xor_ln1039_45_fu_7566_p2' generates 1 bits.
[2026-04-21 23:30:06,572]                                                                                                           : ... In instance finn_design_wrapper.finn_design_i.MVAU_hls_0.MVAU_hls_0.inst.grp_Matrix_Vector_Activate_Stream_Batch_fu_150
[2026-04-21 23:30:06,572] 22366 | assign zext_ln218_39_fu_7572_p1 = xor_ln1039_45_fu_7566_p2;
[2026-04-21 23:30:06,572]       |                                 ^
[2026-04-21 23:30:06,572] %Warning-WIDTH: /tmp/finn_dev_emanuel-hernandez/vivado_stitch_proj_rgrwy7hk/finn_design_wrapper.v:22368:32: Operator ASSIGNW expects 2 bits on the Assign RHS, but Assign RHS's VARREF 'xor_ln1039_3_fu_6822_p2' generates 1 bits.
[2026-04-21 23:30:06,572]                                                                                                           : ... In instance finn_design_wrapper.finn_design_i.MVAU_hls_0.MVAU_hls_0.inst.grp_Matrix_Vector_Activate_Stream_Batch_fu_150
[2026-04-21 23:30:06,572] 22368 | assign zext_ln218_3_fu_6828_p1 = xor_ln1039_3_fu_6822_p2;
[2026-04-21 23:30:06,572]       |                                ^
[2026-04-21 23:30:06,572] %Warning-WIDTH: /tmp/finn_dev_emanuel-hernandez/vivado_stitch_proj_rgrwy7hk/finn_design_wrapper.v:22370:33: Operator ASSIGNW expects 2 bits on the Assign RHS, but Assign RHS's VARREF 'xor_ln1039_46_fu_7586_p2' generates 1 bits.
[2026-04-21 23:30:06,572]                                                                                                           : ... In instance finn_design_wrapper.finn_design_i.MVAU_hls_0.MVAU_hls_0.inst.grp_Matrix_Vector_Activate_Stream_Batch_fu_150
[2026-04-21 23:30:06,572] 22370 | assign zext_ln218_40_fu_7592_p1 = xor_ln1039_46_fu_7586_p2;
[2026-04-21 23:30:06,572]       |                                 ^
[2026-04-21 23:30:06,572] %Warning-WIDTH: /tmp/finn_dev_emanuel-hernandez/vivado_stitch_proj_rgrwy7hk/finn_design_wrapper.v:22372:33: Operator ASSIGNW expects 2 bits on the Assign RHS, but Assign RHS's VARREF 'xor_ln1039_47_fu_7606_p2' generates 1 bits.
[2026-04-21 23:30:06,572]                                                                                                           : ... In instance finn_design_wrapper.finn_design_i.MVAU_hls_0.MVAU_hls_0.inst.grp_Matrix_Vector_Activate_Stream_Batch_fu_150
[2026-04-21 23:30:06,572] 22372 | assign zext_ln218_41_fu_7612_p1 = xor_ln1039_47_fu_7606_p2;
[2026-04-21 23:30:06,572]       |                                 ^
[2026-04-21 23:30:06,572] %Warning-WIDTH: /tmp/finn_dev_emanuel-hernandez/vivado_stitch_proj_rgrwy7hk/finn_design_wrapper.v:22374:33: Operator ASSIGNW expects 2 bits on the Assign RHS, but Assign RHS's VARREF 'xor_ln1039_48_fu_7626_p2' generates 1 bits.
[2026-04-21 23:30:06,572]                                                                                                           : ... In instance finn_design_wrapper.finn_design_i.MVAU_hls_0.MVAU_hls_0.inst.grp_Matrix_Vector_Activate_Stream_Batch_fu_150
[2026-04-21 23:30:06,572] 22374 | assign zext_ln218_42_fu_7632_p1 = xor_ln1039_48_fu_7626_p2;
[2026-04-21 23:30:06,572]       |                                 ^
[2026-04-21 23:30:06,572] %Warning-WIDTH: /tmp/finn_dev_emanuel-hernandez/vivado_stitch_proj_rgrwy7hk/finn_design_wrapper.v:22376:33: Operator ASSIGNW expects 2 bits on the Assign RHS, but Assign RHS's VARREF 'xor_ln1039_49_fu_7646_p2' generates 1 bits.
[2026-04-21 23:30:06,572]                                                                                                           : ... In instance finn_design_wrapper.finn_design_i.MVAU_hls_0.MVAU_hls_0.inst.grp_Matrix_Vector_Activate_Stream_Batch_fu_150
[2026-04-21 23:30:06,572] 22376 | assign zext_ln218_43_fu_7652_p1 = xor_ln1039_49_fu_7646_p2;
[2026-04-21 23:30:06,572]       |                                 ^
[2026-04-21 23:30:06,572] %Warning-WIDTH: /tmp/finn_dev_emanuel-hernandez/vivado_stitch_proj_rgrwy7hk/finn_design_wrapper.v:22378:33: Operator ASSIGNW expects 2 bits on the Assign RHS, but Assign RHS's VARREF 'xor_ln1039_50_fu_7666_p2' generates 1 bits.
[2026-04-21 23:30:06,572]                                                                                                           : ... In instance finn_design_wrapper.finn_design_i.MVAU_hls_0.MVAU_hls_0.inst.grp_Matrix_Vector_Activate_Stream_Batch_fu_150
[2026-04-21 23:30:06,573] 22378 | assign zext_ln218_44_fu_7672_p1 = xor_ln1039_50_fu_7666_p2;
[2026-04-21 23:30:06,573]       |                                 ^
[2026-04-21 23:30:06,573] %Warning-WIDTH: /tmp/finn_dev_emanuel-hernandez/vivado_stitch_proj_rgrwy7hk/finn_design_wrapper.v:22380:33: Operator ASSIGNW expects 2 bits on the Assign RHS, but Assign RHS's VARREF 'xor_ln1039_51_fu_8265_p2' generates 1 bits.
[2026-04-21 23:30:06,573]                                                                                                           : ... In instance finn_design_wrapper.finn_design_i.MVAU_hls_0.MVAU_hls_0.inst.grp_Matrix_Vector_Activate_Stream_Batch_fu_150
[2026-04-21 23:30:06,573] 22380 | assign zext_ln218_45_fu_8270_p1 = xor_ln1039_51_fu_8265_p2;
[2026-04-21 23:30:06,573]       |                                 ^
[2026-04-21 23:30:06,573] %Warning-WIDTH: /tmp/finn_dev_emanuel-hernandez/vivado_stitch_proj_rgrwy7hk/finn_design_wrapper.v:22382:33: Operator ASSIGNW expects 2 bits on the Assign RHS, but Assign RHS's VARREF 'xor_ln1039_52_fu_8274_p2' generates 1 bits.
[2026-04-21 23:30:06,573]                                                                                                           : ... In instance finn_design_wrapper.finn_design_i.MVAU_hls_0.MVAU_hls_0.inst.grp_Matrix_Vector_Activate_Stream_Batch_fu_150
[2026-04-21 23:30:06,573] 22382 | assign zext_ln218_46_fu_8279_p1 = xor_ln1039_52_fu_8274_p2;
[2026-04-21 23:30:06,573]       |                                 ^
[2026-04-21 23:30:06,573] %Warning-WIDTH: /tmp/finn_dev_emanuel-hernandez/vivado_stitch_proj_rgrwy7hk/finn_design_wrapper.v:22384:33: Operator ASSIGNW expects 2 bits on the Assign RHS, but Assign RHS's VARREF 'xor_ln1039_53_fu_8283_p2' generates 1 bits.
[2026-04-21 23:30:06,573]                                                                                                           : ... In instance finn_design_wrapper.finn_design_i.MVAU_hls_0.MVAU_hls_0.inst.grp_Matrix_Vector_Activate_Stream_Batch_fu_150
[2026-04-21 23:30:06,573] 22384 | assign zext_ln218_47_fu_8288_p1 = xor_ln1039_53_fu_8283_p2;
[2026-04-21 23:30:06,573]       |                                 ^
[2026-04-21 23:30:06,573] %Warning-WIDTH: /tmp/finn_dev_emanuel-hernandez/vivado_stitch_proj_rgrwy7hk/finn_design_wrapper.v:22386:33: Operator ASSIGNW expects 2 bits on the Assign RHS, but Assign RHS's VARREF 'xor_ln1039_54_fu_8292_p2' generates 1 bits.
[2026-04-21 23:30:06,573]                                                                                                           : ... In instance finn_design_wrapper.finn_design_i.MVAU_hls_0.MVAU_hls_0.inst.grp_Matrix_Vector_Activate_Stream_Batch_fu_150
[2026-04-21 23:30:06,573] 22386 | assign zext_ln218_48_fu_8297_p1 = xor_ln1039_54_fu_8292_p2;
[2026-04-21 23:30:06,573]       |                                 ^
[2026-04-21 23:30:06,573] %Warning-WIDTH: /tmp/finn_dev_emanuel-hernandez/vivado_stitch_proj_rgrwy7hk/finn_design_wrapper.v:22388:33: Operator ASSIGNW expects 2 bits on the Assign RHS, but Assign RHS's VARREF 'xor_ln1039_55_fu_8301_p2' generates 1 bits.
[2026-04-21 23:30:06,573]                                                                                                           : ... In instance finn_design_wrapper.finn_design_i.MVAU_hls_0.MVAU_hls_0.inst.grp_Matrix_Vector_Activate_Stream_Batch_fu_150
[2026-04-21 23:30:06,573] 22388 | assign zext_ln218_49_fu_8306_p1 = xor_ln1039_55_fu_8301_p2;
[2026-04-21 23:30:06,573]       |                                 ^
[2026-04-21 23:30:06,573] %Warning-WIDTH: /tmp/finn_dev_emanuel-hernandez/vivado_stitch_proj_rgrwy7hk/finn_design_wrapper.v:22390:32: Operator ASSIGNW expects 2 bits on the Assign RHS, but Assign RHS's VARREF 'xor_ln1039_4_fu_6842_p2' generates 1 bits.
[2026-04-21 23:30:06,573]                                                                                                           : ... In instance finn_design_wrapper.finn_design_i.MVAU_hls_0.MVAU_hls_0.inst.grp_Matrix_Vector_Activate_Stream_Batch_fu_150
[2026-04-21 23:30:06,573] 22390 | assign zext_ln218_4_fu_6848_p1 = xor_ln1039_4_fu_6842_p2;
[2026-04-21 23:30:06,573]       |                                ^
[2026-04-21 23:30:06,573] %Warning-WIDTH: /tmp/finn_dev_emanuel-hernandez/vivado_stitch_proj_rgrwy7hk/finn_design_wrapper.v:22392:33: Operator ASSIGNW expects 2 bits on the Assign RHS, but Assign RHS's VARREF 'xor_ln1039_56_fu_8310_p2' generates 1 bits.
[2026-04-21 23:30:06,573]                                                                                                           : ... In instance finn_design_wrapper.finn_design_i.MVAU_hls_0.MVAU_hls_0.inst.grp_Matrix_Vector_Activate_Stream_Batch_fu_150
[2026-04-21 23:30:06,573] 22392 | assign zext_ln218_50_fu_8315_p1 = xor_ln1039_56_fu_8310_p2;
[2026-04-21 23:30:06,573]       |                                 ^
[2026-04-21 23:30:06,573] %Warning-WIDTH: /tmp/finn_dev_emanuel-hernandez/vivado_stitch_proj_rgrwy7hk/finn_design_wrapper.v:22394:33: Operator ASSIGNW expects 2 bits on the Assign RHS, but Assign RHS's VARREF 'xor_ln1039_57_fu_8319_p2' generates 1 bits.
[2026-04-21 23:30:06,573]                                                                                                           : ... In instance finn_design_wrapper.finn_design_i.MVAU_hls_0.MVAU_hls_0.inst.grp_Matrix_Vector_Activate_Stream_Batch_fu_150
[2026-04-21 23:30:06,573] 22394 | assign zext_ln218_51_fu_8324_p1 = xor_ln1039_57_fu_8319_p2;
[2026-04-21 23:30:06,573]       |                                 ^
[2026-04-21 23:30:06,573] %Warning-WIDTH: /tmp/finn_dev_emanuel-hernandez/vivado_stitch_proj_rgrwy7hk/finn_design_wrapper.v:22396:32: Operator ASSIGNW expects 2 bits on the Assign RHS, but Assign RHS's VARREF 'xor_ln1039_5_fu_6862_p2' generates 1 bits.
[2026-04-21 23:30:06,573]                                                                                                           : ... In instance finn_design_wrapper.finn_design_i.MVAU_hls_0.MVAU_hls_0.inst.grp_Matrix_Vector_Activate_Stream_Batch_fu_150
[2026-04-21 23:30:06,573] 22396 | assign zext_ln218_5_fu_6868_p1 = xor_ln1039_5_fu_6862_p2;
[2026-04-21 23:30:06,573]       |                                ^
[2026-04-21 23:30:06,573] %Warning-WIDTH: /tmp/finn_dev_emanuel-hernandez/vivado_stitch_proj_rgrwy7hk/finn_design_wrapper.v:22398:32: Operator ASSIGNW expects 2 bits on the Assign RHS, but Assign RHS's VARREF 'xor_ln1039_6_fu_7824_p2' generates 1 bits.
[2026-04-21 23:30:06,573]                                                                                                           : ... In instance finn_design_wrapper.finn_design_i.MVAU_hls_0.MVAU_hls_0.inst.grp_Matrix_Vector_Activate_Stream_Batch_fu_150
[2026-04-21 23:30:06,573] 22398 | assign zext_ln218_6_fu_7829_p1 = xor_ln1039_6_fu_7824_p2;
[2026-04-21 23:30:06,573]       |                                ^
[2026-04-21 23:30:06,573] %Warning-WIDTH: /tmp/finn_dev_emanuel-hernandez/vivado_stitch_proj_rgrwy7hk/finn_design_wrapper.v:22400:32: Operator ASSIGNW expects 2 bits on the Assign RHS, but Assign RHS's VARREF 'xor_ln1039_7_fu_7833_p2' generates 1 bits.
[2026-04-21 23:30:06,573]                                                                                                           : ... In instance finn_design_wrapper.finn_design_i.MVAU_hls_0.MVAU_hls_0.inst.grp_Matrix_Vector_Activate_Stream_Batch_fu_150
[2026-04-21 23:30:06,573] 22400 | assign zext_ln218_7_fu_7838_p1 = xor_ln1039_7_fu_7833_p2;
[2026-04-21 23:30:06,573]       |                                ^
[2026-04-21 23:30:06,573] %Warning-WIDTH: /tmp/finn_dev_emanuel-hernandez/vivado_stitch_proj_rgrwy7hk/finn_design_wrapper.v:22402:32: Operator ASSIGNW expects 2 bits on the Assign RHS, but Assign RHS's VARREF 'xor_ln1039_8_fu_7842_p2' generates 1 bits.
[2026-04-21 23:30:06,573]                                                                                                           : ... In instance finn_design_wrapper.finn_design_i.MVAU_hls_0.MVAU_hls_0.inst.grp_Matrix_Vector_Activate_Stream_Batch_fu_150
[2026-04-21 23:30:06,573] 22402 | assign zext_ln218_8_fu_7847_p1 = xor_ln1039_8_fu_7842_p2;
[2026-04-21 23:30:06,573]       |                                ^
[2026-04-21 23:30:06,573] %Warning-WIDTH: /tmp/finn_dev_emanuel-hernandez/vivado_stitch_proj_rgrwy7hk/finn_design_wrapper.v:22404:32: Operator ASSIGNW expects 2 bits on the Assign RHS, but Assign RHS's VARREF 'xor_ln1039_9_fu_7851_p2' generates 1 bits.
[2026-04-21 23:30:06,573]                                                                                                           : ... In instance finn_design_wrapper.finn_design_i.MVAU_hls_0.MVAU_hls_0.inst.grp_Matrix_Vector_Activate_Stream_Batch_fu_150
[2026-04-21 23:30:06,573] 22404 | assign zext_ln218_9_fu_7856_p1 = xor_ln1039_9_fu_7851_p2;
[2026-04-21 23:30:06,573]       |                                ^
[2026-04-21 23:30:06,573] %Warning-WIDTH: /tmp/finn_dev_emanuel-hernandez/vivado_stitch_proj_rgrwy7hk/finn_design_wrapper.v:22406:30: Operator ASSIGNW expects 2 bits on the Assign RHS, but Assign RHS's VARREF 'xor_ln1039_fu_6762_p2' generates 1 bits.
[2026-04-21 23:30:06,573]                                                                                                           : ... In instance finn_design_wrapper.finn_design_i.MVAU_hls_0.MVAU_hls_0.inst.grp_Matrix_Vector_Activate_Stream_Batch_fu_150
[2026-04-21 23:30:06,573] 22406 | assign zext_ln218_fu_6768_p1 = xor_ln1039_fu_6762_p2;
[2026-04-21 23:30:06,573]       |                              ^
[2026-04-21 23:30:06,573] %Warning-WIDTH: /tmp/finn_dev_emanuel-hernandez/vivado_stitch_proj_rgrwy7hk/finn_design_wrapper.v:22408:33: Operator ASSIGNW expects 4 bits on the Assign RHS, but Assign RHS's VARREF 'add_ln840_27_fu_7949_p2' generates 3 bits.
[2026-04-21 23:30:06,573]                                                                                                           : ... In instance finn_design_wrapper.finn_design_i.MVAU_hls_0.MVAU_hls_0.inst.grp_Matrix_Vector_Activate_Stream_Batch_fu_150
[2026-04-21 23:30:06,573] 22408 | assign zext_ln840_10_fu_7955_p1 = add_ln840_27_fu_7949_p2;
[2026-04-21 23:30:06,573]       |                                 ^
[2026-04-21 23:30:06,573] %Warning-WIDTH: /tmp/finn_dev_emanuel-hernandez/vivado_stitch_proj_rgrwy7hk/finn_design_wrapper.v:22410:33: Operator ASSIGNW expects 2 bits on the Assign RHS, but Assign RHS's VARREF 'xor_ln1039_28_fu_8034_p2' generates 1 bits.
[2026-04-21 23:30:06,573]                                                                                                           : ... In instance finn_design_wrapper.finn_design_i.MVAU_hls_0.MVAU_hls_0.inst.grp_Matrix_Vector_Activate_Stream_Batch_fu_150
[2026-04-21 23:30:06,573] 22410 | assign zext_ln840_11_fu_8039_p1 = xor_ln1039_28_fu_8034_p2;
[2026-04-21 23:30:06,573]       |                                 ^
[2026-04-21 23:30:06,573] %Warning-WIDTH: /tmp/finn_dev_emanuel-hernandez/vivado_stitch_proj_rgrwy7hk/finn_design_wrapper.v:22412:33: Operator ASSIGNW expects 3 bits on the Assign RHS, but Assign RHS's VARREF 'add_ln840_31_fu_7226_p2' generates 2 bits.
[2026-04-21 23:30:06,573]                                                                                                           : ... In instance finn_design_wrapper.finn_design_i.MVAU_hls_0.MVAU_hls_0.inst.grp_Matrix_Vector_Activate_Stream_Batch_fu_150
[2026-04-21 23:30:06,573] 22412 | assign zext_ln840_12_fu_7232_p1 = add_ln840_31_fu_7226_p2;
[2026-04-21 23:30:06,573]       |                                 ^
[2026-04-21 23:30:06,573] %Warning-WIDTH: /tmp/finn_dev_emanuel-hernandez/vivado_stitch_proj_rgrwy7hk/finn_design_wrapper.v:22414:33: Operator ASSIGNW expects 3 bits on the Assign RHS, but Assign RHS's VARREF 'add_ln840_32_fu_7236_p2' generates 2 bits.
[2026-04-21 23:30:06,573]                                                                                                           : ... In instance finn_design_wrapper.finn_design_i.MVAU_hls_0.MVAU_hls_0.inst.grp_Matrix_Vector_Activate_Stream_Batch_fu_150
[2026-04-21 23:30:06,573] 22414 | assign zext_ln840_13_fu_7242_p1 = add_ln840_32_fu_7236_p2;
[2026-04-21 23:30:06,573]       |                                 ^
[2026-04-21 23:30:06,573] %Warning-WIDTH: /tmp/finn_dev_emanuel-hernandez/vivado_stitch_proj_rgrwy7hk/finn_design_wrapper.v:22416:33: Operator ASSIGNW expects 3 bits on the Assign RHS, but Assign RHS's VARREF 'add_ln840_33_fu_7246_p2' generates 2 bits.
[2026-04-21 23:30:06,573]                                                                                                           : ... In instance finn_design_wrapper.finn_design_i.MVAU_hls_0.MVAU_hls_0.inst.grp_Matrix_Vector_Activate_Stream_Batch_fu_150
[2026-04-21 23:30:06,573] 22416 | assign zext_ln840_14_fu_7252_p1 = add_ln840_33_fu_7246_p2;
[2026-04-21 23:30:06,573]       |                                 ^
[2026-04-21 23:30:06,573] %Warning-WIDTH: /tmp/finn_dev_emanuel-hernandez/vivado_stitch_proj_rgrwy7hk/finn_design_wrapper.v:22418:33: Operator ASSIGNW expects 4 bits on the Assign RHS, but Assign RHS's VARREF 'add_ln840_35_reg_11157' generates 3 bits.
[2026-04-21 23:30:06,573]                                                                                                           : ... In instance finn_design_wrapper.finn_design_i.MVAU_hls_0.MVAU_hls_0.inst.grp_Matrix_Vector_Activate_Stream_Batch_fu_150
[2026-04-21 23:30:06,573] 22418 | assign zext_ln840_15_fu_8043_p1 = add_ln840_35_reg_11157;
[2026-04-21 23:30:06,573]       |                                 ^
[2026-04-21 23:30:06,573] %Warning-WIDTH: /tmp/finn_dev_emanuel-hernandez/vivado_stitch_proj_rgrwy7hk/finn_design_wrapper.v:22420:33: Operator ASSIGNW expects 3 bits on the Assign RHS, but Assign RHS's VARREF 'add_ln840_36_fu_8046_p2' generates 2 bits.
[2026-04-21 23:30:06,573]                                                                                                           : ... In instance finn_design_wrapper.finn_design_i.MVAU_hls_0.MVAU_hls_0.inst.grp_Matrix_Vector_Activate_Stream_Batch_fu_150
[2026-04-21 23:30:06,573] 22420 | assign zext_ln840_16_fu_8052_p1 = add_ln840_36_fu_8046_p2;
[2026-04-21 23:30:06,573]       |                                 ^
[2026-04-21 23:30:06,573] %Warning-WIDTH: /tmp/finn_dev_emanuel-hernandez/vivado_stitch_proj_rgrwy7hk/finn_design_wrapper.v:22422:33: Operator ASSIGNW expects 3 bits on the Assign RHS, but Assign RHS's VARREF 'add_ln840_37_fu_8056_p2' generates 2 bits.
[2026-04-21 23:30:06,573]                                                                                                           : ... In instance finn_design_wrapper.finn_design_i.MVAU_hls_0.MVAU_hls_0.inst.grp_Matrix_Vector_Activate_Stream_Batch_fu_150
[2026-04-21 23:30:06,573] 22422 | assign zext_ln840_17_fu_8062_p1 = add_ln840_37_fu_8056_p2;
[2026-04-21 23:30:06,573]       |                                 ^
[2026-04-21 23:30:06,573] %Warning-WIDTH: /tmp/finn_dev_emanuel-hernandez/vivado_stitch_proj_rgrwy7hk/finn_design_wrapper.v:22424:33: Operator ASSIGNW expects 4 bits on the Assign RHS, but Assign RHS's VARREF 'add_ln840_38_fu_8066_p2' generates 3 bits.
[2026-04-21 23:30:06,573]                                                                                                           : ... In instance finn_design_wrapper.finn_design_i.MVAU_hls_0.MVAU_hls_0.inst.grp_Matrix_Vector_Activate_Stream_Batch_fu_150
[2026-04-21 23:30:06,573] 22424 | assign zext_ln840_18_fu_8072_p1 = add_ln840_38_fu_8066_p2;
[2026-04-21 23:30:06,573]       |                                 ^
[2026-04-21 23:30:06,573] %Warning-WIDTH: /tmp/finn_dev_emanuel-hernandez/vivado_stitch_proj_rgrwy7hk/finn_design_wrapper.v:22426:33: Operator ASSIGNW expects 3 bits on the Assign RHS, but Assign RHS's VARREF 'add_ln840_39_fu_8076_p2' generates 2 bits.
[2026-04-21 23:30:06,573]                                                                                                           : ... In instance finn_design_wrapper.finn_design_i.MVAU_hls_0.MVAU_hls_0.inst.grp_Matrix_Vector_Activate_Stream_Batch_fu_150
[2026-04-21 23:30:06,573] 22426 | assign zext_ln840_19_fu_8082_p1 = add_ln840_39_fu_8076_p2;
[2026-04-21 23:30:06,573]       |                                 ^
[2026-04-21 23:30:06,573] %Warning-WIDTH: /tmp/finn_dev_emanuel-hernandez/vivado_stitch_proj_rgrwy7hk/finn_design_wrapper.v:22428:32: Operator ASSIGNW expects 3 bits on the Assign RHS, but Assign RHS's VARREF 'add_ln840_17_fu_6958_p2' generates 2 bits.
[2026-04-21 23:30:06,573]                                                                                                           : ... In instance finn_design_wrapper.finn_design_i.MVAU_hls_0.MVAU_hls_0.inst.grp_Matrix_Vector_Activate_Stream_Batch_fu_150
[2026-04-21 23:30:06,573] 22428 | assign zext_ln840_1_fu_6964_p1 = add_ln840_17_fu_6958_p2;
[2026-04-21 23:30:06,573]       |                                ^
[2026-04-21 23:30:06,573] %Warning-WIDTH: /tmp/finn_dev_emanuel-hernandez/vivado_stitch_proj_rgrwy7hk/finn_design_wrapper.v:22430:33: Operator ASSIGNW expects 3 bits on the Assign RHS, but Assign RHS's VARREF 'add_ln840_40_fu_8086_p2' generates 2 bits.
[2026-04-21 23:30:06,573]                                                                                                           : ... In instance finn_design_wrapper.finn_design_i.MVAU_hls_0.MVAU_hls_0.inst.grp_Matrix_Vector_Activate_Stream_Batch_fu_150
[2026-04-21 23:30:06,573] 22430 | assign zext_ln840_20_fu_8092_p1 = add_ln840_40_fu_8086_p2;
[2026-04-21 23:30:06,573]       |                                 ^
[2026-04-21 23:30:06,573] %Warning-WIDTH: /tmp/finn_dev_emanuel-hernandez/vivado_stitch_proj_rgrwy7hk/finn_design_wrapper.v:22432:33: Operator ASSIGNW expects 4 bits on the Assign RHS, but Assign RHS's VARREF 'add_ln840_41_fu_8096_p2' generates 3 bits.
[2026-04-21 23:30:06,573]                                                                                                           : ... In instance finn_design_wrapper.finn_design_i.MVAU_hls_0.MVAU_hls_0.inst.grp_Matrix_Vector_Activate_Stream_Batch_fu_150
[2026-04-21 23:30:06,573] 22432 | assign zext_ln840_21_fu_8102_p1 = add_ln840_41_fu_8096_p2;
[2026-04-21 23:30:06,573]       |                                 ^
[2026-04-21 23:30:06,573] %Warning-WIDTH: /tmp/finn_dev_emanuel-hernandez/vivado_stitch_proj_rgrwy7hk/finn_design_wrapper.v:22434:33: Operator ASSIGNW expects 2 bits on the Assign RHS, but Assign RHS's VARREF 'xor_ln1039_43_fu_8181_p2' generates 1 bits.
[2026-04-21 23:30:06,573]                                                                                                           : ... In instance finn_design_wrapper.finn_design_i.MVAU_hls_0.MVAU_hls_0.inst.grp_Matrix_Vector_Activate_Stream_Batch_fu_150
[2026-04-21 23:30:06,573] 22434 | assign zext_ln840_22_fu_8186_p1 = xor_ln1039_43_fu_8181_p2;
[2026-04-21 23:30:06,573]       |                                 ^
[2026-04-21 23:30:06,573] %Warning-WIDTH: /tmp/finn_dev_emanuel-hernandez/vivado_stitch_proj_rgrwy7hk/finn_design_wrapper.v:22436:33: Operator ASSIGNW expects 3 bits on the Assign RHS, but Assign RHS's VARREF 'add_ln840_45_fu_7494_p2' generates 2 bits.
[2026-04-21 23:30:06,573]                                                                                                           : ... In instance finn_design_wrapper.finn_design_i.MVAU_hls_0.MVAU_hls_0.inst.grp_Matrix_Vector_Activate_Stream_Batch_fu_150
[2026-04-21 23:30:06,573] 22436 | assign zext_ln840_23_fu_7500_p1 = add_ln840_45_fu_7494_p2;
[2026-04-21 23:30:06,573]       |                                 ^
[2026-04-21 23:30:06,573] %Warning-WIDTH: /tmp/finn_dev_emanuel-hernandez/vivado_stitch_proj_rgrwy7hk/finn_design_wrapper.v:22438:33: Operator ASSIGNW expects 3 bits on the Assign RHS, but Assign RHS's VARREF 'add_ln840_46_fu_7504_p2' generates 2 bits.
[2026-04-21 23:30:06,573]                                                                                                           : ... In instance finn_design_wrapper.finn_design_i.MVAU_hls_0.MVAU_hls_0.inst.grp_Matrix_Vector_Activate_Stream_Batch_fu_150
[2026-04-21 23:30:06,573] 22438 | assign zext_ln840_24_fu_7510_p1 = add_ln840_46_fu_7504_p2;
[2026-04-21 23:30:06,573]       |                                 ^
[2026-04-21 23:30:06,573] %Warning-WIDTH: /tmp/finn_dev_emanuel-hernandez/vivado_stitch_proj_rgrwy7hk/finn_design_wrapper.v:22440:33: Operator ASSIGNW expects 3 bits on the Assign RHS, but Assign RHS's VARREF 'add_ln840_47_fu_7514_p2' generates 2 bits.
[2026-04-21 23:30:06,573]                                                                                                           : ... In instance finn_design_wrapper.finn_design_i.MVAU_hls_0.MVAU_hls_0.inst.grp_Matrix_Vector_Activate_Stream_Batch_fu_150
[2026-04-21 23:30:06,573] 22440 | assign zext_ln840_25_fu_7520_p1 = add_ln840_47_fu_7514_p2;
[2026-04-21 23:30:06,573]       |                                 ^
[2026-04-21 23:30:06,573] %Warning-WIDTH: /tmp/finn_dev_emanuel-hernandez/vivado_stitch_proj_rgrwy7hk/finn_design_wrapper.v:22442:33: Operator ASSIGNW expects 4 bits on the Assign RHS, but Assign RHS's VARREF 'add_ln840_49_reg_11202' generates 3 bits.
[2026-04-21 23:30:06,574]                                                                                                           : ... In instance finn_design_wrapper.finn_design_i.MVAU_hls_0.MVAU_hls_0.inst.grp_Matrix_Vector_Activate_Stream_Batch_fu_150
[2026-04-21 23:30:06,574] 22442 | assign zext_ln840_26_fu_8190_p1 = add_ln840_49_reg_11202;
[2026-04-21 23:30:06,574]       |                                 ^
[2026-04-21 23:30:06,574] %Warning-WIDTH: /tmp/finn_dev_emanuel-hernandez/vivado_stitch_proj_rgrwy7hk/finn_design_wrapper.v:22444:33: Operator ASSIGNW expects 3 bits on the Assign RHS, but Assign RHS's VARREF 'add_ln840_50_fu_8193_p2' generates 2 bits.
[2026-04-21 23:30:06,574]                                                                                                           : ... In instance finn_design_wrapper.finn_design_i.MVAU_hls_0.MVAU_hls_0.inst.grp_Matrix_Vector_Activate_Stream_Batch_fu_150
[2026-04-21 23:30:06,574] 22444 | assign zext_ln840_27_fu_8199_p1 = add_ln840_50_fu_8193_p2;
[2026-04-21 23:30:06,574]       |                                 ^
[2026-04-21 23:30:06,574] %Warning-WIDTH: /tmp/finn_dev_emanuel-hernandez/vivado_stitch_proj_rgrwy7hk/finn_design_wrapper.v:22446:33: Operator ASSIGNW expects 3 bits on the Assign RHS, but Assign RHS's VARREF 'add_ln840_51_fu_8203_p2' generates 2 bits.
[2026-04-21 23:30:06,574]                                                                                                           : ... In instance finn_design_wrapper.finn_design_i.MVAU_hls_0.MVAU_hls_0.inst.grp_Matrix_Vector_Activate_Stream_Batch_fu_150
[2026-04-21 23:30:06,574] 22446 | assign zext_ln840_28_fu_8209_p1 = add_ln840_51_fu_8203_p2;
[2026-04-21 23:30:06,574]       |                                 ^
[2026-04-21 23:30:06,574] %Warning-WIDTH: /tmp/finn_dev_emanuel-hernandez/vivado_stitch_proj_rgrwy7hk/finn_design_wrapper.v:22448:33: Operator ASSIGNW expects 4 bits on the Assign RHS, but Assign RHS's VARREF 'add_ln840_52_fu_8213_p2' generates 3 bits.
[2026-04-21 23:30:06,574]                                                                                                           : ... In instance finn_design_wrapper.finn_design_i.MVAU_hls_0.MVAU_hls_0.inst.grp_Matrix_Vector_Activate_Stream_Batch_fu_150
[2026-04-21 23:30:06,574] 22448 | assign zext_ln840_29_fu_8219_p1 = add_ln840_52_fu_8213_p2;
[2026-04-21 23:30:06,574]       |                                 ^
[2026-04-21 23:30:06,574] %Warning-WIDTH: /tmp/finn_dev_emanuel-hernandez/vivado_stitch_proj_rgrwy7hk/finn_design_wrapper.v:22450:32: Operator ASSIGNW expects 3 bits on the Assign RHS, but Assign RHS's VARREF 'add_ln840_18_fu_6968_p2' generates 2 bits.
[2026-04-21 23:30:06,574]                                                                                                           : ... In instance finn_design_wrapper.finn_design_i.MVAU_hls_0.MVAU_hls_0.inst.grp_Matrix_Vector_Activate_Stream_Batch_fu_150
[2026-04-21 23:30:06,574] 22450 | assign zext_ln840_2_fu_6974_p1 = add_ln840_18_fu_6968_p2;
[2026-04-21 23:30:06,574]       |                                ^
[2026-04-21 23:30:06,574] %Warning-WIDTH: /tmp/finn_dev_emanuel-hernandez/vivado_stitch_proj_rgrwy7hk/finn_design_wrapper.v:22452:33: Operator ASSIGNW expects 3 bits on the Assign RHS, but Assign RHS's VARREF 'add_ln840_53_fu_8223_p2' generates 2 bits.
[2026-04-21 23:30:06,574]                                                                                                           : ... In instance finn_design_wrapper.finn_design_i.MVAU_hls_0.MVAU_hls_0.inst.grp_Matrix_Vector_Activate_Stream_Batch_fu_150
[2026-04-21 23:30:06,574] 22452 | assign zext_ln840_30_fu_8229_p1 = add_ln840_53_fu_8223_p2;
[2026-04-21 23:30:06,574]       |                                 ^
[2026-04-21 23:30:06,574] %Warning-WIDTH: /tmp/finn_dev_emanuel-hernandez/vivado_stitch_proj_rgrwy7hk/finn_design_wrapper.v:22454:33: Operator ASSIGNW expects 3 bits on the Assign RHS, but Assign RHS's VARREF 'add_ln840_54_fu_8233_p2' generates 2 bits.
[2026-04-21 23:30:06,574]                                                                                                           : ... In instance finn_design_wrapper.finn_design_i.MVAU_hls_0.MVAU_hls_0.inst.grp_Matrix_Vector_Activate_Stream_Batch_fu_150
[2026-04-21 23:30:06,574] 22454 | assign zext_ln840_31_fu_8239_p1 = add_ln840_54_fu_8233_p2;
[2026-04-21 23:30:06,574]       |                                 ^
[2026-04-21 23:30:06,574] %Warning-WIDTH: /tmp/finn_dev_emanuel-hernandez/vivado_stitch_proj_rgrwy7hk/finn_design_wrapper.v:22456:33: Operator ASSIGNW expects 4 bits on the Assign RHS, but Assign RHS's VARREF 'add_ln840_55_fu_8243_p2' generates 3 bits.
[2026-04-21 23:30:06,574]                                                                                                           : ... In instance finn_design_wrapper.finn_design_i.MVAU_hls_0.MVAU_hls_0.inst.grp_Matrix_Vector_Activate_Stream_Batch_fu_150
[2026-04-21 23:30:06,574] 22456 | assign zext_ln840_32_fu_8249_p1 = add_ln840_55_fu_8243_p2;
[2026-04-21 23:30:06,574]       |                                 ^
[2026-04-21 23:30:06,574] %Warning-WIDTH: /tmp/finn_dev_emanuel-hernandez/vivado_stitch_proj_rgrwy7hk/finn_design_wrapper.v:22458:33: Operator ASSIGNW expects 2 bits on the Assign RHS, but Assign RHS's VARREF 'xor_ln1039_58_fu_8328_p2' generates 1 bits.
[2026-04-21 23:30:06,574]                                                                                                           : ... In instance finn_design_wrapper.finn_design_i.MVAU_hls_0.MVAU_hls_0.inst.grp_Matrix_Vector_Activate_Stream_Batch_fu_150
[2026-04-21 23:30:06,574] 22458 | assign zext_ln840_33_fu_8333_p1 = xor_ln1039_58_fu_8328_p2;
[2026-04-21 23:30:06,574]       |                                 ^
[2026-04-21 23:30:06,574] %Warning-WIDTH: /tmp/finn_dev_emanuel-hernandez/vivado_stitch_proj_rgrwy7hk/finn_design_wrapper.v:22460:33: Operator ASSIGNW expects 3 bits on the Assign RHS, but Assign RHS's VARREF 'add_ln840_59_fu_7762_p2' generates 2 bits.
[2026-04-21 23:30:06,574]                                                                                                           : ... In instance finn_design_wrapper.finn_design_i.MVAU_hls_0.MVAU_hls_0.inst.grp_Matrix_Vector_Activate_Stream_Batch_fu_150
[2026-04-21 23:30:06,574] 22460 | assign zext_ln840_34_fu_7768_p1 = add_ln840_59_fu_7762_p2;
[2026-04-21 23:30:06,574]       |                                 ^
[2026-04-21 23:30:06,574] %Warning-WIDTH: /tmp/finn_dev_emanuel-hernandez/vivado_stitch_proj_rgrwy7hk/finn_design_wrapper.v:22462:33: Operator ASSIGNW expects 3 bits on the Assign RHS, but Assign RHS's VARREF 'add_ln840_60_fu_7772_p2' generates 2 bits.
[2026-04-21 23:30:06,574]                                                                                                           : ... In instance finn_design_wrapper.finn_design_i.MVAU_hls_0.MVAU_hls_0.inst.grp_Matrix_Vector_Activate_Stream_Batch_fu_150
[2026-04-21 23:30:06,574] 22462 | assign zext_ln840_35_fu_7778_p1 = add_ln840_60_fu_7772_p2;
[2026-04-21 23:30:06,574]       |                                 ^
[2026-04-21 23:30:06,574] %Warning-WIDTH: /tmp/finn_dev_emanuel-hernandez/vivado_stitch_proj_rgrwy7hk/finn_design_wrapper.v:22464:33: Operator ASSIGNW expects 3 bits on the Assign RHS, but Assign RHS's VARREF 'add_ln840_61_fu_7782_p2' generates 2 bits.
[2026-04-21 23:30:06,574]                                                                                                           : ... In instance finn_design_wrapper.finn_design_i.MVAU_hls_0.MVAU_hls_0.inst.grp_Matrix_Vector_Activate_Stream_Batch_fu_150
[2026-04-21 23:30:06,574] 22464 | assign zext_ln840_36_fu_7788_p1 = add_ln840_61_fu_7782_p2;
[2026-04-21 23:30:06,574]       |                                 ^
[2026-04-21 23:30:06,574] %Warning-WIDTH: /tmp/finn_dev_emanuel-hernandez/vivado_stitch_proj_rgrwy7hk/finn_design_wrapper.v:22466:33: Operator ASSIGNW expects 4 bits on the Assign RHS, but Assign RHS's VARREF 'add_ln840_63_reg_11247' generates 3 bits.
[2026-04-21 23:30:06,574]                                                                                                           : ... In instance finn_design_wrapper.finn_design_i.MVAU_hls_0.MVAU_hls_0.inst.grp_Matrix_Vector_Activate_Stream_Batch_fu_150
[2026-04-21 23:30:06,574] 22466 | assign zext_ln840_37_fu_8337_p1 = add_ln840_63_reg_11247;
[2026-04-21 23:30:06,574]       |                                 ^
[2026-04-21 23:30:06,574] %Warning-WIDTH: /tmp/finn_dev_emanuel-hernandez/vivado_stitch_proj_rgrwy7hk/finn_design_wrapper.v:22468:33: Operator ASSIGNW expects 3 bits on the Assign RHS, but Assign RHS's VARREF 'add_ln840_64_fu_8340_p2' generates 2 bits.
[2026-04-21 23:30:06,574]                                                                                                           : ... In instance finn_design_wrapper.finn_design_i.MVAU_hls_0.MVAU_hls_0.inst.grp_Matrix_Vector_Activate_Stream_Batch_fu_150
[2026-04-21 23:30:06,574] 22468 | assign zext_ln840_38_fu_8346_p1 = add_ln840_64_fu_8340_p2;
[2026-04-21 23:30:06,574]       |                                 ^
[2026-04-21 23:30:06,574] %Warning-WIDTH: /tmp/finn_dev_emanuel-hernandez/vivado_stitch_proj_rgrwy7hk/finn_design_wrapper.v:22470:33: Operator ASSIGNW expects 3 bits on the Assign RHS, but Assign RHS's VARREF 'add_ln840_65_fu_8350_p2' generates 2 bits.
[2026-04-21 23:30:06,574]                                                                                                           : ... In instance finn_design_wrapper.finn_design_i.MVAU_hls_0.MVAU_hls_0.inst.grp_Matrix_Vector_Activate_Stream_Batch_fu_150
[2026-04-21 23:30:06,574] 22470 | assign zext_ln840_39_fu_8356_p1 = add_ln840_65_fu_8350_p2;
[2026-04-21 23:30:06,574]       |                                 ^
[2026-04-21 23:30:06,574] %Warning-WIDTH: /tmp/finn_dev_emanuel-hernandez/vivado_stitch_proj_rgrwy7hk/finn_design_wrapper.v:22472:32: Operator ASSIGNW expects 3 bits on the Assign RHS, but Assign RHS's VARREF 'add_ln840_19_fu_6978_p2' generates 2 bits.
[2026-04-21 23:30:06,574]                                                                                                           : ... In instance finn_design_wrapper.finn_design_i.MVAU_hls_0.MVAU_hls_0.inst.grp_Matrix_Vector_Activate_Stream_Batch_fu_150
[2026-04-21 23:30:06,574] 22472 | assign zext_ln840_3_fu_6984_p1 = add_ln840_19_fu_6978_p2;
[2026-04-21 23:30:06,574]       |                                ^
[2026-04-21 23:30:06,574] %Warning-WIDTH: /tmp/finn_dev_emanuel-hernandez/vivado_stitch_proj_rgrwy7hk/finn_design_wrapper.v:22474:33: Operator ASSIGNW expects 4 bits on the Assign RHS, but Assign RHS's VARREF 'add_ln840_66_fu_8360_p2' generates 3 bits.
[2026-04-21 23:30:06,574]                                                                                                           : ... In instance finn_design_wrapper.finn_design_i.MVAU_hls_0.MVAU_hls_0.inst.grp_Matrix_Vector_Activate_Stream_Batch_fu_150
[2026-04-21 23:30:06,574] 22474 | assign zext_ln840_40_fu_8366_p1 = add_ln840_66_fu_8360_p2;
[2026-04-21 23:30:06,574]       |                                 ^
[2026-04-21 23:30:06,574] %Warning-WIDTH: /tmp/finn_dev_emanuel-hernandez/vivado_stitch_proj_rgrwy7hk/finn_design_wrapper.v:22476:33: Operator ASSIGNW expects 3 bits on the Assign RHS, but Assign RHS's VARREF 'add_ln840_67_fu_8370_p2' generates 2 bits.
[2026-04-21 23:30:06,574]                                                                                                           : ... In instance finn_design_wrapper.finn_design_i.MVAU_hls_0.MVAU_hls_0.inst.grp_Matrix_Vector_Activate_Stream_Batch_fu_150
[2026-04-21 23:30:06,574] 22476 | assign zext_ln840_41_fu_8376_p1 = add_ln840_67_fu_8370_p2;
[2026-04-21 23:30:06,574]       |                                 ^
[2026-04-21 23:30:06,574] %Warning-WIDTH: /tmp/finn_dev_emanuel-hernandez/vivado_stitch_proj_rgrwy7hk/finn_design_wrapper.v:22478:33: Operator ASSIGNW expects 3 bits on the Assign RHS, but Assign RHS's VARREF 'add_ln840_68_fu_8380_p2' generates 2 bits.
[2026-04-21 23:30:06,574]                                                                                                           : ... In instance finn_design_wrapper.finn_design_i.MVAU_hls_0.MVAU_hls_0.inst.grp_Matrix_Vector_Activate_Stream_Batch_fu_150
[2026-04-21 23:30:06,574] 22478 | assign zext_ln840_42_fu_8386_p1 = add_ln840_68_fu_8380_p2;
[2026-04-21 23:30:06,574]       |                                 ^
[2026-04-21 23:30:06,574] %Warning-WIDTH: /tmp/finn_dev_emanuel-hernandez/vivado_stitch_proj_rgrwy7hk/finn_design_wrapper.v:22480:33: Operator ASSIGNW expects 4 bits on the Assign RHS, but Assign RHS's VARREF 'add_ln840_69_fu_8390_p2' generates 3 bits.
[2026-04-21 23:30:06,574]                                                                                                           : ... In instance finn_design_wrapper.finn_design_i.MVAU_hls_0.MVAU_hls_0.inst.grp_Matrix_Vector_Activate_Stream_Batch_fu_150
[2026-04-21 23:30:06,574] 22480 | assign zext_ln840_43_fu_8396_p1 = add_ln840_69_fu_8390_p2;
[2026-04-21 23:30:06,574]       |                                 ^
[2026-04-21 23:30:06,574] %Warning-WIDTH: /tmp/finn_dev_emanuel-hernandez/vivado_stitch_proj_rgrwy7hk/finn_design_wrapper.v:22482:32: Operator ASSIGNW expects 4 bits on the Assign RHS, but Assign RHS's VARREF 'add_ln840_21_reg_11112' generates 3 bits.
[2026-04-21 23:30:06,574]                                                                                                           : ... In instance finn_design_wrapper.finn_design_i.MVAU_hls_0.MVAU_hls_0.inst.grp_Matrix_Vector_Activate_Stream_Batch_fu_150
[2026-04-21 23:30:06,574] 22482 | assign zext_ln840_4_fu_7896_p1 = add_ln840_21_reg_11112;
[2026-04-21 23:30:06,574]       |                                ^
[2026-04-21 23:30:06,574] %Warning-WIDTH: /tmp/finn_dev_emanuel-hernandez/vivado_stitch_proj_rgrwy7hk/finn_design_wrapper.v:22484:32: Operator ASSIGNW expects 3 bits on the Assign RHS, but Assign RHS's VARREF 'add_ln840_22_fu_7899_p2' generates 2 bits.
[2026-04-21 23:30:06,574]                                                                                                           : ... In instance finn_design_wrapper.finn_design_i.MVAU_hls_0.MVAU_hls_0.inst.grp_Matrix_Vector_Activate_Stream_Batch_fu_150
[2026-04-21 23:30:06,574] 22484 | assign zext_ln840_5_fu_7905_p1 = add_ln840_22_fu_7899_p2;
[2026-04-21 23:30:06,574]       |                                ^
[2026-04-21 23:30:06,574] %Warning-WIDTH: /tmp/finn_dev_emanuel-hernandez/vivado_stitch_proj_rgrwy7hk/finn_design_wrapper.v:22486:32: Operator ASSIGNW expects 3 bits on the Assign RHS, but Assign RHS's VARREF 'add_ln840_23_fu_7909_p2' generates 2 bits.
[2026-04-21 23:30:06,574]                                                                                                           : ... In instance finn_design_wrapper.finn_design_i.MVAU_hls_0.MVAU_hls_0.inst.grp_Matrix_Vector_Activate_Stream_Batch_fu_150
[2026-04-21 23:30:06,574] 22486 | assign zext_ln840_6_fu_7915_p1 = add_ln840_23_fu_7909_p2;
[2026-04-21 23:30:06,574]       |                                ^
[2026-04-21 23:30:06,574] %Warning-WIDTH: /tmp/finn_dev_emanuel-hernandez/vivado_stitch_proj_rgrwy7hk/finn_design_wrapper.v:22488:32: Operator ASSIGNW expects 4 bits on the Assign RHS, but Assign RHS's VARREF 'add_ln840_24_fu_7919_p2' generates 3 bits.
[2026-04-21 23:30:06,574]                                                                                                           : ... In instance finn_design_wrapper.finn_design_i.MVAU_hls_0.MVAU_hls_0.inst.grp_Matrix_Vector_Activate_Stream_Batch_fu_150
[2026-04-21 23:30:06,574] 22488 | assign zext_ln840_7_fu_7925_p1 = add_ln840_24_fu_7919_p2;
[2026-04-21 23:30:06,574]       |                                ^
[2026-04-21 23:30:06,574] %Warning-WIDTH: /tmp/finn_dev_emanuel-hernandez/vivado_stitch_proj_rgrwy7hk/finn_design_wrapper.v:22490:32: Operator ASSIGNW expects 3 bits on the Assign RHS, but Assign RHS's VARREF 'add_ln840_25_fu_7929_p2' generates 2 bits.
[2026-04-21 23:30:06,574]                                                                                                           : ... In instance finn_design_wrapper.finn_design_i.MVAU_hls_0.MVAU_hls_0.inst.grp_Matrix_Vector_Activate_Stream_Batch_fu_150
[2026-04-21 23:30:06,574] 22490 | assign zext_ln840_8_fu_7935_p1 = add_ln840_25_fu_7929_p2;
[2026-04-21 23:30:06,574]       |                                ^
[2026-04-21 23:30:06,574] %Warning-WIDTH: /tmp/finn_dev_emanuel-hernandez/vivado_stitch_proj_rgrwy7hk/finn_design_wrapper.v:22492:32: Operator ASSIGNW expects 3 bits on the Assign RHS, but Assign RHS's VARREF 'add_ln840_26_fu_7939_p2' generates 2 bits.
[2026-04-21 23:30:06,574]                                                                                                           : ... In instance finn_design_wrapper.finn_design_i.MVAU_hls_0.MVAU_hls_0.inst.grp_Matrix_Vector_Activate_Stream_Batch_fu_150
[2026-04-21 23:30:06,574] 22492 | assign zext_ln840_9_fu_7945_p1 = add_ln840_26_fu_7939_p2;
[2026-04-21 23:30:06,574]       |                                ^
[2026-04-21 23:30:06,574] %Warning-WIDTH: /tmp/finn_dev_emanuel-hernandez/vivado_stitch_proj_rgrwy7hk/finn_design_wrapper.v:22494:30: Operator ASSIGNW expects 2 bits on the Assign RHS, but Assign RHS's VARREF 'xor_ln1039_13_fu_7887_p2' generates 1 bits.
[2026-04-21 23:30:06,574]                                                                                                           : ... In instance finn_design_wrapper.finn_design_i.MVAU_hls_0.MVAU_hls_0.inst.grp_Matrix_Vector_Activate_Stream_Batch_fu_150
[2026-04-21 23:30:06,574] 22494 | assign zext_ln840_fu_7892_p1 = xor_ln1039_13_fu_7887_p2;
[2026-04-21 23:30:06,574]       |                              ^
[2026-04-21 23:30:06,574] %Warning-STMTDLY: /tmp/finn_dev_emanuel-hernandez/vivado_stitch_proj_rgrwy7hk/finn_design_wrapper.v:8436:2: Unsupported: Ignoring delay on this delayed statement.
[2026-04-21 23:30:06,574]                                                                                                           : ... In instance finn_design_wrapper.finn_design_i.MVAU_hls_1.MVAU_hls_1.inst.grp_Matrix_Vector_Activate_Stream_Batch_fu_60
[2026-04-21 23:30:06,574]  8436 | #0 ap_CS_iter0_fsm = 1'd1;
[2026-04-21 23:30:06,574]       |  ^
[2026-04-21 23:30:06,574] %Warning-STMTDLY: /tmp/finn_dev_emanuel-hernandez/vivado_stitch_proj_rgrwy7hk/finn_design_wrapper.v:8437:2: Unsupported: Ignoring delay on this delayed statement.
[2026-04-21 23:30:06,574]                                                                                                           : ... In instance finn_design_wrapper.finn_design_i.MVAU_hls_1.MVAU_hls_1.inst.grp_Matrix_Vector_Activate_Stream_Batch_fu_60
[2026-04-21 23:30:06,574]  8437 | #0 ap_CS_iter1_fsm = 2'd1;
[2026-04-21 23:30:06,574]       |  ^
[2026-04-21 23:30:06,574] %Warning-STMTDLY: /tmp/finn_dev_emanuel-hernandez/vivado_stitch_proj_rgrwy7hk/finn_design_wrapper.v:8438:2: Unsupported: Ignoring delay on this delayed statement.
[2026-04-21 23:30:06,574]                                                                                                           : ... In instance finn_design_wrapper.finn_design_i.MVAU_hls_1.MVAU_hls_1.inst.grp_Matrix_Vector_Activate_Stream_Batch_fu_60
[2026-04-21 23:30:06,574]  8438 | #0 ap_CS_iter2_fsm = 2'd1;
[2026-04-21 23:30:06,574]       |  ^
[2026-04-21 23:30:06,574] %Warning-STMTDLY: /tmp/finn_dev_emanuel-hernandez/vivado_stitch_proj_rgrwy7hk/finn_design_wrapper.v:8439:2: Unsupported: Ignoring delay on this delayed statement.
[2026-04-21 23:30:06,574]                                                                                                           : ... In instance finn_design_wrapper.finn_design_i.MVAU_hls_1.MVAU_hls_1.inst.grp_Matrix_Vector_Activate_Stream_Batch_fu_60
[2026-04-21 23:30:06,574]  8439 | #0 ap_CS_iter3_fsm = 2'd1;
[2026-04-21 23:30:06,574]       |  ^
[2026-04-21 23:30:06,574] %Warning-STMTDLY: /tmp/finn_dev_emanuel-hernandez/vivado_stitch_proj_rgrwy7hk/finn_design_wrapper.v:8440:2: Unsupported: Ignoring delay on this delayed statement.
[2026-04-21 23:30:06,574]                                                                                                           : ... In instance finn_design_wrapper.finn_design_i.MVAU_hls_1.MVAU_hls_1.inst.grp_Matrix_Vector_Activate_Stream_Batch_fu_60
[2026-04-21 23:30:06,574]  8440 | #0 ap_CS_iter4_fsm = 2'd1;
[2026-04-21 23:30:06,574]       |  ^
[2026-04-21 23:30:06,574] %Warning-STMTDLY: /tmp/finn_dev_emanuel-hernandez/vivado_stitch_proj_rgrwy7hk/finn_design_wrapper.v:8441:2: Unsupported: Ignoring delay on this delayed statement.
[2026-04-21 23:30:06,574]                                                                                                           : ... In instance finn_design_wrapper.finn_design_i.MVAU_hls_1.MVAU_hls_1.inst.grp_Matrix_Vector_Activate_Stream_Batch_fu_60
[2026-04-21 23:30:06,574]  8441 | #0 ap_done_reg = 1'b0;
[2026-04-21 23:30:06,574]       |  ^
[2026-04-21 23:30:06,574] %Warning-WIDTH: /tmp/finn_dev_emanuel-hernandez/vivado_stitch_proj_rgrwy7hk/finn_design_wrapper.v:10136:29: Operator ASSIGN expects 1 bits on the Assign RHS, but Assign RHS's CONST '?32?bxxxxxxxxxxxxxxxxxxxxxxxxxxxxxxxx' generates 32 bits.
[2026-04-21 23:30:06,575]                                                                                                           : ... In instance finn_design_wrapper.finn_design_i.MVAU_hls_1.MVAU_hls_1.inst.grp_Matrix_Vector_Activate_Stream_Batch_fu_60
[2026-04-21 23:30:06,575] 10136 |             ap_NS_iter0_fsm = 'bx;
[2026-04-21 23:30:06,575]       |                             ^
[2026-04-21 23:30:06,575] %Warning-WIDTH: /tmp/finn_dev_emanuel-hernandez/vivado_stitch_proj_rgrwy7hk/finn_design_wrapper.v:10160:29: Operator ASSIGN expects 2 bits on the Assign RHS, but Assign RHS's CONST '?32?bxxxxxxxxxxxxxxxxxxxxxxxxxxxxxxxx' generates 32 bits.
[2026-04-21 23:30:06,575]                                                                                                           : ... In instance finn_design_wrapper.finn_design_i.MVAU_hls_1.MVAU_hls_1.inst.grp_Matrix_Vector_Activate_Stream_Batch_fu_60
[2026-04-21 23:30:06,575] 10160 |             ap_NS_iter1_fsm = 'bx;
[2026-04-21 23:30:06,575]       |                             ^
[2026-04-21 23:30:06,575] %Warning-WIDTH: /tmp/finn_dev_emanuel-hernandez/vivado_stitch_proj_rgrwy7hk/finn_design_wrapper.v:10184:29: Operator ASSIGN expects 2 bits on the Assign RHS, but Assign RHS's CONST '?32?bxxxxxxxxxxxxxxxxxxxxxxxxxxxxxxxx' generates 32 bits.
[2026-04-21 23:30:06,575]                                                                                                           : ... In instance finn_design_wrapper.finn_design_i.MVAU_hls_1.MVAU_hls_1.inst.grp_Matrix_Vector_Activate_Stream_Batch_fu_60
[2026-04-21 23:30:06,575] 10184 |             ap_NS_iter2_fsm = 'bx;
[2026-04-21 23:30:06,575]       |                             ^
[2026-04-21 23:30:06,575] %Warning-WIDTH: /tmp/finn_dev_emanuel-hernandez/vivado_stitch_proj_rgrwy7hk/finn_design_wrapper.v:10208:29: Operator ASSIGN expects 2 bits on the Assign RHS, but Assign RHS's CONST '?32?bxxxxxxxxxxxxxxxxxxxxxxxxxxxxxxxx' generates 32 bits.
[2026-04-21 23:30:06,575]                                                                                                           : ... In instance finn_design_wrapper.finn_design_i.MVAU_hls_1.MVAU_hls_1.inst.grp_Matrix_Vector_Activate_Stream_Batch_fu_60
[2026-04-21 23:30:06,575] 10208 |             ap_NS_iter3_fsm = 'bx;
[2026-04-21 23:30:06,575]       |                             ^
[2026-04-21 23:30:06,575] %Warning-WIDTH: /tmp/finn_dev_emanuel-hernandez/vivado_stitch_proj_rgrwy7hk/finn_design_wrapper.v:10232:29: Operator ASSIGN expects 2 bits on the Assign RHS, but Assign RHS's CONST '?32?bxxxxxxxxxxxxxxxxxxxxxxxxxxxxxxxx' generates 32 bits.
[2026-04-21 23:30:06,575]                                                                                                           : ... In instance finn_design_wrapper.finn_design_i.MVAU_hls_1.MVAU_hls_1.inst.grp_Matrix_Vector_Activate_Stream_Batch_fu_60
[2026-04-21 23:30:06,575] 10232 |             ap_NS_iter4_fsm = 'bx;
[2026-04-21 23:30:06,575]       |                             ^
[2026-04-21 23:30:06,575] %Warning-WIDTH: /tmp/finn_dev_emanuel-hernandez/vivado_stitch_proj_rgrwy7hk/finn_design_wrapper.v:10309:47: Operator ASSIGNW expects 4 bits on the Assign RHS, but Assign RHS's CONST '?32?bxxxxxxxxxxxxxxxxxxxxxxxxxxxxxxxx' generates 32 bits.
[2026-04-21 23:30:06,575]                                                                                                           : ... In instance finn_design_wrapper.finn_design_i.MVAU_hls_1.MVAU_hls_1.inst.grp_Matrix_Vector_Activate_Stream_Batch_fu_60
[2026-04-21 23:30:06,575] 10309 | assign ap_phi_reg_pp0_iter0_inElem_1_reg_1080 = 'bx;
[2026-04-21 23:30:06,575]       |                                               ^
[2026-04-21 23:30:06,575] %Warning-WIDTH: /tmp/finn_dev_emanuel-hernandez/vivado_stitch_proj_rgrwy7hk/finn_design_wrapper.v:10319:23: Operator ASSIGNW expects 4 bits on the Assign RHS, but Assign RHS's VARREF 'grp_fu_2940_p10' generates 12 bits.
[2026-04-21 23:30:06,575]                                                                                                           : ... In instance finn_design_wrapper.finn_design_i.MVAU_hls_1.MVAU_hls_1.inst.grp_Matrix_Vector_Activate_Stream_Batch_fu_60
[2026-04-21 23:30:06,575] 10319 | assign grp_fu_2940_p1 = grp_fu_2940_p10;
[2026-04-21 23:30:06,575]       |                       ^
[2026-04-21 23:30:06,575] %Warning-WIDTH: /tmp/finn_dev_emanuel-hernandez/vivado_stitch_proj_rgrwy7hk/finn_design_wrapper.v:10321:24: Operator ASSIGNW expects 12 bits on the Assign RHS, but Assign RHS's VARREF 'ap_phi_mux_inElem_1_phi_fu_1083_p4' generates 4 bits.
[2026-04-21 23:30:06,575]                                                                                                           : ... In instance finn_design_wrapper.finn_design_i.MVAU_hls_1.MVAU_hls_1.inst.grp_Matrix_Vector_Activate_Stream_Batch_fu_60
[2026-04-21 23:30:06,575] 10321 | assign grp_fu_2940_p10 = ap_phi_mux_inElem_1_phi_fu_1083_p4;
[2026-04-21 23:30:06,575]       |                        ^
[2026-04-21 23:30:06,575] %Warning-WIDTH: /tmp/finn_dev_emanuel-hernandez/vivado_stitch_proj_rgrwy7hk/finn_design_wrapper.v:10371:30: Operator ASSIGNW expects 64 bits on the Assign RHS, but Assign RHS's VARREF 'nf_2_reg_3760_pp0_iter2_reg' generates 32 bits.
[2026-04-21 23:30:06,575]                                                                                                           : ... In instance finn_design_wrapper.finn_design_i.MVAU_hls_1.MVAU_hls_1.inst.grp_Matrix_Vector_Activate_Stream_Batch_fu_60
[2026-04-21 23:30:06,575] 10371 | assign idxprom2_i_fu_2504_p1 = nf_2_reg_3760_pp0_iter2_reg;
[2026-04-21 23:30:06,575]       |                              ^
[2026-04-21 23:30:06,575] %Warning-WIDTH: /tmp/finn_dev_emanuel-hernandez/vivado_stitch_proj_rgrwy7hk/finn_design_wrapper.v:10379:20: Operator ASSIGNW expects 8 bits on the Assign RHS, but Assign RHS's VARREF 'result_V_2_fu_2925_p2' generates 4 bits.
[2026-04-21 23:30:06,575]                                                                                                           : ... In instance finn_design_wrapper.finn_design_i.MVAU_hls_1.MVAU_hls_1.inst.grp_Matrix_Vector_Activate_Stream_Batch_fu_60
[2026-04-21 23:30:06,575] 10379 | assign out_V_TDATA = result_V_2_fu_2925_p2;
[2026-04-21 23:30:06,575]       |                    ^
[2026-04-21 23:30:06,575] %Warning-WIDTH: /tmp/finn_dev_emanuel-hernandez/vivado_stitch_proj_rgrwy7hk/finn_design_wrapper.v:10381:32: Operator ASSIGNW expects 6 bits on the Assign RHS, but Assign RHS's VARREF 'idxprom2_i_fu_2504_p1' generates 64 bits.
[2026-04-21 23:30:06,575]                                                                                                           : ... In instance finn_design_wrapper.finn_design_i.MVAU_hls_1.MVAU_hls_1.inst.grp_Matrix_Vector_Activate_Stream_Batch_fu_60
[2026-04-21 23:30:06,575] 10381 | assign p_ZL7threshs_0_address0 = idxprom2_i_fu_2504_p1;
[2026-04-21 23:30:06,575]       |                                ^
[2026-04-21 23:30:06,575] %Warning-WIDTH: /tmp/finn_dev_emanuel-hernandez/vivado_stitch_proj_rgrwy7hk/finn_design_wrapper.v:10383:33: Operator ASSIGNW expects 6 bits on the Assign RHS, but Assign RHS's VARREF 'idxprom2_i_fu_2504_p1' generates 64 bits.
[2026-04-21 23:30:06,575]                                                                                                           : ... In instance finn_design_wrapper.finn_design_i.MVAU_hls_1.MVAU_hls_1.inst.grp_Matrix_Vector_Activate_Stream_Batch_fu_60
[2026-04-21 23:30:06,575] 10383 | assign p_ZL7threshs_10_address0 = idxprom2_i_fu_2504_p1;
[2026-04-21 23:30:06,575]       |                                 ^
[2026-04-21 23:30:06,575] %Warning-WIDTH: /tmp/finn_dev_emanuel-hernandez/vivado_stitch_proj_rgrwy7hk/finn_design_wrapper.v:10385:33: Operator ASSIGNW expects 6 bits on the Assign RHS, but Assign RHS's VARREF 'idxprom2_i_fu_2504_p1' generates 64 bits.
[2026-04-21 23:30:06,575]                                                                                                           : ... In instance finn_design_wrapper.finn_design_i.MVAU_hls_1.MVAU_hls_1.inst.grp_Matrix_Vector_Activate_Stream_Batch_fu_60
[2026-04-21 23:30:06,575] 10385 | assign p_ZL7threshs_11_address0 = idxprom2_i_fu_2504_p1;
[2026-04-21 23:30:06,575]       |                                 ^
[2026-04-21 23:30:06,575] %Warning-WIDTH: /tmp/finn_dev_emanuel-hernandez/vivado_stitch_proj_rgrwy7hk/finn_design_wrapper.v:10387:33: Operator ASSIGNW expects 6 bits on the Assign RHS, but Assign RHS's VARREF 'idxprom2_i_fu_2504_p1' generates 64 bits.
[2026-04-21 23:30:06,575]                                                                                                           : ... In instance finn_design_wrapper.finn_design_i.MVAU_hls_1.MVAU_hls_1.inst.grp_Matrix_Vector_Activate_Stream_Batch_fu_60
[2026-04-21 23:30:06,575] 10387 | assign p_ZL7threshs_12_address0 = idxprom2_i_fu_2504_p1;
[2026-04-21 23:30:06,575]       |                                 ^
[2026-04-21 23:30:06,575] %Warning-WIDTH: /tmp/finn_dev_emanuel-hernandez/vivado_stitch_proj_rgrwy7hk/finn_design_wrapper.v:10389:33: Operator ASSIGNW expects 6 bits on the Assign RHS, but Assign RHS's VARREF 'idxprom2_i_fu_2504_p1' generates 64 bits.
[2026-04-21 23:30:06,575]                                                                                                           : ... In instance finn_design_wrapper.finn_design_i.MVAU_hls_1.MVAU_hls_1.inst.grp_Matrix_Vector_Activate_Stream_Batch_fu_60
[2026-04-21 23:30:06,575] 10389 | assign p_ZL7threshs_13_address0 = idxprom2_i_fu_2504_p1;
[2026-04-21 23:30:06,575]       |                                 ^
[2026-04-21 23:30:06,575] %Warning-WIDTH: /tmp/finn_dev_emanuel-hernandez/vivado_stitch_proj_rgrwy7hk/finn_design_wrapper.v:10391:33: Operator ASSIGNW expects 6 bits on the Assign RHS, but Assign RHS's VARREF 'idxprom2_i_fu_2504_p1' generates 64 bits.
[2026-04-21 23:30:06,575]                                                                                                           : ... In instance finn_design_wrapper.finn_design_i.MVAU_hls_1.MVAU_hls_1.inst.grp_Matrix_Vector_Activate_Stream_Batch_fu_60
[2026-04-21 23:30:06,575] 10391 | assign p_ZL7threshs_14_address0 = idxprom2_i_fu_2504_p1;
[2026-04-21 23:30:06,575]       |                                 ^
[2026-04-21 23:30:06,575] %Warning-WIDTH: /tmp/finn_dev_emanuel-hernandez/vivado_stitch_proj_rgrwy7hk/finn_design_wrapper.v:10393:32: Operator ASSIGNW expects 6 bits on the Assign RHS, but Assign RHS's VARREF 'idxprom2_i_fu_2504_p1' generates 64 bits.
[2026-04-21 23:30:06,575]                                                                                                           : ... In instance finn_design_wrapper.finn_design_i.MVAU_hls_1.MVAU_hls_1.inst.grp_Matrix_Vector_Activate_Stream_Batch_fu_60
[2026-04-21 23:30:06,575] 10393 | assign p_ZL7threshs_1_address0 = idxprom2_i_fu_2504_p1;
[2026-04-21 23:30:06,575]       |                                ^
[2026-04-21 23:30:06,575] %Warning-WIDTH: /tmp/finn_dev_emanuel-hernandez/vivado_stitch_proj_rgrwy7hk/finn_design_wrapper.v:10395:32: Operator ASSIGNW expects 6 bits on the Assign RHS, but Assign RHS's VARREF 'idxprom2_i_fu_2504_p1' generates 64 bits.
[2026-04-21 23:30:06,575]                                                                                                           : ... In instance finn_design_wrapper.finn_design_i.MVAU_hls_1.MVAU_hls_1.inst.grp_Matrix_Vector_Activate_Stream_Batch_fu_60
[2026-04-21 23:30:06,575] 10395 | assign p_ZL7threshs_2_address0 = idxprom2_i_fu_2504_p1;
[2026-04-21 23:30:06,575]       |                                ^
[2026-04-21 23:30:06,575] %Warning-WIDTH: /tmp/finn_dev_emanuel-hernandez/vivado_stitch_proj_rgrwy7hk/finn_design_wrapper.v:10397:32: Operator ASSIGNW expects 6 bits on the Assign RHS, but Assign RHS's VARREF 'idxprom2_i_fu_2504_p1' generates 64 bits.
[2026-04-21 23:30:06,575]                                                                                                           : ... In instance finn_design_wrapper.finn_design_i.MVAU_hls_1.MVAU_hls_1.inst.grp_Matrix_Vector_Activate_Stream_Batch_fu_60
[2026-04-21 23:30:06,575] 10397 | assign p_ZL7threshs_3_address0 = idxprom2_i_fu_2504_p1;
[2026-04-21 23:30:06,575]       |                                ^
[2026-04-21 23:30:06,575] %Warning-WIDTH: /tmp/finn_dev_emanuel-hernandez/vivado_stitch_proj_rgrwy7hk/finn_design_wrapper.v:10399:32: Operator ASSIGNW expects 6 bits on the Assign RHS, but Assign RHS's VARREF 'idxprom2_i_fu_2504_p1' generates 64 bits.
[2026-04-21 23:30:06,575]                                                                                                           : ... In instance finn_design_wrapper.finn_design_i.MVAU_hls_1.MVAU_hls_1.inst.grp_Matrix_Vector_Activate_Stream_Batch_fu_60
[2026-04-21 23:30:06,575] 10399 | assign p_ZL7threshs_4_address0 = idxprom2_i_fu_2504_p1;
[2026-04-21 23:30:06,575]       |                                ^
[2026-04-21 23:30:06,575] %Warning-WIDTH: /tmp/finn_dev_emanuel-hernandez/vivado_stitch_proj_rgrwy7hk/finn_design_wrapper.v:10401:32: Operator ASSIGNW expects 6 bits on the Assign RHS, but Assign RHS's VARREF 'idxprom2_i_fu_2504_p1' generates 64 bits.
[2026-04-21 23:30:06,575]                                                                                                           : ... In instance finn_design_wrapper.finn_design_i.MVAU_hls_1.MVAU_hls_1.inst.grp_Matrix_Vector_Activate_Stream_Batch_fu_60
[2026-04-21 23:30:06,575] 10401 | assign p_ZL7threshs_5_address0 = idxprom2_i_fu_2504_p1;
[2026-04-21 23:30:06,575]       |                                ^
[2026-04-21 23:30:06,575] %Warning-WIDTH: /tmp/finn_dev_emanuel-hernandez/vivado_stitch_proj_rgrwy7hk/finn_design_wrapper.v:10403:32: Operator ASSIGNW expects 6 bits on the Assign RHS, but Assign RHS's VARREF 'idxprom2_i_fu_2504_p1' generates 64 bits.
[2026-04-21 23:30:06,575]                                                                                                           : ... In instance finn_design_wrapper.finn_design_i.MVAU_hls_1.MVAU_hls_1.inst.grp_Matrix_Vector_Activate_Stream_Batch_fu_60
[2026-04-21 23:30:06,575] 10403 | assign p_ZL7threshs_6_address0 = idxprom2_i_fu_2504_p1;
[2026-04-21 23:30:06,575]       |                                ^
[2026-04-21 23:30:06,575] %Warning-WIDTH: /tmp/finn_dev_emanuel-hernandez/vivado_stitch_proj_rgrwy7hk/finn_design_wrapper.v:10405:32: Operator ASSIGNW expects 6 bits on the Assign RHS, but Assign RHS's VARREF 'idxprom2_i_fu_2504_p1' generates 64 bits.
[2026-04-21 23:30:06,575]                                                                                                           : ... In instance finn_design_wrapper.finn_design_i.MVAU_hls_1.MVAU_hls_1.inst.grp_Matrix_Vector_Activate_Stream_Batch_fu_60
[2026-04-21 23:30:06,575] 10405 | assign p_ZL7threshs_7_address0 = idxprom2_i_fu_2504_p1;
[2026-04-21 23:30:06,575]       |                                ^
[2026-04-21 23:30:06,575] %Warning-WIDTH: /tmp/finn_dev_emanuel-hernandez/vivado_stitch_proj_rgrwy7hk/finn_design_wrapper.v:10407:32: Operator ASSIGNW expects 6 bits on the Assign RHS, but Assign RHS's VARREF 'idxprom2_i_fu_2504_p1' generates 64 bits.
[2026-04-21 23:30:06,575]                                                                                                           : ... In instance finn_design_wrapper.finn_design_i.MVAU_hls_1.MVAU_hls_1.inst.grp_Matrix_Vector_Activate_Stream_Batch_fu_60
[2026-04-21 23:30:06,575] 10407 | assign p_ZL7threshs_8_address0 = idxprom2_i_fu_2504_p1;
[2026-04-21 23:30:06,575]       |                                ^
[2026-04-21 23:30:06,575] %Warning-WIDTH: /tmp/finn_dev_emanuel-hernandez/vivado_stitch_proj_rgrwy7hk/finn_design_wrapper.v:10409:32: Operator ASSIGNW expects 6 bits on the Assign RHS, but Assign RHS's VARREF 'idxprom2_i_fu_2504_p1' generates 64 bits.
[2026-04-21 23:30:06,575]                                                                                                           : ... In instance finn_design_wrapper.finn_design_i.MVAU_hls_1.MVAU_hls_1.inst.grp_Matrix_Vector_Activate_Stream_Batch_fu_60
[2026-04-21 23:30:06,575] 10409 | assign p_ZL7threshs_9_address0 = idxprom2_i_fu_2504_p1;
[2026-04-21 23:30:06,575]       |                                ^
[2026-04-21 23:30:06,575] %Warning-WIDTH: /tmp/finn_dev_emanuel-hernandez/vivado_stitch_proj_rgrwy7hk/finn_design_wrapper.v:10415:33: Operator ASSIGNW expects 17 bits on the Assign RHS, but Assign RHS's SIGNED generates 13 bits.
[2026-04-21 23:30:06,575]                                                                                                           : ... In instance finn_design_wrapper.finn_design_i.MVAU_hls_1.MVAU_hls_1.inst.grp_Matrix_Vector_Activate_Stream_Batch_fu_60
[2026-04-21 23:30:06,575] 10415 | assign sext_ln1039_1_fu_2541_p1 = $signed(p_ZL7threshs_1_q0);
[2026-04-21 23:30:06,575]       |                                 ^
[2026-04-21 23:30:06,575] %Warning-WIDTH: /tmp/finn_dev_emanuel-hernandez/vivado_stitch_proj_rgrwy7hk/finn_design_wrapper.v:10417:33: Operator ASSIGNW expects 17 bits on the Assign RHS, but Assign RHS's SIGNED generates 13 bits.
[2026-04-21 23:30:06,575]                                                                                                           : ... In instance finn_design_wrapper.finn_design_i.MVAU_hls_1.MVAU_hls_1.inst.grp_Matrix_Vector_Activate_Stream_Batch_fu_60
[2026-04-21 23:30:06,575] 10417 | assign sext_ln1039_2_fu_2560_p1 = $signed(p_ZL7threshs_2_q0);
[2026-04-21 23:30:06,575]       |                                 ^
[2026-04-21 23:30:06,575] %Warning-WIDTH: /tmp/finn_dev_emanuel-hernandez/vivado_stitch_proj_rgrwy7hk/finn_design_wrapper.v:10419:33: Operator ASSIGNW expects 17 bits on the Assign RHS, but Assign RHS's SIGNED generates 13 bits.
[2026-04-21 23:30:06,575]                                                                                                           : ... In instance finn_design_wrapper.finn_design_i.MVAU_hls_1.MVAU_hls_1.inst.grp_Matrix_Vector_Activate_Stream_Batch_fu_60
[2026-04-21 23:30:06,575] 10419 | assign sext_ln1039_3_fu_2579_p1 = $signed(p_ZL7threshs_3_q0);
[2026-04-21 23:30:06,575]       |                                 ^
[2026-04-21 23:30:06,575] %Warning-WIDTH: /tmp/finn_dev_emanuel-hernandez/vivado_stitch_proj_rgrwy7hk/finn_design_wrapper.v:10421:33: Operator ASSIGNW expects 17 bits on the Assign RHS, but Assign RHS's SIGNED generates 13 bits.
[2026-04-21 23:30:06,575]                                                                                                           : ... In instance finn_design_wrapper.finn_design_i.MVAU_hls_1.MVAU_hls_1.inst.grp_Matrix_Vector_Activate_Stream_Batch_fu_60
[2026-04-21 23:30:06,575] 10421 | assign sext_ln1039_4_fu_2598_p1 = $signed(p_ZL7threshs_4_q0);
[2026-04-21 23:30:06,575]       |                                 ^
[2026-04-21 23:30:06,575] %Warning-WIDTH: /tmp/finn_dev_emanuel-hernandez/vivado_stitch_proj_rgrwy7hk/finn_design_wrapper.v:10423:33: Operator ASSIGNW expects 17 bits on the Assign RHS, but Assign RHS's SIGNED generates 14 bits.
[2026-04-21 23:30:06,575]                                                                                                           : ... In instance finn_design_wrapper.finn_design_i.MVAU_hls_1.MVAU_hls_1.inst.grp_Matrix_Vector_Activate_Stream_Batch_fu_60
[2026-04-21 23:30:06,575] 10423 | assign sext_ln1039_5_fu_2617_p1 = $signed(p_ZL7threshs_5_q0);
[2026-04-21 23:30:06,575]       |                                 ^
[2026-04-21 23:30:06,575] %Warning-WIDTH: /tmp/finn_dev_emanuel-hernandez/vivado_stitch_proj_rgrwy7hk/finn_design_wrapper.v:10425:33: Operator ASSIGNW expects 17 bits on the Assign RHS, but Assign RHS's SIGNED generates 14 bits.
[2026-04-21 23:30:06,575]                                                                                                           : ... In instance finn_design_wrapper.finn_design_i.MVAU_hls_1.MVAU_hls_1.inst.grp_Matrix_Vector_Activate_Stream_Batch_fu_60
[2026-04-21 23:30:06,575] 10425 | assign sext_ln1039_6_fu_2636_p1 = $signed(p_ZL7threshs_6_q0);
[2026-04-21 23:30:06,575]       |                                 ^
[2026-04-21 23:30:06,575] %Warning-WIDTH: /tmp/finn_dev_emanuel-hernandez/vivado_stitch_proj_rgrwy7hk/finn_design_wrapper.v:10427:31: Operator ASSIGNW expects 17 bits on the Assign RHS, but Assign RHS's SIGNED generates 13 bits.
[2026-04-21 23:30:06,575]                                                                                                           : ... In instance finn_design_wrapper.finn_design_i.MVAU_hls_1.MVAU_hls_1.inst.grp_Matrix_Vector_Activate_Stream_Batch_fu_60
[2026-04-21 23:30:06,575] 10427 | assign sext_ln1039_fu_2522_p1 = $signed(p_ZL7threshs_0_q0);
[2026-04-21 23:30:06,575]       |                               ^
[2026-04-21 23:30:06,575] %Warning-WIDTH: /tmp/finn_dev_emanuel-hernandez/vivado_stitch_proj_rgrwy7hk/finn_design_wrapper.v:10463:33: Operator ASSIGNW expects 17 bits on the Assign RHS, but Assign RHS's VARREF 'p_ZL7threshs_8_q0' generates 13 bits.
[2026-04-21 23:30:06,575]                                                                                                           : ... In instance finn_design_wrapper.finn_design_i.MVAU_hls_1.MVAU_hls_1.inst.grp_Matrix_Vector_Activate_Stream_Batch_fu_60
[2026-04-21 23:30:06,576] 10463 | assign zext_ln1039_1_fu_2674_p1 = p_ZL7threshs_8_q0;
[2026-04-21 23:30:06,576]       |                                 ^
[2026-04-21 23:30:06,576] %Warning-WIDTH: /tmp/finn_dev_emanuel-hernandez/vivado_stitch_proj_rgrwy7hk/finn_design_wrapper.v:10465:33: Operator ASSIGNW expects 17 bits on the Assign RHS, but Assign RHS's VARREF 'p_ZL7threshs_9_q0' generates 13 bits.
[2026-04-21 23:30:06,576]                                                                                                           : ... In instance finn_design_wrapper.finn_design_i.MVAU_hls_1.MVAU_hls_1.inst.grp_Matrix_Vector_Activate_Stream_Batch_fu_60
[2026-04-21 23:30:06,576] 10465 | assign zext_ln1039_2_fu_2693_p1 = p_ZL7threshs_9_q0;
[2026-04-21 23:30:06,576]       |                                 ^
[2026-04-21 23:30:06,576] %Warning-WIDTH: /tmp/finn_dev_emanuel-hernandez/vivado_stitch_proj_rgrwy7hk/finn_design_wrapper.v:10467:33: Operator ASSIGNW expects 17 bits on the Assign RHS, but Assign RHS's VARREF 'p_ZL7threshs_10_q0' generates 13 bits.
[2026-04-21 23:30:06,576]                                                                                                           : ... In instance finn_design_wrapper.finn_design_i.MVAU_hls_1.MVAU_hls_1.inst.grp_Matrix_Vector_Activate_Stream_Batch_fu_60
[2026-04-21 23:30:06,576] 10467 | assign zext_ln1039_3_fu_2712_p1 = p_ZL7threshs_10_q0;
[2026-04-21 23:30:06,576]       |                                 ^
[2026-04-21 23:30:06,576] %Warning-WIDTH: /tmp/finn_dev_emanuel-hernandez/vivado_stitch_proj_rgrwy7hk/finn_design_wrapper.v:10469:33: Operator ASSIGNW expects 17 bits on the Assign RHS, but Assign RHS's VARREF 'p_ZL7threshs_11_q0' generates 13 bits.
[2026-04-21 23:30:06,576]                                                                                                           : ... In instance finn_design_wrapper.finn_design_i.MVAU_hls_1.MVAU_hls_1.inst.grp_Matrix_Vector_Activate_Stream_Batch_fu_60
[2026-04-21 23:30:06,576] 10469 | assign zext_ln1039_4_fu_2731_p1 = p_ZL7threshs_11_q0;
[2026-04-21 23:30:06,576]       |                                 ^
[2026-04-21 23:30:06,576] %Warning-WIDTH: /tmp/finn_dev_emanuel-hernandez/vivado_stitch_proj_rgrwy7hk/finn_design_wrapper.v:10471:33: Operator ASSIGNW expects 17 bits on the Assign RHS, but Assign RHS's VARREF 'p_ZL7threshs_12_q0' generates 13 bits.
[2026-04-21 23:30:06,576]                                                                                                           : ... In instance finn_design_wrapper.finn_design_i.MVAU_hls_1.MVAU_hls_1.inst.grp_Matrix_Vector_Activate_Stream_Batch_fu_60
[2026-04-21 23:30:06,576] 10471 | assign zext_ln1039_5_fu_2750_p1 = p_ZL7threshs_12_q0;
[2026-04-21 23:30:06,576]       |                                 ^
[2026-04-21 23:30:06,576] %Warning-WIDTH: /tmp/finn_dev_emanuel-hernandez/vivado_stitch_proj_rgrwy7hk/finn_design_wrapper.v:10473:33: Operator ASSIGNW expects 17 bits on the Assign RHS, but Assign RHS's VARREF 'p_ZL7threshs_13_q0' generates 13 bits.
[2026-04-21 23:30:06,576]                                                                                                           : ... In instance finn_design_wrapper.finn_design_i.MVAU_hls_1.MVAU_hls_1.inst.grp_Matrix_Vector_Activate_Stream_Batch_fu_60
[2026-04-21 23:30:06,576] 10473 | assign zext_ln1039_6_fu_2769_p1 = p_ZL7threshs_13_q0;
[2026-04-21 23:30:06,576]       |                                 ^
[2026-04-21 23:30:06,576] %Warning-WIDTH: /tmp/finn_dev_emanuel-hernandez/vivado_stitch_proj_rgrwy7hk/finn_design_wrapper.v:10475:33: Operator ASSIGNW expects 17 bits on the Assign RHS, but Assign RHS's VARREF 'p_ZL7threshs_14_q0' generates 14 bits.
[2026-04-21 23:30:06,576]                                                                                                           : ... In instance finn_design_wrapper.finn_design_i.MVAU_hls_1.MVAU_hls_1.inst.grp_Matrix_Vector_Activate_Stream_Batch_fu_60
[2026-04-21 23:30:06,576] 10475 | assign zext_ln1039_7_fu_2788_p1 = p_ZL7threshs_14_q0;
[2026-04-21 23:30:06,576]       |                                 ^
[2026-04-21 23:30:06,576] %Warning-WIDTH: /tmp/finn_dev_emanuel-hernandez/vivado_stitch_proj_rgrwy7hk/finn_design_wrapper.v:10477:31: Operator ASSIGNW expects 17 bits on the Assign RHS, but Assign RHS's VARREF 'p_ZL7threshs_7_q0' generates 13 bits.
[2026-04-21 23:30:06,576]                                                                                                           : ... In instance finn_design_wrapper.finn_design_i.MVAU_hls_1.MVAU_hls_1.inst.grp_Matrix_Vector_Activate_Stream_Batch_fu_60
[2026-04-21 23:30:06,576] 10477 | assign zext_ln1039_fu_2655_p1 = p_ZL7threshs_7_q0;
[2026-04-21 23:30:06,576]       |                               ^
[2026-04-21 23:30:06,576] %Warning-WIDTH: /tmp/finn_dev_emanuel-hernandez/vivado_stitch_proj_rgrwy7hk/finn_design_wrapper.v:10479:30: Operator ASSIGNW expects 2 bits on the Assign RHS, but Assign RHS's VARREF 'result_V_fu_2531_p2' generates 1 bits.
[2026-04-21 23:30:06,576]                                                                                                           : ... In instance finn_design_wrapper.finn_design_i.MVAU_hls_1.MVAU_hls_1.inst.grp_Matrix_Vector_Activate_Stream_Batch_fu_60
[2026-04-21 23:30:06,576] 10479 | assign zext_ln215_fu_2537_p1 = result_V_fu_2531_p2;
[2026-04-21 23:30:06,576]       |                              ^
[2026-04-21 23:30:06,576] %Warning-WIDTH: /tmp/finn_dev_emanuel-hernandez/vivado_stitch_proj_rgrwy7hk/finn_design_wrapper.v:10481:33: Operator ASSIGNW expects 2 bits on the Assign RHS, but Assign RHS's VARREF 'xor_ln1039_10_fu_2740_p2' generates 1 bits.
[2026-04-21 23:30:06,576]                                                                                                           : ... In instance finn_design_wrapper.finn_design_i.MVAU_hls_1.MVAU_hls_1.inst.grp_Matrix_Vector_Activate_Stream_Batch_fu_60
[2026-04-21 23:30:06,576] 10481 | assign zext_ln218_10_fu_2746_p1 = xor_ln1039_10_fu_2740_p2;
[2026-04-21 23:30:06,576]       |                                 ^
[2026-04-21 23:30:06,576] %Warning-WIDTH: /tmp/finn_dev_emanuel-hernandez/vivado_stitch_proj_rgrwy7hk/finn_design_wrapper.v:10483:33: Operator ASSIGNW expects 2 bits on the Assign RHS, but Assign RHS's VARREF 'xor_ln1039_11_fu_2759_p2' generates 1 bits.
[2026-04-21 23:30:06,576]                                                                                                           : ... In instance finn_design_wrapper.finn_design_i.MVAU_hls_1.MVAU_hls_1.inst.grp_Matrix_Vector_Activate_Stream_Batch_fu_60
[2026-04-21 23:30:06,576] 10483 | assign zext_ln218_11_fu_2765_p1 = xor_ln1039_11_fu_2759_p2;
[2026-04-21 23:30:06,576]       |                                 ^
[2026-04-21 23:30:06,576] %Warning-WIDTH: /tmp/finn_dev_emanuel-hernandez/vivado_stitch_proj_rgrwy7hk/finn_design_wrapper.v:10485:33: Operator ASSIGNW expects 2 bits on the Assign RHS, but Assign RHS's VARREF 'xor_ln1039_12_fu_2778_p2' generates 1 bits.
[2026-04-21 23:30:06,576]                                                                                                           : ... In instance finn_design_wrapper.finn_design_i.MVAU_hls_1.MVAU_hls_1.inst.grp_Matrix_Vector_Activate_Stream_Batch_fu_60
[2026-04-21 23:30:06,576] 10485 | assign zext_ln218_12_fu_2784_p1 = xor_ln1039_12_fu_2778_p2;
[2026-04-21 23:30:06,576]       |                                 ^
[2026-04-21 23:30:06,576] %Warning-WIDTH: /tmp/finn_dev_emanuel-hernandez/vivado_stitch_proj_rgrwy7hk/finn_design_wrapper.v:10487:32: Operator ASSIGNW expects 2 bits on the Assign RHS, but Assign RHS's VARREF 'xor_ln1039_1_fu_2569_p2' generates 1 bits.
[2026-04-21 23:30:06,576]                                                                                                           : ... In instance finn_design_wrapper.finn_design_i.MVAU_hls_1.MVAU_hls_1.inst.grp_Matrix_Vector_Activate_Stream_Batch_fu_60
[2026-04-21 23:30:06,576] 10487 | assign zext_ln218_1_fu_2575_p1 = xor_ln1039_1_fu_2569_p2;
[2026-04-21 23:30:06,576]       |                                ^
[2026-04-21 23:30:06,576] %Warning-WIDTH: /tmp/finn_dev_emanuel-hernandez/vivado_stitch_proj_rgrwy7hk/finn_design_wrapper.v:10489:32: Operator ASSIGNW expects 2 bits on the Assign RHS, but Assign RHS's VARREF 'xor_ln1039_2_fu_2588_p2' generates 1 bits.
[2026-04-21 23:30:06,576]                                                                                                           : ... In instance finn_design_wrapper.finn_design_i.MVAU_hls_1.MVAU_hls_1.inst.grp_Matrix_Vector_Activate_Stream_Batch_fu_60
[2026-04-21 23:30:06,576] 10489 | assign zext_ln218_2_fu_2594_p1 = xor_ln1039_2_fu_2588_p2;
[2026-04-21 23:30:06,576]       |                                ^
[2026-04-21 23:30:06,576] %Warning-WIDTH: /tmp/finn_dev_emanuel-hernandez/vivado_stitch_proj_rgrwy7hk/finn_design_wrapper.v:10491:32: Operator ASSIGNW expects 2 bits on the Assign RHS, but Assign RHS's VARREF 'xor_ln1039_3_fu_2607_p2' generates 1 bits.
[2026-04-21 23:30:06,576]                                                                                                           : ... In instance finn_design_wrapper.finn_design_i.MVAU_hls_1.MVAU_hls_1.inst.grp_Matrix_Vector_Activate_Stream_Batch_fu_60
[2026-04-21 23:30:06,576] 10491 | assign zext_ln218_3_fu_2613_p1 = xor_ln1039_3_fu_2607_p2;
[2026-04-21 23:30:06,576]       |                                ^
[2026-04-21 23:30:06,576] %Warning-WIDTH: /tmp/finn_dev_emanuel-hernandez/vivado_stitch_proj_rgrwy7hk/finn_design_wrapper.v:10493:32: Operator ASSIGNW expects 2 bits on the Assign RHS, but Assign RHS's VARREF 'xor_ln1039_4_fu_2626_p2' generates 1 bits.
[2026-04-21 23:30:06,576]                                                                                                           : ... In instance finn_design_wrapper.finn_design_i.MVAU_hls_1.MVAU_hls_1.inst.grp_Matrix_Vector_Activate_Stream_Batch_fu_60
[2026-04-21 23:30:06,576] 10493 | assign zext_ln218_4_fu_2632_p1 = xor_ln1039_4_fu_2626_p2;
[2026-04-21 23:30:06,576]       |                                ^
[2026-04-21 23:30:06,576] %Warning-WIDTH: /tmp/finn_dev_emanuel-hernandez/vivado_stitch_proj_rgrwy7hk/finn_design_wrapper.v:10495:32: Operator ASSIGNW expects 2 bits on the Assign RHS, but Assign RHS's VARREF 'xor_ln1039_5_fu_2645_p2' generates 1 bits.
[2026-04-21 23:30:06,576]                                                                                                           : ... In instance finn_design_wrapper.finn_design_i.MVAU_hls_1.MVAU_hls_1.inst.grp_Matrix_Vector_Activate_Stream_Batch_fu_60
[2026-04-21 23:30:06,576] 10495 | assign zext_ln218_5_fu_2651_p1 = xor_ln1039_5_fu_2645_p2;
[2026-04-21 23:30:06,576]       |                                ^
[2026-04-21 23:30:06,576] %Warning-WIDTH: /tmp/finn_dev_emanuel-hernandez/vivado_stitch_proj_rgrwy7hk/finn_design_wrapper.v:10497:32: Operator ASSIGNW expects 2 bits on the Assign RHS, but Assign RHS's VARREF 'xor_ln1039_6_fu_2664_p2' generates 1 bits.
[2026-04-21 23:30:06,576]                                                                                                           : ... In instance finn_design_wrapper.finn_design_i.MVAU_hls_1.MVAU_hls_1.inst.grp_Matrix_Vector_Activate_Stream_Batch_fu_60
[2026-04-21 23:30:06,576] 10497 | assign zext_ln218_6_fu_2670_p1 = xor_ln1039_6_fu_2664_p2;
[2026-04-21 23:30:06,576]       |                                ^
[2026-04-21 23:30:06,576] %Warning-WIDTH: /tmp/finn_dev_emanuel-hernandez/vivado_stitch_proj_rgrwy7hk/finn_design_wrapper.v:10499:32: Operator ASSIGNW expects 2 bits on the Assign RHS, but Assign RHS's VARREF 'xor_ln1039_7_fu_2683_p2' generates 1 bits.
[2026-04-21 23:30:06,576]                                                                                                           : ... In instance finn_design_wrapper.finn_design_i.MVAU_hls_1.MVAU_hls_1.inst.grp_Matrix_Vector_Activate_Stream_Batch_fu_60
[2026-04-21 23:30:06,576] 10499 | assign zext_ln218_7_fu_2689_p1 = xor_ln1039_7_fu_2683_p2;
[2026-04-21 23:30:06,576]       |                                ^
[2026-04-21 23:30:06,576] %Warning-WIDTH: /tmp/finn_dev_emanuel-hernandez/vivado_stitch_proj_rgrwy7hk/finn_design_wrapper.v:10501:32: Operator ASSIGNW expects 2 bits on the Assign RHS, but Assign RHS's VARREF 'xor_ln1039_8_fu_2702_p2' generates 1 bits.
[2026-04-21 23:30:06,576]                                                                                                           : ... In instance finn_design_wrapper.finn_design_i.MVAU_hls_1.MVAU_hls_1.inst.grp_Matrix_Vector_Activate_Stream_Batch_fu_60
[2026-04-21 23:30:06,576] 10501 | assign zext_ln218_8_fu_2708_p1 = xor_ln1039_8_fu_2702_p2;
[2026-04-21 23:30:06,576]       |                                ^
[2026-04-21 23:30:06,576] %Warning-WIDTH: /tmp/finn_dev_emanuel-hernandez/vivado_stitch_proj_rgrwy7hk/finn_design_wrapper.v:10503:32: Operator ASSIGNW expects 2 bits on the Assign RHS, but Assign RHS's VARREF 'xor_ln1039_9_fu_2721_p2' generates 1 bits.
[2026-04-21 23:30:06,576]                                                                                                           : ... In instance finn_design_wrapper.finn_design_i.MVAU_hls_1.MVAU_hls_1.inst.grp_Matrix_Vector_Activate_Stream_Batch_fu_60
[2026-04-21 23:30:06,576] 10503 | assign zext_ln218_9_fu_2727_p1 = xor_ln1039_9_fu_2721_p2;
[2026-04-21 23:30:06,576]       |                                ^
[2026-04-21 23:30:06,576] %Warning-WIDTH: /tmp/finn_dev_emanuel-hernandez/vivado_stitch_proj_rgrwy7hk/finn_design_wrapper.v:10505:30: Operator ASSIGNW expects 2 bits on the Assign RHS, but Assign RHS's VARREF 'xor_ln1039_fu_2550_p2' generates 1 bits.
[2026-04-21 23:30:06,576]                                                                                                           : ... In instance finn_design_wrapper.finn_design_i.MVAU_hls_1.MVAU_hls_1.inst.grp_Matrix_Vector_Activate_Stream_Batch_fu_60
[2026-04-21 23:30:06,576] 10505 | assign zext_ln218_fu_2556_p1 = xor_ln1039_fu_2550_p2;
[2026-04-21 23:30:06,576]       |                              ^
[2026-04-21 23:30:06,576] %Warning-WIDTH: /tmp/finn_dev_emanuel-hernandez/vivado_stitch_proj_rgrwy7hk/finn_design_wrapper.v:10507:33: Operator ASSIGNW expects 4 bits on the Assign RHS, but Assign RHS's VARREF 'add_ln840_12_fu_2909_p2' generates 3 bits.
[2026-04-21 23:30:06,576]                                                                                                           : ... In instance finn_design_wrapper.finn_design_i.MVAU_hls_1.MVAU_hls_1.inst.grp_Matrix_Vector_Activate_Stream_Batch_fu_60
[2026-04-21 23:30:06,576] 10507 | assign zext_ln840_10_fu_2915_p1 = add_ln840_12_fu_2909_p2;
[2026-04-21 23:30:06,576]       |                                 ^
[2026-04-21 23:30:06,576] %Warning-WIDTH: /tmp/finn_dev_emanuel-hernandez/vivado_stitch_proj_rgrwy7hk/finn_design_wrapper.v:10509:32: Operator ASSIGNW expects 3 bits on the Assign RHS, but Assign RHS's VARREF 'add_ln840_2_fu_2813_p2' generates 2 bits.
[2026-04-21 23:30:06,576]                                                                                                           : ... In instance finn_design_wrapper.finn_design_i.MVAU_hls_1.MVAU_hls_1.inst.grp_Matrix_Vector_Activate_Stream_Batch_fu_60
[2026-04-21 23:30:06,576] 10509 | assign zext_ln840_1_fu_2819_p1 = add_ln840_2_fu_2813_p2;
[2026-04-21 23:30:06,576]       |                                ^
[2026-04-21 23:30:06,576] %Warning-WIDTH: /tmp/finn_dev_emanuel-hernandez/vivado_stitch_proj_rgrwy7hk/finn_design_wrapper.v:10511:32: Operator ASSIGNW expects 3 bits on the Assign RHS, but Assign RHS's VARREF 'add_ln840_3_fu_2823_p2' generates 2 bits.
[2026-04-21 23:30:06,576]                                                                                                           : ... In instance finn_design_wrapper.finn_design_i.MVAU_hls_1.MVAU_hls_1.inst.grp_Matrix_Vector_Activate_Stream_Batch_fu_60
[2026-04-21 23:30:06,576] 10511 | assign zext_ln840_2_fu_2829_p1 = add_ln840_3_fu_2823_p2;
[2026-04-21 23:30:06,576]       |                                ^
[2026-04-21 23:30:06,576] %Warning-WIDTH: /tmp/finn_dev_emanuel-hernandez/vivado_stitch_proj_rgrwy7hk/finn_design_wrapper.v:10513:32: Operator ASSIGNW expects 3 bits on the Assign RHS, but Assign RHS's VARREF 'add_ln840_4_fu_2833_p2' generates 2 bits.
[2026-04-21 23:30:06,576]                                                                                                           : ... In instance finn_design_wrapper.finn_design_i.MVAU_hls_1.MVAU_hls_1.inst.grp_Matrix_Vector_Activate_Stream_Batch_fu_60
[2026-04-21 23:30:06,576] 10513 | assign zext_ln840_3_fu_2839_p1 = add_ln840_4_fu_2833_p2;
[2026-04-21 23:30:06,576]       |                                ^
[2026-04-21 23:30:06,576] %Warning-WIDTH: /tmp/finn_dev_emanuel-hernandez/vivado_stitch_proj_rgrwy7hk/finn_design_wrapper.v:10515:32: Operator ASSIGNW expects 4 bits on the Assign RHS, but Assign RHS's VARREF 'add_ln840_6_fu_2849_p2' generates 3 bits.
[2026-04-21 23:30:06,576]                                                                                                           : ... In instance finn_design_wrapper.finn_design_i.MVAU_hls_1.MVAU_hls_1.inst.grp_Matrix_Vector_Activate_Stream_Batch_fu_60
[2026-04-21 23:30:06,576] 10515 | assign zext_ln840_4_fu_2855_p1 = add_ln840_6_fu_2849_p2;
[2026-04-21 23:30:06,576]       |                                ^
[2026-04-21 23:30:06,576] %Warning-WIDTH: /tmp/finn_dev_emanuel-hernandez/vivado_stitch_proj_rgrwy7hk/finn_design_wrapper.v:10517:32: Operator ASSIGNW expects 3 bits on the Assign RHS, but Assign RHS's VARREF 'add_ln840_7_fu_2859_p2' generates 2 bits.
[2026-04-21 23:30:06,576]                                                                                                           : ... In instance finn_design_wrapper.finn_design_i.MVAU_hls_1.MVAU_hls_1.inst.grp_Matrix_Vector_Activate_Stream_Batch_fu_60
[2026-04-21 23:30:06,576] 10517 | assign zext_ln840_5_fu_2865_p1 = add_ln840_7_fu_2859_p2;
[2026-04-21 23:30:06,576]       |                                ^
[2026-04-21 23:30:06,576] %Warning-WIDTH: /tmp/finn_dev_emanuel-hernandez/vivado_stitch_proj_rgrwy7hk/finn_design_wrapper.v:10519:32: Operator ASSIGNW expects 3 bits on the Assign RHS, but Assign RHS's VARREF 'add_ln840_8_fu_2869_p2' generates 2 bits.
[2026-04-21 23:30:06,576]                                                                                                           : ... In instance finn_design_wrapper.finn_design_i.MVAU_hls_1.MVAU_hls_1.inst.grp_Matrix_Vector_Activate_Stream_Batch_fu_60
[2026-04-21 23:30:06,576] 10519 | assign zext_ln840_6_fu_2875_p1 = add_ln840_8_fu_2869_p2;
[2026-04-21 23:30:06,577]       |                                ^
[2026-04-21 23:30:06,577] %Warning-WIDTH: /tmp/finn_dev_emanuel-hernandez/vivado_stitch_proj_rgrwy7hk/finn_design_wrapper.v:10521:32: Operator ASSIGNW expects 4 bits on the Assign RHS, but Assign RHS's VARREF 'add_ln840_9_fu_2879_p2' generates 3 bits.
[2026-04-21 23:30:06,577]                                                                                                           : ... In instance finn_design_wrapper.finn_design_i.MVAU_hls_1.MVAU_hls_1.inst.grp_Matrix_Vector_Activate_Stream_Batch_fu_60
[2026-04-21 23:30:06,577] 10521 | assign zext_ln840_7_fu_2885_p1 = add_ln840_9_fu_2879_p2;
[2026-04-21 23:30:06,577]       |                                ^
[2026-04-21 23:30:06,577] %Warning-WIDTH: /tmp/finn_dev_emanuel-hernandez/vivado_stitch_proj_rgrwy7hk/finn_design_wrapper.v:10523:32: Operator ASSIGNW expects 3 bits on the Assign RHS, but Assign RHS's VARREF 'add_ln840_10_fu_2889_p2' generates 2 bits.
[2026-04-21 23:30:06,577]                                                                                                           : ... In instance finn_design_wrapper.finn_design_i.MVAU_hls_1.MVAU_hls_1.inst.grp_Matrix_Vector_Activate_Stream_Batch_fu_60
[2026-04-21 23:30:06,577] 10523 | assign zext_ln840_8_fu_2895_p1 = add_ln840_10_fu_2889_p2;
[2026-04-21 23:30:06,577]       |                                ^
[2026-04-21 23:30:06,577] %Warning-WIDTH: /tmp/finn_dev_emanuel-hernandez/vivado_stitch_proj_rgrwy7hk/finn_design_wrapper.v:10525:32: Operator ASSIGNW expects 3 bits on the Assign RHS, but Assign RHS's VARREF 'add_ln840_11_fu_2899_p2' generates 2 bits.
[2026-04-21 23:30:06,577]                                                                                                           : ... In instance finn_design_wrapper.finn_design_i.MVAU_hls_1.MVAU_hls_1.inst.grp_Matrix_Vector_Activate_Stream_Batch_fu_60
[2026-04-21 23:30:06,577] 10525 | assign zext_ln840_9_fu_2905_p1 = add_ln840_11_fu_2899_p2;
[2026-04-21 23:30:06,577]       |                                ^
[2026-04-21 23:30:06,577] %Warning-WIDTH: /tmp/finn_dev_emanuel-hernandez/vivado_stitch_proj_rgrwy7hk/finn_design_wrapper.v:10527:30: Operator ASSIGNW expects 2 bits on the Assign RHS, but Assign RHS's VARREF 'xor_ln1039_13_fu_2797_p2' generates 1 bits.
[2026-04-21 23:30:06,577]                                                                                                           : ... In instance finn_design_wrapper.finn_design_i.MVAU_hls_1.MVAU_hls_1.inst.grp_Matrix_Vector_Activate_Stream_Batch_fu_60
[2026-04-21 23:30:06,577] 10527 | assign zext_ln840_fu_2803_p1 = xor_ln1039_13_fu_2797_p2;
[2026-04-21 23:30:06,577]       |                              ^
[2026-04-21 23:30:06,577] %Warning-WIDTH: /tmp/finn_dev_emanuel-hernandez/vivado_stitch_proj_rgrwy7hk/finn_design_wrapper.v:1305:54: Operator EQ expects 32 or 2 bits on the LHS, but LHS's VARREF 'addr_' generates 1 bits.
[2026-04-21 23:30:06,577]                                                                                                          : ... In instance finn_design_wrapper.finn_design_i.StreamingFIFO_rtl_4.inst.impl
[2026-04-21 23:30:06,577]  1305 |    assign addr_full_ = (state_==state_more) && (addr_==depth-2);
[2026-04-21 23:30:06,577]       |                                                      ^~
[2026-04-21 23:30:06,577] %Warning-WIDTH: /tmp/finn_dev_emanuel-hernandez/vivado_stitch_proj_rgrwy7hk/finn_design_wrapper.v:1362:10: Operator ASSIGN expects 1 bits on the Assign RHS, but Assign RHS's SUB generates 32 or 2 bits.
[2026-04-21 23:30:06,577]                                                                                                          : ... In instance finn_design_wrapper.finn_design_i.StreamingFIFO_rtl_4.inst.impl
[2026-04-21 23:30:06,577]  1362 |   for (a_=depth-2; a_>0; a_=a_-1) begin
[2026-04-21 23:30:06,577]       |          ^
[2026-04-21 23:30:06,577] %Warning-WIDTH: /tmp/finn_dev_emanuel-hernandez/vivado_stitch_proj_rgrwy7hk/finn_design_wrapper.v:1370:21: Operator ASSIGNDLY expects 24 bits on the Assign RHS, but Assign RHS's CONST '?32?bxxxxxxxxxxxxxxxxxxxxxxxxxxxxxxxx' generates 32 bits.
[2026-04-21 23:30:06,577]                                                                                                          : ... In instance finn_design_wrapper.finn_design_i.StreamingFIFO_rtl_4.inst.impl
[2026-04-21 23:30:06,577]  1370 |         srlo_       <=  'bx;
[2026-04-21 23:30:06,577]       |                     ^~
[2026-04-21 23:30:06,577] %Warning-WIDTH: /tmp/finn_dev_emanuel-hernandez/vivado_stitch_proj_rgrwy7hk/finn_design_wrapper.v:1373:21: Operator ASSIGNDLY expects 1 bits on the Assign RHS, but Assign RHS's CONST '?32?bxxxxxxxxxxxxxxxxxxxxxxxxxxxxxxxx' generates 32 bits.
[2026-04-21 23:30:06,577]                                                                                                          : ... In instance finn_design_wrapper.finn_design_i.StreamingFIFO_rtl_4.inst.impl
[2026-04-21 23:30:06,577]  1373 |         addr_       <=  'bx;
[2026-04-21 23:30:06,577]       |                     ^~
[2026-04-21 23:30:06,577] %Warning-WIDTH: /tmp/finn_dev_emanuel-hernandez/vivado_stitch_proj_rgrwy7hk/finn_design_wrapper.v:1386:16: Operator ASSIGNDLY expects 24 bits on the Assign RHS, but Assign RHS's CONST '?32?bxxxxxxxxxxxxxxxxxxxxxxxxxxxxxxxx' generates 32 bits.
[2026-04-21 23:30:06,577]                                                                                                          : ... In instance finn_design_wrapper.finn_design_i.StreamingFIFO_rtl_4.inst.impl
[2026-04-21 23:30:06,577]  1386 |    srlo_       <= 'bx;
[2026-04-21 23:30:06,577]       |                ^~
[2026-04-21 23:30:06,577] %Warning-WIDTH: /tmp/finn_dev_emanuel-hernandez/vivado_stitch_proj_rgrwy7hk/finn_design_wrapper.v:1396:16: Operator ASSIGNDLY expects 24 bits on the Assign RHS, but Assign RHS's CONST '?32?bxxxxxxxxxxxxxxxxxxxxxxxxxxxxxxxx' generates 32 bits.
[2026-04-21 23:30:06,577]                                                                                                          : ... In instance finn_design_wrapper.finn_design_i.StreamingFIFO_rtl_4.inst.impl
[2026-04-21 23:30:06,577]  1396 |    srlo_       <= 'bx;
[2026-04-21 23:30:06,577]       |                ^~
[2026-04-21 23:30:06,577] %Warning-WIDTH: /tmp/finn_dev_emanuel-hernandez/vivado_stitch_proj_rgrwy7hk/finn_design_wrapper.v:1410:16: Operator ASSIGNDLY expects 24 bits on the Assign RHS, but Assign RHS's CONST '?32?bxxxxxxxxxxxxxxxxxxxxxxxxxxxxxxxx' generates 32 bits.
[2026-04-21 23:30:06,577]                                                                                                          : ... In instance finn_design_wrapper.finn_design_i.StreamingFIFO_rtl_4.inst.impl
[2026-04-21 23:30:06,577]  1410 |    srlo_       <= 'bx;
[2026-04-21 23:30:06,577]       |                ^~
[2026-04-21 23:30:06,577] %Warning-WIDTH: /tmp/finn_dev_emanuel-hernandez/vivado_stitch_proj_rgrwy7hk/finn_design_wrapper.v:1417:16: Operator ASSIGNDLY expects 24 bits on the Assign RHS, but Assign RHS's CONST '?32?bxxxxxxxxxxxxxxxxxxxxxxxxxxxxxxxx' generates 32 bits.
[2026-04-21 23:30:06,577]                                                                                                          : ... In instance finn_design_wrapper.finn_design_i.StreamingFIFO_rtl_4.inst.impl
[2026-04-21 23:30:06,577]  1417 |    srlo_       <= 'bx;
[2026-04-21 23:30:06,577]       |                ^~
[2026-04-21 23:30:06,577] %Warning-WIDTH: /tmp/finn_dev_emanuel-hernandez/vivado_stitch_proj_rgrwy7hk/finn_design_wrapper.v:1430:16: Operator ASSIGNDLY expects 24 bits on the Assign RHS, but Assign RHS's CONST '?32?bxxxxxxxxxxxxxxxxxxxxxxxxxxxxxxxx' generates 32 bits.
[2026-04-21 23:30:06,577]                                                                                                          : ... In instance finn_design_wrapper.finn_design_i.StreamingFIFO_rtl_4.inst.impl
[2026-04-21 23:30:06,577]  1430 |    srlo_       <= 'bx;
[2026-04-21 23:30:06,577]       |                ^~
[2026-04-21 23:30:06,577] %Warning-WIDTH: /tmp/finn_dev_emanuel-hernandez/vivado_stitch_proj_rgrwy7hk/finn_design_wrapper.v:1448:16: Operator ASSIGNDLY expects 24 bits on the Assign RHS, but Assign RHS's CONST '?32?bxxxxxxxxxxxxxxxxxxxxxxxxxxxxxxxx' generates 32 bits.
[2026-04-21 23:30:06,577]                                                                                                          : ... In instance finn_design_wrapper.finn_design_i.StreamingFIFO_rtl_4.inst.impl
[2026-04-21 23:30:06,577]  1448 |    srlo_       <= 'bx;
[2026-04-21 23:30:06,577]       |                ^~
[2026-04-21 23:30:06,577] %Warning-WIDTH: /tmp/finn_dev_emanuel-hernandez/vivado_stitch_proj_rgrwy7hk/finn_design_wrapper.v:1462:16: Operator ASSIGNDLY expects 24 bits on the Assign RHS, but Assign RHS's CONST '?32?bxxxxxxxxxxxxxxxxxxxxxxxxxxxxxxxx' generates 32 bits.
[2026-04-21 23:30:06,577]                                                                                                          : ... In instance finn_design_wrapper.finn_design_i.StreamingFIFO_rtl_4.inst.impl
[2026-04-21 23:30:06,577]  1462 |    srlo_       <= 'bx;
[2026-04-21 23:30:06,577]       |                ^~
[2026-04-21 23:30:06,577] %Warning-WIDTH: /tmp/finn_dev_emanuel-hernandez/vivado_stitch_proj_rgrwy7hk/finn_design_wrapper.v:1479:16: Operator ASSIGNDLY expects 24 bits on the Assign RHS, but Assign RHS's CONST '?32?bxxxxxxxxxxxxxxxxxxxxxxxxxxxxxxxx' generates 32 bits.
[2026-04-21 23:30:06,577]                                                                                                          : ... In instance finn_design_wrapper.finn_design_i.StreamingFIFO_rtl_4.inst.impl
[2026-04-21 23:30:06,577]  1479 |    srlo_       <=  'bx;
[2026-04-21 23:30:06,577]       |                ^~
[2026-04-21 23:30:06,577] %Warning-WIDTH: /tmp/finn_dev_emanuel-hernandez/vivado_stitch_proj_rgrwy7hk/finn_design_wrapper.v:1482:16: Operator ASSIGNDLY expects 1 bits on the Assign RHS, but Assign RHS's CONST '?32?bxxxxxxxxxxxxxxxxxxxxxxxxxxxxxxxx' generates 32 bits.
[2026-04-21 23:30:06,577]                                                                                                          : ... In instance finn_design_wrapper.finn_design_i.StreamingFIFO_rtl_4.inst.impl
[2026-04-21 23:30:06,577]  1482 |    addr_       <=  'bx;
[2026-04-21 23:30:06,577]       |                ^~
[2026-04-21 23:30:06,577] %Warning-WIDTH: /tmp/finn_dev_emanuel-hernandez/vivado_stitch_proj_rgrwy7hk/finn_design_wrapper.v:1370:21: Operator ASSIGNDLY expects 8 bits on the Assign RHS, but Assign RHS's CONST '?32?bxxxxxxxxxxxxxxxxxxxxxxxxxxxxxxxx' generates 32 bits.
[2026-04-21 23:30:06,577]                                                                                                          : ... In instance finn_design_wrapper.finn_design_i.StreamingFIFO_rtl_3.inst.impl
[2026-04-21 23:30:06,577]  1370 |         srlo_       <=  'bx;
[2026-04-21 23:30:06,577]       |                     ^~
[2026-04-21 23:30:06,577] %Warning-WIDTH: /tmp/finn_dev_emanuel-hernandez/vivado_stitch_proj_rgrwy7hk/finn_design_wrapper.v:1386:16: Operator ASSIGNDLY expects 8 bits on the Assign RHS, but Assign RHS's CONST '?32?bxxxxxxxxxxxxxxxxxxxxxxxxxxxxxxxx' generates 32 bits.
[2026-04-21 23:30:06,577]                                                                                                          : ... In instance finn_design_wrapper.finn_design_i.StreamingFIFO_rtl_3.inst.impl
[2026-04-21 23:30:06,577]  1386 |    srlo_       <= 'bx;
[2026-04-21 23:30:06,577]       |                ^~
[2026-04-21 23:30:06,577] %Warning-WIDTH: /tmp/finn_dev_emanuel-hernandez/vivado_stitch_proj_rgrwy7hk/finn_design_wrapper.v:1396:16: Operator ASSIGNDLY expects 8 bits on the Assign RHS, but Assign RHS's CONST '?32?bxxxxxxxxxxxxxxxxxxxxxxxxxxxxxxxx' generates 32 bits.
[2026-04-21 23:30:06,577]                                                                                                          : ... In instance finn_design_wrapper.finn_design_i.StreamingFIFO_rtl_3.inst.impl
[2026-04-21 23:30:06,577]  1396 |    srlo_       <= 'bx;
[2026-04-21 23:30:06,577]       |                ^~
[2026-04-21 23:30:06,577] %Warning-WIDTH: /tmp/finn_dev_emanuel-hernandez/vivado_stitch_proj_rgrwy7hk/finn_design_wrapper.v:1410:16: Operator ASSIGNDLY expects 8 bits on the Assign RHS, but Assign RHS's CONST '?32?bxxxxxxxxxxxxxxxxxxxxxxxxxxxxxxxx' generates 32 bits.
[2026-04-21 23:30:06,577]                                                                                                          : ... In instance finn_design_wrapper.finn_design_i.StreamingFIFO_rtl_3.inst.impl
[2026-04-21 23:30:06,577]  1410 |    srlo_       <= 'bx;
[2026-04-21 23:30:06,577]       |                ^~
[2026-04-21 23:30:06,577] %Warning-WIDTH: /tmp/finn_dev_emanuel-hernandez/vivado_stitch_proj_rgrwy7hk/finn_design_wrapper.v:1417:16: Operator ASSIGNDLY expects 8 bits on the Assign RHS, but Assign RHS's CONST '?32?bxxxxxxxxxxxxxxxxxxxxxxxxxxxxxxxx' generates 32 bits.
[2026-04-21 23:30:06,577]                                                                                                          : ... In instance finn_design_wrapper.finn_design_i.StreamingFIFO_rtl_3.inst.impl
[2026-04-21 23:30:06,577]  1417 |    srlo_       <= 'bx;
[2026-04-21 23:30:06,577]       |                ^~
[2026-04-21 23:30:06,577] %Warning-WIDTH: /tmp/finn_dev_emanuel-hernandez/vivado_stitch_proj_rgrwy7hk/finn_design_wrapper.v:1430:16: Operator ASSIGNDLY expects 8 bits on the Assign RHS, but Assign RHS's CONST '?32?bxxxxxxxxxxxxxxxxxxxxxxxxxxxxxxxx' generates 32 bits.
[2026-04-21 23:30:06,577]                                                                                                          : ... In instance finn_design_wrapper.finn_design_i.StreamingFIFO_rtl_3.inst.impl
[2026-04-21 23:30:06,577]  1430 |    srlo_       <= 'bx;
[2026-04-21 23:30:06,577]       |                ^~
[2026-04-21 23:30:06,577] %Warning-WIDTH: /tmp/finn_dev_emanuel-hernandez/vivado_stitch_proj_rgrwy7hk/finn_design_wrapper.v:1448:16: Operator ASSIGNDLY expects 8 bits on the Assign RHS, but Assign RHS's CONST '?32?bxxxxxxxxxxxxxxxxxxxxxxxxxxxxxxxx' generates 32 bits.
[2026-04-21 23:30:06,577]                                                                                                          : ... In instance finn_design_wrapper.finn_design_i.StreamingFIFO_rtl_3.inst.impl
[2026-04-21 23:30:06,577]  1448 |    srlo_       <= 'bx;
[2026-04-21 23:30:06,577]       |                ^~
[2026-04-21 23:30:06,577] %Warning-WIDTH: /tmp/finn_dev_emanuel-hernandez/vivado_stitch_proj_rgrwy7hk/finn_design_wrapper.v:1462:16: Operator ASSIGNDLY expects 8 bits on the Assign RHS, but Assign RHS's CONST '?32?bxxxxxxxxxxxxxxxxxxxxxxxxxxxxxxxx' generates 32 bits.
[2026-04-21 23:30:06,577]                                                                                                          : ... In instance finn_design_wrapper.finn_design_i.StreamingFIFO_rtl_3.inst.impl
[2026-04-21 23:30:06,577]  1462 |    srlo_       <= 'bx;
[2026-04-21 23:30:06,577]       |                ^~
[2026-04-21 23:30:06,577] %Warning-WIDTH: /tmp/finn_dev_emanuel-hernandez/vivado_stitch_proj_rgrwy7hk/finn_design_wrapper.v:1479:16: Operator ASSIGNDLY expects 8 bits on the Assign RHS, but Assign RHS's CONST '?32?bxxxxxxxxxxxxxxxxxxxxxxxxxxxxxxxx' generates 32 bits.
[2026-04-21 23:30:06,577]                                                                                                          : ... In instance finn_design_wrapper.finn_design_i.StreamingFIFO_rtl_3.inst.impl
[2026-04-21 23:30:06,577]  1479 |    srlo_       <=  'bx;
[2026-04-21 23:30:06,577]       |                ^~
[2026-04-21 23:30:06,577] %Warning-WIDTH: /tmp/finn_dev_emanuel-hernandez/vivado_stitch_proj_rgrwy7hk/finn_design_wrapper.v:1373:21: Operator ASSIGNDLY expects 7 bits on the Assign RHS, but Assign RHS's CONST '?32?bxxxxxxxxxxxxxxxxxxxxxxxxxxxxxxxx' generates 32 bits.
[2026-04-21 23:30:06,577]                                                                                                          : ... In instance finn_design_wrapper.finn_design_i.StreamingFIFO_rtl_2.inst.impl
[2026-04-21 23:30:06,577]  1373 |         addr_       <=  'bx;
[2026-04-21 23:30:06,578]       |                     ^~
[2026-04-21 23:30:06,578] %Warning-WIDTH: /tmp/finn_dev_emanuel-hernandez/vivado_stitch_proj_rgrwy7hk/finn_design_wrapper.v:1482:16: Operator ASSIGNDLY expects 7 bits on the Assign RHS, but Assign RHS's CONST '?32?bxxxxxxxxxxxxxxxxxxxxxxxxxxxxxxxx' generates 32 bits.
[2026-04-21 23:30:06,578]                                                                                                          : ... In instance finn_design_wrapper.finn_design_i.StreamingFIFO_rtl_2.inst.impl
[2026-04-21 23:30:06,578]  1482 |    addr_       <=  'bx;
[2026-04-21 23:30:06,578]       |                ^~
[2026-04-21 23:30:06,578] %Warning-WIDTH: /tmp/finn_dev_emanuel-hernandez/vivado_stitch_proj_rgrwy7hk/finn_design_wrapper.v:1370:21: Operator ASSIGNDLY expects 16 bits on the Assign RHS, but Assign RHS's CONST '?32?bxxxxxxxxxxxxxxxxxxxxxxxxxxxxxxxx' generates 32 bits.
[2026-04-21 23:30:06,578]                                                                                                          : ... In instance finn_design_wrapper.finn_design_i.StreamingFIFO_rtl_1.inst.impl
[2026-04-21 23:30:06,578]  1370 |         srlo_       <=  'bx;
[2026-04-21 23:30:06,578]       |                     ^~
[2026-04-21 23:30:06,578] %Warning-WIDTH: /tmp/finn_dev_emanuel-hernandez/vivado_stitch_proj_rgrwy7hk/finn_design_wrapper.v:1386:16: Operator ASSIGNDLY expects 16 bits on the Assign RHS, but Assign RHS's CONST '?32?bxxxxxxxxxxxxxxxxxxxxxxxxxxxxxxxx' generates 32 bits.
[2026-04-21 23:30:06,578]                                                                                                          : ... In instance finn_design_wrapper.finn_design_i.StreamingFIFO_rtl_1.inst.impl
[2026-04-21 23:30:06,578]  1386 |    srlo_       <= 'bx;
[2026-04-21 23:30:06,578]       |                ^~
[2026-04-21 23:30:06,578] %Warning-WIDTH: /tmp/finn_dev_emanuel-hernandez/vivado_stitch_proj_rgrwy7hk/finn_design_wrapper.v:1396:16: Operator ASSIGNDLY expects 16 bits on the Assign RHS, but Assign RHS's CONST '?32?bxxxxxxxxxxxxxxxxxxxxxxxxxxxxxxxx' generates 32 bits.
[2026-04-21 23:30:06,578]                                                                                                          : ... In instance finn_design_wrapper.finn_design_i.StreamingFIFO_rtl_1.inst.impl
[2026-04-21 23:30:06,578]  1396 |    srlo_       <= 'bx;
[2026-04-21 23:30:06,578]       |                ^~
[2026-04-21 23:30:06,578] %Warning-WIDTH: /tmp/finn_dev_emanuel-hernandez/vivado_stitch_proj_rgrwy7hk/finn_design_wrapper.v:1410:16: Operator ASSIGNDLY expects 16 bits on the Assign RHS, but Assign RHS's CONST '?32?bxxxxxxxxxxxxxxxxxxxxxxxxxxxxxxxx' generates 32 bits.
[2026-04-21 23:30:06,578]                                                                                                          : ... In instance finn_design_wrapper.finn_design_i.StreamingFIFO_rtl_1.inst.impl
[2026-04-21 23:30:06,578]  1410 |    srlo_       <= 'bx;
[2026-04-21 23:30:06,578]       |                ^~
[2026-04-21 23:30:06,578] %Warning-WIDTH: /tmp/finn_dev_emanuel-hernandez/vivado_stitch_proj_rgrwy7hk/finn_design_wrapper.v:1417:16: Operator ASSIGNDLY expects 16 bits on the Assign RHS, but Assign RHS's CONST '?32?bxxxxxxxxxxxxxxxxxxxxxxxxxxxxxxxx' generates 32 bits.
[2026-04-21 23:30:06,578]                                                                                                          : ... In instance finn_design_wrapper.finn_design_i.StreamingFIFO_rtl_1.inst.impl
[2026-04-21 23:30:06,578]  1417 |    srlo_       <= 'bx;
[2026-04-21 23:30:06,578]       |                ^~
[2026-04-21 23:30:06,578] %Warning-WIDTH: /tmp/finn_dev_emanuel-hernandez/vivado_stitch_proj_rgrwy7hk/finn_design_wrapper.v:1430:16: Operator ASSIGNDLY expects 16 bits on the Assign RHS, but Assign RHS's CONST '?32?bxxxxxxxxxxxxxxxxxxxxxxxxxxxxxxxx' generates 32 bits.
[2026-04-21 23:30:06,578]                                                                                                          : ... In instance finn_design_wrapper.finn_design_i.StreamingFIFO_rtl_1.inst.impl
[2026-04-21 23:30:06,578]  1430 |    srlo_       <= 'bx;
[2026-04-21 23:30:06,578]       |                ^~
[2026-04-21 23:30:06,578] %Warning-WIDTH: /tmp/finn_dev_emanuel-hernandez/vivado_stitch_proj_rgrwy7hk/finn_design_wrapper.v:1448:16: Operator ASSIGNDLY expects 16 bits on the Assign RHS, but Assign RHS's CONST '?32?bxxxxxxxxxxxxxxxxxxxxxxxxxxxxxxxx' generates 32 bits.
[2026-04-21 23:30:06,578]                                                                                                          : ... In instance finn_design_wrapper.finn_design_i.StreamingFIFO_rtl_1.inst.impl
[2026-04-21 23:30:06,578]  1448 |    srlo_       <= 'bx;
[2026-04-21 23:30:06,578]       |                ^~
[2026-04-21 23:30:06,578] %Warning-WIDTH: /tmp/finn_dev_emanuel-hernandez/vivado_stitch_proj_rgrwy7hk/finn_design_wrapper.v:1462:16: Operator ASSIGNDLY expects 16 bits on the Assign RHS, but Assign RHS's CONST '?32?bxxxxxxxxxxxxxxxxxxxxxxxxxxxxxxxx' generates 32 bits.
[2026-04-21 23:30:06,578]                                                                                                          : ... In instance finn_design_wrapper.finn_design_i.StreamingFIFO_rtl_1.inst.impl
[2026-04-21 23:30:06,578]  1462 |    srlo_       <= 'bx;
[2026-04-21 23:30:06,578]       |                ^~
[2026-04-21 23:30:06,578] %Warning-WIDTH: /tmp/finn_dev_emanuel-hernandez/vivado_stitch_proj_rgrwy7hk/finn_design_wrapper.v:1479:16: Operator ASSIGNDLY expects 16 bits on the Assign RHS, but Assign RHS's CONST '?32?bxxxxxxxxxxxxxxxxxxxxxxxxxxxxxxxx' generates 32 bits.
[2026-04-21 23:30:06,578]                                                                                                          : ... In instance finn_design_wrapper.finn_design_i.StreamingFIFO_rtl_1.inst.impl
[2026-04-21 23:30:06,578]  1479 |    srlo_       <=  'bx;
[2026-04-21 23:30:06,578]       |                ^~
[2026-04-21 23:30:06,578] %Warning-WIDTH: /tmp/finn_dev_emanuel-hernandez/vivado_stitch_proj_rgrwy7hk/finn_design_wrapper.v:1373:21: Operator ASSIGNDLY expects 9 bits on the Assign RHS, but Assign RHS's CONST '?32?bxxxxxxxxxxxxxxxxxxxxxxxxxxxxxxxx' generates 32 bits.
[2026-04-21 23:30:06,578]                                                                                                          : ... In instance finn_design_wrapper.finn_design_i.StreamingFIFO_rtl_0.inst.impl
[2026-04-21 23:30:06,578]  1373 |         addr_       <=  'bx;
[2026-04-21 23:30:06,578]       |                     ^~
[2026-04-21 23:30:06,578] %Warning-WIDTH: /tmp/finn_dev_emanuel-hernandez/vivado_stitch_proj_rgrwy7hk/finn_design_wrapper.v:1482:16: Operator ASSIGNDLY expects 9 bits on the Assign RHS, but Assign RHS's CONST '?32?bxxxxxxxxxxxxxxxxxxxxxxxxxxxxxxxx' generates 32 bits.
[2026-04-21 23:30:06,578]                                                                                                          : ... In instance finn_design_wrapper.finn_design_i.StreamingFIFO_rtl_0.inst.impl
[2026-04-21 23:30:06,578]  1482 |    addr_       <=  'bx;
[2026-04-21 23:30:06,578]       |                ^~
[2026-04-21 23:30:06,578] %Warning-STMTDLY: /tmp/finn_dev_emanuel-hernandez/vivado_stitch_proj_rgrwy7hk/finn_design_wrapper.v:4184:2: Unsupported: Ignoring delay on this delayed statement.
[2026-04-21 23:30:06,578]                                                                                                           : ... In instance finn_design_wrapper.finn_design_i.MVAU_hls_0.MVAU_hls_0.inst
[2026-04-21 23:30:06,578]  4184 | #0 grp_Matrix_Vector_Activate_Stream_Batch_fu_150_ap_start_reg = 1'b0;
[2026-04-21 23:30:06,578]       |  ^
[2026-04-21 23:30:06,578] %Warning-STMTDLY: /tmp/finn_dev_emanuel-hernandez/vivado_stitch_proj_rgrwy7hk/finn_design_wrapper.v:4185:2: Unsupported: Ignoring delay on this delayed statement.
[2026-04-21 23:30:06,578]                                                                                                           : ... In instance finn_design_wrapper.finn_design_i.MVAU_hls_0.MVAU_hls_0.inst
[2026-04-21 23:30:06,578]  4185 | #0 ap_CS_fsm = 4'd1;
[2026-04-21 23:30:06,578]       |  ^
[2026-04-21 23:30:06,578] %Warning-WIDTH: /tmp/finn_dev_emanuel-hernandez/vivado_stitch_proj_rgrwy7hk/finn_design_wrapper.v:4327:23: Operator ASSIGN expects 4 bits on the Assign RHS, but Assign RHS's CONST '?32?bxxxxxxxxxxxxxxxxxxxxxxxxxxxxxxxx' generates 32 bits.
[2026-04-21 23:30:06,578]                                                                                                          : ... In instance finn_design_wrapper.finn_design_i.MVAU_hls_0.MVAU_hls_0.inst
[2026-04-21 23:30:06,578]  4327 |             ap_NS_fsm = 'bx;
[2026-04-21 23:30:06,578]       |                       ^
[2026-04-21 23:30:06,578] %Warning-STMTDLY: /tmp/finn_dev_emanuel-hernandez/vivado_stitch_proj_rgrwy7hk/finn_design_wrapper.v:3723:2: Unsupported: Ignoring delay on this delayed statement.
[2026-04-21 23:30:06,578]                                                                                                           : ... In instance finn_design_wrapper.finn_design_i.MVAU_hls_1.MVAU_hls_1.inst
[2026-04-21 23:30:06,578]  3723 | #0 grp_Matrix_Vector_Activate_Stream_Batch_fu_60_ap_start_reg = 1'b0;
[2026-04-21 23:30:06,578]       |  ^
[2026-04-21 23:30:06,578] %Warning-STMTDLY: /tmp/finn_dev_emanuel-hernandez/vivado_stitch_proj_rgrwy7hk/finn_design_wrapper.v:3724:2: Unsupported: Ignoring delay on this delayed statement.
[2026-04-21 23:30:06,578]                                                                                                           : ... In instance finn_design_wrapper.finn_design_i.MVAU_hls_1.MVAU_hls_1.inst
[2026-04-21 23:30:06,578]  3724 | #0 ap_CS_fsm = 4'd1;
[2026-04-21 23:30:06,578]       |  ^
[2026-04-21 23:30:06,578] %Warning-WIDTH: /tmp/finn_dev_emanuel-hernandez/vivado_stitch_proj_rgrwy7hk/finn_design_wrapper.v:3866:23: Operator ASSIGN expects 4 bits on the Assign RHS, but Assign RHS's CONST '?32?bxxxxxxxxxxxxxxxxxxxxxxxxxxxxxxxx' generates 32 bits.
[2026-04-21 23:30:06,578]                                                                                                          : ... In instance finn_design_wrapper.finn_design_i.MVAU_hls_1.MVAU_hls_1.inst
[2026-04-21 23:30:06,578]  3866 |             ap_NS_fsm = 'bx;
[2026-04-21 23:30:06,578]       |                       ^
[2026-04-21 23:30:06,578] %Warning-COMBDLY: /tmp/finn_dev_emanuel-hernandez/vivado_stitch_proj_rgrwy7hk/finn_design_wrapper.v:1370:21: Non-blocking assignment '<=' in combinational logic process
[2026-04-21 23:30:06,578]                                                                                                            : ... This will be executed as a blocking assignment '='!
[2026-04-21 23:30:06,578]  1370 |         srlo_       <=  'bx;
[2026-04-21 23:30:06,578]       |                     ^~
[2026-04-21 23:30:06,578]                   *** See https://verilator.org/warn/COMBDLY before disabling this,
[2026-04-21 23:30:06,578]                   else you may end up with different sim results.
[2026-04-21 23:30:06,578] %Warning-COMBDLY: /tmp/finn_dev_emanuel-hernandez/vivado_stitch_proj_rgrwy7hk/finn_design_wrapper.v:1371:21: Non-blocking assignment '<=' in combinational logic process
[2026-04-21 23:30:06,578]                                                                                                            : ... This will be executed as a blocking assignment '='!
[2026-04-21 23:30:06,578]  1371 |         shift_en_o_ <= 1'bx;
[2026-04-21 23:30:06,578]       |                     ^~
[2026-04-21 23:30:06,578] %Warning-COMBDLY: /tmp/finn_dev_emanuel-hernandez/vivado_stitch_proj_rgrwy7hk/finn_design_wrapper.v:1372:21: Non-blocking assignment '<=' in combinational logic process
[2026-04-21 23:30:06,578]                                                                                                            : ... This will be executed as a blocking assignment '='!
[2026-04-21 23:30:06,578]  1372 |         shift_en_   <= 1'bx;
[2026-04-21 23:30:06,578]       |                     ^~
[2026-04-21 23:30:06,578] %Warning-COMBDLY: /tmp/finn_dev_emanuel-hernandez/vivado_stitch_proj_rgrwy7hk/finn_design_wrapper.v:1373:21: Non-blocking assignment '<=' in combinational logic process
[2026-04-21 23:30:06,578]                                                                                                            : ... This will be executed as a blocking assignment '='!
[2026-04-21 23:30:06,578]  1373 |         addr_       <=  'bx;
[2026-04-21 23:30:06,578]       |                     ^~
[2026-04-21 23:30:06,578] %Warning-COMBDLY: /tmp/finn_dev_emanuel-hernandez/vivado_stitch_proj_rgrwy7hk/finn_design_wrapper.v:1374:21: Non-blocking assignment '<=' in combinational logic process
[2026-04-21 23:30:06,578]                                                                                                            : ... This will be executed as a blocking assignment '='!
[2026-04-21 23:30:06,578]  1374 |         state_      <= 2'bx;
[2026-04-21 23:30:06,578]       |                     ^~
[2026-04-21 23:30:06,578] %Warning-COMBDLY: /tmp/finn_dev_emanuel-hernandez/vivado_stitch_proj_rgrwy7hk/finn_design_wrapper.v:1379:16: Non-blocking assignment '<=' in combinational logic process
[2026-04-21 23:30:06,578]                                                                                                            : ... This will be executed as a blocking assignment '='!
[2026-04-21 23:30:06,578]  1379 |    srlo_       <= i_d;
[2026-04-21 23:30:06,578]       |                ^~
[2026-04-21 23:30:06,578] %Warning-COMBDLY: /tmp/finn_dev_emanuel-hernandez/vivado_stitch_proj_rgrwy7hk/finn_design_wrapper.v:1380:16: Non-blocking assignment '<=' in combinational logic process
[2026-04-21 23:30:06,578]                                                                                                            : ... This will be executed as a blocking assignment '='!
[2026-04-21 23:30:06,578]  1380 |    shift_en_o_ <= 1;
[2026-04-21 23:30:06,578]       |                ^~
[2026-04-21 23:30:06,578] %Warning-COMBDLY: /tmp/finn_dev_emanuel-hernandez/vivado_stitch_proj_rgrwy7hk/finn_design_wrapper.v:1381:16: Non-blocking assignment '<=' in combinational logic process
[2026-04-21 23:30:06,578]                                                                                                            : ... This will be executed as a blocking assignment '='!
[2026-04-21 23:30:06,578]  1381 |    shift_en_   <= 1'bx;
[2026-04-21 23:30:06,579]       |                ^~
[2026-04-21 23:30:06,579] %Warning-COMBDLY: /tmp/finn_dev_emanuel-hernandez/vivado_stitch_proj_rgrwy7hk/finn_design_wrapper.v:1382:16: Non-blocking assignment '<=' in combinational logic process
[2026-04-21 23:30:06,579]                                                                                                            : ... This will be executed as a blocking assignment '='!
[2026-04-21 23:30:06,579]  1382 |    addr_       <= 0;
[2026-04-21 23:30:06,579]       |                ^~
[2026-04-21 23:30:06,579] %Warning-COMBDLY: /tmp/finn_dev_emanuel-hernandez/vivado_stitch_proj_rgrwy7hk/finn_design_wrapper.v:1383:16: Non-blocking assignment '<=' in combinational logic process
[2026-04-21 23:30:06,579]                                                                                                            : ... This will be executed as a blocking assignment '='!
[2026-04-21 23:30:06,579]  1383 |    state_      <= state_one;
[2026-04-21 23:30:06,579]       |                ^~
[2026-04-21 23:30:06,579] %Warning-COMBDLY: /tmp/finn_dev_emanuel-hernandez/vivado_stitch_proj_rgrwy7hk/finn_design_wrapper.v:1386:16: Non-blocking assignment '<=' in combinational logic process
[2026-04-21 23:30:06,579]                                                                                                            : ... This will be executed as a blocking assignment '='!
[2026-04-21 23:30:06,579]  1386 |    srlo_       <= 'bx;
[2026-04-21 23:30:06,579]       |                ^~
[2026-04-21 23:30:06,579] %Warning-COMBDLY: /tmp/finn_dev_emanuel-hernandez/vivado_stitch_proj_rgrwy7hk/finn_design_wrapper.v:1387:16: Non-blocking assignment '<=' in combinational logic process
[2026-04-21 23:30:06,579]                                                                                                            : ... This will be executed as a blocking assignment '='!
[2026-04-21 23:30:06,579]  1387 |    shift_en_o_ <= 0;
[2026-04-21 23:30:06,579]       |                ^~
[2026-04-21 23:30:06,579] %Warning-COMBDLY: /tmp/finn_dev_emanuel-hernandez/vivado_stitch_proj_rgrwy7hk/finn_design_wrapper.v:1388:16: Non-blocking assignment '<=' in combinational logic process
[2026-04-21 23:30:06,579]                                                                                                            : ... This will be executed as a blocking assignment '='!
[2026-04-21 23:30:06,579]  1388 |    shift_en_   <= 1'bx;
[2026-04-21 23:30:06,579]       |                ^~
[2026-04-21 23:30:06,579] %Warning-COMBDLY: /tmp/finn_dev_emanuel-hernandez/vivado_stitch_proj_rgrwy7hk/finn_design_wrapper.v:1389:16: Non-blocking assignment '<=' in combinational logic process
[2026-04-21 23:30:06,579]                                                                                                            : ... This will be executed as a blocking assignment '='!
[2026-04-21 23:30:06,579]  1389 |    addr_       <= 0;
[2026-04-21 23:30:06,579]       |                ^~
[2026-04-21 23:30:06,579] %Warning-COMBDLY: /tmp/finn_dev_emanuel-hernandez/vivado_stitch_proj_rgrwy7hk/finn_design_wrapper.v:1390:16: Non-blocking assignment '<=' in combinational logic process
[2026-04-21 23:30:06,579]                                                                                                            : ... This will be executed as a blocking assignment '='!
[2026-04-21 23:30:06,579]  1390 |    state_      <= state_empty;
[2026-04-21 23:30:06,579]       |                ^~
[2026-04-21 23:30:06,579] %Warning-COMBDLY: /tmp/finn_dev_emanuel-hernandez/vivado_stitch_proj_rgrwy7hk/finn_design_wrapper.v:1396:16: Non-blocking assignment '<=' in combinational logic process
[2026-04-21 23:30:06,579]                                                                                                            : ... This will be executed as a blocking assignment '='!
[2026-04-21 23:30:06,579]  1396 |    srlo_       <= 'bx;
[2026-04-21 23:30:06,579]       |                ^~
[2026-04-21 23:30:06,579] %Warning-COMBDLY: /tmp/finn_dev_emanuel-hernandez/vivado_stitch_proj_rgrwy7hk/finn_design_wrapper.v:1397:16: Non-blocking assignment '<=' in combinational logic process
[2026-04-21 23:30:06,579]                                                                                                            : ... This will be executed as a blocking assignment '='!
[2026-04-21 23:30:06,579]  1397 |    shift_en_o_ <= 0;
[2026-04-21 23:30:06,579]       |                ^~
[2026-04-21 23:30:06,579] %Warning-COMBDLY: /tmp/finn_dev_emanuel-hernandez/vivado_stitch_proj_rgrwy7hk/finn_design_wrapper.v:1398:16: Non-blocking assignment '<=' in combinational logic process
[2026-04-21 23:30:06,579]                                                                                                            : ... This will be executed as a blocking assignment '='!
[2026-04-21 23:30:06,579]  1398 |    shift_en_   <= 1;
[2026-04-21 23:30:06,579]       |                ^~
[2026-04-21 23:30:06,579] %Warning-COMBDLY: /tmp/finn_dev_emanuel-hernandez/vivado_stitch_proj_rgrwy7hk/finn_design_wrapper.v:1399:16: Non-blocking assignment '<=' in combinational logic process
[2026-04-21 23:30:06,579]                                                                                                            : ... This will be executed as a blocking assignment '='!
[2026-04-21 23:30:06,579]  1399 |    addr_       <= 0;
[2026-04-21 23:30:06,579]       |                ^~
[2026-04-21 23:30:06,579] %Warning-COMBDLY: /tmp/finn_dev_emanuel-hernandez/vivado_stitch_proj_rgrwy7hk/finn_design_wrapper.v:1400:16: Non-blocking assignment '<=' in combinational logic process
[2026-04-21 23:30:06,579]                                                                                                            : ... This will be executed as a blocking assignment '='!
[2026-04-21 23:30:06,579]  1400 |    state_      <= state_more;
[2026-04-21 23:30:06,579]       |                ^~
[2026-04-21 23:30:06,579] %Warning-COMBDLY: /tmp/finn_dev_emanuel-hernandez/vivado_stitch_proj_rgrwy7hk/finn_design_wrapper.v:1403:16: Non-blocking assignment '<=' in combinational logic process
[2026-04-21 23:30:06,579]                                                                                                            : ... This will be executed as a blocking assignment '='!
[2026-04-21 23:30:06,579]  1403 |    srlo_       <= i_d;
[2026-04-21 23:30:06,579]       |                ^~
[2026-04-21 23:30:06,579] %Warning-COMBDLY: /tmp/finn_dev_emanuel-hernandez/vivado_stitch_proj_rgrwy7hk/finn_design_wrapper.v:1404:16: Non-blocking assignment '<=' in combinational logic process
[2026-04-21 23:30:06,579]                                                                                                            : ... This will be executed as a blocking assignment '='!
[2026-04-21 23:30:06,579]  1404 |    shift_en_o_ <= 1;
[2026-04-21 23:30:06,579]       |                ^~
[2026-04-21 23:30:06,579] %Warning-COMBDLY: /tmp/finn_dev_emanuel-hernandez/vivado_stitch_proj_rgrwy7hk/finn_design_wrapper.v:1405:16: Non-blocking assignment '<=' in combinational logic process
[2026-04-21 23:30:06,579]                                                                                                            : ... This will be executed as a blocking assignment '='!
[2026-04-21 23:30:06,579]  1405 |    shift_en_   <= 1;
[2026-04-21 23:30:06,579]       |                ^~
[2026-04-21 23:30:06,579] %Warning-COMBDLY: /tmp/finn_dev_emanuel-hernandez/vivado_stitch_proj_rgrwy7hk/finn_design_wrapper.v:1406:16: Non-blocking assignment '<=' in combinational logic process
[2026-04-21 23:30:06,579]                                                                                                            : ... This will be executed as a blocking assignment '='!
[2026-04-21 23:30:06,579]  1406 |    addr_       <= 0;
[2026-04-21 23:30:06,579]       |                ^~
[2026-04-21 23:30:06,579] %Warning-COMBDLY: /tmp/finn_dev_emanuel-hernandez/vivado_stitch_proj_rgrwy7hk/finn_design_wrapper.v:1407:16: Non-blocking assignment '<=' in combinational logic process
[2026-04-21 23:30:06,579]                                                                                                            : ... This will be executed as a blocking assignment '='!
[2026-04-21 23:30:06,579]  1407 |    state_      <= state_one;
[2026-04-21 23:30:06,579]       |                ^~
[2026-04-21 23:30:06,579] %Warning-COMBDLY: /tmp/finn_dev_emanuel-hernandez/vivado_stitch_proj_rgrwy7hk/finn_design_wrapper.v:1410:16: Non-blocking assignment '<=' in combinational logic process
[2026-04-21 23:30:06,579]                                                                                                            : ... This will be executed as a blocking assignment '='!
[2026-04-21 23:30:06,579]  1410 |    srlo_       <= 'bx;
[2026-04-21 23:30:06,579]       |                ^~
[2026-04-21 23:30:06,579] %Warning-COMBDLY: /tmp/finn_dev_emanuel-hernandez/vivado_stitch_proj_rgrwy7hk/finn_design_wrapper.v:1411:16: Non-blocking assignment '<=' in combinational logic process
[2026-04-21 23:30:06,579]                                                                                                            : ... This will be executed as a blocking assignment '='!
[2026-04-21 23:30:06,579]  1411 |    shift_en_o_ <= 0;
[2026-04-21 23:30:06,579]       |                ^~
[2026-04-21 23:30:06,579] %Warning-COMBDLY: /tmp/finn_dev_emanuel-hernandez/vivado_stitch_proj_rgrwy7hk/finn_design_wrapper.v:1412:16: Non-blocking assignment '<=' in combinational logic process
[2026-04-21 23:30:06,579]                                                                                                            : ... This will be executed as a blocking assignment '='!
[2026-04-21 23:30:06,579]  1412 |    shift_en_   <= 1'bx;
[2026-04-21 23:30:06,579]       |                ^~
[2026-04-21 23:30:06,579] %Warning-COMBDLY: /tmp/finn_dev_emanuel-hernandez/vivado_stitch_proj_rgrwy7hk/finn_design_wrapper.v:1413:16: Non-blocking assignment '<=' in combinational logic process
[2026-04-21 23:30:06,579]                                                                                                            : ... This will be executed as a blocking assignment '='!
[2026-04-21 23:30:06,579]  1413 |    addr_       <= 0;
[2026-04-21 23:30:06,579]       |                ^~
[2026-04-21 23:30:06,579] %Warning-COMBDLY: /tmp/finn_dev_emanuel-hernandez/vivado_stitch_proj_rgrwy7hk/finn_design_wrapper.v:1414:16: Non-blocking assignment '<=' in combinational logic process
[2026-04-21 23:30:06,579]                                                                                                            : ... This will be executed as a blocking assignment '='!
[2026-04-21 23:30:06,579]  1414 |    state_      <= state_one;
[2026-04-21 23:30:06,579]       |                ^~
[2026-04-21 23:30:06,579] %Warning-COMBDLY: /tmp/finn_dev_emanuel-hernandez/vivado_stitch_proj_rgrwy7hk/finn_design_wrapper.v:1417:16: Non-blocking assignment '<=' in combinational logic process
[2026-04-21 23:30:06,579]                                                                                                            : ... This will be executed as a blocking assignment '='!
[2026-04-21 23:30:06,579]  1417 |    srlo_       <= 'bx;
[2026-04-21 23:30:06,579]       |                ^~
[2026-04-21 23:30:06,579] %Warning-COMBDLY: /tmp/finn_dev_emanuel-hernandez/vivado_stitch_proj_rgrwy7hk/finn_design_wrapper.v:1418:16: Non-blocking assignment '<=' in combinational logic process
[2026-04-21 23:30:06,579]                                                                                                            : ... This will be executed as a blocking assignment '='!
[2026-04-21 23:30:06,579]  1418 |    shift_en_o_ <= 0;
[2026-04-21 23:30:06,579]       |                ^~
[2026-04-21 23:30:06,579] %Warning-COMBDLY: /tmp/finn_dev_emanuel-hernandez/vivado_stitch_proj_rgrwy7hk/finn_design_wrapper.v:1419:16: Non-blocking assignment '<=' in combinational logic process
[2026-04-21 23:30:06,579]                                                                                                            : ... This will be executed as a blocking assignment '='!
[2026-04-21 23:30:06,579]  1419 |    shift_en_   <= 1'bx;
[2026-04-21 23:30:06,579]       |                ^~
[2026-04-21 23:30:06,579] %Warning-COMBDLY: /tmp/finn_dev_emanuel-hernandez/vivado_stitch_proj_rgrwy7hk/finn_design_wrapper.v:1420:16: Non-blocking assignment '<=' in combinational logic process
[2026-04-21 23:30:06,579]                                                                                                            : ... This will be executed as a blocking assignment '='!
[2026-04-21 23:30:06,579]  1420 |    addr_       <= 0;
[2026-04-21 23:30:06,579]       |                ^~
[2026-04-21 23:30:06,579] %Warning-COMBDLY: /tmp/finn_dev_emanuel-hernandez/vivado_stitch_proj_rgrwy7hk/finn_design_wrapper.v:1421:16: Non-blocking assignment '<=' in combinational logic process
[2026-04-21 23:30:06,579]                                                                                                            : ... This will be executed as a blocking assignment '='!
[2026-04-21 23:30:06,580]  1421 |    state_      <= state_empty;
[2026-04-21 23:30:06,580]       |                ^~
[2026-04-21 23:30:06,580] %Warning-COMBDLY: /tmp/finn_dev_emanuel-hernandez/vivado_stitch_proj_rgrwy7hk/finn_design_wrapper.v:1430:16: Non-blocking assignment '<=' in combinational logic process
[2026-04-21 23:30:06,580]                                                                                                            : ... This will be executed as a blocking assignment '='!
[2026-04-21 23:30:06,580]  1430 |    srlo_       <= 'bx;
[2026-04-21 23:30:06,580]       |                ^~
[2026-04-21 23:30:06,580] %Warning-COMBDLY: /tmp/finn_dev_emanuel-hernandez/vivado_stitch_proj_rgrwy7hk/finn_design_wrapper.v:1431:16: Non-blocking assignment '<=' in combinational logic process
[2026-04-21 23:30:06,580]                                                                                                            : ... This will be executed as a blocking assignment '='!
[2026-04-21 23:30:06,580]  1431 |    shift_en_o_ <= 0;
[2026-04-21 23:30:06,580]       |                ^~
[2026-04-21 23:30:06,580] %Warning-COMBDLY: /tmp/finn_dev_emanuel-hernandez/vivado_stitch_proj_rgrwy7hk/finn_design_wrapper.v:1432:16: Non-blocking assignment '<=' in combinational logic process
[2026-04-21 23:30:06,580]                                                                                                            : ... This will be executed as a blocking assignment '='!
[2026-04-21 23:30:06,580]  1432 |    shift_en_   <= 0;
[2026-04-21 23:30:06,580]       |                ^~
[2026-04-21 23:30:06,580] %Warning-COMBDLY: /tmp/finn_dev_emanuel-hernandez/vivado_stitch_proj_rgrwy7hk/finn_design_wrapper.v:1433:16: Non-blocking assignment '<=' in combinational logic process
[2026-04-21 23:30:06,580]                                                                                                            : ... This will be executed as a blocking assignment '='!
[2026-04-21 23:30:06,580]  1433 |    addr_       <= addr;
[2026-04-21 23:30:06,580]       |                ^~
[2026-04-21 23:30:06,580] %Warning-COMBDLY: /tmp/finn_dev_emanuel-hernandez/vivado_stitch_proj_rgrwy7hk/finn_design_wrapper.v:1434:16: Non-blocking assignment '<=' in combinational logic process
[2026-04-21 23:30:06,580]                                                                                                            : ... This will be executed as a blocking assignment '='!
[2026-04-21 23:30:06,580]  1434 |    state_      <= state_more;
[2026-04-21 23:30:06,580]       |                ^~
[2026-04-21 23:30:06,580] %Warning-COMBDLY: /tmp/finn_dev_emanuel-hernandez/vivado_stitch_proj_rgrwy7hk/finn_design_wrapper.v:1437:16: Non-blocking assignment '<=' in combinational logic process
[2026-04-21 23:30:06,580]                                                                                                            : ... This will be executed as a blocking assignment '='!
[2026-04-21 23:30:06,580]  1437 |    srlo_       <= srl[addr];
[2026-04-21 23:30:06,580]       |                ^~
[2026-04-21 23:30:06,580] %Warning-COMBDLY: /tmp/finn_dev_emanuel-hernandez/vivado_stitch_proj_rgrwy7hk/finn_design_wrapper.v:1438:16: Non-blocking assignment '<=' in combinational logic process
[2026-04-21 23:30:06,580]                                                                                                            : ... This will be executed as a blocking assignment '='!
[2026-04-21 23:30:06,580]  1438 |    shift_en_o_ <= 1;
[2026-04-21 23:30:06,580]       |                ^~
[2026-04-21 23:30:06,580] %Warning-COMBDLY: /tmp/finn_dev_emanuel-hernandez/vivado_stitch_proj_rgrwy7hk/finn_design_wrapper.v:1439:16: Non-blocking assignment '<=' in combinational logic process
[2026-04-21 23:30:06,580]                                                                                                            : ... This will be executed as a blocking assignment '='!
[2026-04-21 23:30:06,580]  1439 |    shift_en_   <= 0;
[2026-04-21 23:30:06,580]       |                ^~
[2026-04-21 23:30:06,580] %Warning-COMBDLY: /tmp/finn_dev_emanuel-hernandez/vivado_stitch_proj_rgrwy7hk/finn_design_wrapper.v:1442:16: Non-blocking assignment '<=' in combinational logic process
[2026-04-21 23:30:06,580]                                                                                                            : ... This will be executed as a blocking assignment '='!
[2026-04-21 23:30:06,580]  1442 |    addr_       <= addr_zero_ ? 0         : addr-1;
[2026-04-21 23:30:06,580]       |                ^~
[2026-04-21 23:30:06,580] %Warning-COMBDLY: /tmp/finn_dev_emanuel-hernandez/vivado_stitch_proj_rgrwy7hk/finn_design_wrapper.v:1443:16: Non-blocking assignment '<=' in combinational logic process
[2026-04-21 23:30:06,580]                                                                                                            : ... This will be executed as a blocking assignment '='!
[2026-04-21 23:30:06,580]  1443 |    state_      <= addr_zero_ ? state_one : state_more;
[2026-04-21 23:30:06,580]       |                ^~
[2026-04-21 23:30:06,580] %Warning-COMBDLY: /tmp/finn_dev_emanuel-hernandez/vivado_stitch_proj_rgrwy7hk/finn_design_wrapper.v:1448:16: Non-blocking assignment '<=' in combinational logic process
[2026-04-21 23:30:06,580]                                                                                                            : ... This will be executed as a blocking assignment '='!
[2026-04-21 23:30:06,580]  1448 |    srlo_       <= 'bx;
[2026-04-21 23:30:06,580]       |                ^~
[2026-04-21 23:30:06,580] %Warning-COMBDLY: /tmp/finn_dev_emanuel-hernandez/vivado_stitch_proj_rgrwy7hk/finn_design_wrapper.v:1449:16: Non-blocking assignment '<=' in combinational logic process
[2026-04-21 23:30:06,580]                                                                                                            : ... This will be executed as a blocking assignment '='!
[2026-04-21 23:30:06,580]  1449 |    shift_en_o_ <= 0;
[2026-04-21 23:30:06,580]       |                ^~
[2026-04-21 23:30:06,580] %Warning-COMBDLY: /tmp/finn_dev_emanuel-hernandez/vivado_stitch_proj_rgrwy7hk/finn_design_wrapper.v:1450:16: Non-blocking assignment '<=' in combinational logic process
[2026-04-21 23:30:06,580]                                                                                                            : ... This will be executed as a blocking assignment '='!
[2026-04-21 23:30:06,580]  1450 |    shift_en_   <= 1;
[2026-04-21 23:30:06,580]       |                ^~
[2026-04-21 23:30:06,580] %Warning-COMBDLY: /tmp/finn_dev_emanuel-hernandez/vivado_stitch_proj_rgrwy7hk/finn_design_wrapper.v:1451:16: Non-blocking assignment '<=' in combinational logic process
[2026-04-21 23:30:06,580]                                                                                                            : ... This will be executed as a blocking assignment '='!
[2026-04-21 23:30:06,580]  1451 |    addr_       <= addr+1;
[2026-04-21 23:30:06,580]       |                ^~
[2026-04-21 23:30:06,580] %Warning-COMBDLY: /tmp/finn_dev_emanuel-hernandez/vivado_stitch_proj_rgrwy7hk/finn_design_wrapper.v:1452:16: Non-blocking assignment '<=' in combinational logic process
[2026-04-21 23:30:06,580]                                                                                                            : ... This will be executed as a blocking assignment '='!
[2026-04-21 23:30:06,580]  1452 |    state_      <= state_more;
[2026-04-21 23:30:06,580]       |                ^~
[2026-04-21 23:30:06,580] %Warning-COMBDLY: /tmp/finn_dev_emanuel-hernandez/vivado_stitch_proj_rgrwy7hk/finn_design_wrapper.v:1455:16: Non-blocking assignment '<=' in combinational logic process
[2026-04-21 23:30:06,580]                                                                                                            : ... This will be executed as a blocking assignment '='!
[2026-04-21 23:30:06,580]  1455 |    srlo_       <= srl[addr];
[2026-04-21 23:30:06,580]       |                ^~
[2026-04-21 23:30:06,580] %Warning-COMBDLY: /tmp/finn_dev_emanuel-hernandez/vivado_stitch_proj_rgrwy7hk/finn_design_wrapper.v:1456:16: Non-blocking assignment '<=' in combinational logic process
[2026-04-21 23:30:06,580]                                                                                                            : ... This will be executed as a blocking assignment '='!
[2026-04-21 23:30:06,580]  1456 |    shift_en_o_ <= 1;
[2026-04-21 23:30:06,580]       |                ^~
[2026-04-21 23:30:06,580] %Warning-COMBDLY: /tmp/finn_dev_emanuel-hernandez/vivado_stitch_proj_rgrwy7hk/finn_design_wrapper.v:1457:16: Non-blocking assignment '<=' in combinational logic process
[2026-04-21 23:30:06,580]                                                                                                            : ... This will be executed as a blocking assignment '='!
[2026-04-21 23:30:06,580]  1457 |    shift_en_   <= 1;
[2026-04-21 23:30:06,580]       |                ^~
[2026-04-21 23:30:06,580] %Warning-COMBDLY: /tmp/finn_dev_emanuel-hernandez/vivado_stitch_proj_rgrwy7hk/finn_design_wrapper.v:1458:16: Non-blocking assignment '<=' in combinational logic process
[2026-04-21 23:30:06,580]                                                                                                            : ... This will be executed as a blocking assignment '='!
[2026-04-21 23:30:06,580]  1458 |    addr_       <= addr;
[2026-04-21 23:30:06,580]       |                ^~
[2026-04-21 23:30:06,580] %Warning-COMBDLY: /tmp/finn_dev_emanuel-hernandez/vivado_stitch_proj_rgrwy7hk/finn_design_wrapper.v:1459:16: Non-blocking assignment '<=' in combinational logic process
[2026-04-21 23:30:06,580]                                                                                                            : ... This will be executed as a blocking assignment '='!
[2026-04-21 23:30:06,580]  1459 |    state_      <= state_more;
[2026-04-21 23:30:06,580]       |                ^~
[2026-04-21 23:30:06,580] %Warning-COMBDLY: /tmp/finn_dev_emanuel-hernandez/vivado_stitch_proj_rgrwy7hk/finn_design_wrapper.v:1462:16: Non-blocking assignment '<=' in combinational logic process
[2026-04-21 23:30:06,580]                                                                                                            : ... This will be executed as a blocking assignment '='!
[2026-04-21 23:30:06,580]  1462 |    srlo_       <= 'bx;
[2026-04-21 23:30:06,580]       |                ^~
[2026-04-21 23:30:06,580] %Warning-COMBDLY: /tmp/finn_dev_emanuel-hernandez/vivado_stitch_proj_rgrwy7hk/finn_design_wrapper.v:1463:16: Non-blocking assignment '<=' in combinational logic process
[2026-04-21 23:30:06,580]                                                                                                            : ... This will be executed as a blocking assignment '='!
[2026-04-21 23:30:06,580]  1463 |    shift_en_o_ <= 0;
[2026-04-21 23:30:06,580]       |                ^~
[2026-04-21 23:30:06,580] %Warning-COMBDLY: /tmp/finn_dev_emanuel-hernandez/vivado_stitch_proj_rgrwy7hk/finn_design_wrapper.v:1464:16: Non-blocking assignment '<=' in combinational logic process
[2026-04-21 23:30:06,580]                                                                                                            : ... This will be executed as a blocking assignment '='!
[2026-04-21 23:30:06,580]  1464 |    shift_en_   <= 0;
[2026-04-21 23:30:06,580]       |                ^~
[2026-04-21 23:30:06,580] %Warning-COMBDLY: /tmp/finn_dev_emanuel-hernandez/vivado_stitch_proj_rgrwy7hk/finn_design_wrapper.v:1465:16: Non-blocking assignment '<=' in combinational logic process
[2026-04-21 23:30:06,580]                                                                                                            : ... This will be executed as a blocking assignment '='!
[2026-04-21 23:30:06,580]  1465 |    addr_       <= addr;
[2026-04-21 23:30:06,580]       |                ^~
[2026-04-21 23:30:06,580] %Warning-COMBDLY: /tmp/finn_dev_emanuel-hernandez/vivado_stitch_proj_rgrwy7hk/finn_design_wrapper.v:1466:16: Non-blocking assignment '<=' in combinational logic process
[2026-04-21 23:30:06,580]                                                                                                            : ... This will be executed as a blocking assignment '='!
[2026-04-21 23:30:06,580]  1466 |    state_      <= state_more;
[2026-04-21 23:30:06,580]       |                ^~
[2026-04-21 23:30:06,580] %Warning-COMBDLY: /tmp/finn_dev_emanuel-hernandez/vivado_stitch_proj_rgrwy7hk/finn_design_wrapper.v:1469:16: Non-blocking assignment '<=' in combinational logic process
[2026-04-21 23:30:06,580]                                                                                                            : ... This will be executed as a blocking assignment '='!
[2026-04-21 23:30:06,580]  1469 |    srlo_       <= srl[addr];
[2026-04-21 23:30:06,580]       |                ^~
[2026-04-21 23:30:06,580] %Warning-COMBDLY: /tmp/finn_dev_emanuel-hernandez/vivado_stitch_proj_rgrwy7hk/finn_design_wrapper.v:1470:16: Non-blocking assignment '<=' in combinational logic process
[2026-04-21 23:30:06,581]                                                                                                            : ... This will be executed as a blocking assignment '='!
[2026-04-21 23:30:06,581]  1470 |    shift_en_o_ <= 1;
[2026-04-21 23:30:06,581]       |                ^~
[2026-04-21 23:30:06,581] %Warning-COMBDLY: /tmp/finn_dev_emanuel-hernandez/vivado_stitch_proj_rgrwy7hk/finn_design_wrapper.v:1471:16: Non-blocking assignment '<=' in combinational logic process
[2026-04-21 23:30:06,581]                                                                                                            : ... This will be executed as a blocking assignment '='!
[2026-04-21 23:30:06,581]  1471 |    shift_en_   <= 0;
[2026-04-21 23:30:06,581]       |                ^~
[2026-04-21 23:30:06,581] %Warning-COMBDLY: /tmp/finn_dev_emanuel-hernandez/vivado_stitch_proj_rgrwy7hk/finn_design_wrapper.v:1472:16: Non-blocking assignment '<=' in combinational logic process
[2026-04-21 23:30:06,581]                                                                                                            : ... This will be executed as a blocking assignment '='!
[2026-04-21 23:30:06,581]  1472 |    addr_       <= addr_zero_ ? 0         : addr-1;
[2026-04-21 23:30:06,581]       |                ^~
[2026-04-21 23:30:06,581] %Warning-COMBDLY: /tmp/finn_dev_emanuel-hernandez/vivado_stitch_proj_rgrwy7hk/finn_design_wrapper.v:1473:16: Non-blocking assignment '<=' in combinational logic process
[2026-04-21 23:30:06,581]                                                                                                            : ... This will be executed as a blocking assignment '='!
[2026-04-21 23:30:06,581]  1473 |    state_      <= addr_zero_ ? state_one : state_more;
[2026-04-21 23:30:06,581]       |                ^~
[2026-04-21 23:30:06,581] %Warning-COMBDLY: /tmp/finn_dev_emanuel-hernandez/vivado_stitch_proj_rgrwy7hk/finn_design_wrapper.v:1479:16: Non-blocking assignment '<=' in combinational logic process
[2026-04-21 23:30:06,581]                                                                                                            : ... This will be executed as a blocking assignment '='!
[2026-04-21 23:30:06,581]  1479 |    srlo_       <=  'bx;
[2026-04-21 23:30:06,581]       |                ^~
[2026-04-21 23:30:06,581] %Warning-COMBDLY: /tmp/finn_dev_emanuel-hernandez/vivado_stitch_proj_rgrwy7hk/finn_design_wrapper.v:1480:16: Non-blocking assignment '<=' in combinational logic process
[2026-04-21 23:30:06,581]                                                                                                            : ... This will be executed as a blocking assignment '='!
[2026-04-21 23:30:06,581]  1480 |    shift_en_o_ <= 1'bx;
[2026-04-21 23:30:06,581]       |                ^~
[2026-04-21 23:30:06,581] %Warning-COMBDLY: /tmp/finn_dev_emanuel-hernandez/vivado_stitch_proj_rgrwy7hk/finn_design_wrapper.v:1481:16: Non-blocking assignment '<=' in combinational logic process
[2026-04-21 23:30:06,581]                                                                                                            : ... This will be executed as a blocking assignment '='!
[2026-04-21 23:30:06,581]  1481 |    shift_en_   <= 1'bx;
[2026-04-21 23:30:06,581]       |                ^~
[2026-04-21 23:30:06,581] %Warning-COMBDLY: /tmp/finn_dev_emanuel-hernandez/vivado_stitch_proj_rgrwy7hk/finn_design_wrapper.v:1482:16: Non-blocking assignment '<=' in combinational logic process
[2026-04-21 23:30:06,581]                                                                                                            : ... This will be executed as a blocking assignment '='!
[2026-04-21 23:30:06,581]  1482 |    addr_       <=  'bx;
[2026-04-21 23:30:06,581]       |                ^~
[2026-04-21 23:30:06,581] %Warning-COMBDLY: /tmp/finn_dev_emanuel-hernandez/vivado_stitch_proj_rgrwy7hk/finn_design_wrapper.v:1483:16: Non-blocking assignment '<=' in combinational logic process
[2026-04-21 23:30:06,581]                                                                                                            : ... This will be executed as a blocking assignment '='!
[2026-04-21 23:30:06,581]  1483 |    state_      <= 2'bx;
[2026-04-21 23:30:06,581]       |                ^~
[2026-04-21 23:30:08,260] make: Entering directory '/tmp/finn_dev_emanuel-hernandez/verilator_fifosim_0nlw0199'
[2026-04-21 23:30:08,260] ccache g++  -I.  -MMD -I/usr/local/share/verilator/include -I/usr/local/share/verilator/include/vltstd -DVM_COVERAGE=0 -DVM_SC=0 -DVM_TRACE=0 -DVM_TRACE_FST=0 -DVM_TRACE_VCD=0 -faligned-new -fcf-protection=none -Wno-bool-operation -Wno-sign-compare -Wno-uninitialized -Wno-unused-but-set-variable -Wno-unused-parameter -Wno-unused-variable -Wno-shadow     --std=c++11  -DVL_THREADED -std=gnu++17 -Os -c -o verilator_fifosim.o verilator_fifosim.cpp
[2026-04-21 23:30:08,260] ccache g++  -I.  -MMD -I/usr/local/share/verilator/include -I/usr/local/share/verilator/include/vltstd -DVM_COVERAGE=0 -DVM_SC=0 -DVM_TRACE=0 -DVM_TRACE_FST=0 -DVM_TRACE_VCD=0 -faligned-new -fcf-protection=none -Wno-bool-operation -Wno-sign-compare -Wno-uninitialized -Wno-unused-but-set-variable -Wno-unused-parameter -Wno-unused-variable -Wno-shadow     --std=c++11  -DVL_THREADED -std=gnu++17 -Os -c -o verilated.o /usr/local/share/verilator/include/verilated.cpp
[2026-04-21 23:30:08,260] ccache g++  -I.  -MMD -I/usr/local/share/verilator/include -I/usr/local/share/verilator/include/vltstd -DVM_COVERAGE=0 -DVM_SC=0 -DVM_TRACE=0 -DVM_TRACE_FST=0 -DVM_TRACE_VCD=0 -faligned-new -fcf-protection=none -Wno-bool-operation -Wno-sign-compare -Wno-uninitialized -Wno-unused-but-set-variable -Wno-unused-parameter -Wno-unused-variable -Wno-shadow     --std=c++11  -DVL_THREADED -std=gnu++17 -Os -c -o verilated_threads.o /usr/local/share/verilator/include/verilated_threads.cpp
[2026-04-21 23:30:08,260] ccache g++  -I.  -MMD -I/usr/local/share/verilator/include -I/usr/local/share/verilator/include/vltstd -DVM_COVERAGE=0 -DVM_SC=0 -DVM_TRACE=0 -DVM_TRACE_FST=0 -DVM_TRACE_VCD=0 -faligned-new -fcf-protection=none -Wno-bool-operation -Wno-sign-compare -Wno-uninitialized -Wno-unused-but-set-variable -Wno-unused-parameter -Wno-unused-variable -Wno-shadow     --std=c++11  -DVL_THREADED -std=gnu++17 -Os -c -o Vfinn_design_wrapper.o Vfinn_design_wrapper.cpp
[2026-04-21 23:30:08,260] ccache g++  -I.  -MMD -I/usr/local/share/verilator/include -I/usr/local/share/verilator/include/vltstd -DVM_COVERAGE=0 -DVM_SC=0 -DVM_TRACE=0 -DVM_TRACE_FST=0 -DVM_TRACE_VCD=0 -faligned-new -fcf-protection=none -Wno-bool-operation -Wno-sign-compare -Wno-uninitialized -Wno-unused-but-set-variable -Wno-unused-parameter -Wno-unused-variable -Wno-shadow     --std=c++11  -DVL_THREADED -std=gnu++17 -Os -c -o Vfinn_design_wrapper___024root__DepSet_h13beed7b__0.o Vfinn_design_wrapper___024root__DepSet_h13beed7b__0.cpp
[2026-04-21 23:30:08,260] ccache g++  -I.  -MMD -I/usr/local/share/verilator/include -I/usr/local/share/verilator/include/vltstd -DVM_COVERAGE=0 -DVM_SC=0 -DVM_TRACE=0 -DVM_TRACE_FST=0 -DVM_TRACE_VCD=0 -faligned-new -fcf-protection=none -Wno-bool-operation -Wno-sign-compare -Wno-uninitialized -Wno-unused-but-set-variable -Wno-unused-parameter -Wno-unused-variable -Wno-shadow     --std=c++11  -DVL_THREADED -std=gnu++17 -Os -c -o Vfinn_design_wrapper___024root__DepSet_h47b9eb99__0.o Vfinn_design_wrapper___024root__DepSet_h47b9eb99__0.cpp
[2026-04-21 23:30:08,260] ccache g++  -I.  -MMD -I/usr/local/share/verilator/include -I/usr/local/share/verilator/include/vltstd -DVM_COVERAGE=0 -DVM_SC=0 -DVM_TRACE=0 -DVM_TRACE_FST=0 -DVM_TRACE_VCD=0 -faligned-new -fcf-protection=none -Wno-bool-operation -Wno-sign-compare -Wno-uninitialized -Wno-unused-but-set-variable -Wno-unused-parameter -Wno-unused-variable -Wno-shadow     --std=c++11  -DVL_THREADED -std=gnu++17 -Os -c -o Vfinn_design_wrapper___024root__DepSet_h47b9eb99__1.o Vfinn_design_wrapper___024root__DepSet_h47b9eb99__1.cpp
[2026-04-21 23:30:08,260] ccache g++  -I.  -MMD -I/usr/local/share/verilator/include -I/usr/local/share/verilator/include/vltstd -DVM_COVERAGE=0 -DVM_SC=0 -DVM_TRACE=0 -DVM_TRACE_FST=0 -DVM_TRACE_VCD=0 -faligned-new -fcf-protection=none -Wno-bool-operation -Wno-sign-compare -Wno-uninitialized -Wno-unused-but-set-variable -Wno-unused-parameter -Wno-unused-variable -Wno-shadow     --std=c++11  -DVL_THREADED -std=gnu++17  -c -o Vfinn_design_wrapper__ConstPool_0.o Vfinn_design_wrapper__ConstPool_0.cpp
[2026-04-21 23:30:08,260] ccache g++  -I.  -MMD -I/usr/local/share/verilator/include -I/usr/local/share/verilator/include/vltstd -DVM_COVERAGE=0 -DVM_SC=0 -DVM_TRACE=0 -DVM_TRACE_FST=0 -DVM_TRACE_VCD=0 -faligned-new -fcf-protection=none -Wno-bool-operation -Wno-sign-compare -Wno-uninitialized -Wno-unused-but-set-variable -Wno-unused-parameter -Wno-unused-variable -Wno-shadow     --std=c++11  -DVL_THREADED -std=gnu++17  -c -o Vfinn_design_wrapper___024root__Slow.o Vfinn_design_wrapper___024root__Slow.cpp
[2026-04-21 23:30:08,260] ccache g++  -I.  -MMD -I/usr/local/share/verilator/include -I/usr/local/share/verilator/include/vltstd -DVM_COVERAGE=0 -DVM_SC=0 -DVM_TRACE=0 -DVM_TRACE_FST=0 -DVM_TRACE_VCD=0 -faligned-new -fcf-protection=none -Wno-bool-operation -Wno-sign-compare -Wno-uninitialized -Wno-unused-but-set-variable -Wno-unused-parameter -Wno-unused-variable -Wno-shadow     --std=c++11  -DVL_THREADED -std=gnu++17  -c -o Vfinn_design_wrapper___024root__DepSet_h47b9eb99__0__Slow.o Vfinn_design_wrapper___024root__DepSet_h47b9eb99__0__Slow.cpp
[2026-04-21 23:30:08,260] ccache g++  -I.  -MMD -I/usr/local/share/verilator/include -I/usr/local/share/verilator/include/vltstd -DVM_COVERAGE=0 -DVM_SC=0 -DVM_TRACE=0 -DVM_TRACE_FST=0 -DVM_TRACE_VCD=0 -faligned-new -fcf-protection=none -Wno-bool-operation -Wno-sign-compare -Wno-uninitialized -Wno-unused-but-set-variable -Wno-unused-parameter -Wno-unused-variable -Wno-shadow     --std=c++11  -DVL_THREADED -std=gnu++17  -c -o Vfinn_design_wrapper__Syms.o Vfinn_design_wrapper__Syms.cpp
[2026-04-21 23:30:08,260] echo "" > Vfinn_design_wrapper__ALL.verilator_deplist.tmp
[2026-04-21 23:30:08,260] Archive ar -rcs Vfinn_design_wrapper__ALL.a Vfinn_design_wrapper.o Vfinn_design_wrapper___024root__DepSet_h13beed7b__0.o Vfinn_design_wrapper___024root__DepSet_h47b9eb99__0.o Vfinn_design_wrapper___024root__DepSet_h47b9eb99__1.o Vfinn_design_wrapper__ConstPool_0.o Vfinn_design_wrapper___024root__Slow.o Vfinn_design_wrapper___024root__DepSet_h47b9eb99__0__Slow.o Vfinn_design_wrapper__Syms.o
[2026-04-21 23:30:08,260] g++    verilator_fifosim.o verilated.o verilated_threads.o Vfinn_design_wrapper__ALL.a    -pthread -lpthread -latomic   -o Vfinn_design_wrapper
[2026-04-21 23:30:08,260] rm Vfinn_design_wrapper__ALL.verilator_deplist.tmp
[2026-04-21 23:30:08,260] make: Leaving directory '/tmp/finn_dev_emanuel-hernandez/verilator_fifosim_0nlw0199'
[2026-04-21 23:30:13,277] Simulation starting
[2026-04-21 23:30:13,277] Number of inputs to write 32000
[2026-04-21 23:30:13,277] Number of outputs to expect 1000
[2026-04-21 23:30:13,277] No-output timeout clock cycles 100000000
[2026-04-21 23:30:13,277] Elapsed iters 1000 inps 641 outs 0
[2026-04-21 23:30:13,277] Elapsed since last report = 0[s]
[2026-04-21 23:30:13,277] Elapsed iters 2000 inps 641 outs 0
[2026-04-21 23:30:13,277] Elapsed since last report = 0[s]
[2026-04-21 23:30:13,277] Elapsed iters 3000 inps 641 outs 0
[2026-04-21 23:30:13,277] Elapsed since last report = 0[s]
[2026-04-21 23:30:13,277] Elapsed iters 4000 inps 641 outs 0
[2026-04-21 23:30:13,277] Elapsed since last report = 0[s]
[2026-04-21 23:30:13,277] Elapsed iters 5000 inps 641 outs 0
[2026-04-21 23:30:13,277] Elapsed since last report = 0[s]
[2026-04-21 23:30:13,277] Elapsed iters 6000 inps 641 outs 0
[2026-04-21 23:30:13,277] Elapsed since last report = 0[s]
[2026-04-21 23:30:13,277] Elapsed iters 7000 inps 641 outs 0
[2026-04-21 23:30:13,277] Elapsed since last report = 0[s]
[2026-04-21 23:30:13,277] Elapsed iters 8000 inps 641 outs 0
[2026-04-21 23:30:13,277] Elapsed since last report = 0[s]
[2026-04-21 23:30:13,277] Elapsed iters 9000 inps 641 outs 0
[2026-04-21 23:30:13,277] Elapsed since last report = 0[s]
[2026-04-21 23:30:13,277] Elapsed iters 10000 inps 641 outs 0
[2026-04-21 23:30:13,277] Elapsed since last report = 0[s]
[2026-04-21 23:30:13,277] Elapsed iters 11000 inps 961 outs 0
[2026-04-21 23:30:13,277] Elapsed since last report = 0[s]
[2026-04-21 23:30:13,277] Elapsed iters 12000 inps 961 outs 0
[2026-04-21 23:30:13,277] Elapsed since last report = 0[s]
[2026-04-21 23:30:13,277] Elapsed iters 13000 inps 961 outs 0
[2026-04-21 23:30:13,277] Elapsed since last report = 0[s]
[2026-04-21 23:30:13,277] Elapsed iters 14000 inps 961 outs 0
[2026-04-21 23:30:13,277] Elapsed since last report = 0[s]
[2026-04-21 23:30:13,277] Elapsed iters 15000 inps 961 outs 0
[2026-04-21 23:30:13,278] Elapsed since last report = 0[s]
[2026-04-21 23:30:13,278] Elapsed iters 16000 inps 961 outs 0
[2026-04-21 23:30:13,278] Elapsed since last report = 0[s]
[2026-04-21 23:30:13,278] Elapsed iters 17000 inps 961 outs 0
[2026-04-21 23:30:13,278] Elapsed since last report = 0[s]
[2026-04-21 23:30:13,278] Elapsed iters 18000 inps 961 outs 0
[2026-04-21 23:30:13,278] Elapsed since last report = 0[s]
[2026-04-21 23:30:13,278] Elapsed iters 19000 inps 961 outs 10
[2026-04-21 23:30:13,278] Elapsed since last report = 0[s]
[2026-04-21 23:30:13,278] Elapsed iters 20000 inps 961 outs 10
[2026-04-21 23:30:13,278] Elapsed since last report = 0[s]
[2026-04-21 23:30:13,278] Elapsed iters 21000 inps 1281 outs 10
[2026-04-21 23:30:13,278] Elapsed since last report = 0[s]
[2026-04-21 23:30:13,278] Elapsed iters 22000 inps 1281 outs 10
[2026-04-21 23:30:13,278] Elapsed since last report = 0[s]
[2026-04-21 23:30:13,278] Elapsed iters 23000 inps 1281 outs 10
[2026-04-21 23:30:13,278] Elapsed since last report = 0[s]
[2026-04-21 23:30:13,278] Elapsed iters 24000 inps 1281 outs 10
[2026-04-21 23:30:13,278] Elapsed since last report = 0[s]
[2026-04-21 23:30:13,278] Elapsed iters 25000 inps 1281 outs 10
[2026-04-21 23:30:13,278] Elapsed since last report = 0[s]
[2026-04-21 23:30:13,278] Elapsed iters 26000 inps 1281 outs 10
[2026-04-21 23:30:13,278] Elapsed since last report = 0[s]
[2026-04-21 23:30:13,278] Elapsed iters 27000 inps 1281 outs 10
[2026-04-21 23:30:13,278] Elapsed since last report = 0[s]
[2026-04-21 23:30:13,278] Elapsed iters 28000 inps 1281 outs 10
[2026-04-21 23:30:13,278] Elapsed since last report = 0[s]
[2026-04-21 23:30:13,278] Elapsed iters 29000 inps 1281 outs 17
[2026-04-21 23:30:13,278] Elapsed since last report = 0[s]
[2026-04-21 23:30:13,278] Elapsed iters 30000 inps 1281 outs 20
[2026-04-21 23:30:13,278] Elapsed since last report = 0[s]
[2026-04-21 23:30:13,278] Elapsed iters 31000 inps 1526 outs 20
[2026-04-21 23:30:13,278] Elapsed since last report = 0[s]
[2026-04-21 23:30:13,278] Elapsed iters 32000 inps 1601 outs 20
[2026-04-21 23:30:13,278] Elapsed since last report = 0[s]
[2026-04-21 23:30:13,278] Elapsed iters 33000 inps 1601 outs 20
[2026-04-21 23:30:13,278] Elapsed since last report = 0[s]
[2026-04-21 23:30:13,278] Elapsed iters 34000 inps 1601 outs 20
[2026-04-21 23:30:13,278] Elapsed since last report = 0[s]
[2026-04-21 23:30:13,278] Elapsed iters 35000 inps 1601 outs 20
[2026-04-21 23:30:13,278] Elapsed since last report = 0[s]
[2026-04-21 23:30:13,278] Elapsed iters 36000 inps 1601 outs 20
[2026-04-21 23:30:13,278] Elapsed since last report = 0[s]
[2026-04-21 23:30:13,278] Elapsed iters 37000 inps 1601 outs 20
[2026-04-21 23:30:13,278] Elapsed since last report = 0[s]
[2026-04-21 23:30:13,278] Elapsed iters 38000 inps 1601 outs 20
[2026-04-21 23:30:13,278] Elapsed since last report = 0[s]
[2026-04-21 23:30:13,278] Elapsed iters 39000 inps 1601 outs 23
[2026-04-21 23:30:13,279] Elapsed since last report = 0[s]
[2026-04-21 23:30:13,279] Elapsed iters 40000 inps 1601 outs 30
[2026-04-21 23:30:13,279] Elapsed since last report = 0[s]
[2026-04-21 23:30:13,279] Elapsed iters 41000 inps 1601 outs 30
[2026-04-21 23:30:13,279] Elapsed since last report = 0[s]
[2026-04-21 23:30:13,279] Elapsed iters 42000 inps 1921 outs 30
[2026-04-21 23:30:13,279] Elapsed since last report = 0[s]
[2026-04-21 23:30:13,279] Elapsed iters 43000 inps 1921 outs 30
[2026-04-21 23:30:13,279] Elapsed since last report = 0[s]
[2026-04-21 23:30:13,279] Elapsed iters 44000 inps 1921 outs 30
[2026-04-21 23:30:13,279] Elapsed since last report = 0[s]
[2026-04-21 23:30:13,279] Elapsed iters 45000 inps 1921 outs 30
[2026-04-21 23:30:13,279] Elapsed since last report = 0[s]
[2026-04-21 23:30:13,279] Elapsed iters 46000 inps 1921 outs 30
[2026-04-21 23:30:13,279] Elapsed since last report = 0[s]
[2026-04-21 23:30:13,279] Elapsed iters 47000 inps 1921 outs 30
[2026-04-21 23:30:13,279] Elapsed since last report = 0[s]
[2026-04-21 23:30:13,279] Elapsed iters 48000 inps 1921 outs 30
[2026-04-21 23:30:13,279] Elapsed since last report = 0[s]
[2026-04-21 23:30:13,279] Elapsed iters 49000 inps 1921 outs 30
[2026-04-21 23:30:13,279] Elapsed since last report = 0[s]
[2026-04-21 23:30:13,279] Elapsed iters 50000 inps 1921 outs 40
[2026-04-21 23:30:13,279] Elapsed since last report = 0[s]
[2026-04-21 23:30:13,279] Elapsed iters 51000 inps 1921 outs 40
[2026-04-21 23:30:13,279] Elapsed since last report = 0[s]
[2026-04-21 23:30:13,279] Elapsed iters 52000 inps 2241 outs 40
[2026-04-21 23:30:13,279] Elapsed since last report = 0[s]
[2026-04-21 23:30:13,279] Elapsed iters 53000 inps 2241 outs 40
[2026-04-21 23:30:13,279] Elapsed since last report = 0[s]
[2026-04-21 23:30:13,279] Elapsed iters 54000 inps 2241 outs 40
[2026-04-21 23:30:13,279] Elapsed since last report = 0[s]
[2026-04-21 23:30:13,279] Elapsed iters 55000 inps 2241 outs 40
[2026-04-21 23:30:13,279] Elapsed since last report = 0[s]
[2026-04-21 23:30:13,279] Elapsed iters 56000 inps 2241 outs 40
[2026-04-21 23:30:13,279] Elapsed since last report = 0[s]
[2026-04-21 23:30:13,279] Elapsed iters 57000 inps 2241 outs 40
[2026-04-21 23:30:13,279] Elapsed since last report = 0[s]
[2026-04-21 23:30:13,279] Elapsed iters 58000 inps 2241 outs 40
[2026-04-21 23:30:13,279] Elapsed since last report = 0[s]
[2026-04-21 23:30:13,279] Elapsed iters 59000 inps 2241 outs 40
[2026-04-21 23:30:13,279] Elapsed since last report = 0[s]
[2026-04-21 23:30:13,279] Elapsed iters 60000 inps 2241 outs 50
[2026-04-21 23:30:13,279] Elapsed since last report = 0[s]
[2026-04-21 23:30:13,279] Elapsed iters 61000 inps 2241 outs 50
[2026-04-21 23:30:13,279] Elapsed since last report = 0[s]
[2026-04-21 23:30:13,279] Elapsed iters 62000 inps 2561 outs 50
[2026-04-21 23:30:13,279] Elapsed since last report = 0[s]
[2026-04-21 23:30:13,279] Elapsed iters 63000 inps 2561 outs 50
[2026-04-21 23:30:13,279] Elapsed since last report = 0[s]
[2026-04-21 23:30:13,280] Elapsed iters 64000 inps 2561 outs 50
[2026-04-21 23:30:13,280] Elapsed since last report = 0[s]
[2026-04-21 23:30:13,280] Elapsed iters 65000 inps 2561 outs 50
[2026-04-21 23:30:13,280] Elapsed since last report = 0[s]
[2026-04-21 23:30:13,280] Elapsed iters 66000 inps 2561 outs 50
[2026-04-21 23:30:13,280] Elapsed since last report = 0[s]
[2026-04-21 23:30:13,280] Elapsed iters 67000 inps 2561 outs 50
[2026-04-21 23:30:13,280] Elapsed since last report = 0[s]
[2026-04-21 23:30:13,280] Elapsed iters 68000 inps 2561 outs 50
[2026-04-21 23:30:13,280] Elapsed since last report = 0[s]
[2026-04-21 23:30:13,280] Elapsed iters 69000 inps 2561 outs 50
[2026-04-21 23:30:13,280] Elapsed since last report = 0[s]
[2026-04-21 23:30:13,280] Elapsed iters 70000 inps 2561 outs 57
[2026-04-21 23:30:13,280] Elapsed since last report = 0[s]
[2026-04-21 23:30:13,280] Elapsed iters 71000 inps 2561 outs 60
[2026-04-21 23:30:13,280] Elapsed since last report = 0[s]
[2026-04-21 23:30:13,280] Elapsed iters 72000 inps 2806 outs 60
[2026-04-21 23:30:13,280] Elapsed since last report = 0[s]
[2026-04-21 23:30:13,280] Elapsed iters 73000 inps 2881 outs 60
[2026-04-21 23:30:13,280] Elapsed since last report = 0[s]
[2026-04-21 23:30:13,280] Elapsed iters 74000 inps 2881 outs 60
[2026-04-21 23:30:13,280] Elapsed since last report = 0[s]
[2026-04-21 23:30:13,280] Elapsed iters 75000 inps 2881 outs 60
[2026-04-21 23:30:13,280] Elapsed since last report = 0[s]
[2026-04-21 23:30:13,280] Elapsed iters 76000 inps 2881 outs 60
[2026-04-21 23:30:13,280] Elapsed since last report = 0[s]
[2026-04-21 23:30:13,280] Elapsed iters 77000 inps 2881 outs 60
[2026-04-21 23:30:13,280] Elapsed since last report = 0[s]
[2026-04-21 23:30:13,280] Elapsed iters 78000 inps 2881 outs 60
[2026-04-21 23:30:13,280] Elapsed since last report = 0[s]
[2026-04-21 23:30:13,280] Elapsed iters 79000 inps 2881 outs 60
[2026-04-21 23:30:13,280] Elapsed since last report = 0[s]
[2026-04-21 23:30:13,280] Elapsed iters 80000 inps 2881 outs 63
[2026-04-21 23:30:13,280] Elapsed since last report = 0[s]
[2026-04-21 23:30:13,280] Elapsed iters 81000 inps 2881 outs 70
[2026-04-21 23:30:13,280] Elapsed since last report = 0[s]
[2026-04-21 23:30:13,280] Elapsed iters 82000 inps 2881 outs 70
[2026-04-21 23:30:13,280] Elapsed since last report = 0[s]
[2026-04-21 23:30:13,280] Elapsed iters 83000 inps 3201 outs 70
[2026-04-21 23:30:13,280] Elapsed since last report = 0[s]
[2026-04-21 23:30:13,280] Elapsed iters 84000 inps 3201 outs 70
[2026-04-21 23:30:13,280] Elapsed since last report = 0[s]
[2026-04-21 23:30:13,280] Elapsed iters 85000 inps 3201 outs 70
[2026-04-21 23:30:13,280] Elapsed since last report = 0[s]
[2026-04-21 23:30:13,280] Elapsed iters 86000 inps 3201 outs 70
[2026-04-21 23:30:13,280] Elapsed since last report = 0[s]
[2026-04-21 23:30:13,280] Elapsed iters 87000 inps 3201 outs 70
[2026-04-21 23:30:13,280] Elapsed since last report = 0[s]
[2026-04-21 23:30:13,280] Elapsed iters 88000 inps 3201 outs 70
[2026-04-21 23:30:13,280] Elapsed since last report = 0[s]
[2026-04-21 23:30:13,280] Elapsed iters 89000 inps 3201 outs 70
[2026-04-21 23:30:13,280] Elapsed since last report = 0[s]
[2026-04-21 23:30:13,280] Elapsed iters 90000 inps 3201 outs 70
[2026-04-21 23:30:13,280] Elapsed since last report = 0[s]
[2026-04-21 23:30:13,280] Elapsed iters 91000 inps 3201 outs 80
[2026-04-21 23:30:13,280] Elapsed since last report = 0[s]
[2026-04-21 23:30:13,280] Elapsed iters 92000 inps 3201 outs 80
[2026-04-21 23:30:13,280] Elapsed since last report = 0[s]
[2026-04-21 23:30:13,280] Elapsed iters 93000 inps 3521 outs 80
[2026-04-21 23:30:13,280] Elapsed since last report = 0[s]
[2026-04-21 23:30:13,280] Elapsed iters 94000 inps 3521 outs 80
[2026-04-21 23:30:13,280] Elapsed since last report = 0[s]
[2026-04-21 23:30:13,280] Elapsed iters 95000 inps 3521 outs 80
[2026-04-21 23:30:13,280] Elapsed since last report = 0[s]
[2026-04-21 23:30:13,280] Elapsed iters 96000 inps 3521 outs 80
[2026-04-21 23:30:13,280] Elapsed since last report = 0[s]
[2026-04-21 23:30:13,280] Elapsed iters 97000 inps 3521 outs 80
[2026-04-21 23:30:13,280] Elapsed since last report = 0[s]
[2026-04-21 23:30:13,280] Elapsed iters 98000 inps 3521 outs 80
[2026-04-21 23:30:13,280] Elapsed since last report = 0[s]
[2026-04-21 23:30:13,280] Elapsed iters 99000 inps 3521 outs 80
[2026-04-21 23:30:13,280] Elapsed since last report = 0[s]
[2026-04-21 23:30:13,280] Elapsed iters 100000 inps 3521 outs 80
[2026-04-21 23:30:13,280] Elapsed since last report = 0[s]
[2026-04-21 23:30:13,280] Elapsed iters 101000 inps 3521 outs 90
[2026-04-21 23:30:13,280] Elapsed since last report = 0[s]
[2026-04-21 23:30:13,280] Elapsed iters 102000 inps 3521 outs 90
[2026-04-21 23:30:13,280] Elapsed since last report = 0[s]
[2026-04-21 23:30:13,280] Elapsed iters 103000 inps 3841 outs 90
[2026-04-21 23:30:13,280] Elapsed since last report = 0[s]
[2026-04-21 23:30:13,280] Elapsed iters 104000 inps 3841 outs 90
[2026-04-21 23:30:13,280] Elapsed since last report = 0[s]
[2026-04-21 23:30:13,280] Elapsed iters 105000 inps 3841 outs 90
[2026-04-21 23:30:13,280] Elapsed since last report = 0[s]
[2026-04-21 23:30:13,280] Elapsed iters 106000 inps 3841 outs 90
[2026-04-21 23:30:13,280] Elapsed since last report = 0[s]
[2026-04-21 23:30:13,280] Elapsed iters 107000 inps 3841 outs 90
[2026-04-21 23:30:13,280] Elapsed since last report = 0[s]
[2026-04-21 23:30:13,280] Elapsed iters 108000 inps 3841 outs 90
[2026-04-21 23:30:13,281] Elapsed since last report = 0[s]
[2026-04-21 23:30:13,281] Elapsed iters 109000 inps 3841 outs 90
[2026-04-21 23:30:13,281] Elapsed since last report = 0[s]
[2026-04-21 23:30:13,281] Elapsed iters 110000 inps 3841 outs 90
[2026-04-21 23:30:13,281] Elapsed since last report = 0[s]
[2026-04-21 23:30:13,281] Elapsed iters 111000 inps 3841 outs 97
[2026-04-21 23:30:13,281] Elapsed since last report = 0[s]
[2026-04-21 23:30:13,281] Elapsed iters 112000 inps 3841 outs 100
[2026-04-21 23:30:13,281] Elapsed since last report = 0[s]
[2026-04-21 23:30:13,281] Elapsed iters 113000 inps 4086 outs 100
[2026-04-21 23:30:13,281] Elapsed since last report = 0[s]
[2026-04-21 23:30:13,281] Elapsed iters 114000 inps 4161 outs 100
[2026-04-21 23:30:13,281] Elapsed since last report = 0[s]
[2026-04-21 23:30:13,281] Elapsed iters 115000 inps 4161 outs 100
[2026-04-21 23:30:13,281] Elapsed since last report = 0[s]
[2026-04-21 23:30:13,281] Elapsed iters 116000 inps 4161 outs 100
[2026-04-21 23:30:13,281] Elapsed since last report = 0[s]
[2026-04-21 23:30:13,281] Elapsed iters 117000 inps 4161 outs 100
[2026-04-21 23:30:13,281] Elapsed since last report = 0[s]
[2026-04-21 23:30:13,281] Elapsed iters 118000 inps 4161 outs 100
[2026-04-21 23:30:13,281] Elapsed since last report = 0[s]
[2026-04-21 23:30:13,281] Elapsed iters 119000 inps 4161 outs 100
[2026-04-21 23:30:13,281] Elapsed since last report = 0[s]
[2026-04-21 23:30:13,281] Elapsed iters 120000 inps 4161 outs 100
[2026-04-21 23:30:13,281] Elapsed since last report = 0[s]
[2026-04-21 23:30:13,281] Elapsed iters 121000 inps 4161 outs 103
[2026-04-21 23:30:13,281] Elapsed since last report = 0[s]
[2026-04-21 23:30:13,281] Elapsed iters 122000 inps 4161 outs 110
[2026-04-21 23:30:13,281] Elapsed since last report = 0[s]
[2026-04-21 23:30:13,281] Elapsed iters 123000 inps 4161 outs 110
[2026-04-21 23:30:13,281] Elapsed since last report = 0[s]
[2026-04-21 23:30:13,281] Elapsed iters 124000 inps 4481 outs 110
[2026-04-21 23:30:13,281] Elapsed since last report = 0[s]
[2026-04-21 23:30:13,281] Elapsed iters 125000 inps 4481 outs 110
[2026-04-21 23:30:13,281] Elapsed since last report = 0[s]
[2026-04-21 23:30:13,281] Elapsed iters 126000 inps 4481 outs 110
[2026-04-21 23:30:13,281] Elapsed since last report = 0[s]
[2026-04-21 23:30:13,281] Elapsed iters 127000 inps 4481 outs 110
[2026-04-21 23:30:13,281] Elapsed since last report = 0[s]
[2026-04-21 23:30:13,281] Elapsed iters 128000 inps 4481 outs 110
[2026-04-21 23:30:13,281] Elapsed since last report = 0[s]
[2026-04-21 23:30:13,281] Elapsed iters 129000 inps 4481 outs 110
[2026-04-21 23:30:13,281] Elapsed since last report = 0[s]
[2026-04-21 23:30:13,281] Elapsed iters 130000 inps 4481 outs 110
[2026-04-21 23:30:13,281] Elapsed since last report = 0[s]
[2026-04-21 23:30:13,281] Elapsed iters 131000 inps 4481 outs 110
[2026-04-21 23:30:13,281] Elapsed since last report = 0[s]
[2026-04-21 23:30:13,281] Elapsed iters 132000 inps 4481 outs 120
[2026-04-21 23:30:13,281] Elapsed since last report = 0[s]
[2026-04-21 23:30:13,281] Elapsed iters 133000 inps 4481 outs 120
[2026-04-21 23:30:13,281] Elapsed since last report = 0[s]
[2026-04-21 23:30:13,281] Elapsed iters 134000 inps 4801 outs 120
[2026-04-21 23:30:13,281] Elapsed since last report = 0[s]
[2026-04-21 23:30:13,281] Elapsed iters 135000 inps 4801 outs 120
[2026-04-21 23:30:13,281] Elapsed since last report = 0[s]
[2026-04-21 23:30:13,281] Elapsed iters 136000 inps 4801 outs 120
[2026-04-21 23:30:13,281] Elapsed since last report = 0[s]
[2026-04-21 23:30:13,281] Elapsed iters 137000 inps 4801 outs 120
[2026-04-21 23:30:13,281] Elapsed since last report = 0[s]
[2026-04-21 23:30:13,281] Elapsed iters 138000 inps 4801 outs 120
[2026-04-21 23:30:13,281] Elapsed since last report = 0[s]
[2026-04-21 23:30:13,281] Elapsed iters 139000 inps 4801 outs 120
[2026-04-21 23:30:13,281] Elapsed since last report = 0[s]
[2026-04-21 23:30:13,281] Elapsed iters 140000 inps 4801 outs 120
[2026-04-21 23:30:13,281] Elapsed since last report = 0[s]
[2026-04-21 23:30:13,281] Elapsed iters 141000 inps 4801 outs 120
[2026-04-21 23:30:13,281] Elapsed since last report = 0[s]
[2026-04-21 23:30:13,281] Elapsed iters 142000 inps 4801 outs 130
[2026-04-21 23:30:13,281] Elapsed since last report = 0[s]
[2026-04-21 23:30:13,281] Elapsed iters 143000 inps 4801 outs 130
[2026-04-21 23:30:13,281] Elapsed since last report = 0[s]
[2026-04-21 23:30:13,281] Elapsed iters 144000 inps 5121 outs 130
[2026-04-21 23:30:13,281] Elapsed since last report = 0[s]
[2026-04-21 23:30:13,281] Elapsed iters 145000 inps 5121 outs 130
[2026-04-21 23:30:13,281] Elapsed since last report = 0[s]
[2026-04-21 23:30:13,281] Elapsed iters 146000 inps 5121 outs 130
[2026-04-21 23:30:13,281] Elapsed since last report = 0[s]
[2026-04-21 23:30:13,281] Elapsed iters 147000 inps 5121 outs 130
[2026-04-21 23:30:13,281] Elapsed since last report = 0[s]
[2026-04-21 23:30:13,281] Elapsed iters 148000 inps 5121 outs 130
[2026-04-21 23:30:13,281] Elapsed since last report = 0[s]
[2026-04-21 23:30:13,281] Elapsed iters 149000 inps 5121 outs 130
[2026-04-21 23:30:13,281] Elapsed since last report = 0[s]
[2026-04-21 23:30:13,281] Elapsed iters 150000 inps 5121 outs 130
[2026-04-21 23:30:13,281] Elapsed since last report = 0[s]
[2026-04-21 23:30:13,281] Elapsed iters 151000 inps 5121 outs 130
[2026-04-21 23:30:13,281] Elapsed since last report = 0[s]
[2026-04-21 23:30:13,281] Elapsed iters 152000 inps 5121 outs 137
[2026-04-21 23:30:13,281] Elapsed since last report = 0[s]
[2026-04-21 23:30:13,281] Elapsed iters 153000 inps 5121 outs 140
[2026-04-21 23:30:13,281] Elapsed since last report = 0[s]
[2026-04-21 23:30:13,281] Elapsed iters 154000 inps 5366 outs 140
[2026-04-21 23:30:13,281] Elapsed since last report = 0[s]
[2026-04-21 23:30:13,281] Elapsed iters 155000 inps 5441 outs 140
[2026-04-21 23:30:13,281] Elapsed since last report = 0[s]
[2026-04-21 23:30:13,281] Elapsed iters 156000 inps 5441 outs 140
[2026-04-21 23:30:13,281] Elapsed since last report = 0[s]
[2026-04-21 23:30:13,281] Elapsed iters 157000 inps 5441 outs 140
[2026-04-21 23:30:13,281] Elapsed since last report = 0[s]
[2026-04-21 23:30:13,281] Elapsed iters 158000 inps 5441 outs 140
[2026-04-21 23:30:13,281] Elapsed since last report = 0[s]
[2026-04-21 23:30:13,281] Elapsed iters 159000 inps 5441 outs 140
[2026-04-21 23:30:13,281] Elapsed since last report = 0[s]
[2026-04-21 23:30:13,281] Elapsed iters 160000 inps 5441 outs 140
[2026-04-21 23:30:13,281] Elapsed since last report = 0[s]
[2026-04-21 23:30:13,281] Elapsed iters 161000 inps 5441 outs 140
[2026-04-21 23:30:13,281] Elapsed since last report = 0[s]
[2026-04-21 23:30:13,281] Elapsed iters 162000 inps 5441 outs 143
[2026-04-21 23:30:13,281] Elapsed since last report = 0[s]
[2026-04-21 23:30:13,281] Elapsed iters 163000 inps 5441 outs 150
[2026-04-21 23:30:13,281] Elapsed since last report = 0[s]
[2026-04-21 23:30:13,281] Elapsed iters 164000 inps 5441 outs 150
[2026-04-21 23:30:13,281] Elapsed since last report = 0[s]
[2026-04-21 23:30:13,281] Elapsed iters 165000 inps 5761 outs 150
[2026-04-21 23:30:13,281] Elapsed since last report = 0[s]
[2026-04-21 23:30:13,281] Elapsed iters 166000 inps 5761 outs 150
[2026-04-21 23:30:13,281] Elapsed since last report = 0[s]
[2026-04-21 23:30:13,281] Elapsed iters 167000 inps 5761 outs 150
[2026-04-21 23:30:13,281] Elapsed since last report = 0[s]
[2026-04-21 23:30:13,281] Elapsed iters 168000 inps 5761 outs 150
[2026-04-21 23:30:13,281] Elapsed since last report = 0[s]
[2026-04-21 23:30:13,281] Elapsed iters 169000 inps 5761 outs 150
[2026-04-21 23:30:13,281] Elapsed since last report = 0[s]
[2026-04-21 23:30:13,281] Elapsed iters 170000 inps 5761 outs 150
[2026-04-21 23:30:13,282] Elapsed since last report = 0[s]
[2026-04-21 23:30:13,282] Elapsed iters 171000 inps 5761 outs 150
[2026-04-21 23:30:13,282] Elapsed since last report = 0[s]
[2026-04-21 23:30:13,282] Elapsed iters 172000 inps 5761 outs 150
[2026-04-21 23:30:13,282] Elapsed since last report = 0[s]
[2026-04-21 23:30:13,282] Elapsed iters 173000 inps 5761 outs 160
[2026-04-21 23:30:13,282] Elapsed since last report = 0[s]
[2026-04-21 23:30:13,282] Elapsed iters 174000 inps 5761 outs 160
[2026-04-21 23:30:13,282] Elapsed since last report = 0[s]
[2026-04-21 23:30:13,282] Elapsed iters 175000 inps 6081 outs 160
[2026-04-21 23:30:13,282] Elapsed since last report = 0[s]
[2026-04-21 23:30:13,282] Elapsed iters 176000 inps 6081 outs 160
[2026-04-21 23:30:13,282] Elapsed since last report = 0[s]
[2026-04-21 23:30:13,282] Elapsed iters 177000 inps 6081 outs 160
[2026-04-21 23:30:13,282] Elapsed since last report = 0[s]
[2026-04-21 23:30:13,282] Elapsed iters 178000 inps 6081 outs 160
[2026-04-21 23:30:13,282] Elapsed since last report = 0[s]
[2026-04-21 23:30:13,282] Elapsed iters 179000 inps 6081 outs 160
[2026-04-21 23:30:13,282] Elapsed since last report = 0[s]
[2026-04-21 23:30:13,282] Elapsed iters 180000 inps 6081 outs 160
[2026-04-21 23:30:13,282] Elapsed since last report = 0[s]
[2026-04-21 23:30:13,282] Elapsed iters 181000 inps 6081 outs 160
[2026-04-21 23:30:13,282] Elapsed since last report = 0[s]
[2026-04-21 23:30:13,282] Elapsed iters 182000 inps 6081 outs 160
[2026-04-21 23:30:13,282] Elapsed since last report = 0[s]
[2026-04-21 23:30:13,282] Elapsed iters 183000 inps 6081 outs 170
[2026-04-21 23:30:13,282] Elapsed since last report = 0[s]
[2026-04-21 23:30:13,282] Elapsed iters 184000 inps 6081 outs 170
[2026-04-21 23:30:13,282] Elapsed since last report = 0[s]
[2026-04-21 23:30:13,282] Elapsed iters 185000 inps 6401 outs 170
[2026-04-21 23:30:13,282] Elapsed since last report = 0[s]
[2026-04-21 23:30:13,282] Elapsed iters 186000 inps 6401 outs 170
[2026-04-21 23:30:13,282] Elapsed since last report = 0[s]
[2026-04-21 23:30:13,282] Elapsed iters 187000 inps 6401 outs 170
[2026-04-21 23:30:13,282] Elapsed since last report = 0[s]
[2026-04-21 23:30:13,282] Elapsed iters 188000 inps 6401 outs 170
[2026-04-21 23:30:13,282] Elapsed since last report = 0[s]
[2026-04-21 23:30:13,282] Elapsed iters 189000 inps 6401 outs 170
[2026-04-21 23:30:13,282] Elapsed since last report = 0[s]
[2026-04-21 23:30:13,282] Elapsed iters 190000 inps 6401 outs 170
[2026-04-21 23:30:13,282] Elapsed since last report = 0[s]
[2026-04-21 23:30:13,282] Elapsed iters 191000 inps 6401 outs 170
[2026-04-21 23:30:13,282] Elapsed since last report = 0[s]
[2026-04-21 23:30:13,282] Elapsed iters 192000 inps 6401 outs 170
[2026-04-21 23:30:13,282] Elapsed since last report = 0[s]
[2026-04-21 23:30:13,282] Elapsed iters 193000 inps 6401 outs 177
[2026-04-21 23:30:13,282] Elapsed since last report = 0[s]
[2026-04-21 23:30:13,282] Elapsed iters 194000 inps 6401 outs 180
[2026-04-21 23:30:13,282] Elapsed since last report = 0[s]
[2026-04-21 23:30:13,282] Elapsed iters 195000 inps 6646 outs 180
[2026-04-21 23:30:13,282] Elapsed since last report = 0[s]
[2026-04-21 23:30:13,282] Elapsed iters 196000 inps 6721 outs 180
[2026-04-21 23:30:13,282] Elapsed since last report = 0[s]
[2026-04-21 23:30:13,282] Elapsed iters 197000 inps 6721 outs 180
[2026-04-21 23:30:13,282] Elapsed since last report = 0[s]
[2026-04-21 23:30:13,282] Elapsed iters 198000 inps 6721 outs 180
[2026-04-21 23:30:13,282] Elapsed since last report = 0[s]
[2026-04-21 23:30:13,282] Elapsed iters 199000 inps 6721 outs 180
[2026-04-21 23:30:13,282] Elapsed since last report = 0[s]
[2026-04-21 23:30:13,282] Elapsed iters 200000 inps 6721 outs 180
[2026-04-21 23:30:13,282] Elapsed since last report = 0[s]
[2026-04-21 23:30:13,282] Elapsed iters 201000 inps 6721 outs 180
[2026-04-21 23:30:13,282] Elapsed since last report = 0[s]
[2026-04-21 23:30:13,282] Elapsed iters 202000 inps 6721 outs 180
[2026-04-21 23:30:13,282] Elapsed since last report = 0[s]
[2026-04-21 23:30:13,282] Elapsed iters 203000 inps 6721 outs 183
[2026-04-21 23:30:13,282] Elapsed since last report = 0[s]
[2026-04-21 23:30:13,282] Elapsed iters 204000 inps 6721 outs 190
[2026-04-21 23:30:13,282] Elapsed since last report = 0[s]
[2026-04-21 23:30:13,282] Elapsed iters 205000 inps 6721 outs 190
[2026-04-21 23:30:13,282] Elapsed since last report = 0[s]
[2026-04-21 23:30:13,282] Elapsed iters 206000 inps 7041 outs 190
[2026-04-21 23:30:13,282] Elapsed since last report = 0[s]
[2026-04-21 23:30:13,282] Elapsed iters 207000 inps 7041 outs 190
[2026-04-21 23:30:13,282] Elapsed since last report = 0[s]
[2026-04-21 23:30:13,282] Elapsed iters 208000 inps 7041 outs 190
[2026-04-21 23:30:13,282] Elapsed since last report = 0[s]
[2026-04-21 23:30:13,282] Elapsed iters 209000 inps 7041 outs 190
[2026-04-21 23:30:13,282] Elapsed since last report = 0[s]
[2026-04-21 23:30:13,282] Elapsed iters 210000 inps 7041 outs 190
[2026-04-21 23:30:13,282] Elapsed since last report = 0[s]
[2026-04-21 23:30:13,282] Elapsed iters 211000 inps 7041 outs 190
[2026-04-21 23:30:13,282] Elapsed since last report = 0[s]
[2026-04-21 23:30:13,282] Elapsed iters 212000 inps 7041 outs 190
[2026-04-21 23:30:13,282] Elapsed since last report = 0[s]
[2026-04-21 23:30:13,282] Elapsed iters 213000 inps 7041 outs 190
[2026-04-21 23:30:13,282] Elapsed since last report = 0[s]
[2026-04-21 23:30:13,282] Elapsed iters 214000 inps 7041 outs 200
[2026-04-21 23:30:13,282] Elapsed since last report = 0[s]
[2026-04-21 23:30:13,282] Elapsed iters 215000 inps 7041 outs 200
[2026-04-21 23:30:13,282] Elapsed since last report = 0[s]
[2026-04-21 23:30:13,282] Elapsed iters 216000 inps 7361 outs 200
[2026-04-21 23:30:13,282] Elapsed since last report = 0[s]
[2026-04-21 23:30:13,282] Elapsed iters 217000 inps 7361 outs 200
[2026-04-21 23:30:13,282] Elapsed since last report = 0[s]
[2026-04-21 23:30:13,282] Elapsed iters 218000 inps 7361 outs 200
[2026-04-21 23:30:13,282] Elapsed since last report = 0[s]
[2026-04-21 23:30:13,282] Elapsed iters 219000 inps 7361 outs 200
[2026-04-21 23:30:13,282] Elapsed since last report = 0[s]
[2026-04-21 23:30:13,282] Elapsed iters 220000 inps 7361 outs 200
[2026-04-21 23:30:13,282] Elapsed since last report = 0[s]
[2026-04-21 23:30:13,282] Elapsed iters 221000 inps 7361 outs 200
[2026-04-21 23:30:13,282] Elapsed since last report = 0[s]
[2026-04-21 23:30:13,282] Elapsed iters 222000 inps 7361 outs 200
[2026-04-21 23:30:13,282] Elapsed since last report = 0[s]
[2026-04-21 23:30:13,282] Elapsed iters 223000 inps 7361 outs 200
[2026-04-21 23:30:13,282] Elapsed since last report = 0[s]
[2026-04-21 23:30:13,282] Elapsed iters 224000 inps 7361 outs 210
[2026-04-21 23:30:13,282] Elapsed since last report = 0[s]
[2026-04-21 23:30:13,282] Elapsed iters 225000 inps 7361 outs 210
[2026-04-21 23:30:13,282] Elapsed since last report = 0[s]
[2026-04-21 23:30:13,282] Elapsed iters 226000 inps 7681 outs 210
[2026-04-21 23:30:13,282] Elapsed since last report = 0[s]
[2026-04-21 23:30:13,282] Elapsed iters 227000 inps 7681 outs 210
[2026-04-21 23:30:13,282] Elapsed since last report = 0[s]
[2026-04-21 23:30:13,282] Elapsed iters 228000 inps 7681 outs 210
[2026-04-21 23:30:13,282] Elapsed since last report = 0[s]
[2026-04-21 23:30:13,282] Elapsed iters 229000 inps 7681 outs 210
[2026-04-21 23:30:13,282] Elapsed since last report = 0[s]
[2026-04-21 23:30:13,282] Elapsed iters 230000 inps 7681 outs 210
[2026-04-21 23:30:13,282] Elapsed since last report = 0[s]
[2026-04-21 23:30:13,282] Elapsed iters 231000 inps 7681 outs 210
[2026-04-21 23:30:13,282] Elapsed since last report = 0[s]
[2026-04-21 23:30:13,282] Elapsed iters 232000 inps 7681 outs 210
[2026-04-21 23:30:13,282] Elapsed since last report = 0[s]
[2026-04-21 23:30:13,282] Elapsed iters 233000 inps 7681 outs 210
[2026-04-21 23:30:13,282] Elapsed since last report = 0[s]
[2026-04-21 23:30:13,282] Elapsed iters 234000 inps 7681 outs 217
[2026-04-21 23:30:13,282] Elapsed since last report = 0[s]
[2026-04-21 23:30:13,282] Elapsed iters 235000 inps 7681 outs 220
[2026-04-21 23:30:13,282] Elapsed since last report = 0[s]
[2026-04-21 23:30:13,283] Elapsed iters 236000 inps 7926 outs 220
[2026-04-21 23:30:13,283] Elapsed since last report = 0[s]
[2026-04-21 23:30:13,283] Elapsed iters 237000 inps 8001 outs 220
[2026-04-21 23:30:13,283] Elapsed since last report = 0[s]
[2026-04-21 23:30:13,283] Elapsed iters 238000 inps 8001 outs 220
[2026-04-21 23:30:13,283] Elapsed since last report = 0[s]
[2026-04-21 23:30:13,283] Elapsed iters 239000 inps 8001 outs 220
[2026-04-21 23:30:13,283] Elapsed since last report = 0[s]
[2026-04-21 23:30:13,283] Elapsed iters 240000 inps 8001 outs 220
[2026-04-21 23:30:13,283] Elapsed since last report = 0[s]
[2026-04-21 23:30:13,283] Elapsed iters 241000 inps 8001 outs 220
[2026-04-21 23:30:13,283] Elapsed since last report = 0[s]
[2026-04-21 23:30:13,283] Elapsed iters 242000 inps 8001 outs 220
[2026-04-21 23:30:13,283] Elapsed since last report = 0[s]
[2026-04-21 23:30:13,283] Elapsed iters 243000 inps 8001 outs 220
[2026-04-21 23:30:13,283] Elapsed since last report = 0[s]
[2026-04-21 23:30:13,283] Elapsed iters 244000 inps 8001 outs 223
[2026-04-21 23:30:13,283] Elapsed since last report = 0[s]
[2026-04-21 23:30:13,283] Elapsed iters 245000 inps 8001 outs 230
[2026-04-21 23:30:13,283] Elapsed since last report = 0[s]
[2026-04-21 23:30:13,283] Elapsed iters 246000 inps 8001 outs 230
[2026-04-21 23:30:13,283] Elapsed since last report = 0[s]
[2026-04-21 23:30:13,283] Elapsed iters 247000 inps 8321 outs 230
[2026-04-21 23:30:13,283] Elapsed since last report = 0[s]
[2026-04-21 23:30:13,283] Elapsed iters 248000 inps 8321 outs 230
[2026-04-21 23:30:13,283] Elapsed since last report = 0[s]
[2026-04-21 23:30:13,283] Elapsed iters 249000 inps 8321 outs 230
[2026-04-21 23:30:13,283] Elapsed since last report = 0[s]
[2026-04-21 23:30:13,283] Elapsed iters 250000 inps 8321 outs 230
[2026-04-21 23:30:13,283] Elapsed since last report = 0[s]
[2026-04-21 23:30:13,283] Elapsed iters 251000 inps 8321 outs 230
[2026-04-21 23:30:13,283] Elapsed since last report = 0[s]
[2026-04-21 23:30:13,283] Elapsed iters 252000 inps 8321 outs 230
[2026-04-21 23:30:13,283] Elapsed since last report = 0[s]
[2026-04-21 23:30:13,283] Elapsed iters 253000 inps 8321 outs 230
[2026-04-21 23:30:13,283] Elapsed since last report = 0[s]
[2026-04-21 23:30:13,283] Elapsed iters 254000 inps 8321 outs 230
[2026-04-21 23:30:13,283] Elapsed since last report = 0[s]
[2026-04-21 23:30:13,283] Elapsed iters 255000 inps 8321 outs 240
[2026-04-21 23:30:13,283] Elapsed since last report = 0[s]
[2026-04-21 23:30:13,283] Elapsed iters 256000 inps 8321 outs 240
[2026-04-21 23:30:13,283] Elapsed since last report = 0[s]
[2026-04-21 23:30:13,283] Elapsed iters 257000 inps 8641 outs 240
[2026-04-21 23:30:13,283] Elapsed since last report = 0[s]
[2026-04-21 23:30:13,283] Elapsed iters 258000 inps 8641 outs 240
[2026-04-21 23:30:13,283] Elapsed since last report = 0[s]
[2026-04-21 23:30:13,283] Elapsed iters 259000 inps 8641 outs 240
[2026-04-21 23:30:13,283] Elapsed since last report = 0[s]
[2026-04-21 23:30:13,283] Elapsed iters 260000 inps 8641 outs 240
[2026-04-21 23:30:13,283] Elapsed since last report = 0[s]
[2026-04-21 23:30:13,283] Elapsed iters 261000 inps 8641 outs 240
[2026-04-21 23:30:13,283] Elapsed since last report = 0[s]
[2026-04-21 23:30:13,283] Elapsed iters 262000 inps 8641 outs 240
[2026-04-21 23:30:13,283] Elapsed since last report = 0[s]
[2026-04-21 23:30:13,283] Elapsed iters 263000 inps 8641 outs 240
[2026-04-21 23:30:13,283] Elapsed since last report = 0[s]
[2026-04-21 23:30:13,283] Elapsed iters 264000 inps 8641 outs 240
[2026-04-21 23:30:13,283] Elapsed since last report = 0[s]
[2026-04-21 23:30:13,283] Elapsed iters 265000 inps 8641 outs 250
[2026-04-21 23:30:13,283] Elapsed since last report = 0[s]
[2026-04-21 23:30:13,283] Elapsed iters 266000 inps 8641 outs 250
[2026-04-21 23:30:13,283] Elapsed since last report = 0[s]
[2026-04-21 23:30:13,283] Elapsed iters 267000 inps 8961 outs 250
[2026-04-21 23:30:13,283] Elapsed since last report = 0[s]
[2026-04-21 23:30:13,283] Elapsed iters 268000 inps 8961 outs 250
[2026-04-21 23:30:13,283] Elapsed since last report = 0[s]
[2026-04-21 23:30:13,283] Elapsed iters 269000 inps 8961 outs 250
[2026-04-21 23:30:13,283] Elapsed since last report = 0[s]
[2026-04-21 23:30:13,283] Elapsed iters 270000 inps 8961 outs 250
[2026-04-21 23:30:13,283] Elapsed since last report = 0[s]
[2026-04-21 23:30:13,283] Elapsed iters 271000 inps 8961 outs 250
[2026-04-21 23:30:13,283] Elapsed since last report = 0[s]
[2026-04-21 23:30:13,283] Elapsed iters 272000 inps 8961 outs 250
[2026-04-21 23:30:13,283] Elapsed since last report = 0[s]
[2026-04-21 23:30:13,283] Elapsed iters 273000 inps 8961 outs 250
[2026-04-21 23:30:13,283] Elapsed since last report = 0[s]
[2026-04-21 23:30:13,283] Elapsed iters 274000 inps 8961 outs 250
[2026-04-21 23:30:13,283] Elapsed since last report = 0[s]
[2026-04-21 23:30:13,283] Elapsed iters 275000 inps 8961 outs 257
[2026-04-21 23:30:13,283] Elapsed since last report = 0[s]
[2026-04-21 23:30:13,283] Elapsed iters 276000 inps 8961 outs 260
[2026-04-21 23:30:13,283] Elapsed since last report = 0[s]
[2026-04-21 23:30:13,283] Elapsed iters 277000 inps 9206 outs 260
[2026-04-21 23:30:13,283] Elapsed since last report = 0[s]
[2026-04-21 23:30:13,283] Elapsed iters 278000 inps 9281 outs 260
[2026-04-21 23:30:13,283] Elapsed since last report = 0[s]
[2026-04-21 23:30:13,283] Elapsed iters 279000 inps 9281 outs 260
[2026-04-21 23:30:13,283] Elapsed since last report = 0[s]
[2026-04-21 23:30:13,283] Elapsed iters 280000 inps 9281 outs 260
[2026-04-21 23:30:13,283] Elapsed since last report = 0[s]
[2026-04-21 23:30:13,283] Elapsed iters 281000 inps 9281 outs 260
[2026-04-21 23:30:13,283] Elapsed since last report = 0[s]
[2026-04-21 23:30:13,283] Elapsed iters 282000 inps 9281 outs 260
[2026-04-21 23:30:13,283] Elapsed since last report = 0[s]
[2026-04-21 23:30:13,283] Elapsed iters 283000 inps 9281 outs 260
[2026-04-21 23:30:13,283] Elapsed since last report = 0[s]
[2026-04-21 23:30:13,283] Elapsed iters 284000 inps 9281 outs 260
[2026-04-21 23:30:13,283] Elapsed since last report = 0[s]
[2026-04-21 23:30:13,283] Elapsed iters 285000 inps 9281 outs 263
[2026-04-21 23:30:13,283] Elapsed since last report = 0[s]
[2026-04-21 23:30:13,283] Elapsed iters 286000 inps 9281 outs 270
[2026-04-21 23:30:13,283] Elapsed since last report = 0[s]
[2026-04-21 23:30:13,283] Elapsed iters 287000 inps 9281 outs 270
[2026-04-21 23:30:13,283] Elapsed since last report = 0[s]
[2026-04-21 23:30:13,283] Elapsed iters 288000 inps 9601 outs 270
[2026-04-21 23:30:13,283] Elapsed since last report = 0[s]
[2026-04-21 23:30:13,283] Elapsed iters 289000 inps 9601 outs 270
[2026-04-21 23:30:13,283] Elapsed since last report = 0[s]
[2026-04-21 23:30:13,283] Elapsed iters 290000 inps 9601 outs 270
[2026-04-21 23:30:13,283] Elapsed since last report = 0[s]
[2026-04-21 23:30:13,283] Elapsed iters 291000 inps 9601 outs 270
[2026-04-21 23:30:13,283] Elapsed since last report = 0[s]
[2026-04-21 23:30:13,283] Elapsed iters 292000 inps 9601 outs 270
[2026-04-21 23:30:13,283] Elapsed since last report = 0[s]
[2026-04-21 23:30:13,283] Elapsed iters 293000 inps 9601 outs 270
[2026-04-21 23:30:13,283] Elapsed since last report = 0[s]
[2026-04-21 23:30:13,283] Elapsed iters 294000 inps 9601 outs 270
[2026-04-21 23:30:13,283] Elapsed since last report = 0[s]
[2026-04-21 23:30:13,283] Elapsed iters 295000 inps 9601 outs 270
[2026-04-21 23:30:13,283] Elapsed since last report = 0[s]
[2026-04-21 23:30:13,283] Elapsed iters 296000 inps 9601 outs 280
[2026-04-21 23:30:13,283] Elapsed since last report = 0[s]
[2026-04-21 23:30:13,283] Elapsed iters 297000 inps 9601 outs 280
[2026-04-21 23:30:13,283] Elapsed since last report = 0[s]
[2026-04-21 23:30:13,283] Elapsed iters 298000 inps 9921 outs 280
[2026-04-21 23:30:13,283] Elapsed since last report = 0[s]
[2026-04-21 23:30:13,283] Elapsed iters 299000 inps 9921 outs 280
[2026-04-21 23:30:13,283] Elapsed since last report = 0[s]
[2026-04-21 23:30:13,283] Elapsed iters 300000 inps 9921 outs 280
[2026-04-21 23:30:13,283] Elapsed since last report = 0[s]
[2026-04-21 23:30:13,284] Elapsed iters 301000 inps 9921 outs 280
[2026-04-21 23:30:13,284] Elapsed since last report = 0[s]
[2026-04-21 23:30:13,284] Elapsed iters 302000 inps 9921 outs 280
[2026-04-21 23:30:13,284] Elapsed since last report = 0[s]
[2026-04-21 23:30:13,284] Elapsed iters 303000 inps 9921 outs 280
[2026-04-21 23:30:13,284] Elapsed since last report = 0[s]
[2026-04-21 23:30:13,284] Elapsed iters 304000 inps 9921 outs 280
[2026-04-21 23:30:13,284] Elapsed since last report = 0[s]
[2026-04-21 23:30:13,284] Elapsed iters 305000 inps 9921 outs 280
[2026-04-21 23:30:13,284] Elapsed since last report = 0[s]
[2026-04-21 23:30:13,284] Elapsed iters 306000 inps 9921 outs 290
[2026-04-21 23:30:13,284] Elapsed since last report = 0[s]
[2026-04-21 23:30:13,284] Elapsed iters 307000 inps 9921 outs 290
[2026-04-21 23:30:13,284] Elapsed since last report = 0[s]
[2026-04-21 23:30:13,284] Elapsed iters 308000 inps 10241 outs 290
[2026-04-21 23:30:13,284] Elapsed since last report = 0[s]
[2026-04-21 23:30:13,284] Elapsed iters 309000 inps 10241 outs 290
[2026-04-21 23:30:13,284] Elapsed since last report = 0[s]
[2026-04-21 23:30:13,284] Elapsed iters 310000 inps 10241 outs 290
[2026-04-21 23:30:13,284] Elapsed since last report = 0[s]
[2026-04-21 23:30:13,284] Elapsed iters 311000 inps 10241 outs 290
[2026-04-21 23:30:13,284] Elapsed since last report = 0[s]
[2026-04-21 23:30:13,284] Elapsed iters 312000 inps 10241 outs 290
[2026-04-21 23:30:13,284] Elapsed since last report = 0[s]
[2026-04-21 23:30:13,284] Elapsed iters 313000 inps 10241 outs 290
[2026-04-21 23:30:13,284] Elapsed since last report = 0[s]
[2026-04-21 23:30:13,284] Elapsed iters 314000 inps 10241 outs 290
[2026-04-21 23:30:13,284] Elapsed since last report = 0[s]
[2026-04-21 23:30:13,284] Elapsed iters 315000 inps 10241 outs 290
[2026-04-21 23:30:13,284] Elapsed since last report = 0[s]
[2026-04-21 23:30:13,284] Elapsed iters 316000 inps 10241 outs 297
[2026-04-21 23:30:13,284] Elapsed since last report = 0[s]
[2026-04-21 23:30:13,284] Elapsed iters 317000 inps 10241 outs 300
[2026-04-21 23:30:13,284] Elapsed since last report = 0[s]
[2026-04-21 23:30:13,284] Elapsed iters 318000 inps 10486 outs 300
[2026-04-21 23:30:13,284] Elapsed since last report = 0[s]
[2026-04-21 23:30:13,284] Elapsed iters 319000 inps 10561 outs 300
[2026-04-21 23:30:13,284] Elapsed since last report = 0[s]
[2026-04-21 23:30:13,284] Elapsed iters 320000 inps 10561 outs 300
[2026-04-21 23:30:13,284] Elapsed since last report = 0[s]
[2026-04-21 23:30:13,284] Elapsed iters 321000 inps 10561 outs 300
[2026-04-21 23:30:13,284] Elapsed since last report = 0[s]
[2026-04-21 23:30:13,284] Elapsed iters 322000 inps 10561 outs 300
[2026-04-21 23:30:13,284] Elapsed since last report = 0[s]
[2026-04-21 23:30:13,284] Elapsed iters 323000 inps 10561 outs 300
[2026-04-21 23:30:13,284] Elapsed since last report = 0[s]
[2026-04-21 23:30:13,284] Elapsed iters 324000 inps 10561 outs 300
[2026-04-21 23:30:13,284] Elapsed since last report = 0[s]
[2026-04-21 23:30:13,284] Elapsed iters 325000 inps 10561 outs 300
[2026-04-21 23:30:13,284] Elapsed since last report = 0[s]
[2026-04-21 23:30:13,284] Elapsed iters 326000 inps 10561 outs 303
[2026-04-21 23:30:13,284] Elapsed since last report = 0[s]
[2026-04-21 23:30:13,284] Elapsed iters 327000 inps 10561 outs 310
[2026-04-21 23:30:13,284] Elapsed since last report = 0[s]
[2026-04-21 23:30:13,284] Elapsed iters 328000 inps 10561 outs 310
[2026-04-21 23:30:13,284] Elapsed since last report = 0[s]
[2026-04-21 23:30:13,284] Elapsed iters 329000 inps 10881 outs 310
[2026-04-21 23:30:13,284] Elapsed since last report = 0[s]
[2026-04-21 23:30:13,284] Elapsed iters 330000 inps 10881 outs 310
[2026-04-21 23:30:13,284] Elapsed since last report = 0[s]
[2026-04-21 23:30:13,284] Elapsed iters 331000 inps 10881 outs 310
[2026-04-21 23:30:13,284] Elapsed since last report = 0[s]
[2026-04-21 23:30:13,284] Elapsed iters 332000 inps 10881 outs 310
[2026-04-21 23:30:13,284] Elapsed since last report = 0[s]
[2026-04-21 23:30:13,284] Elapsed iters 333000 inps 10881 outs 310
[2026-04-21 23:30:13,284] Elapsed since last report = 0[s]
[2026-04-21 23:30:13,284] Elapsed iters 334000 inps 10881 outs 310
[2026-04-21 23:30:13,284] Elapsed since last report = 0[s]
[2026-04-21 23:30:13,284] Elapsed iters 335000 inps 10881 outs 310
[2026-04-21 23:30:13,284] Elapsed since last report = 0[s]
[2026-04-21 23:30:13,284] Elapsed iters 336000 inps 10881 outs 310
[2026-04-21 23:30:13,284] Elapsed since last report = 0[s]
[2026-04-21 23:30:13,284] Elapsed iters 337000 inps 10881 outs 320
[2026-04-21 23:30:13,284] Elapsed since last report = 0[s]
[2026-04-21 23:30:13,284] Elapsed iters 338000 inps 10881 outs 320
[2026-04-21 23:30:13,284] Elapsed since last report = 0[s]
[2026-04-21 23:30:13,284] Elapsed iters 339000 inps 11201 outs 320
[2026-04-21 23:30:13,284] Elapsed since last report = 0[s]
[2026-04-21 23:30:13,284] Elapsed iters 340000 inps 11201 outs 320
[2026-04-21 23:30:13,284] Elapsed since last report = 0[s]
[2026-04-21 23:30:13,284] Elapsed iters 341000 inps 11201 outs 320
[2026-04-21 23:30:13,284] Elapsed since last report = 0[s]
[2026-04-21 23:30:13,284] Elapsed iters 342000 inps 11201 outs 320
[2026-04-21 23:30:13,284] Elapsed since last report = 0[s]
[2026-04-21 23:30:13,284] Elapsed iters 343000 inps 11201 outs 320
[2026-04-21 23:30:13,284] Elapsed since last report = 0[s]
[2026-04-21 23:30:13,284] Elapsed iters 344000 inps 11201 outs 320
[2026-04-21 23:30:13,284] Elapsed since last report = 0[s]
[2026-04-21 23:30:13,284] Elapsed iters 345000 inps 11201 outs 320
[2026-04-21 23:30:13,284] Elapsed since last report = 0[s]
[2026-04-21 23:30:13,284] Elapsed iters 346000 inps 11201 outs 320
[2026-04-21 23:30:13,284] Elapsed since last report = 0[s]
[2026-04-21 23:30:13,284] Elapsed iters 347000 inps 11201 outs 330
[2026-04-21 23:30:13,284] Elapsed since last report = 0[s]
[2026-04-21 23:30:13,284] Elapsed iters 348000 inps 11201 outs 330
[2026-04-21 23:30:13,284] Elapsed since last report = 0[s]
[2026-04-21 23:30:13,284] Elapsed iters 349000 inps 11521 outs 330
[2026-04-21 23:30:13,284] Elapsed since last report = 0[s]
[2026-04-21 23:30:13,284] Elapsed iters 350000 inps 11521 outs 330
[2026-04-21 23:30:13,284] Elapsed since last report = 0[s]
[2026-04-21 23:30:13,284] Elapsed iters 351000 inps 11521 outs 330
[2026-04-21 23:30:13,284] Elapsed since last report = 0[s]
[2026-04-21 23:30:13,284] Elapsed iters 352000 inps 11521 outs 330
[2026-04-21 23:30:13,284] Elapsed since last report = 0[s]
[2026-04-21 23:30:13,284] Elapsed iters 353000 inps 11521 outs 330
[2026-04-21 23:30:13,284] Elapsed since last report = 0[s]
[2026-04-21 23:30:13,284] Elapsed iters 354000 inps 11521 outs 330
[2026-04-21 23:30:13,284] Elapsed since last report = 0[s]
[2026-04-21 23:30:13,284] Elapsed iters 355000 inps 11521 outs 330
[2026-04-21 23:30:13,284] Elapsed since last report = 0[s]
[2026-04-21 23:30:13,284] Elapsed iters 356000 inps 11521 outs 330
[2026-04-21 23:30:13,284] Elapsed since last report = 0[s]
[2026-04-21 23:30:13,284] Elapsed iters 357000 inps 11521 outs 337
[2026-04-21 23:30:13,284] Elapsed since last report = 0[s]
[2026-04-21 23:30:13,284] Elapsed iters 358000 inps 11521 outs 340
[2026-04-21 23:30:13,284] Elapsed since last report = 0[s]
[2026-04-21 23:30:13,284] Elapsed iters 359000 inps 11766 outs 340
[2026-04-21 23:30:13,284] Elapsed since last report = 0[s]
[2026-04-21 23:30:13,284] Elapsed iters 360000 inps 11841 outs 340
[2026-04-21 23:30:13,284] Elapsed since last report = 0[s]
[2026-04-21 23:30:13,284] Elapsed iters 361000 inps 11841 outs 340
[2026-04-21 23:30:13,284] Elapsed since last report = 0[s]
[2026-04-21 23:30:13,284] Elapsed iters 362000 inps 11841 outs 340
[2026-04-21 23:30:13,284] Elapsed since last report = 0[s]
[2026-04-21 23:30:13,284] Elapsed iters 363000 inps 11841 outs 340
[2026-04-21 23:30:13,284] Elapsed since last report = 0[s]
[2026-04-21 23:30:13,284] Elapsed iters 364000 inps 11841 outs 340
[2026-04-21 23:30:13,284] Elapsed since last report = 0[s]
[2026-04-21 23:30:13,284] Elapsed iters 365000 inps 11841 outs 340
[2026-04-21 23:30:13,284] Elapsed since last report = 0[s]
[2026-04-21 23:30:13,284] Elapsed iters 366000 inps 11841 outs 340
[2026-04-21 23:30:13,284] Elapsed since last report = 0[s]
[2026-04-21 23:30:13,285] Elapsed iters 367000 inps 11841 outs 343
[2026-04-21 23:30:13,285] Elapsed since last report = 0[s]
[2026-04-21 23:30:13,285] Elapsed iters 368000 inps 11841 outs 350
[2026-04-21 23:30:13,285] Elapsed since last report = 0[s]
[2026-04-21 23:30:13,285] Elapsed iters 369000 inps 11841 outs 350
[2026-04-21 23:30:13,285] Elapsed since last report = 0[s]
[2026-04-21 23:30:13,285] Elapsed iters 370000 inps 12161 outs 350
[2026-04-21 23:30:13,285] Elapsed since last report = 0[s]
[2026-04-21 23:30:13,285] Elapsed iters 371000 inps 12161 outs 350
[2026-04-21 23:30:13,285] Elapsed since last report = 0[s]
[2026-04-21 23:30:13,285] Elapsed iters 372000 inps 12161 outs 350
[2026-04-21 23:30:13,285] Elapsed since last report = 0[s]
[2026-04-21 23:30:13,285] Elapsed iters 373000 inps 12161 outs 350
[2026-04-21 23:30:13,285] Elapsed since last report = 0[s]
[2026-04-21 23:30:13,285] Elapsed iters 374000 inps 12161 outs 350
[2026-04-21 23:30:13,285] Elapsed since last report = 0[s]
[2026-04-21 23:30:13,285] Elapsed iters 375000 inps 12161 outs 350
[2026-04-21 23:30:13,285] Elapsed since last report = 0[s]
[2026-04-21 23:30:13,285] Elapsed iters 376000 inps 12161 outs 350
[2026-04-21 23:30:13,285] Elapsed since last report = 0[s]
[2026-04-21 23:30:13,285] Elapsed iters 377000 inps 12161 outs 350
[2026-04-21 23:30:13,285] Elapsed since last report = 0[s]
[2026-04-21 23:30:13,285] Elapsed iters 378000 inps 12161 outs 360
[2026-04-21 23:30:13,285] Elapsed since last report = 0[s]
[2026-04-21 23:30:13,285] Elapsed iters 379000 inps 12161 outs 360
[2026-04-21 23:30:13,285] Elapsed since last report = 0[s]
[2026-04-21 23:30:13,285] Elapsed iters 380000 inps 12481 outs 360
[2026-04-21 23:30:13,285] Elapsed since last report = 0[s]
[2026-04-21 23:30:13,285] Elapsed iters 381000 inps 12481 outs 360
[2026-04-21 23:30:13,285] Elapsed since last report = 0[s]
[2026-04-21 23:30:13,285] Elapsed iters 382000 inps 12481 outs 360
[2026-04-21 23:30:13,285] Elapsed since last report = 0[s]
[2026-04-21 23:30:13,285] Elapsed iters 383000 inps 12481 outs 360
[2026-04-21 23:30:13,285] Elapsed since last report = 0[s]
[2026-04-21 23:30:13,285] Elapsed iters 384000 inps 12481 outs 360
[2026-04-21 23:30:13,285] Elapsed since last report = 0[s]
[2026-04-21 23:30:13,285] Elapsed iters 385000 inps 12481 outs 360
[2026-04-21 23:30:13,285] Elapsed since last report = 0[s]
[2026-04-21 23:30:13,285] Elapsed iters 386000 inps 12481 outs 360
[2026-04-21 23:30:13,285] Elapsed since last report = 0[s]
[2026-04-21 23:30:13,285] Elapsed iters 387000 inps 12481 outs 360
[2026-04-21 23:30:13,285] Elapsed since last report = 0[s]
[2026-04-21 23:30:13,285] Elapsed iters 388000 inps 12481 outs 370
[2026-04-21 23:30:13,285] Elapsed since last report = 0[s]
[2026-04-21 23:30:13,285] Elapsed iters 389000 inps 12481 outs 370
[2026-04-21 23:30:13,285] Elapsed since last report = 0[s]
[2026-04-21 23:30:13,285] Elapsed iters 390000 inps 12801 outs 370
[2026-04-21 23:30:13,285] Elapsed since last report = 0[s]
[2026-04-21 23:30:13,285] Elapsed iters 391000 inps 12801 outs 370
[2026-04-21 23:30:13,285] Elapsed since last report = 0[s]
[2026-04-21 23:30:13,285] Elapsed iters 392000 inps 12801 outs 370
[2026-04-21 23:30:13,285] Elapsed since last report = 0[s]
[2026-04-21 23:30:13,285] Elapsed iters 393000 inps 12801 outs 370
[2026-04-21 23:30:13,285] Elapsed since last report = 0[s]
[2026-04-21 23:30:13,285] Elapsed iters 394000 inps 12801 outs 370
[2026-04-21 23:30:13,285] Elapsed since last report = 0[s]
[2026-04-21 23:30:13,285] Elapsed iters 395000 inps 12801 outs 370
[2026-04-21 23:30:13,285] Elapsed since last report = 0[s]
[2026-04-21 23:30:13,285] Elapsed iters 396000 inps 12801 outs 370
[2026-04-21 23:30:13,285] Elapsed since last report = 0[s]
[2026-04-21 23:30:13,285] Elapsed iters 397000 inps 12801 outs 370
[2026-04-21 23:30:13,285] Elapsed since last report = 0[s]
[2026-04-21 23:30:13,285] Elapsed iters 398000 inps 12801 outs 377
[2026-04-21 23:30:13,285] Elapsed since last report = 0[s]
[2026-04-21 23:30:13,285] Elapsed iters 399000 inps 12801 outs 380
[2026-04-21 23:30:13,285] Elapsed since last report = 0[s]
[2026-04-21 23:30:13,285] Elapsed iters 400000 inps 13046 outs 380
[2026-04-21 23:30:13,285] Elapsed since last report = 0[s]
[2026-04-21 23:30:13,285] Elapsed iters 401000 inps 13121 outs 380
[2026-04-21 23:30:13,285] Elapsed since last report = 0[s]
[2026-04-21 23:30:13,285] Elapsed iters 402000 inps 13121 outs 380
[2026-04-21 23:30:13,285] Elapsed since last report = 0[s]
[2026-04-21 23:30:13,285] Elapsed iters 403000 inps 13121 outs 380
[2026-04-21 23:30:13,285] Elapsed since last report = 0[s]
[2026-04-21 23:30:13,285] Elapsed iters 404000 inps 13121 outs 380
[2026-04-21 23:30:13,285] Elapsed since last report = 0[s]
[2026-04-21 23:30:13,285] Elapsed iters 405000 inps 13121 outs 380
[2026-04-21 23:30:13,285] Elapsed since last report = 0[s]
[2026-04-21 23:30:13,285] Elapsed iters 406000 inps 13121 outs 380
[2026-04-21 23:30:13,285] Elapsed since last report = 0[s]
[2026-04-21 23:30:13,285] Elapsed iters 407000 inps 13121 outs 380
[2026-04-21 23:30:13,285] Elapsed since last report = 0[s]
[2026-04-21 23:30:13,285] Elapsed iters 408000 inps 13121 outs 383
[2026-04-21 23:30:13,285] Elapsed since last report = 0[s]
[2026-04-21 23:30:13,285] Elapsed iters 409000 inps 13121 outs 390
[2026-04-21 23:30:13,285] Elapsed since last report = 0[s]
[2026-04-21 23:30:13,285] Elapsed iters 410000 inps 13121 outs 390
[2026-04-21 23:30:13,285] Elapsed since last report = 0[s]
[2026-04-21 23:30:13,285] Elapsed iters 411000 inps 13441 outs 390
[2026-04-21 23:30:13,285] Elapsed since last report = 0[s]
[2026-04-21 23:30:13,285] Elapsed iters 412000 inps 13441 outs 390
[2026-04-21 23:30:13,285] Elapsed since last report = 0[s]
[2026-04-21 23:30:13,285] Elapsed iters 413000 inps 13441 outs 390
[2026-04-21 23:30:13,285] Elapsed since last report = 0[s]
[2026-04-21 23:30:13,285] Elapsed iters 414000 inps 13441 outs 390
[2026-04-21 23:30:13,285] Elapsed since last report = 0[s]
[2026-04-21 23:30:13,285] Elapsed iters 415000 inps 13441 outs 390
[2026-04-21 23:30:13,285] Elapsed since last report = 0[s]
[2026-04-21 23:30:13,285] Elapsed iters 416000 inps 13441 outs 390
[2026-04-21 23:30:13,285] Elapsed since last report = 0[s]
[2026-04-21 23:30:13,285] Elapsed iters 417000 inps 13441 outs 390
[2026-04-21 23:30:13,285] Elapsed since last report = 0[s]
[2026-04-21 23:30:13,285] Elapsed iters 418000 inps 13441 outs 390
[2026-04-21 23:30:13,285] Elapsed since last report = 0[s]
[2026-04-21 23:30:13,285] Elapsed iters 419000 inps 13441 outs 400
[2026-04-21 23:30:13,285] Elapsed since last report = 0[s]
[2026-04-21 23:30:13,285] Elapsed iters 420000 inps 13441 outs 400
[2026-04-21 23:30:13,285] Elapsed since last report = 0[s]
[2026-04-21 23:30:13,285] Elapsed iters 421000 inps 13761 outs 400
[2026-04-21 23:30:13,285] Elapsed since last report = 0[s]
[2026-04-21 23:30:13,285] Elapsed iters 422000 inps 13761 outs 400
[2026-04-21 23:30:13,285] Elapsed since last report = 0[s]
[2026-04-21 23:30:13,285] Elapsed iters 423000 inps 13761 outs 400
[2026-04-21 23:30:13,285] Elapsed since last report = 0[s]
[2026-04-21 23:30:13,285] Elapsed iters 424000 inps 13761 outs 400
[2026-04-21 23:30:13,285] Elapsed since last report = 0[s]
[2026-04-21 23:30:13,285] Elapsed iters 425000 inps 13761 outs 400
[2026-04-21 23:30:13,285] Elapsed since last report = 0[s]
[2026-04-21 23:30:13,285] Elapsed iters 426000 inps 13761 outs 400
[2026-04-21 23:30:13,285] Elapsed since last report = 0[s]
[2026-04-21 23:30:13,285] Elapsed iters 427000 inps 13761 outs 400
[2026-04-21 23:30:13,285] Elapsed since last report = 0[s]
[2026-04-21 23:30:13,285] Elapsed iters 428000 inps 13761 outs 400
[2026-04-21 23:30:13,285] Elapsed since last report = 0[s]
[2026-04-21 23:30:13,285] Elapsed iters 429000 inps 13761 outs 410
[2026-04-21 23:30:13,285] Elapsed since last report = 0[s]
[2026-04-21 23:30:13,285] Elapsed iters 430000 inps 13761 outs 410
[2026-04-21 23:30:13,285] Elapsed since last report = 0[s]
[2026-04-21 23:30:13,285] Elapsed iters 431000 inps 14081 outs 410
[2026-04-21 23:30:13,285] Elapsed since last report = 0[s]
[2026-04-21 23:30:13,286] Elapsed iters 432000 inps 14081 outs 410
[2026-04-21 23:30:13,286] Elapsed since last report = 0[s]
[2026-04-21 23:30:13,286] Elapsed iters 433000 inps 14081 outs 410
[2026-04-21 23:30:13,286] Elapsed since last report = 0[s]
[2026-04-21 23:30:13,286] Elapsed iters 434000 inps 14081 outs 410
[2026-04-21 23:30:13,286] Elapsed since last report = 0[s]
[2026-04-21 23:30:13,286] Elapsed iters 435000 inps 14081 outs 410
[2026-04-21 23:30:13,286] Elapsed since last report = 0[s]
[2026-04-21 23:30:13,286] Elapsed iters 436000 inps 14081 outs 410
[2026-04-21 23:30:13,286] Elapsed since last report = 0[s]
[2026-04-21 23:30:13,286] Elapsed iters 437000 inps 14081 outs 410
[2026-04-21 23:30:13,286] Elapsed since last report = 0[s]
[2026-04-21 23:30:13,286] Elapsed iters 438000 inps 14081 outs 410
[2026-04-21 23:30:13,286] Elapsed since last report = 0[s]
[2026-04-21 23:30:13,286] Elapsed iters 439000 inps 14081 outs 417
[2026-04-21 23:30:13,286] Elapsed since last report = 0[s]
[2026-04-21 23:30:13,286] Elapsed iters 440000 inps 14081 outs 420
[2026-04-21 23:30:13,286] Elapsed since last report = 0[s]
[2026-04-21 23:30:13,286] Elapsed iters 441000 inps 14326 outs 420
[2026-04-21 23:30:13,286] Elapsed since last report = 0[s]
[2026-04-21 23:30:13,286] Elapsed iters 442000 inps 14401 outs 420
[2026-04-21 23:30:13,286] Elapsed since last report = 0[s]
[2026-04-21 23:30:13,286] Elapsed iters 443000 inps 14401 outs 420
[2026-04-21 23:30:13,286] Elapsed since last report = 0[s]
[2026-04-21 23:30:13,286] Elapsed iters 444000 inps 14401 outs 420
[2026-04-21 23:30:13,286] Elapsed since last report = 0[s]
[2026-04-21 23:30:13,286] Elapsed iters 445000 inps 14401 outs 420
[2026-04-21 23:30:13,286] Elapsed since last report = 0[s]
[2026-04-21 23:30:13,286] Elapsed iters 446000 inps 14401 outs 420
[2026-04-21 23:30:13,286] Elapsed since last report = 0[s]
[2026-04-21 23:30:13,286] Elapsed iters 447000 inps 14401 outs 420
[2026-04-21 23:30:13,286] Elapsed since last report = 0[s]
[2026-04-21 23:30:13,286] Elapsed iters 448000 inps 14401 outs 420
[2026-04-21 23:30:13,286] Elapsed since last report = 0[s]
[2026-04-21 23:30:13,286] Elapsed iters 449000 inps 14401 outs 423
[2026-04-21 23:30:13,286] Elapsed since last report = 0[s]
[2026-04-21 23:30:13,286] Elapsed iters 450000 inps 14401 outs 430
[2026-04-21 23:30:13,286] Elapsed since last report = 0[s]
[2026-04-21 23:30:13,286] Elapsed iters 451000 inps 14401 outs 430
[2026-04-21 23:30:13,286] Elapsed since last report = 0[s]
[2026-04-21 23:30:13,286] Elapsed iters 452000 inps 14721 outs 430
[2026-04-21 23:30:13,286] Elapsed since last report = 0[s]
[2026-04-21 23:30:13,286] Elapsed iters 453000 inps 14721 outs 430
[2026-04-21 23:30:13,286] Elapsed since last report = 0[s]
[2026-04-21 23:30:13,286] Elapsed iters 454000 inps 14721 outs 430
[2026-04-21 23:30:13,286] Elapsed since last report = 0[s]
[2026-04-21 23:30:13,286] Elapsed iters 455000 inps 14721 outs 430
[2026-04-21 23:30:13,286] Elapsed since last report = 0[s]
[2026-04-21 23:30:13,286] Elapsed iters 456000 inps 14721 outs 430
[2026-04-21 23:30:13,286] Elapsed since last report = 0[s]
[2026-04-21 23:30:13,286] Elapsed iters 457000 inps 14721 outs 430
[2026-04-21 23:30:13,286] Elapsed since last report = 0[s]
[2026-04-21 23:30:13,286] Elapsed iters 458000 inps 14721 outs 430
[2026-04-21 23:30:13,286] Elapsed since last report = 0[s]
[2026-04-21 23:30:13,286] Elapsed iters 459000 inps 14721 outs 430
[2026-04-21 23:30:13,286] Elapsed since last report = 0[s]
[2026-04-21 23:30:13,286] Elapsed iters 460000 inps 14721 outs 440
[2026-04-21 23:30:13,286] Elapsed since last report = 0[s]
[2026-04-21 23:30:13,286] Elapsed iters 461000 inps 14721 outs 440
[2026-04-21 23:30:13,286] Elapsed since last report = 0[s]
[2026-04-21 23:30:13,286] Elapsed iters 462000 inps 15041 outs 440
[2026-04-21 23:30:13,286] Elapsed since last report = 0[s]
[2026-04-21 23:30:13,286] Elapsed iters 463000 inps 15041 outs 440
[2026-04-21 23:30:13,286] Elapsed since last report = 0[s]
[2026-04-21 23:30:13,286] Elapsed iters 464000 inps 15041 outs 440
[2026-04-21 23:30:13,286] Elapsed since last report = 0[s]
[2026-04-21 23:30:13,286] Elapsed iters 465000 inps 15041 outs 440
[2026-04-21 23:30:13,286] Elapsed since last report = 0[s]
[2026-04-21 23:30:13,286] Elapsed iters 466000 inps 15041 outs 440
[2026-04-21 23:30:13,286] Elapsed since last report = 0[s]
[2026-04-21 23:30:13,286] Elapsed iters 467000 inps 15041 outs 440
[2026-04-21 23:30:13,286] Elapsed since last report = 0[s]
[2026-04-21 23:30:13,286] Elapsed iters 468000 inps 15041 outs 440
[2026-04-21 23:30:13,286] Elapsed since last report = 0[s]
[2026-04-21 23:30:13,286] Elapsed iters 469000 inps 15041 outs 440
[2026-04-21 23:30:13,286] Elapsed since last report = 0[s]
[2026-04-21 23:30:13,286] Elapsed iters 470000 inps 15041 outs 450
[2026-04-21 23:30:13,286] Elapsed since last report = 0[s]
[2026-04-21 23:30:13,286] Elapsed iters 471000 inps 15041 outs 450
[2026-04-21 23:30:13,286] Elapsed since last report = 0[s]
[2026-04-21 23:30:13,286] Elapsed iters 472000 inps 15361 outs 450
[2026-04-21 23:30:13,286] Elapsed since last report = 0[s]
[2026-04-21 23:30:13,286] Elapsed iters 473000 inps 15361 outs 450
[2026-04-21 23:30:13,286] Elapsed since last report = 0[s]
[2026-04-21 23:30:13,286] Elapsed iters 474000 inps 15361 outs 450
[2026-04-21 23:30:13,286] Elapsed since last report = 0[s]
[2026-04-21 23:30:13,286] Elapsed iters 475000 inps 15361 outs 450
[2026-04-21 23:30:13,286] Elapsed since last report = 0[s]
[2026-04-21 23:30:13,286] Elapsed iters 476000 inps 15361 outs 450
[2026-04-21 23:30:13,286] Elapsed since last report = 0[s]
[2026-04-21 23:30:13,286] Elapsed iters 477000 inps 15361 outs 450
[2026-04-21 23:30:13,286] Elapsed since last report = 0[s]
[2026-04-21 23:30:13,286] Elapsed iters 478000 inps 15361 outs 450
[2026-04-21 23:30:13,286] Elapsed since last report = 0[s]
[2026-04-21 23:30:13,286] Elapsed iters 479000 inps 15361 outs 450
[2026-04-21 23:30:13,286] Elapsed since last report = 0[s]
[2026-04-21 23:30:13,286] Elapsed iters 480000 inps 15361 outs 457
[2026-04-21 23:30:13,286] Elapsed since last report = 0[s]
[2026-04-21 23:30:13,286] Elapsed iters 481000 inps 15361 outs 460
[2026-04-21 23:30:13,286] Elapsed since last report = 0[s]
[2026-04-21 23:30:13,286] Elapsed iters 482000 inps 15606 outs 460
[2026-04-21 23:30:13,286] Elapsed since last report = 0[s]
[2026-04-21 23:30:13,286] Elapsed iters 483000 inps 15681 outs 460
[2026-04-21 23:30:13,286] Elapsed since last report = 0[s]
[2026-04-21 23:30:13,286] Elapsed iters 484000 inps 15681 outs 460
[2026-04-21 23:30:13,286] Elapsed since last report = 0[s]
[2026-04-21 23:30:13,286] Elapsed iters 485000 inps 15681 outs 460
[2026-04-21 23:30:13,286] Elapsed since last report = 0[s]
[2026-04-21 23:30:13,286] Elapsed iters 486000 inps 15681 outs 460
[2026-04-21 23:30:13,286] Elapsed since last report = 0[s]
[2026-04-21 23:30:13,286] Elapsed iters 487000 inps 15681 outs 460
[2026-04-21 23:30:13,286] Elapsed since last report = 0[s]
[2026-04-21 23:30:13,286] Elapsed iters 488000 inps 15681 outs 460
[2026-04-21 23:30:13,286] Elapsed since last report = 0[s]
[2026-04-21 23:30:13,286] Elapsed iters 489000 inps 15681 outs 460
[2026-04-21 23:30:13,286] Elapsed since last report = 0[s]
[2026-04-21 23:30:13,286] Elapsed iters 490000 inps 15681 outs 463
[2026-04-21 23:30:13,286] Elapsed since last report = 0[s]
[2026-04-21 23:30:13,286] Elapsed iters 491000 inps 15681 outs 470
[2026-04-21 23:30:13,286] Elapsed since last report = 0[s]
[2026-04-21 23:30:13,286] Elapsed iters 492000 inps 15681 outs 470
[2026-04-21 23:30:13,286] Elapsed since last report = 0[s]
[2026-04-21 23:30:13,286] Elapsed iters 493000 inps 16001 outs 470
[2026-04-21 23:30:13,286] Elapsed since last report = 0[s]
[2026-04-21 23:30:13,286] Elapsed iters 494000 inps 16001 outs 470
[2026-04-21 23:30:13,286] Elapsed since last report = 0[s]
[2026-04-21 23:30:13,286] Elapsed iters 495000 inps 16001 outs 470
[2026-04-21 23:30:13,286] Elapsed since last report = 0[s]
[2026-04-21 23:30:13,286] Elapsed iters 496000 inps 16001 outs 470
[2026-04-21 23:30:13,286] Elapsed since last report = 0[s]
[2026-04-21 23:30:13,286] Elapsed iters 497000 inps 16001 outs 470
[2026-04-21 23:30:13,286] Elapsed since last report = 0[s]
[2026-04-21 23:30:13,286] Elapsed iters 498000 inps 16001 outs 470
[2026-04-21 23:30:13,286] Elapsed since last report = 0[s]
[2026-04-21 23:30:13,287] Elapsed iters 499000 inps 16001 outs 470
[2026-04-21 23:30:13,287] Elapsed since last report = 0[s]
[2026-04-21 23:30:13,287] Elapsed iters 500000 inps 16001 outs 470
[2026-04-21 23:30:13,287] Elapsed since last report = 0[s]
[2026-04-21 23:30:13,287] Elapsed iters 501000 inps 16001 outs 480
[2026-04-21 23:30:13,287] Elapsed since last report = 0[s]
[2026-04-21 23:30:13,287] Elapsed iters 502000 inps 16001 outs 480
[2026-04-21 23:30:13,287] Elapsed since last report = 0[s]
[2026-04-21 23:30:13,287] Elapsed iters 503000 inps 16321 outs 480
[2026-04-21 23:30:13,287] Elapsed since last report = 0[s]
[2026-04-21 23:30:13,287] Elapsed iters 504000 inps 16321 outs 480
[2026-04-21 23:30:13,287] Elapsed since last report = 0[s]
[2026-04-21 23:30:13,287] Elapsed iters 505000 inps 16321 outs 480
[2026-04-21 23:30:13,287] Elapsed since last report = 0[s]
[2026-04-21 23:30:13,287] Elapsed iters 506000 inps 16321 outs 480
[2026-04-21 23:30:13,287] Elapsed since last report = 0[s]
[2026-04-21 23:30:13,287] Elapsed iters 507000 inps 16321 outs 480
[2026-04-21 23:30:13,287] Elapsed since last report = 0[s]
[2026-04-21 23:30:13,287] Elapsed iters 508000 inps 16321 outs 480
[2026-04-21 23:30:13,287] Elapsed since last report = 0[s]
[2026-04-21 23:30:13,287] Elapsed iters 509000 inps 16321 outs 480
[2026-04-21 23:30:13,287] Elapsed since last report = 0[s]
[2026-04-21 23:30:13,287] Elapsed iters 510000 inps 16321 outs 480
[2026-04-21 23:30:13,287] Elapsed since last report = 0[s]
[2026-04-21 23:30:13,287] Elapsed iters 511000 inps 16321 outs 490
[2026-04-21 23:30:13,287] Elapsed since last report = 0[s]
[2026-04-21 23:30:13,287] Elapsed iters 512000 inps 16321 outs 490
[2026-04-21 23:30:13,287] Elapsed since last report = 0[s]
[2026-04-21 23:30:13,287] Elapsed iters 513000 inps 16641 outs 490
[2026-04-21 23:30:13,287] Elapsed since last report = 0[s]
[2026-04-21 23:30:13,287] Elapsed iters 514000 inps 16641 outs 490
[2026-04-21 23:30:13,287] Elapsed since last report = 0[s]
[2026-04-21 23:30:13,287] Elapsed iters 515000 inps 16641 outs 490
[2026-04-21 23:30:13,287] Elapsed since last report = 0[s]
[2026-04-21 23:30:13,287] Elapsed iters 516000 inps 16641 outs 490
[2026-04-21 23:30:13,287] Elapsed since last report = 0[s]
[2026-04-21 23:30:13,287] Elapsed iters 517000 inps 16641 outs 490
[2026-04-21 23:30:13,287] Elapsed since last report = 0[s]
[2026-04-21 23:30:13,287] Elapsed iters 518000 inps 16641 outs 490
[2026-04-21 23:30:13,287] Elapsed since last report = 0[s]
[2026-04-21 23:30:13,287] Elapsed iters 519000 inps 16641 outs 490
[2026-04-21 23:30:13,287] Elapsed since last report = 0[s]
[2026-04-21 23:30:13,287] Elapsed iters 520000 inps 16641 outs 490
[2026-04-21 23:30:13,287] Elapsed since last report = 0[s]
[2026-04-21 23:30:13,287] Elapsed iters 521000 inps 16641 outs 497
[2026-04-21 23:30:13,287] Elapsed since last report = 0[s]
[2026-04-21 23:30:13,287] Elapsed iters 522000 inps 16641 outs 500
[2026-04-21 23:30:13,287] Elapsed since last report = 0[s]
[2026-04-21 23:30:13,287] Elapsed iters 523000 inps 16886 outs 500
[2026-04-21 23:30:13,287] Elapsed since last report = 0[s]
[2026-04-21 23:30:13,287] Elapsed iters 524000 inps 16961 outs 500
[2026-04-21 23:30:13,287] Elapsed since last report = 0[s]
[2026-04-21 23:30:13,287] Elapsed iters 525000 inps 16961 outs 500
[2026-04-21 23:30:13,287] Elapsed since last report = 0[s]
[2026-04-21 23:30:13,287] Elapsed iters 526000 inps 16961 outs 500
[2026-04-21 23:30:13,287] Elapsed since last report = 0[s]
[2026-04-21 23:30:13,287] Elapsed iters 527000 inps 16961 outs 500
[2026-04-21 23:30:13,287] Elapsed since last report = 0[s]
[2026-04-21 23:30:13,287] Elapsed iters 528000 inps 16961 outs 500
[2026-04-21 23:30:13,287] Elapsed since last report = 0[s]
[2026-04-21 23:30:13,287] Elapsed iters 529000 inps 16961 outs 500
[2026-04-21 23:30:13,287] Elapsed since last report = 0[s]
[2026-04-21 23:30:13,287] Elapsed iters 530000 inps 16961 outs 500
[2026-04-21 23:30:13,287] Elapsed since last report = 0[s]
[2026-04-21 23:30:13,287] Elapsed iters 531000 inps 16961 outs 503
[2026-04-21 23:30:13,287] Elapsed since last report = 0[s]
[2026-04-21 23:30:13,287] Elapsed iters 532000 inps 16961 outs 510
[2026-04-21 23:30:13,287] Elapsed since last report = 0[s]
[2026-04-21 23:30:13,287] Elapsed iters 533000 inps 16961 outs 510
[2026-04-21 23:30:13,287] Elapsed since last report = 0[s]
[2026-04-21 23:30:13,287] Elapsed iters 534000 inps 17281 outs 510
[2026-04-21 23:30:13,287] Elapsed since last report = 0[s]
[2026-04-21 23:30:13,287] Elapsed iters 535000 inps 17281 outs 510
[2026-04-21 23:30:13,287] Elapsed since last report = 0[s]
[2026-04-21 23:30:13,287] Elapsed iters 536000 inps 17281 outs 510
[2026-04-21 23:30:13,287] Elapsed since last report = 0[s]
[2026-04-21 23:30:13,287] Elapsed iters 537000 inps 17281 outs 510
[2026-04-21 23:30:13,287] Elapsed since last report = 0[s]
[2026-04-21 23:30:13,287] Elapsed iters 538000 inps 17281 outs 510
[2026-04-21 23:30:13,287] Elapsed since last report = 0[s]
[2026-04-21 23:30:13,287] Elapsed iters 539000 inps 17281 outs 510
[2026-04-21 23:30:13,287] Elapsed since last report = 0[s]
[2026-04-21 23:30:13,287] Elapsed iters 540000 inps 17281 outs 510
[2026-04-21 23:30:13,287] Elapsed since last report = 0[s]
[2026-04-21 23:30:13,287] Elapsed iters 541000 inps 17281 outs 510
[2026-04-21 23:30:13,287] Elapsed since last report = 0[s]
[2026-04-21 23:30:13,287] Elapsed iters 542000 inps 17281 outs 520
[2026-04-21 23:30:13,287] Elapsed since last report = 0[s]
[2026-04-21 23:30:13,287] Elapsed iters 543000 inps 17281 outs 520
[2026-04-21 23:30:13,287] Elapsed since last report = 0[s]
[2026-04-21 23:30:13,287] Elapsed iters 544000 inps 17601 outs 520
[2026-04-21 23:30:13,287] Elapsed since last report = 0[s]
[2026-04-21 23:30:13,287] Elapsed iters 545000 inps 17601 outs 520
[2026-04-21 23:30:13,287] Elapsed since last report = 0[s]
[2026-04-21 23:30:13,287] Elapsed iters 546000 inps 17601 outs 520
[2026-04-21 23:30:13,287] Elapsed since last report = 0[s]
[2026-04-21 23:30:13,287] Elapsed iters 547000 inps 17601 outs 520
[2026-04-21 23:30:13,287] Elapsed since last report = 0[s]
[2026-04-21 23:30:13,287] Elapsed iters 548000 inps 17601 outs 520
[2026-04-21 23:30:13,287] Elapsed since last report = 0[s]
[2026-04-21 23:30:13,287] Elapsed iters 549000 inps 17601 outs 520
[2026-04-21 23:30:13,287] Elapsed since last report = 0[s]
[2026-04-21 23:30:13,287] Elapsed iters 550000 inps 17601 outs 520
[2026-04-21 23:30:13,287] Elapsed since last report = 0[s]
[2026-04-21 23:30:13,287] Elapsed iters 551000 inps 17601 outs 520
[2026-04-21 23:30:13,287] Elapsed since last report = 0[s]
[2026-04-21 23:30:13,287] Elapsed iters 552000 inps 17601 outs 530
[2026-04-21 23:30:13,287] Elapsed since last report = 0[s]
[2026-04-21 23:30:13,287] Elapsed iters 553000 inps 17601 outs 530
[2026-04-21 23:30:13,287] Elapsed since last report = 0[s]
[2026-04-21 23:30:13,287] Elapsed iters 554000 inps 17921 outs 530
[2026-04-21 23:30:13,287] Elapsed since last report = 0[s]
[2026-04-21 23:30:13,287] Elapsed iters 555000 inps 17921 outs 530
[2026-04-21 23:30:13,287] Elapsed since last report = 0[s]
[2026-04-21 23:30:13,287] Elapsed iters 556000 inps 17921 outs 530
[2026-04-21 23:30:13,287] Elapsed since last report = 0[s]
[2026-04-21 23:30:13,287] Elapsed iters 557000 inps 17921 outs 530
[2026-04-21 23:30:13,287] Elapsed since last report = 0[s]
[2026-04-21 23:30:13,287] Elapsed iters 558000 inps 17921 outs 530
[2026-04-21 23:30:13,287] Elapsed since last report = 0[s]
[2026-04-21 23:30:13,287] Elapsed iters 559000 inps 17921 outs 530
[2026-04-21 23:30:13,287] Elapsed since last report = 0[s]
[2026-04-21 23:30:13,287] Elapsed iters 560000 inps 17921 outs 530
[2026-04-21 23:30:13,287] Elapsed since last report = 0[s]
[2026-04-21 23:30:13,287] Elapsed iters 561000 inps 17921 outs 530
[2026-04-21 23:30:13,287] Elapsed since last report = 0[s]
[2026-04-21 23:30:13,287] Elapsed iters 562000 inps 17921 outs 537
[2026-04-21 23:30:13,287] Elapsed since last report = 0[s]
[2026-04-21 23:30:13,287] Elapsed iters 563000 inps 17921 outs 540
[2026-04-21 23:30:13,287] Elapsed since last report = 0[s]
[2026-04-21 23:30:13,287] Elapsed iters 564000 inps 18166 outs 540
[2026-04-21 23:30:13,287] Elapsed since last report = 0[s]
[2026-04-21 23:30:13,287] Elapsed iters 565000 inps 18241 outs 540
[2026-04-21 23:30:13,287] Elapsed since last report = 0[s]
[2026-04-21 23:30:13,288] Elapsed iters 566000 inps 18241 outs 540
[2026-04-21 23:30:13,288] Elapsed since last report = 0[s]
[2026-04-21 23:30:13,288] Elapsed iters 567000 inps 18241 outs 540
[2026-04-21 23:30:13,288] Elapsed since last report = 0[s]
[2026-04-21 23:30:13,288] Elapsed iters 568000 inps 18241 outs 540
[2026-04-21 23:30:13,288] Elapsed since last report = 0[s]
[2026-04-21 23:30:13,288] Elapsed iters 569000 inps 18241 outs 540
[2026-04-21 23:30:13,288] Elapsed since last report = 0[s]
[2026-04-21 23:30:13,288] Elapsed iters 570000 inps 18241 outs 540
[2026-04-21 23:30:13,288] Elapsed since last report = 0[s]
[2026-04-21 23:30:13,288] Elapsed iters 571000 inps 18241 outs 540
[2026-04-21 23:30:13,288] Elapsed since last report = 0[s]
[2026-04-21 23:30:13,288] Elapsed iters 572000 inps 18241 outs 543
[2026-04-21 23:30:13,288] Elapsed since last report = 0[s]
[2026-04-21 23:30:13,288] Elapsed iters 573000 inps 18241 outs 550
[2026-04-21 23:30:13,288] Elapsed since last report = 0[s]
[2026-04-21 23:30:13,288] Elapsed iters 574000 inps 18241 outs 550
[2026-04-21 23:30:13,288] Elapsed since last report = 0[s]
[2026-04-21 23:30:13,288] Elapsed iters 575000 inps 18561 outs 550
[2026-04-21 23:30:13,288] Elapsed since last report = 0[s]
[2026-04-21 23:30:13,288] Elapsed iters 576000 inps 18561 outs 550
[2026-04-21 23:30:13,288] Elapsed since last report = 0[s]
[2026-04-21 23:30:13,288] Elapsed iters 577000 inps 18561 outs 550
[2026-04-21 23:30:13,288] Elapsed since last report = 0[s]
[2026-04-21 23:30:13,288] Elapsed iters 578000 inps 18561 outs 550
[2026-04-21 23:30:13,288] Elapsed since last report = 0[s]
[2026-04-21 23:30:13,288] Elapsed iters 579000 inps 18561 outs 550
[2026-04-21 23:30:13,288] Elapsed since last report = 0[s]
[2026-04-21 23:30:13,288] Elapsed iters 580000 inps 18561 outs 550
[2026-04-21 23:30:13,288] Elapsed since last report = 0[s]
[2026-04-21 23:30:13,288] Elapsed iters 581000 inps 18561 outs 550
[2026-04-21 23:30:13,288] Elapsed since last report = 0[s]
[2026-04-21 23:30:13,288] Elapsed iters 582000 inps 18561 outs 550
[2026-04-21 23:30:13,288] Elapsed since last report = 0[s]
[2026-04-21 23:30:13,288] Elapsed iters 583000 inps 18561 outs 560
[2026-04-21 23:30:13,288] Elapsed since last report = 0[s]
[2026-04-21 23:30:13,288] Elapsed iters 584000 inps 18561 outs 560
[2026-04-21 23:30:13,288] Elapsed since last report = 0[s]
[2026-04-21 23:30:13,288] Elapsed iters 585000 inps 18881 outs 560
[2026-04-21 23:30:13,288] Elapsed since last report = 0[s]
[2026-04-21 23:30:13,288] Elapsed iters 586000 inps 18881 outs 560
[2026-04-21 23:30:13,288] Elapsed since last report = 0[s]
[2026-04-21 23:30:13,288] Elapsed iters 587000 inps 18881 outs 560
[2026-04-21 23:30:13,288] Elapsed since last report = 0[s]
[2026-04-21 23:30:13,288] Elapsed iters 588000 inps 18881 outs 560
[2026-04-21 23:30:13,288] Elapsed since last report = 0[s]
[2026-04-21 23:30:13,288] Elapsed iters 589000 inps 18881 outs 560
[2026-04-21 23:30:13,288] Elapsed since last report = 0[s]
[2026-04-21 23:30:13,288] Elapsed iters 590000 inps 18881 outs 560
[2026-04-21 23:30:13,288] Elapsed since last report = 0[s]
[2026-04-21 23:30:13,288] Elapsed iters 591000 inps 18881 outs 560
[2026-04-21 23:30:13,288] Elapsed since last report = 0[s]
[2026-04-21 23:30:13,288] Elapsed iters 592000 inps 18881 outs 560
[2026-04-21 23:30:13,288] Elapsed since last report = 0[s]
[2026-04-21 23:30:13,288] Elapsed iters 593000 inps 18881 outs 570
[2026-04-21 23:30:13,288] Elapsed since last report = 0[s]
[2026-04-21 23:30:13,288] Elapsed iters 594000 inps 18881 outs 570
[2026-04-21 23:30:13,288] Elapsed since last report = 0[s]
[2026-04-21 23:30:13,288] Elapsed iters 595000 inps 19201 outs 570
[2026-04-21 23:30:13,288] Elapsed since last report = 0[s]
[2026-04-21 23:30:13,288] Elapsed iters 596000 inps 19201 outs 570
[2026-04-21 23:30:13,288] Elapsed since last report = 0[s]
[2026-04-21 23:30:13,288] Elapsed iters 597000 inps 19201 outs 570
[2026-04-21 23:30:13,288] Elapsed since last report = 0[s]
[2026-04-21 23:30:13,288] Elapsed iters 598000 inps 19201 outs 570
[2026-04-21 23:30:13,288] Elapsed since last report = 0[s]
[2026-04-21 23:30:13,288] Elapsed iters 599000 inps 19201 outs 570
[2026-04-21 23:30:13,288] Elapsed since last report = 0[s]
[2026-04-21 23:30:13,288] Elapsed iters 600000 inps 19201 outs 570
[2026-04-21 23:30:13,288] Elapsed since last report = 0[s]
[2026-04-21 23:30:13,288] Elapsed iters 601000 inps 19201 outs 570
[2026-04-21 23:30:13,288] Elapsed since last report = 0[s]
[2026-04-21 23:30:13,288] Elapsed iters 602000 inps 19201 outs 570
[2026-04-21 23:30:13,288] Elapsed since last report = 0[s]
[2026-04-21 23:30:13,288] Elapsed iters 603000 inps 19201 outs 577
[2026-04-21 23:30:13,288] Elapsed since last report = 0[s]
[2026-04-21 23:30:13,288] Elapsed iters 604000 inps 19201 outs 580
[2026-04-21 23:30:13,288] Elapsed since last report = 0[s]
[2026-04-21 23:30:13,288] Elapsed iters 605000 inps 19446 outs 580
[2026-04-21 23:30:13,288] Elapsed since last report = 0[s]
[2026-04-21 23:30:13,288] Elapsed iters 606000 inps 19521 outs 580
[2026-04-21 23:30:13,288] Elapsed since last report = 0[s]
[2026-04-21 23:30:13,288] Elapsed iters 607000 inps 19521 outs 580
[2026-04-21 23:30:13,288] Elapsed since last report = 0[s]
[2026-04-21 23:30:13,288] Elapsed iters 608000 inps 19521 outs 580
[2026-04-21 23:30:13,288] Elapsed since last report = 0[s]
[2026-04-21 23:30:13,288] Elapsed iters 609000 inps 19521 outs 580
[2026-04-21 23:30:13,288] Elapsed since last report = 0[s]
[2026-04-21 23:30:13,288] Elapsed iters 610000 inps 19521 outs 580
[2026-04-21 23:30:13,288] Elapsed since last report = 0[s]
[2026-04-21 23:30:13,288] Elapsed iters 611000 inps 19521 outs 580
[2026-04-21 23:30:13,288] Elapsed since last report = 0[s]
[2026-04-21 23:30:13,288] Elapsed iters 612000 inps 19521 outs 580
[2026-04-21 23:30:13,288] Elapsed since last report = 0[s]
[2026-04-21 23:30:13,288] Elapsed iters 613000 inps 19521 outs 583
[2026-04-21 23:30:13,288] Elapsed since last report = 0[s]
[2026-04-21 23:30:13,288] Elapsed iters 614000 inps 19521 outs 590
[2026-04-21 23:30:13,288] Elapsed since last report = 0[s]
[2026-04-21 23:30:13,288] Elapsed iters 615000 inps 19521 outs 590
[2026-04-21 23:30:13,288] Elapsed since last report = 0[s]
[2026-04-21 23:30:13,288] Elapsed iters 616000 inps 19841 outs 590
[2026-04-21 23:30:13,288] Elapsed since last report = 0[s]
[2026-04-21 23:30:13,288] Elapsed iters 617000 inps 19841 outs 590
[2026-04-21 23:30:13,288] Elapsed since last report = 0[s]
[2026-04-21 23:30:13,288] Elapsed iters 618000 inps 19841 outs 590
[2026-04-21 23:30:13,288] Elapsed since last report = 0[s]
[2026-04-21 23:30:13,288] Elapsed iters 619000 inps 19841 outs 590
[2026-04-21 23:30:13,288] Elapsed since last report = 0[s]
[2026-04-21 23:30:13,288] Elapsed iters 620000 inps 19841 outs 590
[2026-04-21 23:30:13,288] Elapsed since last report = 0[s]
[2026-04-21 23:30:13,288] Elapsed iters 621000 inps 19841 outs 590
[2026-04-21 23:30:13,288] Elapsed since last report = 0[s]
[2026-04-21 23:30:13,288] Elapsed iters 622000 inps 19841 outs 590
[2026-04-21 23:30:13,288] Elapsed since last report = 0[s]
[2026-04-21 23:30:13,288] Elapsed iters 623000 inps 19841 outs 590
[2026-04-21 23:30:13,288] Elapsed since last report = 0[s]
[2026-04-21 23:30:13,288] Elapsed iters 624000 inps 19841 outs 600
[2026-04-21 23:30:13,288] Elapsed since last report = 0[s]
[2026-04-21 23:30:13,288] Elapsed iters 625000 inps 19841 outs 600
[2026-04-21 23:30:13,288] Elapsed since last report = 0[s]
[2026-04-21 23:30:13,288] Elapsed iters 626000 inps 20161 outs 600
[2026-04-21 23:30:13,288] Elapsed since last report = 0[s]
[2026-04-21 23:30:13,288] Elapsed iters 627000 inps 20161 outs 600
[2026-04-21 23:30:13,288] Elapsed since last report = 0[s]
[2026-04-21 23:30:13,288] Elapsed iters 628000 inps 20161 outs 600
[2026-04-21 23:30:13,288] Elapsed since last report = 0[s]
[2026-04-21 23:30:13,288] Elapsed iters 629000 inps 20161 outs 600
[2026-04-21 23:30:13,288] Elapsed since last report = 0[s]
[2026-04-21 23:30:13,289] Elapsed iters 630000 inps 20161 outs 600
[2026-04-21 23:30:13,289] Elapsed since last report = 0[s]
[2026-04-21 23:30:13,289] Elapsed iters 631000 inps 20161 outs 600
[2026-04-21 23:30:13,289] Elapsed since last report = 0[s]
[2026-04-21 23:30:13,289] Elapsed iters 632000 inps 20161 outs 600
[2026-04-21 23:30:13,289] Elapsed since last report = 0[s]
[2026-04-21 23:30:13,289] Elapsed iters 633000 inps 20161 outs 600
[2026-04-21 23:30:13,289] Elapsed since last report = 0[s]
[2026-04-21 23:30:13,289] Elapsed iters 634000 inps 20161 outs 610
[2026-04-21 23:30:13,289] Elapsed since last report = 0[s]
[2026-04-21 23:30:13,289] Elapsed iters 635000 inps 20161 outs 610
[2026-04-21 23:30:13,289] Elapsed since last report = 0[s]
[2026-04-21 23:30:13,289] Elapsed iters 636000 inps 20481 outs 610
[2026-04-21 23:30:13,289] Elapsed since last report = 0[s]
[2026-04-21 23:30:13,289] Elapsed iters 637000 inps 20481 outs 610
[2026-04-21 23:30:13,289] Elapsed since last report = 0[s]
[2026-04-21 23:30:13,289] Elapsed iters 638000 inps 20481 outs 610
[2026-04-21 23:30:13,289] Elapsed since last report = 0[s]
[2026-04-21 23:30:13,289] Elapsed iters 639000 inps 20481 outs 610
[2026-04-21 23:30:13,289] Elapsed since last report = 0[s]
[2026-04-21 23:30:13,289] Elapsed iters 640000 inps 20481 outs 610
[2026-04-21 23:30:13,289] Elapsed since last report = 0[s]
[2026-04-21 23:30:13,289] Elapsed iters 641000 inps 20481 outs 610
[2026-04-21 23:30:13,289] Elapsed since last report = 0[s]
[2026-04-21 23:30:13,289] Elapsed iters 642000 inps 20481 outs 610
[2026-04-21 23:30:13,289] Elapsed since last report = 0[s]
[2026-04-21 23:30:13,289] Elapsed iters 643000 inps 20481 outs 610
[2026-04-21 23:30:13,289] Elapsed since last report = 0[s]
[2026-04-21 23:30:13,289] Elapsed iters 644000 inps 20481 outs 617
[2026-04-21 23:30:13,289] Elapsed since last report = 0[s]
[2026-04-21 23:30:13,289] Elapsed iters 645000 inps 20481 outs 620
[2026-04-21 23:30:13,289] Elapsed since last report = 0[s]
[2026-04-21 23:30:13,289] Elapsed iters 646000 inps 20726 outs 620
[2026-04-21 23:30:13,289] Elapsed since last report = 0[s]
[2026-04-21 23:30:13,289] Elapsed iters 647000 inps 20801 outs 620
[2026-04-21 23:30:13,289] Elapsed since last report = 0[s]
[2026-04-21 23:30:13,289] Elapsed iters 648000 inps 20801 outs 620
[2026-04-21 23:30:13,289] Elapsed since last report = 0[s]
[2026-04-21 23:30:13,289] Elapsed iters 649000 inps 20801 outs 620
[2026-04-21 23:30:13,289] Elapsed since last report = 0[s]
[2026-04-21 23:30:13,289] Elapsed iters 650000 inps 20801 outs 620
[2026-04-21 23:30:13,289] Elapsed since last report = 0[s]
[2026-04-21 23:30:13,289] Elapsed iters 651000 inps 20801 outs 620
[2026-04-21 23:30:13,289] Elapsed since last report = 0[s]
[2026-04-21 23:30:13,289] Elapsed iters 652000 inps 20801 outs 620
[2026-04-21 23:30:13,289] Elapsed since last report = 0[s]
[2026-04-21 23:30:13,289] Elapsed iters 653000 inps 20801 outs 620
[2026-04-21 23:30:13,289] Elapsed since last report = 0[s]
[2026-04-21 23:30:13,289] Elapsed iters 654000 inps 20801 outs 623
[2026-04-21 23:30:13,289] Elapsed since last report = 0[s]
[2026-04-21 23:30:13,289] Elapsed iters 655000 inps 20801 outs 630
[2026-04-21 23:30:13,289] Elapsed since last report = 0[s]
[2026-04-21 23:30:13,289] Elapsed iters 656000 inps 20801 outs 630
[2026-04-21 23:30:13,289] Elapsed since last report = 0[s]
[2026-04-21 23:30:13,289] Elapsed iters 657000 inps 21121 outs 630
[2026-04-21 23:30:13,289] Elapsed since last report = 0[s]
[2026-04-21 23:30:13,289] Elapsed iters 658000 inps 21121 outs 630
[2026-04-21 23:30:13,289] Elapsed since last report = 0[s]
[2026-04-21 23:30:13,289] Elapsed iters 659000 inps 21121 outs 630
[2026-04-21 23:30:13,289] Elapsed since last report = 0[s]
[2026-04-21 23:30:13,289] Elapsed iters 660000 inps 21121 outs 630
[2026-04-21 23:30:13,289] Elapsed since last report = 0[s]
[2026-04-21 23:30:13,289] Elapsed iters 661000 inps 21121 outs 630
[2026-04-21 23:30:13,289] Elapsed since last report = 0[s]
[2026-04-21 23:30:13,289] Elapsed iters 662000 inps 21121 outs 630
[2026-04-21 23:30:13,289] Elapsed since last report = 0[s]
[2026-04-21 23:30:13,289] Elapsed iters 663000 inps 21121 outs 630
[2026-04-21 23:30:13,289] Elapsed since last report = 0[s]
[2026-04-21 23:30:13,289] Elapsed iters 664000 inps 21121 outs 630
[2026-04-21 23:30:13,289] Elapsed since last report = 0[s]
[2026-04-21 23:30:13,289] Elapsed iters 665000 inps 21121 outs 640
[2026-04-21 23:30:13,289] Elapsed since last report = 0[s]
[2026-04-21 23:30:13,289] Elapsed iters 666000 inps 21121 outs 640
[2026-04-21 23:30:13,289] Elapsed since last report = 0[s]
[2026-04-21 23:30:13,289] Elapsed iters 667000 inps 21441 outs 640
[2026-04-21 23:30:13,289] Elapsed since last report = 0[s]
[2026-04-21 23:30:13,289] Elapsed iters 668000 inps 21441 outs 640
[2026-04-21 23:30:13,289] Elapsed since last report = 0[s]
[2026-04-21 23:30:13,289] Elapsed iters 669000 inps 21441 outs 640
[2026-04-21 23:30:13,289] Elapsed since last report = 0[s]
[2026-04-21 23:30:13,289] Elapsed iters 670000 inps 21441 outs 640
[2026-04-21 23:30:13,289] Elapsed since last report = 0[s]
[2026-04-21 23:30:13,289] Elapsed iters 671000 inps 21441 outs 640
[2026-04-21 23:30:13,289] Elapsed since last report = 0[s]
[2026-04-21 23:30:13,289] Elapsed iters 672000 inps 21441 outs 640
[2026-04-21 23:30:13,289] Elapsed since last report = 0[s]
[2026-04-21 23:30:13,289] Elapsed iters 673000 inps 21441 outs 640
[2026-04-21 23:30:13,289] Elapsed since last report = 0[s]
[2026-04-21 23:30:13,289] Elapsed iters 674000 inps 21441 outs 640
[2026-04-21 23:30:13,289] Elapsed since last report = 0[s]
[2026-04-21 23:30:13,289] Elapsed iters 675000 inps 21441 outs 650
[2026-04-21 23:30:13,289] Elapsed since last report = 0[s]
[2026-04-21 23:30:13,289] Elapsed iters 676000 inps 21441 outs 650
[2026-04-21 23:30:13,289] Elapsed since last report = 0[s]
[2026-04-21 23:30:13,289] Elapsed iters 677000 inps 21761 outs 650
[2026-04-21 23:30:13,289] Elapsed since last report = 0[s]
[2026-04-21 23:30:13,289] Elapsed iters 678000 inps 21761 outs 650
[2026-04-21 23:30:13,289] Elapsed since last report = 0[s]
[2026-04-21 23:30:13,289] Elapsed iters 679000 inps 21761 outs 650
[2026-04-21 23:30:13,289] Elapsed since last report = 0[s]
[2026-04-21 23:30:13,289] Elapsed iters 680000 inps 21761 outs 650
[2026-04-21 23:30:13,289] Elapsed since last report = 0[s]
[2026-04-21 23:30:13,289] Elapsed iters 681000 inps 21761 outs 650
[2026-04-21 23:30:13,289] Elapsed since last report = 0[s]
[2026-04-21 23:30:13,289] Elapsed iters 682000 inps 21761 outs 650
[2026-04-21 23:30:13,289] Elapsed since last report = 0[s]
[2026-04-21 23:30:13,289] Elapsed iters 683000 inps 21761 outs 650
[2026-04-21 23:30:13,289] Elapsed since last report = 0[s]
[2026-04-21 23:30:13,289] Elapsed iters 684000 inps 21761 outs 650
[2026-04-21 23:30:13,289] Elapsed since last report = 0[s]
[2026-04-21 23:30:13,289] Elapsed iters 685000 inps 21761 outs 657
[2026-04-21 23:30:13,289] Elapsed since last report = 0[s]
[2026-04-21 23:30:13,289] Elapsed iters 686000 inps 21761 outs 660
[2026-04-21 23:30:13,289] Elapsed since last report = 0[s]
[2026-04-21 23:30:13,289] Elapsed iters 687000 inps 22006 outs 660
[2026-04-21 23:30:13,289] Elapsed since last report = 0[s]
[2026-04-21 23:30:13,289] Elapsed iters 688000 inps 22081 outs 660
[2026-04-21 23:30:13,289] Elapsed since last report = 0[s]
[2026-04-21 23:30:13,289] Elapsed iters 689000 inps 22081 outs 660
[2026-04-21 23:30:13,289] Elapsed since last report = 0[s]
[2026-04-21 23:30:13,289] Elapsed iters 690000 inps 22081 outs 660
[2026-04-21 23:30:13,289] Elapsed since last report = 0[s]
[2026-04-21 23:30:13,289] Elapsed iters 691000 inps 22081 outs 660
[2026-04-21 23:30:13,289] Elapsed since last report = 0[s]
[2026-04-21 23:30:13,289] Elapsed iters 692000 inps 22081 outs 660
[2026-04-21 23:30:13,289] Elapsed since last report = 0[s]
[2026-04-21 23:30:13,289] Elapsed iters 693000 inps 22081 outs 660
[2026-04-21 23:30:13,289] Elapsed since last report = 0[s]
[2026-04-21 23:30:13,289] Elapsed iters 694000 inps 22081 outs 660
[2026-04-21 23:30:13,289] Elapsed since last report = 0[s]
[2026-04-21 23:30:13,290] Elapsed iters 695000 inps 22081 outs 663
[2026-04-21 23:30:13,290] Elapsed since last report = 0[s]
[2026-04-21 23:30:13,290] Elapsed iters 696000 inps 22081 outs 670
[2026-04-21 23:30:13,290] Elapsed since last report = 0[s]
[2026-04-21 23:30:13,290] Elapsed iters 697000 inps 22081 outs 670
[2026-04-21 23:30:13,290] Elapsed since last report = 0[s]
[2026-04-21 23:30:13,290] Elapsed iters 698000 inps 22401 outs 670
[2026-04-21 23:30:13,290] Elapsed since last report = 0[s]
[2026-04-21 23:30:13,290] Elapsed iters 699000 inps 22401 outs 670
[2026-04-21 23:30:13,290] Elapsed since last report = 0[s]
[2026-04-21 23:30:13,290] Elapsed iters 700000 inps 22401 outs 670
[2026-04-21 23:30:13,290] Elapsed since last report = 0[s]
[2026-04-21 23:30:13,290] Elapsed iters 701000 inps 22401 outs 670
[2026-04-21 23:30:13,290] Elapsed since last report = 0[s]
[2026-04-21 23:30:13,290] Elapsed iters 702000 inps 22401 outs 670
[2026-04-21 23:30:13,290] Elapsed since last report = 0[s]
[2026-04-21 23:30:13,290] Elapsed iters 703000 inps 22401 outs 670
[2026-04-21 23:30:13,290] Elapsed since last report = 0[s]
[2026-04-21 23:30:13,290] Elapsed iters 704000 inps 22401 outs 670
[2026-04-21 23:30:13,290] Elapsed since last report = 0[s]
[2026-04-21 23:30:13,290] Elapsed iters 705000 inps 22401 outs 670
[2026-04-21 23:30:13,290] Elapsed since last report = 0[s]
[2026-04-21 23:30:13,290] Elapsed iters 706000 inps 22401 outs 680
[2026-04-21 23:30:13,290] Elapsed since last report = 0[s]
[2026-04-21 23:30:13,290] Elapsed iters 707000 inps 22401 outs 680
[2026-04-21 23:30:13,290] Elapsed since last report = 0[s]
[2026-04-21 23:30:13,290] Elapsed iters 708000 inps 22721 outs 680
[2026-04-21 23:30:13,290] Elapsed since last report = 0[s]
[2026-04-21 23:30:13,290] Elapsed iters 709000 inps 22721 outs 680
[2026-04-21 23:30:13,290] Elapsed since last report = 0[s]
[2026-04-21 23:30:13,290] Elapsed iters 710000 inps 22721 outs 680
[2026-04-21 23:30:13,290] Elapsed since last report = 0[s]
[2026-04-21 23:30:13,290] Elapsed iters 711000 inps 22721 outs 680
[2026-04-21 23:30:13,290] Elapsed since last report = 0[s]
[2026-04-21 23:30:13,290] Elapsed iters 712000 inps 22721 outs 680
[2026-04-21 23:30:13,290] Elapsed since last report = 0[s]
[2026-04-21 23:30:13,290] Elapsed iters 713000 inps 22721 outs 680
[2026-04-21 23:30:13,290] Elapsed since last report = 0[s]
[2026-04-21 23:30:13,290] Elapsed iters 714000 inps 22721 outs 680
[2026-04-21 23:30:13,290] Elapsed since last report = 0[s]
[2026-04-21 23:30:13,290] Elapsed iters 715000 inps 22721 outs 680
[2026-04-21 23:30:13,290] Elapsed since last report = 0[s]
[2026-04-21 23:30:13,290] Elapsed iters 716000 inps 22721 outs 690
[2026-04-21 23:30:13,290] Elapsed since last report = 0[s]
[2026-04-21 23:30:13,290] Elapsed iters 717000 inps 22721 outs 690
[2026-04-21 23:30:13,290] Elapsed since last report = 0[s]
[2026-04-21 23:30:13,290] Elapsed iters 718000 inps 23041 outs 690
[2026-04-21 23:30:13,290] Elapsed since last report = 0[s]
[2026-04-21 23:30:13,290] Elapsed iters 719000 inps 23041 outs 690
[2026-04-21 23:30:13,290] Elapsed since last report = 0[s]
[2026-04-21 23:30:13,290] Elapsed iters 720000 inps 23041 outs 690
[2026-04-21 23:30:13,290] Elapsed since last report = 0[s]
[2026-04-21 23:30:13,290] Elapsed iters 721000 inps 23041 outs 690
[2026-04-21 23:30:13,290] Elapsed since last report = 0[s]
[2026-04-21 23:30:13,290] Elapsed iters 722000 inps 23041 outs 690
[2026-04-21 23:30:13,290] Elapsed since last report = 0[s]
[2026-04-21 23:30:13,290] Elapsed iters 723000 inps 23041 outs 690
[2026-04-21 23:30:13,290] Elapsed since last report = 0[s]
[2026-04-21 23:30:13,290] Elapsed iters 724000 inps 23041 outs 690
[2026-04-21 23:30:13,290] Elapsed since last report = 0[s]
[2026-04-21 23:30:13,290] Elapsed iters 725000 inps 23041 outs 690
[2026-04-21 23:30:13,290] Elapsed since last report = 0[s]
[2026-04-21 23:30:13,290] Elapsed iters 726000 inps 23041 outs 697
[2026-04-21 23:30:13,290] Elapsed since last report = 0[s]
[2026-04-21 23:30:13,290] Elapsed iters 727000 inps 23041 outs 700
[2026-04-21 23:30:13,290] Elapsed since last report = 0[s]
[2026-04-21 23:30:13,290] Elapsed iters 728000 inps 23286 outs 700
[2026-04-21 23:30:13,290] Elapsed since last report = 0[s]
[2026-04-21 23:30:13,290] Elapsed iters 729000 inps 23361 outs 700
[2026-04-21 23:30:13,290] Elapsed since last report = 0[s]
[2026-04-21 23:30:13,290] Elapsed iters 730000 inps 23361 outs 700
[2026-04-21 23:30:13,290] Elapsed since last report = 0[s]
[2026-04-21 23:30:13,290] Elapsed iters 731000 inps 23361 outs 700
[2026-04-21 23:30:13,290] Elapsed since last report = 0[s]
[2026-04-21 23:30:13,290] Elapsed iters 732000 inps 23361 outs 700
[2026-04-21 23:30:13,290] Elapsed since last report = 0[s]
[2026-04-21 23:30:13,290] Elapsed iters 733000 inps 23361 outs 700
[2026-04-21 23:30:13,290] Elapsed since last report = 0[s]
[2026-04-21 23:30:13,290] Elapsed iters 734000 inps 23361 outs 700
[2026-04-21 23:30:13,290] Elapsed since last report = 0[s]
[2026-04-21 23:30:13,290] Elapsed iters 735000 inps 23361 outs 700
[2026-04-21 23:30:13,290] Elapsed since last report = 0[s]
[2026-04-21 23:30:13,290] Elapsed iters 736000 inps 23361 outs 703
[2026-04-21 23:30:13,290] Elapsed since last report = 0[s]
[2026-04-21 23:30:13,290] Elapsed iters 737000 inps 23361 outs 710
[2026-04-21 23:30:13,290] Elapsed since last report = 0[s]
[2026-04-21 23:30:13,290] Elapsed iters 738000 inps 23361 outs 710
[2026-04-21 23:30:13,290] Elapsed since last report = 0[s]
[2026-04-21 23:30:13,290] Elapsed iters 739000 inps 23681 outs 710
[2026-04-21 23:30:13,290] Elapsed since last report = 0[s]
[2026-04-21 23:30:13,290] Elapsed iters 740000 inps 23681 outs 710
[2026-04-21 23:30:13,290] Elapsed since last report = 0[s]
[2026-04-21 23:30:13,290] Elapsed iters 741000 inps 23681 outs 710
[2026-04-21 23:30:13,290] Elapsed since last report = 0[s]
[2026-04-21 23:30:13,290] Elapsed iters 742000 inps 23681 outs 710
[2026-04-21 23:30:13,290] Elapsed since last report = 0[s]
[2026-04-21 23:30:13,290] Elapsed iters 743000 inps 23681 outs 710
[2026-04-21 23:30:13,290] Elapsed since last report = 0[s]
[2026-04-21 23:30:13,290] Elapsed iters 744000 inps 23681 outs 710
[2026-04-21 23:30:13,290] Elapsed since last report = 0[s]
[2026-04-21 23:30:13,290] Elapsed iters 745000 inps 23681 outs 710
[2026-04-21 23:30:13,290] Elapsed since last report = 0[s]
[2026-04-21 23:30:13,290] Elapsed iters 746000 inps 23681 outs 710
[2026-04-21 23:30:13,290] Elapsed since last report = 0[s]
[2026-04-21 23:30:13,290] Elapsed iters 747000 inps 23681 outs 720
[2026-04-21 23:30:13,290] Elapsed since last report = 0[s]
[2026-04-21 23:30:13,290] Elapsed iters 748000 inps 23681 outs 720
[2026-04-21 23:30:13,290] Elapsed since last report = 0[s]
[2026-04-21 23:30:13,290] Elapsed iters 749000 inps 24001 outs 720
[2026-04-21 23:30:13,290] Elapsed since last report = 0[s]
[2026-04-21 23:30:13,290] Elapsed iters 750000 inps 24001 outs 720
[2026-04-21 23:30:13,290] Elapsed since last report = 0[s]
[2026-04-21 23:30:13,290] Elapsed iters 751000 inps 24001 outs 720
[2026-04-21 23:30:13,290] Elapsed since last report = 0[s]
[2026-04-21 23:30:13,290] Elapsed iters 752000 inps 24001 outs 720
[2026-04-21 23:30:13,290] Elapsed since last report = 0[s]
[2026-04-21 23:30:13,290] Elapsed iters 753000 inps 24001 outs 720
[2026-04-21 23:30:13,290] Elapsed since last report = 0[s]
[2026-04-21 23:30:13,290] Elapsed iters 754000 inps 24001 outs 720
[2026-04-21 23:30:13,290] Elapsed since last report = 0[s]
[2026-04-21 23:30:13,290] Elapsed iters 755000 inps 24001 outs 720
[2026-04-21 23:30:13,290] Elapsed since last report = 0[s]
[2026-04-21 23:30:13,290] Elapsed iters 756000 inps 24001 outs 720
[2026-04-21 23:30:13,290] Elapsed since last report = 0[s]
[2026-04-21 23:30:13,290] Elapsed iters 757000 inps 24001 outs 730
[2026-04-21 23:30:13,290] Elapsed since last report = 0[s]
[2026-04-21 23:30:13,290] Elapsed iters 758000 inps 24001 outs 730
[2026-04-21 23:30:13,290] Elapsed since last report = 0[s]
[2026-04-21 23:30:13,290] Elapsed iters 759000 inps 24321 outs 730
[2026-04-21 23:30:13,291] Elapsed since last report = 0[s]
[2026-04-21 23:30:13,291] Elapsed iters 760000 inps 24321 outs 730
[2026-04-21 23:30:13,291] Elapsed since last report = 0[s]
[2026-04-21 23:30:13,291] Elapsed iters 761000 inps 24321 outs 730
[2026-04-21 23:30:13,291] Elapsed since last report = 0[s]
[2026-04-21 23:30:13,291] Elapsed iters 762000 inps 24321 outs 730
[2026-04-21 23:30:13,291] Elapsed since last report = 0[s]
[2026-04-21 23:30:13,291] Elapsed iters 763000 inps 24321 outs 730
[2026-04-21 23:30:13,291] Elapsed since last report = 0[s]
[2026-04-21 23:30:13,291] Elapsed iters 764000 inps 24321 outs 730
[2026-04-21 23:30:13,291] Elapsed since last report = 0[s]
[2026-04-21 23:30:13,291] Elapsed iters 765000 inps 24321 outs 730
[2026-04-21 23:30:13,291] Elapsed since last report = 0[s]
[2026-04-21 23:30:13,291] Elapsed iters 766000 inps 24321 outs 730
[2026-04-21 23:30:13,291] Elapsed since last report = 0[s]
[2026-04-21 23:30:13,291] Elapsed iters 767000 inps 24321 outs 737
[2026-04-21 23:30:13,291] Elapsed since last report = 0[s]
[2026-04-21 23:30:13,291] Elapsed iters 768000 inps 24321 outs 740
[2026-04-21 23:30:13,291] Elapsed since last report = 0[s]
[2026-04-21 23:30:13,291] Elapsed iters 769000 inps 24566 outs 740
[2026-04-21 23:30:13,291] Elapsed since last report = 0[s]
[2026-04-21 23:30:13,291] Elapsed iters 770000 inps 24641 outs 740
[2026-04-21 23:30:13,291] Elapsed since last report = 0[s]
[2026-04-21 23:30:13,291] Elapsed iters 771000 inps 24641 outs 740
[2026-04-21 23:30:13,291] Elapsed since last report = 0[s]
[2026-04-21 23:30:13,291] Elapsed iters 772000 inps 24641 outs 740
[2026-04-21 23:30:13,291] Elapsed since last report = 0[s]
[2026-04-21 23:30:13,291] Elapsed iters 773000 inps 24641 outs 740
[2026-04-21 23:30:13,291] Elapsed since last report = 0[s]
[2026-04-21 23:30:13,291] Elapsed iters 774000 inps 24641 outs 740
[2026-04-21 23:30:13,291] Elapsed since last report = 0[s]
[2026-04-21 23:30:13,291] Elapsed iters 775000 inps 24641 outs 740
[2026-04-21 23:30:13,291] Elapsed since last report = 0[s]
[2026-04-21 23:30:13,291] Elapsed iters 776000 inps 24641 outs 740
[2026-04-21 23:30:13,291] Elapsed since last report = 0[s]
[2026-04-21 23:30:13,291] Elapsed iters 777000 inps 24641 outs 743
[2026-04-21 23:30:13,291] Elapsed since last report = 0[s]
[2026-04-21 23:30:13,291] Elapsed iters 778000 inps 24641 outs 750
[2026-04-21 23:30:13,291] Elapsed since last report = 0[s]
[2026-04-21 23:30:13,291] Elapsed iters 779000 inps 24641 outs 750
[2026-04-21 23:30:13,291] Elapsed since last report = 0[s]
[2026-04-21 23:30:13,291] Elapsed iters 780000 inps 24961 outs 750
[2026-04-21 23:30:13,291] Elapsed since last report = 0[s]
[2026-04-21 23:30:13,291] Elapsed iters 781000 inps 24961 outs 750
[2026-04-21 23:30:13,291] Elapsed since last report = 0[s]
[2026-04-21 23:30:13,291] Elapsed iters 782000 inps 24961 outs 750
[2026-04-21 23:30:13,291] Elapsed since last report = 0[s]
[2026-04-21 23:30:13,291] Elapsed iters 783000 inps 24961 outs 750
[2026-04-21 23:30:13,291] Elapsed since last report = 0[s]
[2026-04-21 23:30:13,291] Elapsed iters 784000 inps 24961 outs 750
[2026-04-21 23:30:13,291] Elapsed since last report = 0[s]
[2026-04-21 23:30:13,291] Elapsed iters 785000 inps 24961 outs 750
[2026-04-21 23:30:13,291] Elapsed since last report = 0[s]
[2026-04-21 23:30:13,291] Elapsed iters 786000 inps 24961 outs 750
[2026-04-21 23:30:13,291] Elapsed since last report = 0[s]
[2026-04-21 23:30:13,291] Elapsed iters 787000 inps 24961 outs 750
[2026-04-21 23:30:13,291] Elapsed since last report = 0[s]
[2026-04-21 23:30:13,291] Elapsed iters 788000 inps 24961 outs 760
[2026-04-21 23:30:13,291] Elapsed since last report = 0[s]
[2026-04-21 23:30:13,291] Elapsed iters 789000 inps 24961 outs 760
[2026-04-21 23:30:13,291] Elapsed since last report = 0[s]
[2026-04-21 23:30:13,291] Elapsed iters 790000 inps 25281 outs 760
[2026-04-21 23:30:13,291] Elapsed since last report = 0[s]
[2026-04-21 23:30:13,291] Elapsed iters 791000 inps 25281 outs 760
[2026-04-21 23:30:13,291] Elapsed since last report = 0[s]
[2026-04-21 23:30:13,291] Elapsed iters 792000 inps 25281 outs 760
[2026-04-21 23:30:13,291] Elapsed since last report = 0[s]
[2026-04-21 23:30:13,291] Elapsed iters 793000 inps 25281 outs 760
[2026-04-21 23:30:13,291] Elapsed since last report = 0[s]
[2026-04-21 23:30:13,291] Elapsed iters 794000 inps 25281 outs 760
[2026-04-21 23:30:13,291] Elapsed since last report = 0[s]
[2026-04-21 23:30:13,291] Elapsed iters 795000 inps 25281 outs 760
[2026-04-21 23:30:13,291] Elapsed since last report = 0[s]
[2026-04-21 23:30:13,291] Elapsed iters 796000 inps 25281 outs 760
[2026-04-21 23:30:13,291] Elapsed since last report = 0[s]
[2026-04-21 23:30:13,291] Elapsed iters 797000 inps 25281 outs 760
[2026-04-21 23:30:13,291] Elapsed since last report = 0[s]
[2026-04-21 23:30:13,291] Elapsed iters 798000 inps 25281 outs 770
[2026-04-21 23:30:13,291] Elapsed since last report = 0[s]
[2026-04-21 23:30:13,291] Elapsed iters 799000 inps 25281 outs 770
[2026-04-21 23:30:13,291] Elapsed since last report = 0[s]
[2026-04-21 23:30:13,291] Elapsed iters 800000 inps 25601 outs 770
[2026-04-21 23:30:13,291] Elapsed since last report = 0[s]
[2026-04-21 23:30:13,291] Elapsed iters 801000 inps 25601 outs 770
[2026-04-21 23:30:13,291] Elapsed since last report = 0[s]
[2026-04-21 23:30:13,291] Elapsed iters 802000 inps 25601 outs 770
[2026-04-21 23:30:13,291] Elapsed since last report = 0[s]
[2026-04-21 23:30:13,291] Elapsed iters 803000 inps 25601 outs 770
[2026-04-21 23:30:13,291] Elapsed since last report = 0[s]
[2026-04-21 23:30:13,291] Elapsed iters 804000 inps 25601 outs 770
[2026-04-21 23:30:13,291] Elapsed since last report = 0[s]
[2026-04-21 23:30:13,291] Elapsed iters 805000 inps 25601 outs 770
[2026-04-21 23:30:13,291] Elapsed since last report = 0[s]
[2026-04-21 23:30:13,291] Elapsed iters 806000 inps 25601 outs 770
[2026-04-21 23:30:13,291] Elapsed since last report = 0[s]
[2026-04-21 23:30:13,291] Elapsed iters 807000 inps 25601 outs 770
[2026-04-21 23:30:13,291] Elapsed since last report = 0[s]
[2026-04-21 23:30:13,291] Elapsed iters 808000 inps 25601 outs 777
[2026-04-21 23:30:13,291] Elapsed since last report = 0[s]
[2026-04-21 23:30:13,291] Elapsed iters 809000 inps 25601 outs 780
[2026-04-21 23:30:13,291] Elapsed since last report = 0[s]
[2026-04-21 23:30:13,291] Elapsed iters 810000 inps 25846 outs 780
[2026-04-21 23:30:13,291] Elapsed since last report = 0[s]
[2026-04-21 23:30:13,291] Elapsed iters 811000 inps 25921 outs 780
[2026-04-21 23:30:13,291] Elapsed since last report = 0[s]
[2026-04-21 23:30:13,291] Elapsed iters 812000 inps 25921 outs 780
[2026-04-21 23:30:13,291] Elapsed since last report = 0[s]
[2026-04-21 23:30:13,291] Elapsed iters 813000 inps 25921 outs 780
[2026-04-21 23:30:13,291] Elapsed since last report = 0[s]
[2026-04-21 23:30:13,291] Elapsed iters 814000 inps 25921 outs 780
[2026-04-21 23:30:13,291] Elapsed since last report = 0[s]
[2026-04-21 23:30:13,291] Elapsed iters 815000 inps 25921 outs 780
[2026-04-21 23:30:13,291] Elapsed since last report = 0[s]
[2026-04-21 23:30:13,291] Elapsed iters 816000 inps 25921 outs 780
[2026-04-21 23:30:13,291] Elapsed since last report = 0[s]
[2026-04-21 23:30:13,291] Elapsed iters 817000 inps 25921 outs 780
[2026-04-21 23:30:13,291] Elapsed since last report = 0[s]
[2026-04-21 23:30:13,291] Elapsed iters 818000 inps 25921 outs 783
[2026-04-21 23:30:13,291] Elapsed since last report = 0[s]
[2026-04-21 23:30:13,291] Elapsed iters 819000 inps 25921 outs 790
[2026-04-21 23:30:13,291] Elapsed since last report = 0[s]
[2026-04-21 23:30:13,291] Elapsed iters 820000 inps 25921 outs 790
[2026-04-21 23:30:13,291] Elapsed since last report = 0[s]
[2026-04-21 23:30:13,291] Elapsed iters 821000 inps 26241 outs 790
[2026-04-21 23:30:13,291] Elapsed since last report = 0[s]
[2026-04-21 23:30:13,291] Elapsed iters 822000 inps 26241 outs 790
[2026-04-21 23:30:13,291] Elapsed since last report = 0[s]
[2026-04-21 23:30:13,291] Elapsed iters 823000 inps 26241 outs 790
[2026-04-21 23:30:13,291] Elapsed since last report = 0[s]
[2026-04-21 23:30:13,291] Elapsed iters 824000 inps 26241 outs 790
[2026-04-21 23:30:13,291] Elapsed since last report = 0[s]
[2026-04-21 23:30:13,292] Elapsed iters 825000 inps 26241 outs 790
[2026-04-21 23:30:13,292] Elapsed since last report = 0[s]
[2026-04-21 23:30:13,292] Elapsed iters 826000 inps 26241 outs 790
[2026-04-21 23:30:13,292] Elapsed since last report = 0[s]
[2026-04-21 23:30:13,292] Elapsed iters 827000 inps 26241 outs 790
[2026-04-21 23:30:13,292] Elapsed since last report = 0[s]
[2026-04-21 23:30:13,292] Elapsed iters 828000 inps 26241 outs 790
[2026-04-21 23:30:13,292] Elapsed since last report = 0[s]
[2026-04-21 23:30:13,292] Elapsed iters 829000 inps 26241 outs 800
[2026-04-21 23:30:13,292] Elapsed since last report = 0[s]
[2026-04-21 23:30:13,292] Elapsed iters 830000 inps 26241 outs 800
[2026-04-21 23:30:13,292] Elapsed since last report = 0[s]
[2026-04-21 23:30:13,292] Elapsed iters 831000 inps 26561 outs 800
[2026-04-21 23:30:13,292] Elapsed since last report = 0[s]
[2026-04-21 23:30:13,292] Elapsed iters 832000 inps 26561 outs 800
[2026-04-21 23:30:13,292] Elapsed since last report = 0[s]
[2026-04-21 23:30:13,292] Elapsed iters 833000 inps 26561 outs 800
[2026-04-21 23:30:13,292] Elapsed since last report = 0[s]
[2026-04-21 23:30:13,292] Elapsed iters 834000 inps 26561 outs 800
[2026-04-21 23:30:13,292] Elapsed since last report = 0[s]
[2026-04-21 23:30:13,292] Elapsed iters 835000 inps 26561 outs 800
[2026-04-21 23:30:13,292] Elapsed since last report = 0[s]
[2026-04-21 23:30:13,292] Elapsed iters 836000 inps 26561 outs 800
[2026-04-21 23:30:13,292] Elapsed since last report = 0[s]
[2026-04-21 23:30:13,292] Elapsed iters 837000 inps 26561 outs 800
[2026-04-21 23:30:13,292] Elapsed since last report = 0[s]
[2026-04-21 23:30:13,292] Elapsed iters 838000 inps 26561 outs 800
[2026-04-21 23:30:13,292] Elapsed since last report = 0[s]
[2026-04-21 23:30:13,292] Elapsed iters 839000 inps 26561 outs 810
[2026-04-21 23:30:13,292] Elapsed since last report = 0[s]
[2026-04-21 23:30:13,292] Elapsed iters 840000 inps 26561 outs 810
[2026-04-21 23:30:13,292] Elapsed since last report = 0[s]
[2026-04-21 23:30:13,292] Elapsed iters 841000 inps 26881 outs 810
[2026-04-21 23:30:13,292] Elapsed since last report = 0[s]
[2026-04-21 23:30:13,292] Elapsed iters 842000 inps 26881 outs 810
[2026-04-21 23:30:13,292] Elapsed since last report = 0[s]
[2026-04-21 23:30:13,292] Elapsed iters 843000 inps 26881 outs 810
[2026-04-21 23:30:13,292] Elapsed since last report = 0[s]
[2026-04-21 23:30:13,292] Elapsed iters 844000 inps 26881 outs 810
[2026-04-21 23:30:13,292] Elapsed since last report = 0[s]
[2026-04-21 23:30:13,292] Elapsed iters 845000 inps 26881 outs 810
[2026-04-21 23:30:13,292] Elapsed since last report = 0[s]
[2026-04-21 23:30:13,292] Elapsed iters 846000 inps 26881 outs 810
[2026-04-21 23:30:13,292] Elapsed since last report = 0[s]
[2026-04-21 23:30:13,292] Elapsed iters 847000 inps 26881 outs 810
[2026-04-21 23:30:13,292] Elapsed since last report = 0[s]
[2026-04-21 23:30:13,292] Elapsed iters 848000 inps 26881 outs 810
[2026-04-21 23:30:13,292] Elapsed since last report = 0[s]
[2026-04-21 23:30:13,292] Elapsed iters 849000 inps 26881 outs 817
[2026-04-21 23:30:13,292] Elapsed since last report = 0[s]
[2026-04-21 23:30:13,292] Elapsed iters 850000 inps 26881 outs 820
[2026-04-21 23:30:13,292] Elapsed since last report = 0[s]
[2026-04-21 23:30:13,292] Elapsed iters 851000 inps 27126 outs 820
[2026-04-21 23:30:13,292] Elapsed since last report = 0[s]
[2026-04-21 23:30:13,292] Elapsed iters 852000 inps 27201 outs 820
[2026-04-21 23:30:13,292] Elapsed since last report = 0[s]
[2026-04-21 23:30:13,292] Elapsed iters 853000 inps 27201 outs 820
[2026-04-21 23:30:13,292] Elapsed since last report = 0[s]
[2026-04-21 23:30:13,292] Elapsed iters 854000 inps 27201 outs 820
[2026-04-21 23:30:13,292] Elapsed since last report = 0[s]
[2026-04-21 23:30:13,292] Elapsed iters 855000 inps 27201 outs 820
[2026-04-21 23:30:13,292] Elapsed since last report = 0[s]
[2026-04-21 23:30:13,292] Elapsed iters 856000 inps 27201 outs 820
[2026-04-21 23:30:13,292] Elapsed since last report = 0[s]
[2026-04-21 23:30:13,292] Elapsed iters 857000 inps 27201 outs 820
[2026-04-21 23:30:13,292] Elapsed since last report = 0[s]
[2026-04-21 23:30:13,292] Elapsed iters 858000 inps 27201 outs 820
[2026-04-21 23:30:13,292] Elapsed since last report = 0[s]
[2026-04-21 23:30:13,292] Elapsed iters 859000 inps 27201 outs 823
[2026-04-21 23:30:13,292] Elapsed since last report = 0[s]
[2026-04-21 23:30:13,292] Elapsed iters 860000 inps 27201 outs 830
[2026-04-21 23:30:13,292] Elapsed since last report = 0[s]
[2026-04-21 23:30:13,292] Elapsed iters 861000 inps 27201 outs 830
[2026-04-21 23:30:13,292] Elapsed since last report = 0[s]
[2026-04-21 23:30:13,292] Elapsed iters 862000 inps 27521 outs 830
[2026-04-21 23:30:13,292] Elapsed since last report = 0[s]
[2026-04-21 23:30:13,292] Elapsed iters 863000 inps 27521 outs 830
[2026-04-21 23:30:13,292] Elapsed since last report = 0[s]
[2026-04-21 23:30:13,292] Elapsed iters 864000 inps 27521 outs 830
[2026-04-21 23:30:13,292] Elapsed since last report = 0[s]
[2026-04-21 23:30:13,292] Elapsed iters 865000 inps 27521 outs 830
[2026-04-21 23:30:13,292] Elapsed since last report = 0[s]
[2026-04-21 23:30:13,292] Elapsed iters 866000 inps 27521 outs 830
[2026-04-21 23:30:13,292] Elapsed since last report = 0[s]
[2026-04-21 23:30:13,292] Elapsed iters 867000 inps 27521 outs 830
[2026-04-21 23:30:13,292] Elapsed since last report = 0[s]
[2026-04-21 23:30:13,292] Elapsed iters 868000 inps 27521 outs 830
[2026-04-21 23:30:13,292] Elapsed since last report = 0[s]
[2026-04-21 23:30:13,292] Elapsed iters 869000 inps 27521 outs 830
[2026-04-21 23:30:13,292] Elapsed since last report = 0[s]
[2026-04-21 23:30:13,292] Elapsed iters 870000 inps 27521 outs 840
[2026-04-21 23:30:13,292] Elapsed since last report = 0[s]
[2026-04-21 23:30:13,292] Elapsed iters 871000 inps 27521 outs 840
[2026-04-21 23:30:13,292] Elapsed since last report = 0[s]
[2026-04-21 23:30:13,292] Elapsed iters 872000 inps 27841 outs 840
[2026-04-21 23:30:13,292] Elapsed since last report = 0[s]
[2026-04-21 23:30:13,292] Elapsed iters 873000 inps 27841 outs 840
[2026-04-21 23:30:13,292] Elapsed since last report = 0[s]
[2026-04-21 23:30:13,292] Elapsed iters 874000 inps 27841 outs 840
[2026-04-21 23:30:13,292] Elapsed since last report = 0[s]
[2026-04-21 23:30:13,292] Elapsed iters 875000 inps 27841 outs 840
[2026-04-21 23:30:13,292] Elapsed since last report = 0[s]
[2026-04-21 23:30:13,292] Elapsed iters 876000 inps 27841 outs 840
[2026-04-21 23:30:13,292] Elapsed since last report = 0[s]
[2026-04-21 23:30:13,292] Elapsed iters 877000 inps 27841 outs 840
[2026-04-21 23:30:13,292] Elapsed since last report = 0[s]
[2026-04-21 23:30:13,292] Elapsed iters 878000 inps 27841 outs 840
[2026-04-21 23:30:13,292] Elapsed since last report = 0[s]
[2026-04-21 23:30:13,292] Elapsed iters 879000 inps 27841 outs 840
[2026-04-21 23:30:13,292] Elapsed since last report = 0[s]
[2026-04-21 23:30:13,292] Elapsed iters 880000 inps 27841 outs 850
[2026-04-21 23:30:13,292] Elapsed since last report = 0[s]
[2026-04-21 23:30:13,292] Elapsed iters 881000 inps 27841 outs 850
[2026-04-21 23:30:13,292] Elapsed since last report = 0[s]
[2026-04-21 23:30:13,292] Elapsed iters 882000 inps 28161 outs 850
[2026-04-21 23:30:13,292] Elapsed since last report = 0[s]
[2026-04-21 23:30:13,292] Elapsed iters 883000 inps 28161 outs 850
[2026-04-21 23:30:13,292] Elapsed since last report = 0[s]
[2026-04-21 23:30:13,292] Elapsed iters 884000 inps 28161 outs 850
[2026-04-21 23:30:13,292] Elapsed since last report = 0[s]
[2026-04-21 23:30:13,292] Elapsed iters 885000 inps 28161 outs 850
[2026-04-21 23:30:13,292] Elapsed since last report = 0[s]
[2026-04-21 23:30:13,292] Elapsed iters 886000 inps 28161 outs 850
[2026-04-21 23:30:13,292] Elapsed since last report = 0[s]
[2026-04-21 23:30:13,292] Elapsed iters 887000 inps 28161 outs 850
[2026-04-21 23:30:13,292] Elapsed since last report = 0[s]
[2026-04-21 23:30:13,292] Elapsed iters 888000 inps 28161 outs 850
[2026-04-21 23:30:13,292] Elapsed since last report = 0[s]
[2026-04-21 23:30:13,293] Elapsed iters 889000 inps 28161 outs 850
[2026-04-21 23:30:13,293] Elapsed since last report = 0[s]
[2026-04-21 23:30:13,293] Elapsed iters 890000 inps 28161 outs 857
[2026-04-21 23:30:13,293] Elapsed since last report = 0[s]
[2026-04-21 23:30:13,293] Elapsed iters 891000 inps 28161 outs 860
[2026-04-21 23:30:13,293] Elapsed since last report = 0[s]
[2026-04-21 23:30:13,293] Elapsed iters 892000 inps 28406 outs 860
[2026-04-21 23:30:13,293] Elapsed since last report = 0[s]
[2026-04-21 23:30:13,293] Elapsed iters 893000 inps 28481 outs 860
[2026-04-21 23:30:13,293] Elapsed since last report = 0[s]
[2026-04-21 23:30:13,293] Elapsed iters 894000 inps 28481 outs 860
[2026-04-21 23:30:13,293] Elapsed since last report = 0[s]
[2026-04-21 23:30:13,293] Elapsed iters 895000 inps 28481 outs 860
[2026-04-21 23:30:13,293] Elapsed since last report = 0[s]
[2026-04-21 23:30:13,293] Elapsed iters 896000 inps 28481 outs 860
[2026-04-21 23:30:13,293] Elapsed since last report = 0[s]
[2026-04-21 23:30:13,293] Elapsed iters 897000 inps 28481 outs 860
[2026-04-21 23:30:13,293] Elapsed since last report = 0[s]
[2026-04-21 23:30:13,293] Elapsed iters 898000 inps 28481 outs 860
[2026-04-21 23:30:13,293] Elapsed since last report = 0[s]
[2026-04-21 23:30:13,293] Elapsed iters 899000 inps 28481 outs 860
[2026-04-21 23:30:13,293] Elapsed since last report = 0[s]
[2026-04-21 23:30:13,293] Elapsed iters 900000 inps 28481 outs 863
[2026-04-21 23:30:13,293] Elapsed since last report = 0[s]
[2026-04-21 23:30:13,293] Elapsed iters 901000 inps 28481 outs 870
[2026-04-21 23:30:13,293] Elapsed since last report = 0[s]
[2026-04-21 23:30:13,293] Elapsed iters 902000 inps 28481 outs 870
[2026-04-21 23:30:13,293] Elapsed since last report = 0[s]
[2026-04-21 23:30:13,293] Elapsed iters 903000 inps 28801 outs 870
[2026-04-21 23:30:13,293] Elapsed since last report = 0[s]
[2026-04-21 23:30:13,293] Elapsed iters 904000 inps 28801 outs 870
[2026-04-21 23:30:13,293] Elapsed since last report = 0[s]
[2026-04-21 23:30:13,293] Elapsed iters 905000 inps 28801 outs 870
[2026-04-21 23:30:13,293] Elapsed since last report = 0[s]
[2026-04-21 23:30:13,293] Elapsed iters 906000 inps 28801 outs 870
[2026-04-21 23:30:13,293] Elapsed since last report = 0[s]
[2026-04-21 23:30:13,293] Elapsed iters 907000 inps 28801 outs 870
[2026-04-21 23:30:13,293] Elapsed since last report = 0[s]
[2026-04-21 23:30:13,293] Elapsed iters 908000 inps 28801 outs 870
[2026-04-21 23:30:13,293] Elapsed since last report = 0[s]
[2026-04-21 23:30:13,293] Elapsed iters 909000 inps 28801 outs 870
[2026-04-21 23:30:13,293] Elapsed since last report = 0[s]
[2026-04-21 23:30:13,293] Elapsed iters 910000 inps 28801 outs 870
[2026-04-21 23:30:13,293] Elapsed since last report = 0[s]
[2026-04-21 23:30:13,293] Elapsed iters 911000 inps 28801 outs 880
[2026-04-21 23:30:13,293] Elapsed since last report = 0[s]
[2026-04-21 23:30:13,293] Elapsed iters 912000 inps 28801 outs 880
[2026-04-21 23:30:13,293] Elapsed since last report = 0[s]
[2026-04-21 23:30:13,293] Elapsed iters 913000 inps 29121 outs 880
[2026-04-21 23:30:13,293] Elapsed since last report = 0[s]
[2026-04-21 23:30:13,293] Elapsed iters 914000 inps 29121 outs 880
[2026-04-21 23:30:13,293] Elapsed since last report = 0[s]
[2026-04-21 23:30:13,293] Elapsed iters 915000 inps 29121 outs 880
[2026-04-21 23:30:13,293] Elapsed since last report = 0[s]
[2026-04-21 23:30:13,293] Elapsed iters 916000 inps 29121 outs 880
[2026-04-21 23:30:13,293] Elapsed since last report = 0[s]
[2026-04-21 23:30:13,293] Elapsed iters 917000 inps 29121 outs 880
[2026-04-21 23:30:13,293] Elapsed since last report = 0[s]
[2026-04-21 23:30:13,293] Elapsed iters 918000 inps 29121 outs 880
[2026-04-21 23:30:13,293] Elapsed since last report = 0[s]
[2026-04-21 23:30:13,293] Elapsed iters 919000 inps 29121 outs 880
[2026-04-21 23:30:13,293] Elapsed since last report = 0[s]
[2026-04-21 23:30:13,293] Elapsed iters 920000 inps 29121 outs 880
[2026-04-21 23:30:13,293] Elapsed since last report = 0[s]
[2026-04-21 23:30:13,293] Elapsed iters 921000 inps 29121 outs 890
[2026-04-21 23:30:13,293] Elapsed since last report = 0[s]
[2026-04-21 23:30:13,293] Elapsed iters 922000 inps 29121 outs 890
[2026-04-21 23:30:13,293] Elapsed since last report = 0[s]
[2026-04-21 23:30:13,293] Elapsed iters 923000 inps 29441 outs 890
[2026-04-21 23:30:13,293] Elapsed since last report = 0[s]
[2026-04-21 23:30:13,293] Elapsed iters 924000 inps 29441 outs 890
[2026-04-21 23:30:13,293] Elapsed since last report = 0[s]
[2026-04-21 23:30:13,293] Elapsed iters 925000 inps 29441 outs 890
[2026-04-21 23:30:13,293] Elapsed since last report = 0[s]
[2026-04-21 23:30:13,293] Elapsed iters 926000 inps 29441 outs 890
[2026-04-21 23:30:13,293] Elapsed since last report = 0[s]
[2026-04-21 23:30:13,293] Elapsed iters 927000 inps 29441 outs 890
[2026-04-21 23:30:13,293] Elapsed since last report = 0[s]
[2026-04-21 23:30:13,293] Elapsed iters 928000 inps 29441 outs 890
[2026-04-21 23:30:13,293] Elapsed since last report = 0[s]
[2026-04-21 23:30:13,293] Elapsed iters 929000 inps 29441 outs 890
[2026-04-21 23:30:13,293] Elapsed since last report = 0[s]
[2026-04-21 23:30:13,293] Elapsed iters 930000 inps 29441 outs 890
[2026-04-21 23:30:13,293] Elapsed since last report = 0[s]
[2026-04-21 23:30:13,293] Elapsed iters 931000 inps 29441 outs 897
[2026-04-21 23:30:13,293] Elapsed since last report = 0[s]
[2026-04-21 23:30:13,293] Elapsed iters 932000 inps 29441 outs 900
[2026-04-21 23:30:13,293] Elapsed since last report = 0[s]
[2026-04-21 23:30:13,293] Elapsed iters 933000 inps 29686 outs 900
[2026-04-21 23:30:13,293] Elapsed since last report = 0[s]
[2026-04-21 23:30:13,293] Elapsed iters 934000 inps 29761 outs 900
[2026-04-21 23:30:13,293] Elapsed since last report = 0[s]
[2026-04-21 23:30:13,293] Elapsed iters 935000 inps 29761 outs 900
[2026-04-21 23:30:13,293] Elapsed since last report = 0[s]
[2026-04-21 23:30:13,293] Elapsed iters 936000 inps 29761 outs 900
[2026-04-21 23:30:13,293] Elapsed since last report = 0[s]
[2026-04-21 23:30:13,293] Elapsed iters 937000 inps 29761 outs 900
[2026-04-21 23:30:13,293] Elapsed since last report = 0[s]
[2026-04-21 23:30:13,293] Elapsed iters 938000 inps 29761 outs 900
[2026-04-21 23:30:13,293] Elapsed since last report = 0[s]
[2026-04-21 23:30:13,293] Elapsed iters 939000 inps 29761 outs 900
[2026-04-21 23:30:13,293] Elapsed since last report = 0[s]
[2026-04-21 23:30:13,293] Elapsed iters 940000 inps 29761 outs 900
[2026-04-21 23:30:13,293] Elapsed since last report = 0[s]
[2026-04-21 23:30:13,293] Elapsed iters 941000 inps 29761 outs 903
[2026-04-21 23:30:13,293] Elapsed since last report = 0[s]
[2026-04-21 23:30:13,293] Elapsed iters 942000 inps 29761 outs 910
[2026-04-21 23:30:13,293] Elapsed since last report = 0[s]
[2026-04-21 23:30:13,293] Elapsed iters 943000 inps 29761 outs 910
[2026-04-21 23:30:13,293] Elapsed since last report = 0[s]
[2026-04-21 23:30:13,293] Elapsed iters 944000 inps 30081 outs 910
[2026-04-21 23:30:13,293] Elapsed since last report = 0[s]
[2026-04-21 23:30:13,293] Elapsed iters 945000 inps 30081 outs 910
[2026-04-21 23:30:13,293] Elapsed since last report = 0[s]
[2026-04-21 23:30:13,293] Elapsed iters 946000 inps 30081 outs 910
[2026-04-21 23:30:13,293] Elapsed since last report = 0[s]
[2026-04-21 23:30:13,293] Elapsed iters 947000 inps 30081 outs 910
[2026-04-21 23:30:13,293] Elapsed since last report = 0[s]
[2026-04-21 23:30:13,293] Elapsed iters 948000 inps 30081 outs 910
[2026-04-21 23:30:13,293] Elapsed since last report = 0[s]
[2026-04-21 23:30:13,293] Elapsed iters 949000 inps 30081 outs 910
[2026-04-21 23:30:13,293] Elapsed since last report = 0[s]
[2026-04-21 23:30:13,293] Elapsed iters 950000 inps 30081 outs 910
[2026-04-21 23:30:13,293] Elapsed since last report = 0[s]
[2026-04-21 23:30:13,293] Elapsed iters 951000 inps 30081 outs 910
[2026-04-21 23:30:13,293] Elapsed since last report = 0[s]
[2026-04-21 23:30:13,293] Elapsed iters 952000 inps 30081 outs 920
[2026-04-21 23:30:13,294] Elapsed since last report = 0[s]
[2026-04-21 23:30:13,294] Elapsed iters 953000 inps 30081 outs 920
[2026-04-21 23:30:13,294] Elapsed since last report = 0[s]
[2026-04-21 23:30:13,294] Elapsed iters 954000 inps 30401 outs 920
[2026-04-21 23:30:13,294] Elapsed since last report = 0[s]
[2026-04-21 23:30:13,294] Elapsed iters 955000 inps 30401 outs 920
[2026-04-21 23:30:13,294] Elapsed since last report = 0[s]
[2026-04-21 23:30:13,294] Elapsed iters 956000 inps 30401 outs 920
[2026-04-21 23:30:13,294] Elapsed since last report = 0[s]
[2026-04-21 23:30:13,294] Elapsed iters 957000 inps 30401 outs 920
[2026-04-21 23:30:13,294] Elapsed since last report = 0[s]
[2026-04-21 23:30:13,294] Elapsed iters 958000 inps 30401 outs 920
[2026-04-21 23:30:13,294] Elapsed since last report = 0[s]
[2026-04-21 23:30:13,294] Elapsed iters 959000 inps 30401 outs 920
[2026-04-21 23:30:13,294] Elapsed since last report = 0[s]
[2026-04-21 23:30:13,294] Elapsed iters 960000 inps 30401 outs 920
[2026-04-21 23:30:13,294] Elapsed since last report = 0[s]
[2026-04-21 23:30:13,294] Elapsed iters 961000 inps 30401 outs 920
[2026-04-21 23:30:13,294] Elapsed since last report = 0[s]
[2026-04-21 23:30:13,294] Elapsed iters 962000 inps 30401 outs 930
[2026-04-21 23:30:13,294] Elapsed since last report = 0[s]
[2026-04-21 23:30:13,294] Elapsed iters 963000 inps 30401 outs 930
[2026-04-21 23:30:13,294] Elapsed since last report = 0[s]
[2026-04-21 23:30:13,294] Elapsed iters 964000 inps 30721 outs 930
[2026-04-21 23:30:13,294] Elapsed since last report = 0[s]
[2026-04-21 23:30:13,294] Elapsed iters 965000 inps 30721 outs 930
[2026-04-21 23:30:13,294] Elapsed since last report = 0[s]
[2026-04-21 23:30:13,294] Elapsed iters 966000 inps 30721 outs 930
[2026-04-21 23:30:13,294] Elapsed since last report = 0[s]
[2026-04-21 23:30:13,294] Elapsed iters 967000 inps 30721 outs 930
[2026-04-21 23:30:13,294] Elapsed since last report = 0[s]
[2026-04-21 23:30:13,294] Elapsed iters 968000 inps 30721 outs 930
[2026-04-21 23:30:13,294] Elapsed since last report = 0[s]
[2026-04-21 23:30:13,294] Elapsed iters 969000 inps 30721 outs 930
[2026-04-21 23:30:13,294] Elapsed since last report = 0[s]
[2026-04-21 23:30:13,294] Elapsed iters 970000 inps 30721 outs 930
[2026-04-21 23:30:13,294] Elapsed since last report = 0[s]
[2026-04-21 23:30:13,294] Elapsed iters 971000 inps 30721 outs 930
[2026-04-21 23:30:13,294] Elapsed since last report = 0[s]
[2026-04-21 23:30:13,294] Elapsed iters 972000 inps 30721 outs 937
[2026-04-21 23:30:13,294] Elapsed since last report = 0[s]
[2026-04-21 23:30:13,294] Elapsed iters 973000 inps 30721 outs 940
[2026-04-21 23:30:13,294] Elapsed since last report = 0[s]
[2026-04-21 23:30:13,294] Elapsed iters 974000 inps 30966 outs 940
[2026-04-21 23:30:13,294] Elapsed since last report = 0[s]
[2026-04-21 23:30:13,294] Elapsed iters 975000 inps 31041 outs 940
[2026-04-21 23:30:13,294] Elapsed since last report = 0[s]
[2026-04-21 23:30:13,294] Elapsed iters 976000 inps 31041 outs 940
[2026-04-21 23:30:13,294] Elapsed since last report = 0[s]
[2026-04-21 23:30:13,294] Elapsed iters 977000 inps 31041 outs 940
[2026-04-21 23:30:13,294] Elapsed since last report = 0[s]
[2026-04-21 23:30:13,294] Elapsed iters 978000 inps 31041 outs 940
[2026-04-21 23:30:13,294] Elapsed since last report = 0[s]
[2026-04-21 23:30:13,294] Elapsed iters 979000 inps 31041 outs 940
[2026-04-21 23:30:13,294] Elapsed since last report = 0[s]
[2026-04-21 23:30:13,294] Elapsed iters 980000 inps 31041 outs 940
[2026-04-21 23:30:13,294] Elapsed since last report = 0[s]
[2026-04-21 23:30:13,294] Elapsed iters 981000 inps 31041 outs 940
[2026-04-21 23:30:13,294] Elapsed since last report = 0[s]
[2026-04-21 23:30:13,294] Elapsed iters 982000 inps 31041 outs 943
[2026-04-21 23:30:13,294] Elapsed since last report = 0[s]
[2026-04-21 23:30:13,294] Elapsed iters 983000 inps 31041 outs 950
[2026-04-21 23:30:13,294] Elapsed since last report = 0[s]
[2026-04-21 23:30:13,294] Elapsed iters 984000 inps 31041 outs 950
[2026-04-21 23:30:13,294] Elapsed since last report = 0[s]
[2026-04-21 23:30:13,294] Elapsed iters 985000 inps 31361 outs 950
[2026-04-21 23:30:13,294] Elapsed since last report = 0[s]
[2026-04-21 23:30:13,294] Elapsed iters 986000 inps 31361 outs 950
[2026-04-21 23:30:13,294] Elapsed since last report = 0[s]
[2026-04-21 23:30:13,294] Elapsed iters 987000 inps 31361 outs 950
[2026-04-21 23:30:13,294] Elapsed since last report = 0[s]
[2026-04-21 23:30:13,294] Elapsed iters 988000 inps 31361 outs 950
[2026-04-21 23:30:13,294] Elapsed since last report = 0[s]
[2026-04-21 23:30:13,294] Elapsed iters 989000 inps 31361 outs 950
[2026-04-21 23:30:13,294] Elapsed since last report = 0[s]
[2026-04-21 23:30:13,294] Elapsed iters 990000 inps 31361 outs 950
[2026-04-21 23:30:13,294] Elapsed since last report = 0[s]
[2026-04-21 23:30:13,294] Elapsed iters 991000 inps 31361 outs 950
[2026-04-21 23:30:13,294] Elapsed since last report = 0[s]
[2026-04-21 23:30:13,294] Elapsed iters 992000 inps 31361 outs 950
[2026-04-21 23:30:13,294] Elapsed since last report = 0[s]
[2026-04-21 23:30:13,294] Elapsed iters 993000 inps 31361 outs 960
[2026-04-21 23:30:13,294] Elapsed since last report = 0[s]
[2026-04-21 23:30:13,294] Elapsed iters 994000 inps 31361 outs 960
[2026-04-21 23:30:13,294] Elapsed since last report = 0[s]
[2026-04-21 23:30:13,294] Elapsed iters 995000 inps 31681 outs 960
[2026-04-21 23:30:13,294] Elapsed since last report = 0[s]
[2026-04-21 23:30:13,294] Elapsed iters 996000 inps 31681 outs 960
[2026-04-21 23:30:13,294] Elapsed since last report = 0[s]
[2026-04-21 23:30:13,294] Elapsed iters 997000 inps 31681 outs 960
[2026-04-21 23:30:13,294] Elapsed since last report = 0[s]
[2026-04-21 23:30:13,294] Elapsed iters 998000 inps 31681 outs 960
[2026-04-21 23:30:13,294] Elapsed since last report = 0[s]
[2026-04-21 23:30:13,294] Elapsed iters 999000 inps 31681 outs 960
[2026-04-21 23:30:13,294] Elapsed since last report = 0[s]
[2026-04-21 23:30:13,294] Elapsed iters 1000000 inps 31681 outs 960
[2026-04-21 23:30:13,294] Elapsed since last report = 0[s]
[2026-04-21 23:30:13,294] Elapsed iters 1001000 inps 31681 outs 960
[2026-04-21 23:30:13,294] Elapsed since last report = 0[s]
[2026-04-21 23:30:13,294] Elapsed iters 1002000 inps 31681 outs 960
[2026-04-21 23:30:13,294] Elapsed since last report = 0[s]
[2026-04-21 23:30:13,294] Elapsed iters 1003000 inps 31681 outs 970
[2026-04-21 23:30:13,294] Elapsed since last report = 0[s]
[2026-04-21 23:30:13,294] Elapsed iters 1004000 inps 31681 outs 970
[2026-04-21 23:30:13,294] Elapsed since last report = 0[s]
[2026-04-21 23:30:13,294] All inputs written at cycle 1004823
[2026-04-21 23:30:13,294] Elapsed iters 1005000 inps 32000 outs 970
[2026-04-21 23:30:13,294] Elapsed since last report = 0[s]
[2026-04-21 23:30:13,294] Elapsed iters 1006000 inps 32000 outs 970
[2026-04-21 23:30:13,294] Elapsed since last report = 0[s]
[2026-04-21 23:30:13,294] Elapsed iters 1007000 inps 32000 outs 970
[2026-04-21 23:30:13,294] Elapsed since last report = 0[s]
[2026-04-21 23:30:13,294] Elapsed iters 1008000 inps 32000 outs 970
[2026-04-21 23:30:13,294] Elapsed since last report = 0[s]
[2026-04-21 23:30:13,294] Elapsed iters 1009000 inps 32000 outs 970
[2026-04-21 23:30:13,294] Elapsed since last report = 0[s]
[2026-04-21 23:30:13,294] Elapsed iters 1010000 inps 32000 outs 970
[2026-04-21 23:30:13,294] Elapsed since last report = 0[s]
[2026-04-21 23:30:13,294] Elapsed iters 1011000 inps 32000 outs 970
[2026-04-21 23:30:13,294] Elapsed since last report = 0[s]
[2026-04-21 23:30:13,294] Elapsed iters 1012000 inps 32000 outs 970
[2026-04-21 23:30:13,294] Elapsed since last report = 0[s]
[2026-04-21 23:30:13,294] Elapsed iters 1013000 inps 32000 outs 977
[2026-04-21 23:30:13,294] Elapsed since last report = 0[s]
[2026-04-21 23:30:13,294] Elapsed iters 1014000 inps 32000 outs 980
[2026-04-21 23:30:13,294] Elapsed since last report = 0[s]
[2026-04-21 23:30:13,294] Elapsed iters 1015000 inps 32000 outs 980
[2026-04-21 23:30:13,294] Elapsed since last report = 0[s]
[2026-04-21 23:30:13,294] Elapsed iters 1016000 inps 32000 outs 980
[2026-04-21 23:30:13,294] Elapsed since last report = 0[s]
[2026-04-21 23:30:13,294] Elapsed iters 1017000 inps 32000 outs 980
[2026-04-21 23:30:13,294] Elapsed since last report = 0[s]
[2026-04-21 23:30:13,294] Elapsed iters 1018000 inps 32000 outs 980
[2026-04-21 23:30:13,295] Elapsed since last report = 0[s]
[2026-04-21 23:30:13,295] Elapsed iters 1019000 inps 32000 outs 980
[2026-04-21 23:30:13,295] Elapsed since last report = 0[s]
[2026-04-21 23:30:13,295] Elapsed iters 1020000 inps 32000 outs 980
[2026-04-21 23:30:13,295] Elapsed since last report = 0[s]
[2026-04-21 23:30:13,295] Elapsed iters 1021000 inps 32000 outs 980
[2026-04-21 23:30:13,295] Elapsed since last report = 0[s]
[2026-04-21 23:30:13,295] Elapsed iters 1022000 inps 32000 outs 980
[2026-04-21 23:30:13,295] Elapsed since last report = 0[s]
[2026-04-21 23:30:13,295] Elapsed iters 1023000 inps 32000 outs 983
[2026-04-21 23:30:13,295] Elapsed since last report = 0[s]
[2026-04-21 23:30:13,295] Elapsed iters 1024000 inps 32000 outs 990
[2026-04-21 23:30:13,295] Elapsed since last report = 0[s]
[2026-04-21 23:30:13,295] Elapsed iters 1025000 inps 32000 outs 990
[2026-04-21 23:30:13,295] Elapsed since last report = 0[s]
[2026-04-21 23:30:13,295] Elapsed iters 1026000 inps 32000 outs 990
[2026-04-21 23:30:13,295] Elapsed since last report = 0[s]
[2026-04-21 23:30:13,295] Elapsed iters 1027000 inps 32000 outs 990
[2026-04-21 23:30:13,295] Elapsed since last report = 0[s]
[2026-04-21 23:30:13,295] Elapsed iters 1028000 inps 32000 outs 990
[2026-04-21 23:30:13,295] Elapsed since last report = 0[s]
[2026-04-21 23:30:13,295] Elapsed iters 1029000 inps 32000 outs 990
[2026-04-21 23:30:13,295] Elapsed since last report = 0[s]
[2026-04-21 23:30:13,295] Elapsed iters 1030000 inps 32000 outs 990
[2026-04-21 23:30:13,295] Elapsed since last report = 0[s]
[2026-04-21 23:30:13,295] Elapsed iters 1031000 inps 32000 outs 990
[2026-04-21 23:30:13,295] Elapsed since last report = 0[s]
[2026-04-21 23:30:13,295] Elapsed iters 1032000 inps 32000 outs 990
[2026-04-21 23:30:13,295] Elapsed since last report = 0[s]
[2026-04-21 23:30:13,295] Elapsed iters 1033000 inps 32000 outs 990
[2026-04-21 23:30:13,295] Elapsed since last report = 0[s]
[2026-04-21 23:30:13,295] Simulation finished
[2026-04-21 23:30:13,295] Number of inputs consumed 32000
[2026-04-21 23:30:13,295] Number of outputs produced 1000
[2026-04-21 23:30:13,295] Number of clock cycles 1033662
[2026-04-21 23:30:13,296] Running step: step_synthesize_bitfile [16/18]
[2026-04-21 23:30:13,309] /home/emanuel-hernandez/finn/src/finn/transformation/fpgadataflow/floorplan.py:107: UserWarning: 11 nodes have no entry in the provided floorplan, SLR was set to -1
[2026-04-21 23:30:13,309]   warnings.warn(
[2026-04-21 23:31:07,497] /home/emanuel-hernandez/finn/src/finn/transformation/fpgadataflow/prepare_ip.py:56: UserWarning: Using pre-existing code for StreamingDataflowPartition_1_StreamingFIFO_rtl_0
[2026-04-21 23:31:07,498]   warnings.warn("Using pre-existing code for %s" % node.name)
[2026-04-21 23:31:07,498] /home/emanuel-hernandez/finn/src/finn/transformation/fpgadataflow/prepare_ip.py:56: UserWarning: Using pre-existing code for StreamingDataflowPartition_1_MVAU_hls_0
[2026-04-21 23:31:07,498]   warnings.warn("Using pre-existing code for %s" % node.name)
[2026-04-21 23:31:07,498] /home/emanuel-hernandez/finn/src/finn/transformation/fpgadataflow/prepare_ip.py:56: UserWarning: Using pre-existing code for StreamingDataflowPartition_1_StreamingFIFO_rtl_1
[2026-04-21 23:31:07,498]   warnings.warn("Using pre-existing code for %s" % node.name)
[2026-04-21 23:31:07,498] /home/emanuel-hernandez/finn/src/finn/transformation/fpgadataflow/prepare_ip.py:56: UserWarning: Using pre-existing code for StreamingDataflowPartition_1_StreamingDataWidthConverter_rtl_0
[2026-04-21 23:31:07,498]   warnings.warn("Using pre-existing code for %s" % node.name)
[2026-04-21 23:31:07,498] /home/emanuel-hernandez/finn/src/finn/transformation/fpgadataflow/prepare_ip.py:56: UserWarning: Using pre-existing code for StreamingDataflowPartition_1_StreamingFIFO_rtl_2
[2026-04-21 23:31:07,498]   warnings.warn("Using pre-existing code for %s" % node.name)
[2026-04-21 23:31:07,498] /home/emanuel-hernandez/finn/src/finn/transformation/fpgadataflow/prepare_ip.py:56: UserWarning: Using pre-existing code for StreamingDataflowPartition_1_MVAU_hls_1
[2026-04-21 23:31:07,498]   warnings.warn("Using pre-existing code for %s" % node.name)
[2026-04-21 23:31:07,498] /home/emanuel-hernandez/finn/src/finn/transformation/fpgadataflow/prepare_ip.py:56: UserWarning: Using pre-existing code for StreamingDataflowPartition_1_StreamingFIFO_rtl_3
[2026-04-21 23:31:07,498]   warnings.warn("Using pre-existing code for %s" % node.name)
[2026-04-21 23:31:07,498] /home/emanuel-hernandez/finn/src/finn/transformation/fpgadataflow/prepare_ip.py:56: UserWarning: Using pre-existing code for StreamingDataflowPartition_1_MVAU_rtl_0
[2026-04-21 23:31:07,498]   warnings.warn("Using pre-existing code for %s" % node.name)
[2026-04-21 23:31:07,498] /home/emanuel-hernandez/finn/src/finn/transformation/fpgadataflow/prepare_ip.py:56: UserWarning: Using pre-existing code for StreamingDataflowPartition_1_StreamingFIFO_rtl_4
[2026-04-21 23:31:07,498]   warnings.warn("Using pre-existing code for %s" % node.name)
[2026-04-21 23:31:07,544] /home/emanuel-hernandez/finn/src/finn/transformation/fpgadataflow/hlssynth_ip.py:74: UserWarning: Using pre-existing IP for StreamingDataflowPartition_1_MVAU_hls_1
[2026-04-21 23:31:07,544]   warnings.warn("Using pre-existing IP for %s" % node.name)
[2026-04-21 23:31:07,547] /home/emanuel-hernandez/finn/src/finn/transformation/fpgadataflow/hlssynth_ip.py:74: UserWarning: Using pre-existing IP for StreamingDataflowPartition_1_MVAU_hls_0
[2026-04-21 23:31:07,547]   warnings.warn("Using pre-existing IP for %s" % node.name)
[2026-04-21 23:47:07,888] Bitfile written into 8-bits/finn_build/fc/bitfile
[2026-04-21 23:47:07,888] Running step: step_make_pynq_driver [17/18]
[2026-04-21 23:47:07,919] creating 8-bits/finn_build/fc/driver
[2026-04-21 23:47:07,919] copying /tmp/finn_dev_emanuel-hernandez/pynq_driver_zdp0xqlv/validate.py -> 8-bits/finn_build/fc/driver
[2026-04-21 23:47:07,919] creating 8-bits/finn_build/fc/driver/finn
[2026-04-21 23:47:07,919] creating 8-bits/finn_build/fc/driver/finn/util
[2026-04-21 23:47:07,920] copying /tmp/finn_dev_emanuel-hernandez/pynq_driver_zdp0xqlv/finn/util/data_packing.py -> 8-bits/finn_build/fc/driver/finn/util
[2026-04-21 23:47:07,920] copying /tmp/finn_dev_emanuel-hernandez/pynq_driver_zdp0xqlv/finn/util/__init__.py -> 8-bits/finn_build/fc/driver/finn/util
[2026-04-21 23:47:07,920] creating 8-bits/finn_build/fc/driver/runtime_weights
[2026-04-21 23:47:07,920] copying /tmp/finn_dev_emanuel-hernandez/pynq_driver_zdp0xqlv/driver_base.py -> 8-bits/finn_build/fc/driver
[2026-04-21 23:47:07,920] copying /tmp/finn_dev_emanuel-hernandez/pynq_driver_zdp0xqlv/driver.py -> 8-bits/finn_build/fc/driver
[2026-04-21 23:47:07,920] creating 8-bits/finn_build/fc/driver/qonnx
[2026-04-21 23:47:07,920] creating 8-bits/finn_build/fc/driver/qonnx/util
[2026-04-21 23:47:07,920] copying /tmp/finn_dev_emanuel-hernandez/pynq_driver_zdp0xqlv/qonnx/util/basic.py -> 8-bits/finn_build/fc/driver/qonnx/util
[2026-04-21 23:47:07,920] copying /tmp/finn_dev_emanuel-hernandez/pynq_driver_zdp0xqlv/qonnx/util/__init__.py -> 8-bits/finn_build/fc/driver/qonnx/util
[2026-04-21 23:47:07,920] creating 8-bits/finn_build/fc/driver/qonnx/core
[2026-04-21 23:47:07,920] copying /tmp/finn_dev_emanuel-hernandez/pynq_driver_zdp0xqlv/qonnx/core/datatype.py -> 8-bits/finn_build/fc/driver/qonnx/core
[2026-04-21 23:47:07,920] copying /tmp/finn_dev_emanuel-hernandez/pynq_driver_zdp0xqlv/qonnx/core/__init__.py -> 8-bits/finn_build/fc/driver/qonnx/core
[2026-04-21 23:47:07,920] PYNQ Python driver written into 8-bits/finn_build/fc/driver
[2026-04-21 23:47:07,920] Running step: step_deployment_package [18/18]
[2026-04-21 23:47:07,920] creating 8-bits/finn_build/fc/deploy/bitfile
[2026-04-21 23:47:07,921] copying 8-bits/finn_build/fc/bitfile/finn-accel.bit -> 8-bits/finn_build/fc/deploy/bitfile
[2026-04-21 23:47:07,924] copying 8-bits/finn_build/fc/bitfile/finn-accel.hwh -> 8-bits/finn_build/fc/deploy/bitfile
[2026-04-21 23:47:07,924] creating 8-bits/finn_build/fc/deploy/driver
[2026-04-21 23:47:07,924] copying 8-bits/finn_build/fc/driver/validate.py -> 8-bits/finn_build/fc/deploy/driver
[2026-04-21 23:47:07,924] creating 8-bits/finn_build/fc/deploy/driver/finn
[2026-04-21 23:47:07,924] creating 8-bits/finn_build/fc/deploy/driver/finn/util
[2026-04-21 23:47:07,924] copying 8-bits/finn_build/fc/driver/finn/util/data_packing.py -> 8-bits/finn_build/fc/deploy/driver/finn/util
[2026-04-21 23:47:07,924] copying 8-bits/finn_build/fc/driver/finn/util/__init__.py -> 8-bits/finn_build/fc/deploy/driver/finn/util
[2026-04-21 23:47:07,924] creating 8-bits/finn_build/fc/deploy/driver/runtime_weights
[2026-04-21 23:47:07,924] copying 8-bits/finn_build/fc/driver/driver_base.py -> 8-bits/finn_build/fc/deploy/driver
[2026-04-21 23:47:07,924] copying 8-bits/finn_build/fc/driver/driver.py -> 8-bits/finn_build/fc/deploy/driver
[2026-04-21 23:47:07,925] creating 8-bits/finn_build/fc/deploy/driver/qonnx
[2026-04-21 23:47:07,925] creating 8-bits/finn_build/fc/deploy/driver/qonnx/util
[2026-04-21 23:47:07,925] copying 8-bits/finn_build/fc/driver/qonnx/util/basic.py -> 8-bits/finn_build/fc/deploy/driver/qonnx/util
[2026-04-21 23:47:07,925] copying 8-bits/finn_build/fc/driver/qonnx/util/__init__.py -> 8-bits/finn_build/fc/deploy/driver/qonnx/util
[2026-04-21 23:47:07,925] creating 8-bits/finn_build/fc/deploy/driver/qonnx/core
[2026-04-21 23:47:07,925] copying 8-bits/finn_build/fc/driver/qonnx/core/datatype.py -> 8-bits/finn_build/fc/deploy/driver/qonnx/core
[2026-04-21 23:47:07,925] copying 8-bits/finn_build/fc/driver/qonnx/core/__init__.py -> 8-bits/finn_build/fc/deploy/driver/qonnx/core
