#-----------------------------------------------------------
# Vivado v2022.2 (64-bit)
# SW Build 3671981 on Fri Oct 14 04:59:54 MDT 2022
# IP Build 3669848 on Fri Oct 14 08:30:02 MDT 2022
# Start of session at: Sat Apr 18 20:41:58 2026
# Process ID: 126318
# Current directory: /tmp/finn_dev_emanuel-hernandez/vivado_stitch_proj_pm9ik9x1
# Command line: vivado -mode batch -source make_project.tcl
# Log file: /tmp/finn_dev_emanuel-hernandez/vivado_stitch_proj_pm9ik9x1/vivado.log
# Journal file: /tmp/finn_dev_emanuel-hernandez/vivado_stitch_proj_pm9ik9x1/vivado.jou
# Running On: finn_dev_emanuel-hernandez, OS: Linux, CPU Frequency: 400.461 MHz, CPU Physical cores: 12, Host memory: 16465 MB
#-----------------------------------------------------------
INFO: [Common 17-1239] XILINX_LOCAL_USER_DATA is set to 'no'.
source make_project.tcl
# create_project finn_vivado_stitch_proj /tmp/finn_dev_emanuel-hernandez/vivado_stitch_proj_pm9ik9x1 -part xck26-sfvc784-2LV-c
# set_msg_config -id {[BD 41-1753]} -suppress
# set_property ip_repo_paths [list $::env(FINN_ROOT)/finn-rtllib/memstream /tmp/finn_dev_emanuel-hernandez/code_gen_ipgen_StreamingFIFO_rtl_0_2xp77osi /tmp/finn_dev_emanuel-hernandez/code_gen_ipgen_FMPadding_rtl_0_ty50wf7f /tmp/finn_dev_emanuel-hernandez/code_gen_ipgen_StreamingFIFO_rtl_1_m6if6tq1 /tmp/finn_dev_emanuel-hernandez/code_gen_ipgen_ConvolutionInputGenerator_rtl_0_czth98kw /tmp/finn_dev_emanuel-hernandez/code_gen_ipgen_StreamingFIFO_rtl_2_q6mksatc /tmp/finn_dev_emanuel-hernandez/code_gen_ipgen_MVAU_hls_0_23yd46c2/project_MVAU_hls_0/sol1/impl/ip /tmp/finn_dev_emanuel-hernandez/code_gen_ipgen_StreamingFIFO_rtl_3_p2hyhro8 /tmp/finn_dev_emanuel-hernandez/code_gen_ipgen_StreamingDataWidthConverter_rtl_0_dgprmkiy /tmp/finn_dev_emanuel-hernandez/code_gen_ipgen_StreamingFIFO_rtl_4_lh6tdo7e /tmp/finn_dev_emanuel-hernandez/code_gen_ipgen_FMPadding_rtl_1_xpf90tc3 /tmp/finn_dev_emanuel-hernandez/code_gen_ipgen_StreamingFIFO_rtl_5_vvlnqhpy /tmp/finn_dev_emanuel-hernandez/code_gen_ipgen_StreamingDataWidthConverter_rtl_1_jnol8bbv /tmp/finn_dev_emanuel-hernandez/code_gen_ipgen_StreamingFIFO_rtl_6_6f4ornhe /tmp/finn_dev_emanuel-hernandez/code_gen_ipgen_ConvolutionInputGenerator_rtl_1_3gytnw5p /tmp/finn_dev_emanuel-hernandez/code_gen_ipgen_StreamingFIFO_rtl_7_6w23ui98 /tmp/finn_dev_emanuel-hernandez/code_gen_ipgen_StreamingDataWidthConverter_rtl_2_sg9hna6v /tmp/finn_dev_emanuel-hernandez/code_gen_ipgen_StreamingFIFO_rtl_8_fgp0hvu1 /tmp/finn_dev_emanuel-hernandez/code_gen_ipgen_MVAU_hls_1_juaup5kq/project_MVAU_hls_1/sol1/impl/ip /tmp/finn_dev_emanuel-hernandez/code_gen_ipgen_StreamingFIFO_rtl_9_8p53cw18 /tmp/finn_dev_emanuel-hernandez/code_gen_ipgen_StreamingDataWidthConverter_rtl_3_w9ea0x8t /tmp/finn_dev_emanuel-hernandez/code_gen_ipgen_StreamingFIFO_rtl_10_rz1ffexj /tmp/finn_dev_emanuel-hernandez/code_gen_ipgen_StreamingMaxPool_hls_0_u0p0cbhc/project_StreamingMaxPool_hls_0/sol1/impl/ip /tmp/finn_dev_emanuel-hernandez/code_gen_ipgen_StreamingFIFO_rtl_11_9xde0iu_ /tmp/finn_dev_emanuel-hernandez/code_gen_ipgen_FMPadding_rtl_2_bfhymavv /tmp/finn_dev_emanuel-hernandez/code_gen_ipgen_StreamingFIFO_rtl_12_l1u5y9oq /tmp/finn_dev_emanuel-hernandez/code_gen_ipgen_StreamingDataWidthConverter_rtl_4_d3noeq7x /tmp/finn_dev_emanuel-hernandez/code_gen_ipgen_StreamingFIFO_rtl_13__5kvrwkr /tmp/finn_dev_emanuel-hernandez/code_gen_ipgen_ConvolutionInputGenerator_rtl_2_dtijaray /tmp/finn_dev_emanuel-hernandez/code_gen_ipgen_StreamingFIFO_rtl_14_90_nfugx /tmp/finn_dev_emanuel-hernandez/code_gen_ipgen_StreamingDataWidthConverter_rtl_5_eg6sc5c7 /tmp/finn_dev_emanuel-hernandez/code_gen_ipgen_StreamingFIFO_rtl_15_6k7rpw6a /tmp/finn_dev_emanuel-hernandez/code_gen_ipgen_MVAU_hls_2_c_8z90e9/project_MVAU_hls_2/sol1/impl/ip /tmp/finn_dev_emanuel-hernandez/code_gen_ipgen_StreamingFIFO_rtl_16_dcyfzx2o /tmp/finn_dev_emanuel-hernandez/code_gen_ipgen_StreamingDataWidthConverter_rtl_6_03z4zugl /tmp/finn_dev_emanuel-hernandez/code_gen_ipgen_StreamingFIFO_rtl_17_ml8iegwl /tmp/finn_dev_emanuel-hernandez/code_gen_ipgen_FMPadding_rtl_3_2x9msyqe /tmp/finn_dev_emanuel-hernandez/code_gen_ipgen_StreamingFIFO_rtl_18_0dc9afhr /tmp/finn_dev_emanuel-hernandez/code_gen_ipgen_StreamingDataWidthConverter_rtl_7_4ikvmjoa /tmp/finn_dev_emanuel-hernandez/code_gen_ipgen_StreamingFIFO_rtl_19_dcp13z__ /tmp/finn_dev_emanuel-hernandez/code_gen_ipgen_ConvolutionInputGenerator_rtl_3_s53q98tt /tmp/finn_dev_emanuel-hernandez/code_gen_ipgen_StreamingFIFO_rtl_20_zwdrd7b4 /tmp/finn_dev_emanuel-hernandez/code_gen_ipgen_StreamingDataWidthConverter_rtl_8_7jr6z08o /tmp/finn_dev_emanuel-hernandez/code_gen_ipgen_StreamingFIFO_rtl_21_lv51e197 /tmp/finn_dev_emanuel-hernandez/code_gen_ipgen_MVAU_hls_3_b35vdh1n/project_MVAU_hls_3/sol1/impl/ip /tmp/finn_dev_emanuel-hernandez/code_gen_ipgen_StreamingFIFO_rtl_22_byid7tf2 /tmp/finn_dev_emanuel-hernandez/code_gen_ipgen_StreamingDataWidthConverter_rtl_9_1ve3wz7j /tmp/finn_dev_emanuel-hernandez/code_gen_ipgen_StreamingFIFO_rtl_23_zfz13eo2 /tmp/finn_dev_emanuel-hernandez/code_gen_ipgen_StreamingMaxPool_hls_1_7wwp66zq/project_StreamingMaxPool_hls_1/sol1/impl/ip /tmp/finn_dev_emanuel-hernandez/code_gen_ipgen_StreamingFIFO_rtl_24_z54i444h /tmp/finn_dev_emanuel-hernandez/code_gen_ipgen_StreamingDataWidthConverter_rtl_10_yub6am8x /tmp/finn_dev_emanuel-hernandez/code_gen_ipgen_StreamingFIFO_rtl_25_k4tmsb30 /tmp/finn_dev_emanuel-hernandez/code_gen_ipgen_MVAU_hls_4_tmhw3dtv/project_MVAU_hls_4/sol1/impl/ip /tmp/finn_dev_emanuel-hernandez/code_gen_ipgen_StreamingFIFO_rtl_26_8mjg4iui /tmp/finn_dev_emanuel-hernandez/code_gen_ipgen_MVAU_rtl_0_5irei88l /tmp/finn_dev_emanuel-hernandez/code_gen_ipgen_StreamingFIFO_rtl_27_agjbqf20] [current_project]
# update_ip_catalog
INFO: [IP_Flow 19-234] Refreshing IP repositories
INFO: [IP_Flow 19-1700] Loaded user IP repository '/home/emanuel-hernandez/finn/finn-rtllib/memstream'.
INFO: [IP_Flow 19-1700] Loaded user IP repository '/tmp/finn_dev_emanuel-hernandez/code_gen_ipgen_StreamingFIFO_rtl_0_2xp77osi'.
INFO: [IP_Flow 19-1700] Loaded user IP repository '/tmp/finn_dev_emanuel-hernandez/code_gen_ipgen_FMPadding_rtl_0_ty50wf7f'.
INFO: [IP_Flow 19-1700] Loaded user IP repository '/tmp/finn_dev_emanuel-hernandez/code_gen_ipgen_StreamingFIFO_rtl_1_m6if6tq1'.
INFO: [IP_Flow 19-1700] Loaded user IP repository '/tmp/finn_dev_emanuel-hernandez/code_gen_ipgen_ConvolutionInputGenerator_rtl_0_czth98kw'.
INFO: [IP_Flow 19-1700] Loaded user IP repository '/tmp/finn_dev_emanuel-hernandez/code_gen_ipgen_StreamingFIFO_rtl_2_q6mksatc'.
INFO: [IP_Flow 19-1700] Loaded user IP repository '/tmp/finn_dev_emanuel-hernandez/code_gen_ipgen_MVAU_hls_0_23yd46c2/project_MVAU_hls_0/sol1/impl/ip'.
INFO: [IP_Flow 19-1700] Loaded user IP repository '/tmp/finn_dev_emanuel-hernandez/code_gen_ipgen_StreamingFIFO_rtl_3_p2hyhro8'.
INFO: [IP_Flow 19-1700] Loaded user IP repository '/tmp/finn_dev_emanuel-hernandez/code_gen_ipgen_StreamingDataWidthConverter_rtl_0_dgprmkiy'.
INFO: [IP_Flow 19-1700] Loaded user IP repository '/tmp/finn_dev_emanuel-hernandez/code_gen_ipgen_StreamingFIFO_rtl_4_lh6tdo7e'.
INFO: [IP_Flow 19-1700] Loaded user IP repository '/tmp/finn_dev_emanuel-hernandez/code_gen_ipgen_FMPadding_rtl_1_xpf90tc3'.
INFO: [IP_Flow 19-1700] Loaded user IP repository '/tmp/finn_dev_emanuel-hernandez/code_gen_ipgen_StreamingFIFO_rtl_5_vvlnqhpy'.
INFO: [IP_Flow 19-1700] Loaded user IP repository '/tmp/finn_dev_emanuel-hernandez/code_gen_ipgen_StreamingDataWidthConverter_rtl_1_jnol8bbv'.
INFO: [IP_Flow 19-1700] Loaded user IP repository '/tmp/finn_dev_emanuel-hernandez/code_gen_ipgen_StreamingFIFO_rtl_6_6f4ornhe'.
INFO: [IP_Flow 19-1700] Loaded user IP repository '/tmp/finn_dev_emanuel-hernandez/code_gen_ipgen_ConvolutionInputGenerator_rtl_1_3gytnw5p'.
INFO: [IP_Flow 19-1700] Loaded user IP repository '/tmp/finn_dev_emanuel-hernandez/code_gen_ipgen_StreamingFIFO_rtl_7_6w23ui98'.
INFO: [IP_Flow 19-1700] Loaded user IP repository '/tmp/finn_dev_emanuel-hernandez/code_gen_ipgen_StreamingDataWidthConverter_rtl_2_sg9hna6v'.
INFO: [IP_Flow 19-1700] Loaded user IP repository '/tmp/finn_dev_emanuel-hernandez/code_gen_ipgen_StreamingFIFO_rtl_8_fgp0hvu1'.
INFO: [IP_Flow 19-1700] Loaded user IP repository '/tmp/finn_dev_emanuel-hernandez/code_gen_ipgen_MVAU_hls_1_juaup5kq/project_MVAU_hls_1/sol1/impl/ip'.
INFO: [IP_Flow 19-1700] Loaded user IP repository '/tmp/finn_dev_emanuel-hernandez/code_gen_ipgen_StreamingFIFO_rtl_9_8p53cw18'.
INFO: [IP_Flow 19-1700] Loaded user IP repository '/tmp/finn_dev_emanuel-hernandez/code_gen_ipgen_StreamingDataWidthConverter_rtl_3_w9ea0x8t'.
INFO: [IP_Flow 19-1700] Loaded user IP repository '/tmp/finn_dev_emanuel-hernandez/code_gen_ipgen_StreamingFIFO_rtl_10_rz1ffexj'.
INFO: [IP_Flow 19-1700] Loaded user IP repository '/tmp/finn_dev_emanuel-hernandez/code_gen_ipgen_StreamingMaxPool_hls_0_u0p0cbhc/project_StreamingMaxPool_hls_0/sol1/impl/ip'.
INFO: [IP_Flow 19-1700] Loaded user IP repository '/tmp/finn_dev_emanuel-hernandez/code_gen_ipgen_StreamingFIFO_rtl_11_9xde0iu_'.
INFO: [IP_Flow 19-1700] Loaded user IP repository '/tmp/finn_dev_emanuel-hernandez/code_gen_ipgen_FMPadding_rtl_2_bfhymavv'.
INFO: [IP_Flow 19-1700] Loaded user IP repository '/tmp/finn_dev_emanuel-hernandez/code_gen_ipgen_StreamingFIFO_rtl_12_l1u5y9oq'.
INFO: [IP_Flow 19-1700] Loaded user IP repository '/tmp/finn_dev_emanuel-hernandez/code_gen_ipgen_StreamingDataWidthConverter_rtl_4_d3noeq7x'.
INFO: [IP_Flow 19-1700] Loaded user IP repository '/tmp/finn_dev_emanuel-hernandez/code_gen_ipgen_StreamingFIFO_rtl_13__5kvrwkr'.
INFO: [IP_Flow 19-1700] Loaded user IP repository '/tmp/finn_dev_emanuel-hernandez/code_gen_ipgen_ConvolutionInputGenerator_rtl_2_dtijaray'.
INFO: [IP_Flow 19-1700] Loaded user IP repository '/tmp/finn_dev_emanuel-hernandez/code_gen_ipgen_StreamingFIFO_rtl_14_90_nfugx'.
INFO: [IP_Flow 19-1700] Loaded user IP repository '/tmp/finn_dev_emanuel-hernandez/code_gen_ipgen_StreamingDataWidthConverter_rtl_5_eg6sc5c7'.
INFO: [IP_Flow 19-1700] Loaded user IP repository '/tmp/finn_dev_emanuel-hernandez/code_gen_ipgen_StreamingFIFO_rtl_15_6k7rpw6a'.
INFO: [IP_Flow 19-1700] Loaded user IP repository '/tmp/finn_dev_emanuel-hernandez/code_gen_ipgen_MVAU_hls_2_c_8z90e9/project_MVAU_hls_2/sol1/impl/ip'.
INFO: [IP_Flow 19-1700] Loaded user IP repository '/tmp/finn_dev_emanuel-hernandez/code_gen_ipgen_StreamingFIFO_rtl_16_dcyfzx2o'.
INFO: [IP_Flow 19-1700] Loaded user IP repository '/tmp/finn_dev_emanuel-hernandez/code_gen_ipgen_StreamingDataWidthConverter_rtl_6_03z4zugl'.
INFO: [IP_Flow 19-1700] Loaded user IP repository '/tmp/finn_dev_emanuel-hernandez/code_gen_ipgen_StreamingFIFO_rtl_17_ml8iegwl'.
INFO: [IP_Flow 19-1700] Loaded user IP repository '/tmp/finn_dev_emanuel-hernandez/code_gen_ipgen_FMPadding_rtl_3_2x9msyqe'.
INFO: [IP_Flow 19-1700] Loaded user IP repository '/tmp/finn_dev_emanuel-hernandez/code_gen_ipgen_StreamingFIFO_rtl_18_0dc9afhr'.
INFO: [IP_Flow 19-1700] Loaded user IP repository '/tmp/finn_dev_emanuel-hernandez/code_gen_ipgen_StreamingDataWidthConverter_rtl_7_4ikvmjoa'.
INFO: [IP_Flow 19-1700] Loaded user IP repository '/tmp/finn_dev_emanuel-hernandez/code_gen_ipgen_StreamingFIFO_rtl_19_dcp13z__'.
INFO: [IP_Flow 19-1700] Loaded user IP repository '/tmp/finn_dev_emanuel-hernandez/code_gen_ipgen_ConvolutionInputGenerator_rtl_3_s53q98tt'.
INFO: [IP_Flow 19-1700] Loaded user IP repository '/tmp/finn_dev_emanuel-hernandez/code_gen_ipgen_StreamingFIFO_rtl_20_zwdrd7b4'.
INFO: [IP_Flow 19-1700] Loaded user IP repository '/tmp/finn_dev_emanuel-hernandez/code_gen_ipgen_StreamingDataWidthConverter_rtl_8_7jr6z08o'.
INFO: [IP_Flow 19-1700] Loaded user IP repository '/tmp/finn_dev_emanuel-hernandez/code_gen_ipgen_StreamingFIFO_rtl_21_lv51e197'.
INFO: [IP_Flow 19-1700] Loaded user IP repository '/tmp/finn_dev_emanuel-hernandez/code_gen_ipgen_MVAU_hls_3_b35vdh1n/project_MVAU_hls_3/sol1/impl/ip'.
INFO: [IP_Flow 19-1700] Loaded user IP repository '/tmp/finn_dev_emanuel-hernandez/code_gen_ipgen_StreamingFIFO_rtl_22_byid7tf2'.
INFO: [IP_Flow 19-1700] Loaded user IP repository '/tmp/finn_dev_emanuel-hernandez/code_gen_ipgen_StreamingDataWidthConverter_rtl_9_1ve3wz7j'.
INFO: [IP_Flow 19-1700] Loaded user IP repository '/tmp/finn_dev_emanuel-hernandez/code_gen_ipgen_StreamingFIFO_rtl_23_zfz13eo2'.
INFO: [IP_Flow 19-1700] Loaded user IP repository '/tmp/finn_dev_emanuel-hernandez/code_gen_ipgen_StreamingMaxPool_hls_1_7wwp66zq/project_StreamingMaxPool_hls_1/sol1/impl/ip'.
INFO: [IP_Flow 19-1700] Loaded user IP repository '/tmp/finn_dev_emanuel-hernandez/code_gen_ipgen_StreamingFIFO_rtl_24_z54i444h'.
INFO: [IP_Flow 19-1700] Loaded user IP repository '/tmp/finn_dev_emanuel-hernandez/code_gen_ipgen_StreamingDataWidthConverter_rtl_10_yub6am8x'.
INFO: [IP_Flow 19-1700] Loaded user IP repository '/tmp/finn_dev_emanuel-hernandez/code_gen_ipgen_StreamingFIFO_rtl_25_k4tmsb30'.
INFO: [IP_Flow 19-1700] Loaded user IP repository '/tmp/finn_dev_emanuel-hernandez/code_gen_ipgen_MVAU_hls_4_tmhw3dtv/project_MVAU_hls_4/sol1/impl/ip'.
INFO: [IP_Flow 19-1700] Loaded user IP repository '/tmp/finn_dev_emanuel-hernandez/code_gen_ipgen_StreamingFIFO_rtl_26_8mjg4iui'.
INFO: [IP_Flow 19-1700] Loaded user IP repository '/tmp/finn_dev_emanuel-hernandez/code_gen_ipgen_MVAU_rtl_0_5irei88l'.
INFO: [IP_Flow 19-1700] Loaded user IP repository '/tmp/finn_dev_emanuel-hernandez/code_gen_ipgen_StreamingFIFO_rtl_27_agjbqf20'.
INFO: [IP_Flow 19-2313] Loaded Vivado IP repository '/tools/Xilinx/Vivado/2022.2/data/ip'.
# create_bd_design "finn_design"
Wrote  : </tmp/finn_dev_emanuel-hernandez/vivado_stitch_proj_pm9ik9x1/finn_vivado_stitch_proj.srcs/sources_1/bd/finn_design/finn_design.bd> 
# add_files -norecurse /tmp/finn_dev_emanuel-hernandez/code_gen_ipgen_StreamingFIFO_rtl_0_2xp77osi/Q_srl.v
# add_files -norecurse /tmp/finn_dev_emanuel-hernandez/code_gen_ipgen_StreamingFIFO_rtl_0_2xp77osi/StreamingFIFO_rtl_0.v
# create_bd_cell -type module -reference StreamingFIFO_rtl_0 StreamingFIFO_rtl_0
INFO: [IP_Flow 19-5107] Inferred bus interface 'ap_clk' of definition 'xilinx.com:signal:clock:1.0' (from X_INTERFACE_INFO parameter from HDL file).
INFO: [IP_Flow 19-5107] Inferred bus interface 'ap_clk' of definition 'xilinx.com:signal:clock:1.0' (from 'X_INTERFACE_INFO' attribute).
INFO: [IP_Flow 19-5107] Inferred bus interface 'in0_V' of definition 'xilinx.com:interface:axis:1.0' (from Xilinx Repository).
INFO: [IP_Flow 19-5107] Inferred bus interface 'out_V' of definition 'xilinx.com:interface:axis:1.0' (from Xilinx Repository).
INFO: [IP_Flow 19-5107] Inferred bus interface 'ap_rst_n' of definition 'xilinx.com:signal:reset:1.0' (from Xilinx Repository).
INFO: [IP_Flow 19-4728] Bus Interface 'ap_rst_n': Added interface parameter 'POLARITY' with value 'ACTIVE_LOW'.
INFO: [IP_Flow 19-4728] Bus Interface 'ap_clk': Added interface parameter 'ASSOCIATED_RESET' with value 'ap_rst_n'.
INFO: [IP_Flow 19-4728] Bus Interface 'ap_clk': Added interface parameter 'ASSOCIATED_BUSIF' with value 'in0_V'.
WARNING: [IP_Flow 19-3157] Bus Interface 'ap_rst_n': Bus parameter POLARITY is ACTIVE_LOW but port 'ap_rst_n' is not *resetn - please double check the POLARITY setting.
INFO: [IP_Flow 19-234] Refreshing IP repositories
INFO: [IP_Flow 19-1700] Loaded user IP repository '/home/emanuel-hernandez/finn/finn-rtllib/memstream'.
INFO: [IP_Flow 19-1700] Loaded user IP repository '/tmp/finn_dev_emanuel-hernandez/code_gen_ipgen_StreamingFIFO_rtl_0_2xp77osi'.
INFO: [IP_Flow 19-1700] Loaded user IP repository '/tmp/finn_dev_emanuel-hernandez/code_gen_ipgen_FMPadding_rtl_0_ty50wf7f'.
INFO: [IP_Flow 19-1700] Loaded user IP repository '/tmp/finn_dev_emanuel-hernandez/code_gen_ipgen_StreamingFIFO_rtl_1_m6if6tq1'.
INFO: [IP_Flow 19-1700] Loaded user IP repository '/tmp/finn_dev_emanuel-hernandez/code_gen_ipgen_ConvolutionInputGenerator_rtl_0_czth98kw'.
INFO: [IP_Flow 19-1700] Loaded user IP repository '/tmp/finn_dev_emanuel-hernandez/code_gen_ipgen_StreamingFIFO_rtl_2_q6mksatc'.
INFO: [IP_Flow 19-1700] Loaded user IP repository '/tmp/finn_dev_emanuel-hernandez/code_gen_ipgen_MVAU_hls_0_23yd46c2/project_MVAU_hls_0/sol1/impl/ip'.
INFO: [IP_Flow 19-1700] Loaded user IP repository '/tmp/finn_dev_emanuel-hernandez/code_gen_ipgen_StreamingFIFO_rtl_3_p2hyhro8'.
INFO: [IP_Flow 19-1700] Loaded user IP repository '/tmp/finn_dev_emanuel-hernandez/code_gen_ipgen_StreamingDataWidthConverter_rtl_0_dgprmkiy'.
INFO: [IP_Flow 19-1700] Loaded user IP repository '/tmp/finn_dev_emanuel-hernandez/code_gen_ipgen_StreamingFIFO_rtl_4_lh6tdo7e'.
INFO: [IP_Flow 19-1700] Loaded user IP repository '/tmp/finn_dev_emanuel-hernandez/code_gen_ipgen_FMPadding_rtl_1_xpf90tc3'.
INFO: [IP_Flow 19-1700] Loaded user IP repository '/tmp/finn_dev_emanuel-hernandez/code_gen_ipgen_StreamingFIFO_rtl_5_vvlnqhpy'.
INFO: [IP_Flow 19-1700] Loaded user IP repository '/tmp/finn_dev_emanuel-hernandez/code_gen_ipgen_StreamingDataWidthConverter_rtl_1_jnol8bbv'.
INFO: [IP_Flow 19-1700] Loaded user IP repository '/tmp/finn_dev_emanuel-hernandez/code_gen_ipgen_StreamingFIFO_rtl_6_6f4ornhe'.
INFO: [IP_Flow 19-1700] Loaded user IP repository '/tmp/finn_dev_emanuel-hernandez/code_gen_ipgen_ConvolutionInputGenerator_rtl_1_3gytnw5p'.
INFO: [IP_Flow 19-1700] Loaded user IP repository '/tmp/finn_dev_emanuel-hernandez/code_gen_ipgen_StreamingFIFO_rtl_7_6w23ui98'.
INFO: [IP_Flow 19-1700] Loaded user IP repository '/tmp/finn_dev_emanuel-hernandez/code_gen_ipgen_StreamingDataWidthConverter_rtl_2_sg9hna6v'.
INFO: [IP_Flow 19-1700] Loaded user IP repository '/tmp/finn_dev_emanuel-hernandez/code_gen_ipgen_StreamingFIFO_rtl_8_fgp0hvu1'.
INFO: [IP_Flow 19-1700] Loaded user IP repository '/tmp/finn_dev_emanuel-hernandez/code_gen_ipgen_MVAU_hls_1_juaup5kq/project_MVAU_hls_1/sol1/impl/ip'.
INFO: [IP_Flow 19-1700] Loaded user IP repository '/tmp/finn_dev_emanuel-hernandez/code_gen_ipgen_StreamingFIFO_rtl_9_8p53cw18'.
INFO: [IP_Flow 19-1700] Loaded user IP repository '/tmp/finn_dev_emanuel-hernandez/code_gen_ipgen_StreamingDataWidthConverter_rtl_3_w9ea0x8t'.
INFO: [IP_Flow 19-1700] Loaded user IP repository '/tmp/finn_dev_emanuel-hernandez/code_gen_ipgen_StreamingFIFO_rtl_10_rz1ffexj'.
INFO: [IP_Flow 19-1700] Loaded user IP repository '/tmp/finn_dev_emanuel-hernandez/code_gen_ipgen_StreamingMaxPool_hls_0_u0p0cbhc/project_StreamingMaxPool_hls_0/sol1/impl/ip'.
INFO: [IP_Flow 19-1700] Loaded user IP repository '/tmp/finn_dev_emanuel-hernandez/code_gen_ipgen_StreamingFIFO_rtl_11_9xde0iu_'.
INFO: [IP_Flow 19-1700] Loaded user IP repository '/tmp/finn_dev_emanuel-hernandez/code_gen_ipgen_FMPadding_rtl_2_bfhymavv'.
INFO: [IP_Flow 19-1700] Loaded user IP repository '/tmp/finn_dev_emanuel-hernandez/code_gen_ipgen_StreamingFIFO_rtl_12_l1u5y9oq'.
INFO: [IP_Flow 19-1700] Loaded user IP repository '/tmp/finn_dev_emanuel-hernandez/code_gen_ipgen_StreamingDataWidthConverter_rtl_4_d3noeq7x'.
INFO: [IP_Flow 19-1700] Loaded user IP repository '/tmp/finn_dev_emanuel-hernandez/code_gen_ipgen_StreamingFIFO_rtl_13__5kvrwkr'.
INFO: [IP_Flow 19-1700] Loaded user IP repository '/tmp/finn_dev_emanuel-hernandez/code_gen_ipgen_ConvolutionInputGenerator_rtl_2_dtijaray'.
INFO: [IP_Flow 19-1700] Loaded user IP repository '/tmp/finn_dev_emanuel-hernandez/code_gen_ipgen_StreamingFIFO_rtl_14_90_nfugx'.
INFO: [IP_Flow 19-1700] Loaded user IP repository '/tmp/finn_dev_emanuel-hernandez/code_gen_ipgen_StreamingDataWidthConverter_rtl_5_eg6sc5c7'.
INFO: [IP_Flow 19-1700] Loaded user IP repository '/tmp/finn_dev_emanuel-hernandez/code_gen_ipgen_StreamingFIFO_rtl_15_6k7rpw6a'.
INFO: [IP_Flow 19-1700] Loaded user IP repository '/tmp/finn_dev_emanuel-hernandez/code_gen_ipgen_MVAU_hls_2_c_8z90e9/project_MVAU_hls_2/sol1/impl/ip'.
INFO: [IP_Flow 19-1700] Loaded user IP repository '/tmp/finn_dev_emanuel-hernandez/code_gen_ipgen_StreamingFIFO_rtl_16_dcyfzx2o'.
INFO: [IP_Flow 19-1700] Loaded user IP repository '/tmp/finn_dev_emanuel-hernandez/code_gen_ipgen_StreamingDataWidthConverter_rtl_6_03z4zugl'.
INFO: [IP_Flow 19-1700] Loaded user IP repository '/tmp/finn_dev_emanuel-hernandez/code_gen_ipgen_StreamingFIFO_rtl_17_ml8iegwl'.
INFO: [IP_Flow 19-1700] Loaded user IP repository '/tmp/finn_dev_emanuel-hernandez/code_gen_ipgen_FMPadding_rtl_3_2x9msyqe'.
INFO: [IP_Flow 19-1700] Loaded user IP repository '/tmp/finn_dev_emanuel-hernandez/code_gen_ipgen_StreamingFIFO_rtl_18_0dc9afhr'.
INFO: [IP_Flow 19-1700] Loaded user IP repository '/tmp/finn_dev_emanuel-hernandez/code_gen_ipgen_StreamingDataWidthConverter_rtl_7_4ikvmjoa'.
INFO: [IP_Flow 19-1700] Loaded user IP repository '/tmp/finn_dev_emanuel-hernandez/code_gen_ipgen_StreamingFIFO_rtl_19_dcp13z__'.
INFO: [IP_Flow 19-1700] Loaded user IP repository '/tmp/finn_dev_emanuel-hernandez/code_gen_ipgen_ConvolutionInputGenerator_rtl_3_s53q98tt'.
INFO: [IP_Flow 19-1700] Loaded user IP repository '/tmp/finn_dev_emanuel-hernandez/code_gen_ipgen_StreamingFIFO_rtl_20_zwdrd7b4'.
INFO: [IP_Flow 19-1700] Loaded user IP repository '/tmp/finn_dev_emanuel-hernandez/code_gen_ipgen_StreamingDataWidthConverter_rtl_8_7jr6z08o'.
INFO: [IP_Flow 19-1700] Loaded user IP repository '/tmp/finn_dev_emanuel-hernandez/code_gen_ipgen_StreamingFIFO_rtl_21_lv51e197'.
INFO: [IP_Flow 19-1700] Loaded user IP repository '/tmp/finn_dev_emanuel-hernandez/code_gen_ipgen_MVAU_hls_3_b35vdh1n/project_MVAU_hls_3/sol1/impl/ip'.
INFO: [IP_Flow 19-1700] Loaded user IP repository '/tmp/finn_dev_emanuel-hernandez/code_gen_ipgen_StreamingFIFO_rtl_22_byid7tf2'.
INFO: [IP_Flow 19-1700] Loaded user IP repository '/tmp/finn_dev_emanuel-hernandez/code_gen_ipgen_StreamingDataWidthConverter_rtl_9_1ve3wz7j'.
INFO: [IP_Flow 19-1700] Loaded user IP repository '/tmp/finn_dev_emanuel-hernandez/code_gen_ipgen_StreamingFIFO_rtl_23_zfz13eo2'.
INFO: [IP_Flow 19-1700] Loaded user IP repository '/tmp/finn_dev_emanuel-hernandez/code_gen_ipgen_StreamingMaxPool_hls_1_7wwp66zq/project_StreamingMaxPool_hls_1/sol1/impl/ip'.
INFO: [IP_Flow 19-1700] Loaded user IP repository '/tmp/finn_dev_emanuel-hernandez/code_gen_ipgen_StreamingFIFO_rtl_24_z54i444h'.
INFO: [IP_Flow 19-1700] Loaded user IP repository '/tmp/finn_dev_emanuel-hernandez/code_gen_ipgen_StreamingDataWidthConverter_rtl_10_yub6am8x'.
INFO: [IP_Flow 19-1700] Loaded user IP repository '/tmp/finn_dev_emanuel-hernandez/code_gen_ipgen_StreamingFIFO_rtl_25_k4tmsb30'.
INFO: [IP_Flow 19-1700] Loaded user IP repository '/tmp/finn_dev_emanuel-hernandez/code_gen_ipgen_MVAU_hls_4_tmhw3dtv/project_MVAU_hls_4/sol1/impl/ip'.
INFO: [IP_Flow 19-1700] Loaded user IP repository '/tmp/finn_dev_emanuel-hernandez/code_gen_ipgen_StreamingFIFO_rtl_26_8mjg4iui'.
INFO: [IP_Flow 19-1700] Loaded user IP repository '/tmp/finn_dev_emanuel-hernandez/code_gen_ipgen_MVAU_rtl_0_5irei88l'.
INFO: [IP_Flow 19-1700] Loaded user IP repository '/tmp/finn_dev_emanuel-hernandez/code_gen_ipgen_StreamingFIFO_rtl_27_agjbqf20'.
# add_files -norecurse /tmp/finn_dev_emanuel-hernandez/code_gen_ipgen_FMPadding_rtl_0_ty50wf7f/fmpadding_axi.sv
# add_files -norecurse /tmp/finn_dev_emanuel-hernandez/code_gen_ipgen_FMPadding_rtl_0_ty50wf7f/fmpadding.sv
# add_files -norecurse /tmp/finn_dev_emanuel-hernandez/code_gen_ipgen_FMPadding_rtl_0_ty50wf7f/axi2we.sv
# add_files -norecurse /tmp/finn_dev_emanuel-hernandez/code_gen_ipgen_FMPadding_rtl_0_ty50wf7f/FMPadding_rtl_0.v
# create_bd_cell -type module -reference FMPadding_rtl_0 FMPadding_rtl_0
INFO: [IP_Flow 19-5107] Inferred bus interface 'ap_clk' of definition 'xilinx.com:signal:clock:1.0' (from X_INTERFACE_INFO parameter from HDL file).
INFO: [IP_Flow 19-5107] Inferred bus interface 'ap_clk' of definition 'xilinx.com:signal:clock:1.0' (from 'X_INTERFACE_INFO' attribute).
INFO: [IP_Flow 19-5107] Inferred bus interface 'in0_V' of definition 'xilinx.com:interface:axis:1.0' (from Xilinx Repository).
INFO: [IP_Flow 19-5107] Inferred bus interface 'out_V' of definition 'xilinx.com:interface:axis:1.0' (from Xilinx Repository).
INFO: [IP_Flow 19-5107] Inferred bus interface 's_axilite' of definition 'xilinx.com:interface:aximm:1.0' (from Xilinx Repository).
INFO: [IP_Flow 19-5107] Inferred bus interface 'ap_rst_n' of definition 'xilinx.com:signal:reset:1.0' (from Xilinx Repository).
INFO: [IP_Flow 19-4728] Bus Interface 'ap_rst_n': Added interface parameter 'POLARITY' with value 'ACTIVE_LOW'.
INFO: [IP_Flow 19-4728] Bus Interface 'ap_clk': Added interface parameter 'ASSOCIATED_RESET' with value 'ap_rst_n'.
INFO: [IP_Flow 19-4728] Bus Interface 'ap_clk': Added interface parameter 'ASSOCIATED_BUSIF' with value 'in0_V'.
WARNING: [IP_Flow 19-3157] Bus Interface 'ap_rst_n': Bus parameter POLARITY is ACTIVE_LOW but port 'ap_rst_n' is not *resetn - please double check the POLARITY setting.
INFO: [IP_Flow 19-234] Refreshing IP repositories
INFO: [IP_Flow 19-1700] Loaded user IP repository '/home/emanuel-hernandez/finn/finn-rtllib/memstream'.
INFO: [IP_Flow 19-1700] Loaded user IP repository '/tmp/finn_dev_emanuel-hernandez/code_gen_ipgen_StreamingFIFO_rtl_0_2xp77osi'.
INFO: [IP_Flow 19-1700] Loaded user IP repository '/tmp/finn_dev_emanuel-hernandez/code_gen_ipgen_FMPadding_rtl_0_ty50wf7f'.
INFO: [IP_Flow 19-1700] Loaded user IP repository '/tmp/finn_dev_emanuel-hernandez/code_gen_ipgen_StreamingFIFO_rtl_1_m6if6tq1'.
INFO: [IP_Flow 19-1700] Loaded user IP repository '/tmp/finn_dev_emanuel-hernandez/code_gen_ipgen_ConvolutionInputGenerator_rtl_0_czth98kw'.
INFO: [IP_Flow 19-1700] Loaded user IP repository '/tmp/finn_dev_emanuel-hernandez/code_gen_ipgen_StreamingFIFO_rtl_2_q6mksatc'.
INFO: [IP_Flow 19-1700] Loaded user IP repository '/tmp/finn_dev_emanuel-hernandez/code_gen_ipgen_MVAU_hls_0_23yd46c2/project_MVAU_hls_0/sol1/impl/ip'.
INFO: [IP_Flow 19-1700] Loaded user IP repository '/tmp/finn_dev_emanuel-hernandez/code_gen_ipgen_StreamingFIFO_rtl_3_p2hyhro8'.
INFO: [IP_Flow 19-1700] Loaded user IP repository '/tmp/finn_dev_emanuel-hernandez/code_gen_ipgen_StreamingDataWidthConverter_rtl_0_dgprmkiy'.
INFO: [IP_Flow 19-1700] Loaded user IP repository '/tmp/finn_dev_emanuel-hernandez/code_gen_ipgen_StreamingFIFO_rtl_4_lh6tdo7e'.
INFO: [IP_Flow 19-1700] Loaded user IP repository '/tmp/finn_dev_emanuel-hernandez/code_gen_ipgen_FMPadding_rtl_1_xpf90tc3'.
INFO: [IP_Flow 19-1700] Loaded user IP repository '/tmp/finn_dev_emanuel-hernandez/code_gen_ipgen_StreamingFIFO_rtl_5_vvlnqhpy'.
INFO: [IP_Flow 19-1700] Loaded user IP repository '/tmp/finn_dev_emanuel-hernandez/code_gen_ipgen_StreamingDataWidthConverter_rtl_1_jnol8bbv'.
INFO: [IP_Flow 19-1700] Loaded user IP repository '/tmp/finn_dev_emanuel-hernandez/code_gen_ipgen_StreamingFIFO_rtl_6_6f4ornhe'.
INFO: [IP_Flow 19-1700] Loaded user IP repository '/tmp/finn_dev_emanuel-hernandez/code_gen_ipgen_ConvolutionInputGenerator_rtl_1_3gytnw5p'.
INFO: [IP_Flow 19-1700] Loaded user IP repository '/tmp/finn_dev_emanuel-hernandez/code_gen_ipgen_StreamingFIFO_rtl_7_6w23ui98'.
INFO: [IP_Flow 19-1700] Loaded user IP repository '/tmp/finn_dev_emanuel-hernandez/code_gen_ipgen_StreamingDataWidthConverter_rtl_2_sg9hna6v'.
INFO: [IP_Flow 19-1700] Loaded user IP repository '/tmp/finn_dev_emanuel-hernandez/code_gen_ipgen_StreamingFIFO_rtl_8_fgp0hvu1'.
INFO: [IP_Flow 19-1700] Loaded user IP repository '/tmp/finn_dev_emanuel-hernandez/code_gen_ipgen_MVAU_hls_1_juaup5kq/project_MVAU_hls_1/sol1/impl/ip'.
INFO: [IP_Flow 19-1700] Loaded user IP repository '/tmp/finn_dev_emanuel-hernandez/code_gen_ipgen_StreamingFIFO_rtl_9_8p53cw18'.
INFO: [IP_Flow 19-1700] Loaded user IP repository '/tmp/finn_dev_emanuel-hernandez/code_gen_ipgen_StreamingDataWidthConverter_rtl_3_w9ea0x8t'.
INFO: [IP_Flow 19-1700] Loaded user IP repository '/tmp/finn_dev_emanuel-hernandez/code_gen_ipgen_StreamingFIFO_rtl_10_rz1ffexj'.
INFO: [IP_Flow 19-1700] Loaded user IP repository '/tmp/finn_dev_emanuel-hernandez/code_gen_ipgen_StreamingMaxPool_hls_0_u0p0cbhc/project_StreamingMaxPool_hls_0/sol1/impl/ip'.
INFO: [IP_Flow 19-1700] Loaded user IP repository '/tmp/finn_dev_emanuel-hernandez/code_gen_ipgen_StreamingFIFO_rtl_11_9xde0iu_'.
INFO: [IP_Flow 19-1700] Loaded user IP repository '/tmp/finn_dev_emanuel-hernandez/code_gen_ipgen_FMPadding_rtl_2_bfhymavv'.
INFO: [IP_Flow 19-1700] Loaded user IP repository '/tmp/finn_dev_emanuel-hernandez/code_gen_ipgen_StreamingFIFO_rtl_12_l1u5y9oq'.
INFO: [IP_Flow 19-1700] Loaded user IP repository '/tmp/finn_dev_emanuel-hernandez/code_gen_ipgen_StreamingDataWidthConverter_rtl_4_d3noeq7x'.
INFO: [IP_Flow 19-1700] Loaded user IP repository '/tmp/finn_dev_emanuel-hernandez/code_gen_ipgen_StreamingFIFO_rtl_13__5kvrwkr'.
INFO: [IP_Flow 19-1700] Loaded user IP repository '/tmp/finn_dev_emanuel-hernandez/code_gen_ipgen_ConvolutionInputGenerator_rtl_2_dtijaray'.
INFO: [IP_Flow 19-1700] Loaded user IP repository '/tmp/finn_dev_emanuel-hernandez/code_gen_ipgen_StreamingFIFO_rtl_14_90_nfugx'.
INFO: [IP_Flow 19-1700] Loaded user IP repository '/tmp/finn_dev_emanuel-hernandez/code_gen_ipgen_StreamingDataWidthConverter_rtl_5_eg6sc5c7'.
INFO: [IP_Flow 19-1700] Loaded user IP repository '/tmp/finn_dev_emanuel-hernandez/code_gen_ipgen_StreamingFIFO_rtl_15_6k7rpw6a'.
INFO: [IP_Flow 19-1700] Loaded user IP repository '/tmp/finn_dev_emanuel-hernandez/code_gen_ipgen_MVAU_hls_2_c_8z90e9/project_MVAU_hls_2/sol1/impl/ip'.
INFO: [IP_Flow 19-1700] Loaded user IP repository '/tmp/finn_dev_emanuel-hernandez/code_gen_ipgen_StreamingFIFO_rtl_16_dcyfzx2o'.
INFO: [IP_Flow 19-1700] Loaded user IP repository '/tmp/finn_dev_emanuel-hernandez/code_gen_ipgen_StreamingDataWidthConverter_rtl_6_03z4zugl'.
INFO: [IP_Flow 19-1700] Loaded user IP repository '/tmp/finn_dev_emanuel-hernandez/code_gen_ipgen_StreamingFIFO_rtl_17_ml8iegwl'.
INFO: [IP_Flow 19-1700] Loaded user IP repository '/tmp/finn_dev_emanuel-hernandez/code_gen_ipgen_FMPadding_rtl_3_2x9msyqe'.
INFO: [IP_Flow 19-1700] Loaded user IP repository '/tmp/finn_dev_emanuel-hernandez/code_gen_ipgen_StreamingFIFO_rtl_18_0dc9afhr'.
INFO: [IP_Flow 19-1700] Loaded user IP repository '/tmp/finn_dev_emanuel-hernandez/code_gen_ipgen_StreamingDataWidthConverter_rtl_7_4ikvmjoa'.
INFO: [IP_Flow 19-1700] Loaded user IP repository '/tmp/finn_dev_emanuel-hernandez/code_gen_ipgen_StreamingFIFO_rtl_19_dcp13z__'.
INFO: [IP_Flow 19-1700] Loaded user IP repository '/tmp/finn_dev_emanuel-hernandez/code_gen_ipgen_ConvolutionInputGenerator_rtl_3_s53q98tt'.
INFO: [IP_Flow 19-1700] Loaded user IP repository '/tmp/finn_dev_emanuel-hernandez/code_gen_ipgen_StreamingFIFO_rtl_20_zwdrd7b4'.
INFO: [IP_Flow 19-1700] Loaded user IP repository '/tmp/finn_dev_emanuel-hernandez/code_gen_ipgen_StreamingDataWidthConverter_rtl_8_7jr6z08o'.
INFO: [IP_Flow 19-1700] Loaded user IP repository '/tmp/finn_dev_emanuel-hernandez/code_gen_ipgen_StreamingFIFO_rtl_21_lv51e197'.
INFO: [IP_Flow 19-1700] Loaded user IP repository '/tmp/finn_dev_emanuel-hernandez/code_gen_ipgen_MVAU_hls_3_b35vdh1n/project_MVAU_hls_3/sol1/impl/ip'.
INFO: [IP_Flow 19-1700] Loaded user IP repository '/tmp/finn_dev_emanuel-hernandez/code_gen_ipgen_StreamingFIFO_rtl_22_byid7tf2'.
INFO: [IP_Flow 19-1700] Loaded user IP repository '/tmp/finn_dev_emanuel-hernandez/code_gen_ipgen_StreamingDataWidthConverter_rtl_9_1ve3wz7j'.
INFO: [IP_Flow 19-1700] Loaded user IP repository '/tmp/finn_dev_emanuel-hernandez/code_gen_ipgen_StreamingFIFO_rtl_23_zfz13eo2'.
INFO: [IP_Flow 19-1700] Loaded user IP repository '/tmp/finn_dev_emanuel-hernandez/code_gen_ipgen_StreamingMaxPool_hls_1_7wwp66zq/project_StreamingMaxPool_hls_1/sol1/impl/ip'.
INFO: [IP_Flow 19-1700] Loaded user IP repository '/tmp/finn_dev_emanuel-hernandez/code_gen_ipgen_StreamingFIFO_rtl_24_z54i444h'.
INFO: [IP_Flow 19-1700] Loaded user IP repository '/tmp/finn_dev_emanuel-hernandez/code_gen_ipgen_StreamingDataWidthConverter_rtl_10_yub6am8x'.
INFO: [IP_Flow 19-1700] Loaded user IP repository '/tmp/finn_dev_emanuel-hernandez/code_gen_ipgen_StreamingFIFO_rtl_25_k4tmsb30'.
INFO: [IP_Flow 19-1700] Loaded user IP repository '/tmp/finn_dev_emanuel-hernandez/code_gen_ipgen_MVAU_hls_4_tmhw3dtv/project_MVAU_hls_4/sol1/impl/ip'.
INFO: [IP_Flow 19-1700] Loaded user IP repository '/tmp/finn_dev_emanuel-hernandez/code_gen_ipgen_StreamingFIFO_rtl_26_8mjg4iui'.
INFO: [IP_Flow 19-1700] Loaded user IP repository '/tmp/finn_dev_emanuel-hernandez/code_gen_ipgen_MVAU_rtl_0_5irei88l'.
INFO: [IP_Flow 19-1700] Loaded user IP repository '/tmp/finn_dev_emanuel-hernandez/code_gen_ipgen_StreamingFIFO_rtl_27_agjbqf20'.
# create_bd_cell -type hier StreamingFIFO_rtl_1
# create_bd_pin -dir I -type clk /StreamingFIFO_rtl_1/ap_clk
# create_bd_pin -dir I -type rst /StreamingFIFO_rtl_1/ap_rst_n
# create_bd_intf_pin -mode Master -vlnv xilinx.com:interface:axis_rtl:1.0 /StreamingFIFO_rtl_1/out_V
# create_bd_intf_pin -mode Slave -vlnv xilinx.com:interface:axis_rtl:1.0 /StreamingFIFO_rtl_1/in0_V
# create_bd_cell -type ip -vlnv xilinx.com:ip:axis_data_fifo:2.0 /StreamingFIFO_rtl_1/fifo
# set_property -dict [list CONFIG.FIFO_DEPTH {2048}] [get_bd_cells /StreamingFIFO_rtl_1/fifo]
# set_property -dict [list CONFIG.FIFO_MEMORY_TYPE {auto}] [get_bd_cells /StreamingFIFO_rtl_1/fifo]
# set_property -dict [list CONFIG.TDATA_NUM_BYTES {1}] [get_bd_cells /StreamingFIFO_rtl_1/fifo]
# connect_bd_intf_net [get_bd_intf_pins StreamingFIFO_rtl_1/fifo/M_AXIS] [get_bd_intf_pins StreamingFIFO_rtl_1/out_V]
# connect_bd_intf_net [get_bd_intf_pins StreamingFIFO_rtl_1/fifo/S_AXIS] [get_bd_intf_pins StreamingFIFO_rtl_1/in0_V]
# connect_bd_net [get_bd_pins StreamingFIFO_rtl_1/ap_rst_n] [get_bd_pins StreamingFIFO_rtl_1/fifo/s_axis_aresetn]
# connect_bd_net [get_bd_pins StreamingFIFO_rtl_1/ap_clk] [get_bd_pins StreamingFIFO_rtl_1/fifo/s_axis_aclk]
# add_files -norecurse /tmp/finn_dev_emanuel-hernandez/code_gen_ipgen_ConvolutionInputGenerator_rtl_0_czth98kw/swg_pkg.sv
# add_files -norecurse /tmp/finn_dev_emanuel-hernandez/code_gen_ipgen_ConvolutionInputGenerator_rtl_0_czth98kw/ConvolutionInputGenerator_rtl_0_wrapper.v
# add_files -norecurse /tmp/finn_dev_emanuel-hernandez/code_gen_ipgen_ConvolutionInputGenerator_rtl_0_czth98kw/ConvolutionInputGenerator_rtl_0_impl.sv
# add_files -norecurse /tmp/finn_dev_emanuel-hernandez/code_gen_ipgen_ConvolutionInputGenerator_rtl_0_czth98kw/swg_common.sv
# create_bd_cell -type module -reference ConvolutionInputGenerator_rtl_0 ConvolutionInputGenerator_rtl_0
INFO: [IP_Flow 19-5107] Inferred bus interface 'ap_clk' of definition 'xilinx.com:signal:clock:1.0' (from X_INTERFACE_INFO parameter from HDL file).
INFO: [IP_Flow 19-5107] Inferred bus interface 'ap_clk' of definition 'xilinx.com:signal:clock:1.0' (from 'X_INTERFACE_INFO' attribute).
INFO: [IP_Flow 19-5107] Inferred bus interface 'in0_V' of definition 'xilinx.com:interface:axis:1.0' (from Xilinx Repository).
INFO: [IP_Flow 19-5107] Inferred bus interface 'out_V' of definition 'xilinx.com:interface:axis:1.0' (from Xilinx Repository).
INFO: [IP_Flow 19-5107] Inferred bus interface 'ap_rst_n' of definition 'xilinx.com:signal:reset:1.0' (from Xilinx Repository).
INFO: [IP_Flow 19-4728] Bus Interface 'ap_rst_n': Added interface parameter 'POLARITY' with value 'ACTIVE_LOW'.
INFO: [IP_Flow 19-4728] Bus Interface 'ap_clk': Added interface parameter 'ASSOCIATED_RESET' with value 'ap_rst_n'.
INFO: [IP_Flow 19-4728] Bus Interface 'ap_clk': Added interface parameter 'ASSOCIATED_BUSIF' with value 'in0_V'.
INFO: [IP_Flow 19-818] Not transferring value dependency attribute "((spirit:decode(id('MODELPARAM_VALUE.BIT_WIDTH')) * spirit:decode(id('MODELPARAM_VALUE.SIMD'))) * spirit:decode(id('MODELPARAM_VALUE.MMV_IN')))" into user parameter "BUF_IN_WIDTH".
INFO: [IP_Flow 19-818] Not transferring value dependency attribute "((spirit:decode(id('MODELPARAM_VALUE.BIT_WIDTH')) * spirit:decode(id('MODELPARAM_VALUE.SIMD'))) * spirit:decode(id('MODELPARAM_VALUE.MMV_OUT')))" into user parameter "BUF_OUT_WIDTH".
WARNING: [IP_Flow 19-3157] Bus Interface 'ap_rst_n': Bus parameter POLARITY is ACTIVE_LOW but port 'ap_rst_n' is not *resetn - please double check the POLARITY setting.
INFO: [IP_Flow 19-234] Refreshing IP repositories
INFO: [IP_Flow 19-1700] Loaded user IP repository '/home/emanuel-hernandez/finn/finn-rtllib/memstream'.
INFO: [IP_Flow 19-1700] Loaded user IP repository '/tmp/finn_dev_emanuel-hernandez/code_gen_ipgen_StreamingFIFO_rtl_0_2xp77osi'.
INFO: [IP_Flow 19-1700] Loaded user IP repository '/tmp/finn_dev_emanuel-hernandez/code_gen_ipgen_FMPadding_rtl_0_ty50wf7f'.
INFO: [IP_Flow 19-1700] Loaded user IP repository '/tmp/finn_dev_emanuel-hernandez/code_gen_ipgen_StreamingFIFO_rtl_1_m6if6tq1'.
INFO: [IP_Flow 19-1700] Loaded user IP repository '/tmp/finn_dev_emanuel-hernandez/code_gen_ipgen_ConvolutionInputGenerator_rtl_0_czth98kw'.
INFO: [IP_Flow 19-1700] Loaded user IP repository '/tmp/finn_dev_emanuel-hernandez/code_gen_ipgen_StreamingFIFO_rtl_2_q6mksatc'.
INFO: [IP_Flow 19-1700] Loaded user IP repository '/tmp/finn_dev_emanuel-hernandez/code_gen_ipgen_MVAU_hls_0_23yd46c2/project_MVAU_hls_0/sol1/impl/ip'.
INFO: [IP_Flow 19-1700] Loaded user IP repository '/tmp/finn_dev_emanuel-hernandez/code_gen_ipgen_StreamingFIFO_rtl_3_p2hyhro8'.
INFO: [IP_Flow 19-1700] Loaded user IP repository '/tmp/finn_dev_emanuel-hernandez/code_gen_ipgen_StreamingDataWidthConverter_rtl_0_dgprmkiy'.
INFO: [IP_Flow 19-1700] Loaded user IP repository '/tmp/finn_dev_emanuel-hernandez/code_gen_ipgen_StreamingFIFO_rtl_4_lh6tdo7e'.
INFO: [IP_Flow 19-1700] Loaded user IP repository '/tmp/finn_dev_emanuel-hernandez/code_gen_ipgen_FMPadding_rtl_1_xpf90tc3'.
INFO: [IP_Flow 19-1700] Loaded user IP repository '/tmp/finn_dev_emanuel-hernandez/code_gen_ipgen_StreamingFIFO_rtl_5_vvlnqhpy'.
INFO: [IP_Flow 19-1700] Loaded user IP repository '/tmp/finn_dev_emanuel-hernandez/code_gen_ipgen_StreamingDataWidthConverter_rtl_1_jnol8bbv'.
INFO: [IP_Flow 19-1700] Loaded user IP repository '/tmp/finn_dev_emanuel-hernandez/code_gen_ipgen_StreamingFIFO_rtl_6_6f4ornhe'.
INFO: [IP_Flow 19-1700] Loaded user IP repository '/tmp/finn_dev_emanuel-hernandez/code_gen_ipgen_ConvolutionInputGenerator_rtl_1_3gytnw5p'.
INFO: [IP_Flow 19-1700] Loaded user IP repository '/tmp/finn_dev_emanuel-hernandez/code_gen_ipgen_StreamingFIFO_rtl_7_6w23ui98'.
INFO: [IP_Flow 19-1700] Loaded user IP repository '/tmp/finn_dev_emanuel-hernandez/code_gen_ipgen_StreamingDataWidthConverter_rtl_2_sg9hna6v'.
INFO: [IP_Flow 19-1700] Loaded user IP repository '/tmp/finn_dev_emanuel-hernandez/code_gen_ipgen_StreamingFIFO_rtl_8_fgp0hvu1'.
INFO: [IP_Flow 19-1700] Loaded user IP repository '/tmp/finn_dev_emanuel-hernandez/code_gen_ipgen_MVAU_hls_1_juaup5kq/project_MVAU_hls_1/sol1/impl/ip'.
INFO: [IP_Flow 19-1700] Loaded user IP repository '/tmp/finn_dev_emanuel-hernandez/code_gen_ipgen_StreamingFIFO_rtl_9_8p53cw18'.
INFO: [IP_Flow 19-1700] Loaded user IP repository '/tmp/finn_dev_emanuel-hernandez/code_gen_ipgen_StreamingDataWidthConverter_rtl_3_w9ea0x8t'.
INFO: [IP_Flow 19-1700] Loaded user IP repository '/tmp/finn_dev_emanuel-hernandez/code_gen_ipgen_StreamingFIFO_rtl_10_rz1ffexj'.
INFO: [IP_Flow 19-1700] Loaded user IP repository '/tmp/finn_dev_emanuel-hernandez/code_gen_ipgen_StreamingMaxPool_hls_0_u0p0cbhc/project_StreamingMaxPool_hls_0/sol1/impl/ip'.
INFO: [IP_Flow 19-1700] Loaded user IP repository '/tmp/finn_dev_emanuel-hernandez/code_gen_ipgen_StreamingFIFO_rtl_11_9xde0iu_'.
INFO: [IP_Flow 19-1700] Loaded user IP repository '/tmp/finn_dev_emanuel-hernandez/code_gen_ipgen_FMPadding_rtl_2_bfhymavv'.
INFO: [IP_Flow 19-1700] Loaded user IP repository '/tmp/finn_dev_emanuel-hernandez/code_gen_ipgen_StreamingFIFO_rtl_12_l1u5y9oq'.
INFO: [IP_Flow 19-1700] Loaded user IP repository '/tmp/finn_dev_emanuel-hernandez/code_gen_ipgen_StreamingDataWidthConverter_rtl_4_d3noeq7x'.
INFO: [IP_Flow 19-1700] Loaded user IP repository '/tmp/finn_dev_emanuel-hernandez/code_gen_ipgen_StreamingFIFO_rtl_13__5kvrwkr'.
INFO: [IP_Flow 19-1700] Loaded user IP repository '/tmp/finn_dev_emanuel-hernandez/code_gen_ipgen_ConvolutionInputGenerator_rtl_2_dtijaray'.
INFO: [IP_Flow 19-1700] Loaded user IP repository '/tmp/finn_dev_emanuel-hernandez/code_gen_ipgen_StreamingFIFO_rtl_14_90_nfugx'.
INFO: [IP_Flow 19-1700] Loaded user IP repository '/tmp/finn_dev_emanuel-hernandez/code_gen_ipgen_StreamingDataWidthConverter_rtl_5_eg6sc5c7'.
INFO: [IP_Flow 19-1700] Loaded user IP repository '/tmp/finn_dev_emanuel-hernandez/code_gen_ipgen_StreamingFIFO_rtl_15_6k7rpw6a'.
INFO: [IP_Flow 19-1700] Loaded user IP repository '/tmp/finn_dev_emanuel-hernandez/code_gen_ipgen_MVAU_hls_2_c_8z90e9/project_MVAU_hls_2/sol1/impl/ip'.
INFO: [IP_Flow 19-1700] Loaded user IP repository '/tmp/finn_dev_emanuel-hernandez/code_gen_ipgen_StreamingFIFO_rtl_16_dcyfzx2o'.
INFO: [IP_Flow 19-1700] Loaded user IP repository '/tmp/finn_dev_emanuel-hernandez/code_gen_ipgen_StreamingDataWidthConverter_rtl_6_03z4zugl'.
INFO: [IP_Flow 19-1700] Loaded user IP repository '/tmp/finn_dev_emanuel-hernandez/code_gen_ipgen_StreamingFIFO_rtl_17_ml8iegwl'.
INFO: [IP_Flow 19-1700] Loaded user IP repository '/tmp/finn_dev_emanuel-hernandez/code_gen_ipgen_FMPadding_rtl_3_2x9msyqe'.
INFO: [IP_Flow 19-1700] Loaded user IP repository '/tmp/finn_dev_emanuel-hernandez/code_gen_ipgen_StreamingFIFO_rtl_18_0dc9afhr'.
INFO: [IP_Flow 19-1700] Loaded user IP repository '/tmp/finn_dev_emanuel-hernandez/code_gen_ipgen_StreamingDataWidthConverter_rtl_7_4ikvmjoa'.
INFO: [IP_Flow 19-1700] Loaded user IP repository '/tmp/finn_dev_emanuel-hernandez/code_gen_ipgen_StreamingFIFO_rtl_19_dcp13z__'.
INFO: [IP_Flow 19-1700] Loaded user IP repository '/tmp/finn_dev_emanuel-hernandez/code_gen_ipgen_ConvolutionInputGenerator_rtl_3_s53q98tt'.
INFO: [IP_Flow 19-1700] Loaded user IP repository '/tmp/finn_dev_emanuel-hernandez/code_gen_ipgen_StreamingFIFO_rtl_20_zwdrd7b4'.
INFO: [IP_Flow 19-1700] Loaded user IP repository '/tmp/finn_dev_emanuel-hernandez/code_gen_ipgen_StreamingDataWidthConverter_rtl_8_7jr6z08o'.
INFO: [IP_Flow 19-1700] Loaded user IP repository '/tmp/finn_dev_emanuel-hernandez/code_gen_ipgen_StreamingFIFO_rtl_21_lv51e197'.
INFO: [IP_Flow 19-1700] Loaded user IP repository '/tmp/finn_dev_emanuel-hernandez/code_gen_ipgen_MVAU_hls_3_b35vdh1n/project_MVAU_hls_3/sol1/impl/ip'.
INFO: [IP_Flow 19-1700] Loaded user IP repository '/tmp/finn_dev_emanuel-hernandez/code_gen_ipgen_StreamingFIFO_rtl_22_byid7tf2'.
INFO: [IP_Flow 19-1700] Loaded user IP repository '/tmp/finn_dev_emanuel-hernandez/code_gen_ipgen_StreamingDataWidthConverter_rtl_9_1ve3wz7j'.
INFO: [IP_Flow 19-1700] Loaded user IP repository '/tmp/finn_dev_emanuel-hernandez/code_gen_ipgen_StreamingFIFO_rtl_23_zfz13eo2'.
INFO: [IP_Flow 19-1700] Loaded user IP repository '/tmp/finn_dev_emanuel-hernandez/code_gen_ipgen_StreamingMaxPool_hls_1_7wwp66zq/project_StreamingMaxPool_hls_1/sol1/impl/ip'.
INFO: [IP_Flow 19-1700] Loaded user IP repository '/tmp/finn_dev_emanuel-hernandez/code_gen_ipgen_StreamingFIFO_rtl_24_z54i444h'.
INFO: [IP_Flow 19-1700] Loaded user IP repository '/tmp/finn_dev_emanuel-hernandez/code_gen_ipgen_StreamingDataWidthConverter_rtl_10_yub6am8x'.
INFO: [IP_Flow 19-1700] Loaded user IP repository '/tmp/finn_dev_emanuel-hernandez/code_gen_ipgen_StreamingFIFO_rtl_25_k4tmsb30'.
INFO: [IP_Flow 19-1700] Loaded user IP repository '/tmp/finn_dev_emanuel-hernandez/code_gen_ipgen_MVAU_hls_4_tmhw3dtv/project_MVAU_hls_4/sol1/impl/ip'.
INFO: [IP_Flow 19-1700] Loaded user IP repository '/tmp/finn_dev_emanuel-hernandez/code_gen_ipgen_StreamingFIFO_rtl_26_8mjg4iui'.
INFO: [IP_Flow 19-1700] Loaded user IP repository '/tmp/finn_dev_emanuel-hernandez/code_gen_ipgen_MVAU_rtl_0_5irei88l'.
INFO: [IP_Flow 19-1700] Loaded user IP repository '/tmp/finn_dev_emanuel-hernandez/code_gen_ipgen_StreamingFIFO_rtl_27_agjbqf20'.
# create_bd_cell -type hier StreamingFIFO_rtl_2
# create_bd_pin -dir I -type clk /StreamingFIFO_rtl_2/ap_clk
# create_bd_pin -dir I -type rst /StreamingFIFO_rtl_2/ap_rst_n
# create_bd_intf_pin -mode Master -vlnv xilinx.com:interface:axis_rtl:1.0 /StreamingFIFO_rtl_2/out_V
# create_bd_intf_pin -mode Slave -vlnv xilinx.com:interface:axis_rtl:1.0 /StreamingFIFO_rtl_2/in0_V
# create_bd_cell -type ip -vlnv xilinx.com:ip:axis_data_fifo:2.0 /StreamingFIFO_rtl_2/fifo
# set_property -dict [list CONFIG.FIFO_DEPTH {16384}] [get_bd_cells /StreamingFIFO_rtl_2/fifo]
# set_property -dict [list CONFIG.FIFO_MEMORY_TYPE {auto}] [get_bd_cells /StreamingFIFO_rtl_2/fifo]
# set_property -dict [list CONFIG.TDATA_NUM_BYTES {1}] [get_bd_cells /StreamingFIFO_rtl_2/fifo]
# connect_bd_intf_net [get_bd_intf_pins StreamingFIFO_rtl_2/fifo/M_AXIS] [get_bd_intf_pins StreamingFIFO_rtl_2/out_V]
# connect_bd_intf_net [get_bd_intf_pins StreamingFIFO_rtl_2/fifo/S_AXIS] [get_bd_intf_pins StreamingFIFO_rtl_2/in0_V]
# connect_bd_net [get_bd_pins StreamingFIFO_rtl_2/ap_rst_n] [get_bd_pins StreamingFIFO_rtl_2/fifo/s_axis_aresetn]
# connect_bd_net [get_bd_pins StreamingFIFO_rtl_2/ap_clk] [get_bd_pins StreamingFIFO_rtl_2/fifo/s_axis_aclk]
# create_bd_cell -type hier MVAU_hls_0
# create_bd_pin -dir I -type clk /MVAU_hls_0/ap_clk
# create_bd_pin -dir I -type rst /MVAU_hls_0/ap_rst_n
# create_bd_intf_pin -mode Master -vlnv xilinx.com:interface:axis_rtl:1.0 /MVAU_hls_0/out_V
# create_bd_intf_pin -mode Slave -vlnv xilinx.com:interface:axis_rtl:1.0 /MVAU_hls_0/in0_V
# create_bd_cell -type ip -vlnv xilinx.com:hls:MVAU_hls_0:1.0 /MVAU_hls_0/MVAU_hls_0
# create_bd_cell -type ip -vlnv amd.com:finn:memstream:1.0 /MVAU_hls_0/MVAU_hls_0_wstrm
# set_property -dict [list CONFIG.DEPTH {288} CONFIG.WIDTH {8} CONFIG.INIT_FILE {/tmp/finn_dev_emanuel-hernandez/code_gen_ipgen_MVAU_hls_0_23yd46c2/memblock.dat} CONFIG.RAM_STYLE {auto} ] [get_bd_cells /MVAU_hls_0/MVAU_hls_0_wstrm]
WARNING: [IP_Flow 19-4684] Expected long value for param AXILITE_ADDR_WIDTH but, float/scientific notation value 11.0 is provided. The value is converted to long type(11)
WARNING: [IP_Flow 19-4684] Expected long value for param AXILITE_ADDR_WIDTH but, float/scientific notation value 11.0 is provided. The value is converted to long type(11)
# connect_bd_intf_net [get_bd_intf_pins MVAU_hls_0/MVAU_hls_0_wstrm/m_axis_0] [get_bd_intf_pins MVAU_hls_0/MVAU_hls_0/weights_V]
# connect_bd_net [get_bd_pins MVAU_hls_0/ap_rst_n] [get_bd_pins MVAU_hls_0/MVAU_hls_0_wstrm/ap_rst_n]
# connect_bd_net [get_bd_pins MVAU_hls_0/ap_clk] [get_bd_pins MVAU_hls_0/MVAU_hls_0_wstrm/ap_clk]
# connect_bd_net [get_bd_pins MVAU_hls_0/ap_rst_n] [get_bd_pins MVAU_hls_0/MVAU_hls_0/ap_rst_n]
# connect_bd_net [get_bd_pins MVAU_hls_0/ap_clk] [get_bd_pins MVAU_hls_0/MVAU_hls_0/ap_clk]
# connect_bd_intf_net [get_bd_intf_pins MVAU_hls_0/in0_V] [get_bd_intf_pins MVAU_hls_0/MVAU_hls_0/in0_V]
# connect_bd_intf_net [get_bd_intf_pins MVAU_hls_0/out_V] [get_bd_intf_pins MVAU_hls_0/MVAU_hls_0/out_V]
# save_bd_design
Wrote  : </tmp/finn_dev_emanuel-hernandez/vivado_stitch_proj_pm9ik9x1/finn_vivado_stitch_proj.srcs/sources_1/bd/finn_design/finn_design.bd> 
# add_files -norecurse /tmp/finn_dev_emanuel-hernandez/code_gen_ipgen_StreamingFIFO_rtl_3_p2hyhro8/Q_srl.v
# add_files -norecurse /tmp/finn_dev_emanuel-hernandez/code_gen_ipgen_StreamingFIFO_rtl_3_p2hyhro8/StreamingFIFO_rtl_3.v
# create_bd_cell -type module -reference StreamingFIFO_rtl_3 StreamingFIFO_rtl_3
INFO: [IP_Flow 19-5107] Inferred bus interface 'ap_clk' of definition 'xilinx.com:signal:clock:1.0' (from X_INTERFACE_INFO parameter from HDL file).
INFO: [IP_Flow 19-5107] Inferred bus interface 'ap_clk' of definition 'xilinx.com:signal:clock:1.0' (from 'X_INTERFACE_INFO' attribute).
INFO: [IP_Flow 19-5107] Inferred bus interface 'in0_V' of definition 'xilinx.com:interface:axis:1.0' (from Xilinx Repository).
INFO: [IP_Flow 19-5107] Inferred bus interface 'out_V' of definition 'xilinx.com:interface:axis:1.0' (from Xilinx Repository).
INFO: [IP_Flow 19-5107] Inferred bus interface 'ap_rst_n' of definition 'xilinx.com:signal:reset:1.0' (from Xilinx Repository).
INFO: [IP_Flow 19-4728] Bus Interface 'ap_rst_n': Added interface parameter 'POLARITY' with value 'ACTIVE_LOW'.
INFO: [IP_Flow 19-4728] Bus Interface 'ap_clk': Added interface parameter 'ASSOCIATED_RESET' with value 'ap_rst_n'.
INFO: [IP_Flow 19-4728] Bus Interface 'ap_clk': Added interface parameter 'ASSOCIATED_BUSIF' with value 'in0_V'.
WARNING: [IP_Flow 19-3157] Bus Interface 'ap_rst_n': Bus parameter POLARITY is ACTIVE_LOW but port 'ap_rst_n' is not *resetn - please double check the POLARITY setting.
INFO: [IP_Flow 19-234] Refreshing IP repositories
INFO: [IP_Flow 19-1700] Loaded user IP repository '/home/emanuel-hernandez/finn/finn-rtllib/memstream'.
INFO: [IP_Flow 19-1700] Loaded user IP repository '/tmp/finn_dev_emanuel-hernandez/code_gen_ipgen_StreamingFIFO_rtl_0_2xp77osi'.
INFO: [IP_Flow 19-1700] Loaded user IP repository '/tmp/finn_dev_emanuel-hernandez/code_gen_ipgen_FMPadding_rtl_0_ty50wf7f'.
INFO: [IP_Flow 19-1700] Loaded user IP repository '/tmp/finn_dev_emanuel-hernandez/code_gen_ipgen_StreamingFIFO_rtl_1_m6if6tq1'.
INFO: [IP_Flow 19-1700] Loaded user IP repository '/tmp/finn_dev_emanuel-hernandez/code_gen_ipgen_ConvolutionInputGenerator_rtl_0_czth98kw'.
INFO: [IP_Flow 19-1700] Loaded user IP repository '/tmp/finn_dev_emanuel-hernandez/code_gen_ipgen_StreamingFIFO_rtl_2_q6mksatc'.
INFO: [IP_Flow 19-1700] Loaded user IP repository '/tmp/finn_dev_emanuel-hernandez/code_gen_ipgen_MVAU_hls_0_23yd46c2/project_MVAU_hls_0/sol1/impl/ip'.
INFO: [IP_Flow 19-1700] Loaded user IP repository '/tmp/finn_dev_emanuel-hernandez/code_gen_ipgen_StreamingFIFO_rtl_3_p2hyhro8'.
INFO: [IP_Flow 19-1700] Loaded user IP repository '/tmp/finn_dev_emanuel-hernandez/code_gen_ipgen_StreamingDataWidthConverter_rtl_0_dgprmkiy'.
INFO: [IP_Flow 19-1700] Loaded user IP repository '/tmp/finn_dev_emanuel-hernandez/code_gen_ipgen_StreamingFIFO_rtl_4_lh6tdo7e'.
INFO: [IP_Flow 19-1700] Loaded user IP repository '/tmp/finn_dev_emanuel-hernandez/code_gen_ipgen_FMPadding_rtl_1_xpf90tc3'.
INFO: [IP_Flow 19-1700] Loaded user IP repository '/tmp/finn_dev_emanuel-hernandez/code_gen_ipgen_StreamingFIFO_rtl_5_vvlnqhpy'.
INFO: [IP_Flow 19-1700] Loaded user IP repository '/tmp/finn_dev_emanuel-hernandez/code_gen_ipgen_StreamingDataWidthConverter_rtl_1_jnol8bbv'.
INFO: [IP_Flow 19-1700] Loaded user IP repository '/tmp/finn_dev_emanuel-hernandez/code_gen_ipgen_StreamingFIFO_rtl_6_6f4ornhe'.
INFO: [IP_Flow 19-1700] Loaded user IP repository '/tmp/finn_dev_emanuel-hernandez/code_gen_ipgen_ConvolutionInputGenerator_rtl_1_3gytnw5p'.
INFO: [IP_Flow 19-1700] Loaded user IP repository '/tmp/finn_dev_emanuel-hernandez/code_gen_ipgen_StreamingFIFO_rtl_7_6w23ui98'.
INFO: [IP_Flow 19-1700] Loaded user IP repository '/tmp/finn_dev_emanuel-hernandez/code_gen_ipgen_StreamingDataWidthConverter_rtl_2_sg9hna6v'.
INFO: [IP_Flow 19-1700] Loaded user IP repository '/tmp/finn_dev_emanuel-hernandez/code_gen_ipgen_StreamingFIFO_rtl_8_fgp0hvu1'.
INFO: [IP_Flow 19-1700] Loaded user IP repository '/tmp/finn_dev_emanuel-hernandez/code_gen_ipgen_MVAU_hls_1_juaup5kq/project_MVAU_hls_1/sol1/impl/ip'.
INFO: [IP_Flow 19-1700] Loaded user IP repository '/tmp/finn_dev_emanuel-hernandez/code_gen_ipgen_StreamingFIFO_rtl_9_8p53cw18'.
INFO: [IP_Flow 19-1700] Loaded user IP repository '/tmp/finn_dev_emanuel-hernandez/code_gen_ipgen_StreamingDataWidthConverter_rtl_3_w9ea0x8t'.
INFO: [IP_Flow 19-1700] Loaded user IP repository '/tmp/finn_dev_emanuel-hernandez/code_gen_ipgen_StreamingFIFO_rtl_10_rz1ffexj'.
INFO: [IP_Flow 19-1700] Loaded user IP repository '/tmp/finn_dev_emanuel-hernandez/code_gen_ipgen_StreamingMaxPool_hls_0_u0p0cbhc/project_StreamingMaxPool_hls_0/sol1/impl/ip'.
INFO: [IP_Flow 19-1700] Loaded user IP repository '/tmp/finn_dev_emanuel-hernandez/code_gen_ipgen_StreamingFIFO_rtl_11_9xde0iu_'.
INFO: [IP_Flow 19-1700] Loaded user IP repository '/tmp/finn_dev_emanuel-hernandez/code_gen_ipgen_FMPadding_rtl_2_bfhymavv'.
INFO: [IP_Flow 19-1700] Loaded user IP repository '/tmp/finn_dev_emanuel-hernandez/code_gen_ipgen_StreamingFIFO_rtl_12_l1u5y9oq'.
INFO: [IP_Flow 19-1700] Loaded user IP repository '/tmp/finn_dev_emanuel-hernandez/code_gen_ipgen_StreamingDataWidthConverter_rtl_4_d3noeq7x'.
INFO: [IP_Flow 19-1700] Loaded user IP repository '/tmp/finn_dev_emanuel-hernandez/code_gen_ipgen_StreamingFIFO_rtl_13__5kvrwkr'.
INFO: [IP_Flow 19-1700] Loaded user IP repository '/tmp/finn_dev_emanuel-hernandez/code_gen_ipgen_ConvolutionInputGenerator_rtl_2_dtijaray'.
INFO: [IP_Flow 19-1700] Loaded user IP repository '/tmp/finn_dev_emanuel-hernandez/code_gen_ipgen_StreamingFIFO_rtl_14_90_nfugx'.
INFO: [IP_Flow 19-1700] Loaded user IP repository '/tmp/finn_dev_emanuel-hernandez/code_gen_ipgen_StreamingDataWidthConverter_rtl_5_eg6sc5c7'.
INFO: [IP_Flow 19-1700] Loaded user IP repository '/tmp/finn_dev_emanuel-hernandez/code_gen_ipgen_StreamingFIFO_rtl_15_6k7rpw6a'.
INFO: [IP_Flow 19-1700] Loaded user IP repository '/tmp/finn_dev_emanuel-hernandez/code_gen_ipgen_MVAU_hls_2_c_8z90e9/project_MVAU_hls_2/sol1/impl/ip'.
INFO: [IP_Flow 19-1700] Loaded user IP repository '/tmp/finn_dev_emanuel-hernandez/code_gen_ipgen_StreamingFIFO_rtl_16_dcyfzx2o'.
INFO: [IP_Flow 19-1700] Loaded user IP repository '/tmp/finn_dev_emanuel-hernandez/code_gen_ipgen_StreamingDataWidthConverter_rtl_6_03z4zugl'.
INFO: [IP_Flow 19-1700] Loaded user IP repository '/tmp/finn_dev_emanuel-hernandez/code_gen_ipgen_StreamingFIFO_rtl_17_ml8iegwl'.
INFO: [IP_Flow 19-1700] Loaded user IP repository '/tmp/finn_dev_emanuel-hernandez/code_gen_ipgen_FMPadding_rtl_3_2x9msyqe'.
INFO: [IP_Flow 19-1700] Loaded user IP repository '/tmp/finn_dev_emanuel-hernandez/code_gen_ipgen_StreamingFIFO_rtl_18_0dc9afhr'.
INFO: [IP_Flow 19-1700] Loaded user IP repository '/tmp/finn_dev_emanuel-hernandez/code_gen_ipgen_StreamingDataWidthConverter_rtl_7_4ikvmjoa'.
INFO: [IP_Flow 19-1700] Loaded user IP repository '/tmp/finn_dev_emanuel-hernandez/code_gen_ipgen_StreamingFIFO_rtl_19_dcp13z__'.
INFO: [IP_Flow 19-1700] Loaded user IP repository '/tmp/finn_dev_emanuel-hernandez/code_gen_ipgen_ConvolutionInputGenerator_rtl_3_s53q98tt'.
INFO: [IP_Flow 19-1700] Loaded user IP repository '/tmp/finn_dev_emanuel-hernandez/code_gen_ipgen_StreamingFIFO_rtl_20_zwdrd7b4'.
INFO: [IP_Flow 19-1700] Loaded user IP repository '/tmp/finn_dev_emanuel-hernandez/code_gen_ipgen_StreamingDataWidthConverter_rtl_8_7jr6z08o'.
INFO: [IP_Flow 19-1700] Loaded user IP repository '/tmp/finn_dev_emanuel-hernandez/code_gen_ipgen_StreamingFIFO_rtl_21_lv51e197'.
INFO: [IP_Flow 19-1700] Loaded user IP repository '/tmp/finn_dev_emanuel-hernandez/code_gen_ipgen_MVAU_hls_3_b35vdh1n/project_MVAU_hls_3/sol1/impl/ip'.
INFO: [IP_Flow 19-1700] Loaded user IP repository '/tmp/finn_dev_emanuel-hernandez/code_gen_ipgen_StreamingFIFO_rtl_22_byid7tf2'.
INFO: [IP_Flow 19-1700] Loaded user IP repository '/tmp/finn_dev_emanuel-hernandez/code_gen_ipgen_StreamingDataWidthConverter_rtl_9_1ve3wz7j'.
INFO: [IP_Flow 19-1700] Loaded user IP repository '/tmp/finn_dev_emanuel-hernandez/code_gen_ipgen_StreamingFIFO_rtl_23_zfz13eo2'.
INFO: [IP_Flow 19-1700] Loaded user IP repository '/tmp/finn_dev_emanuel-hernandez/code_gen_ipgen_StreamingMaxPool_hls_1_7wwp66zq/project_StreamingMaxPool_hls_1/sol1/impl/ip'.
INFO: [IP_Flow 19-1700] Loaded user IP repository '/tmp/finn_dev_emanuel-hernandez/code_gen_ipgen_StreamingFIFO_rtl_24_z54i444h'.
INFO: [IP_Flow 19-1700] Loaded user IP repository '/tmp/finn_dev_emanuel-hernandez/code_gen_ipgen_StreamingDataWidthConverter_rtl_10_yub6am8x'.
INFO: [IP_Flow 19-1700] Loaded user IP repository '/tmp/finn_dev_emanuel-hernandez/code_gen_ipgen_StreamingFIFO_rtl_25_k4tmsb30'.
INFO: [IP_Flow 19-1700] Loaded user IP repository '/tmp/finn_dev_emanuel-hernandez/code_gen_ipgen_MVAU_hls_4_tmhw3dtv/project_MVAU_hls_4/sol1/impl/ip'.
INFO: [IP_Flow 19-1700] Loaded user IP repository '/tmp/finn_dev_emanuel-hernandez/code_gen_ipgen_StreamingFIFO_rtl_26_8mjg4iui'.
INFO: [IP_Flow 19-1700] Loaded user IP repository '/tmp/finn_dev_emanuel-hernandez/code_gen_ipgen_MVAU_rtl_0_5irei88l'.
INFO: [IP_Flow 19-1700] Loaded user IP repository '/tmp/finn_dev_emanuel-hernandez/code_gen_ipgen_StreamingFIFO_rtl_27_agjbqf20'.
# add_files -norecurse /tmp/finn_dev_emanuel-hernandez/code_gen_ipgen_StreamingDataWidthConverter_rtl_0_dgprmkiy/dwc_axi.sv
# add_files -norecurse /tmp/finn_dev_emanuel-hernandez/code_gen_ipgen_StreamingDataWidthConverter_rtl_0_dgprmkiy/dwc.sv
# add_files -norecurse /tmp/finn_dev_emanuel-hernandez/code_gen_ipgen_StreamingDataWidthConverter_rtl_0_dgprmkiy/StreamingDataWidthConverter_rtl_0.v
# create_bd_cell -type module -reference StreamingDataWidthConverter_rtl_0 StreamingDataWidthConverter_rtl_0
INFO: [IP_Flow 19-5107] Inferred bus interface 'ap_clk' of definition 'xilinx.com:signal:clock:1.0' (from X_INTERFACE_INFO parameter from HDL file).
INFO: [IP_Flow 19-5107] Inferred bus interface 'ap_clk' of definition 'xilinx.com:signal:clock:1.0' (from 'X_INTERFACE_INFO' attribute).
INFO: [IP_Flow 19-5107] Inferred bus interface 'in0_V' of definition 'xilinx.com:interface:axis:1.0' (from Xilinx Repository).
INFO: [IP_Flow 19-5107] Inferred bus interface 'out_V' of definition 'xilinx.com:interface:axis:1.0' (from Xilinx Repository).
INFO: [IP_Flow 19-5107] Inferred bus interface 'ap_rst_n' of definition 'xilinx.com:signal:reset:1.0' (from Xilinx Repository).
INFO: [IP_Flow 19-4728] Bus Interface 'ap_rst_n': Added interface parameter 'POLARITY' with value 'ACTIVE_LOW'.
INFO: [IP_Flow 19-4728] Bus Interface 'ap_clk': Added interface parameter 'ASSOCIATED_RESET' with value 'ap_rst_n'.
INFO: [IP_Flow 19-4728] Bus Interface 'ap_clk': Added interface parameter 'ASSOCIATED_BUSIF' with value 'in0_V'.
INFO: [IP_Flow 19-818] Not transferring value dependency attribute "(((spirit:decode(id('MODELPARAM_VALUE.IBITS')) + 7) / 8) * 8)" into user parameter "AXI_IBITS".
INFO: [IP_Flow 19-818] Not transferring value dependency attribute "(((spirit:decode(id('MODELPARAM_VALUE.OBITS')) + 7) / 8) * 8)" into user parameter "AXI_OBITS".
WARNING: [IP_Flow 19-3157] Bus Interface 'ap_rst_n': Bus parameter POLARITY is ACTIVE_LOW but port 'ap_rst_n' is not *resetn - please double check the POLARITY setting.
INFO: [IP_Flow 19-234] Refreshing IP repositories
INFO: [IP_Flow 19-1700] Loaded user IP repository '/home/emanuel-hernandez/finn/finn-rtllib/memstream'.
INFO: [IP_Flow 19-1700] Loaded user IP repository '/tmp/finn_dev_emanuel-hernandez/code_gen_ipgen_StreamingFIFO_rtl_0_2xp77osi'.
INFO: [IP_Flow 19-1700] Loaded user IP repository '/tmp/finn_dev_emanuel-hernandez/code_gen_ipgen_FMPadding_rtl_0_ty50wf7f'.
INFO: [IP_Flow 19-1700] Loaded user IP repository '/tmp/finn_dev_emanuel-hernandez/code_gen_ipgen_StreamingFIFO_rtl_1_m6if6tq1'.
INFO: [IP_Flow 19-1700] Loaded user IP repository '/tmp/finn_dev_emanuel-hernandez/code_gen_ipgen_ConvolutionInputGenerator_rtl_0_czth98kw'.
INFO: [IP_Flow 19-1700] Loaded user IP repository '/tmp/finn_dev_emanuel-hernandez/code_gen_ipgen_StreamingFIFO_rtl_2_q6mksatc'.
INFO: [IP_Flow 19-1700] Loaded user IP repository '/tmp/finn_dev_emanuel-hernandez/code_gen_ipgen_MVAU_hls_0_23yd46c2/project_MVAU_hls_0/sol1/impl/ip'.
INFO: [IP_Flow 19-1700] Loaded user IP repository '/tmp/finn_dev_emanuel-hernandez/code_gen_ipgen_StreamingFIFO_rtl_3_p2hyhro8'.
INFO: [IP_Flow 19-1700] Loaded user IP repository '/tmp/finn_dev_emanuel-hernandez/code_gen_ipgen_StreamingDataWidthConverter_rtl_0_dgprmkiy'.
INFO: [IP_Flow 19-1700] Loaded user IP repository '/tmp/finn_dev_emanuel-hernandez/code_gen_ipgen_StreamingFIFO_rtl_4_lh6tdo7e'.
INFO: [IP_Flow 19-1700] Loaded user IP repository '/tmp/finn_dev_emanuel-hernandez/code_gen_ipgen_FMPadding_rtl_1_xpf90tc3'.
INFO: [IP_Flow 19-1700] Loaded user IP repository '/tmp/finn_dev_emanuel-hernandez/code_gen_ipgen_StreamingFIFO_rtl_5_vvlnqhpy'.
INFO: [IP_Flow 19-1700] Loaded user IP repository '/tmp/finn_dev_emanuel-hernandez/code_gen_ipgen_StreamingDataWidthConverter_rtl_1_jnol8bbv'.
INFO: [IP_Flow 19-1700] Loaded user IP repository '/tmp/finn_dev_emanuel-hernandez/code_gen_ipgen_StreamingFIFO_rtl_6_6f4ornhe'.
INFO: [IP_Flow 19-1700] Loaded user IP repository '/tmp/finn_dev_emanuel-hernandez/code_gen_ipgen_ConvolutionInputGenerator_rtl_1_3gytnw5p'.
INFO: [IP_Flow 19-1700] Loaded user IP repository '/tmp/finn_dev_emanuel-hernandez/code_gen_ipgen_StreamingFIFO_rtl_7_6w23ui98'.
INFO: [IP_Flow 19-1700] Loaded user IP repository '/tmp/finn_dev_emanuel-hernandez/code_gen_ipgen_StreamingDataWidthConverter_rtl_2_sg9hna6v'.
INFO: [IP_Flow 19-1700] Loaded user IP repository '/tmp/finn_dev_emanuel-hernandez/code_gen_ipgen_StreamingFIFO_rtl_8_fgp0hvu1'.
INFO: [IP_Flow 19-1700] Loaded user IP repository '/tmp/finn_dev_emanuel-hernandez/code_gen_ipgen_MVAU_hls_1_juaup5kq/project_MVAU_hls_1/sol1/impl/ip'.
INFO: [IP_Flow 19-1700] Loaded user IP repository '/tmp/finn_dev_emanuel-hernandez/code_gen_ipgen_StreamingFIFO_rtl_9_8p53cw18'.
INFO: [IP_Flow 19-1700] Loaded user IP repository '/tmp/finn_dev_emanuel-hernandez/code_gen_ipgen_StreamingDataWidthConverter_rtl_3_w9ea0x8t'.
INFO: [IP_Flow 19-1700] Loaded user IP repository '/tmp/finn_dev_emanuel-hernandez/code_gen_ipgen_StreamingFIFO_rtl_10_rz1ffexj'.
INFO: [IP_Flow 19-1700] Loaded user IP repository '/tmp/finn_dev_emanuel-hernandez/code_gen_ipgen_StreamingMaxPool_hls_0_u0p0cbhc/project_StreamingMaxPool_hls_0/sol1/impl/ip'.
INFO: [IP_Flow 19-1700] Loaded user IP repository '/tmp/finn_dev_emanuel-hernandez/code_gen_ipgen_StreamingFIFO_rtl_11_9xde0iu_'.
INFO: [IP_Flow 19-1700] Loaded user IP repository '/tmp/finn_dev_emanuel-hernandez/code_gen_ipgen_FMPadding_rtl_2_bfhymavv'.
INFO: [IP_Flow 19-1700] Loaded user IP repository '/tmp/finn_dev_emanuel-hernandez/code_gen_ipgen_StreamingFIFO_rtl_12_l1u5y9oq'.
INFO: [IP_Flow 19-1700] Loaded user IP repository '/tmp/finn_dev_emanuel-hernandez/code_gen_ipgen_StreamingDataWidthConverter_rtl_4_d3noeq7x'.
INFO: [IP_Flow 19-1700] Loaded user IP repository '/tmp/finn_dev_emanuel-hernandez/code_gen_ipgen_StreamingFIFO_rtl_13__5kvrwkr'.
INFO: [IP_Flow 19-1700] Loaded user IP repository '/tmp/finn_dev_emanuel-hernandez/code_gen_ipgen_ConvolutionInputGenerator_rtl_2_dtijaray'.
INFO: [IP_Flow 19-1700] Loaded user IP repository '/tmp/finn_dev_emanuel-hernandez/code_gen_ipgen_StreamingFIFO_rtl_14_90_nfugx'.
INFO: [IP_Flow 19-1700] Loaded user IP repository '/tmp/finn_dev_emanuel-hernandez/code_gen_ipgen_StreamingDataWidthConverter_rtl_5_eg6sc5c7'.
INFO: [IP_Flow 19-1700] Loaded user IP repository '/tmp/finn_dev_emanuel-hernandez/code_gen_ipgen_StreamingFIFO_rtl_15_6k7rpw6a'.
INFO: [IP_Flow 19-1700] Loaded user IP repository '/tmp/finn_dev_emanuel-hernandez/code_gen_ipgen_MVAU_hls_2_c_8z90e9/project_MVAU_hls_2/sol1/impl/ip'.
INFO: [IP_Flow 19-1700] Loaded user IP repository '/tmp/finn_dev_emanuel-hernandez/code_gen_ipgen_StreamingFIFO_rtl_16_dcyfzx2o'.
INFO: [IP_Flow 19-1700] Loaded user IP repository '/tmp/finn_dev_emanuel-hernandez/code_gen_ipgen_StreamingDataWidthConverter_rtl_6_03z4zugl'.
INFO: [IP_Flow 19-1700] Loaded user IP repository '/tmp/finn_dev_emanuel-hernandez/code_gen_ipgen_StreamingFIFO_rtl_17_ml8iegwl'.
INFO: [IP_Flow 19-1700] Loaded user IP repository '/tmp/finn_dev_emanuel-hernandez/code_gen_ipgen_FMPadding_rtl_3_2x9msyqe'.
INFO: [IP_Flow 19-1700] Loaded user IP repository '/tmp/finn_dev_emanuel-hernandez/code_gen_ipgen_StreamingFIFO_rtl_18_0dc9afhr'.
INFO: [IP_Flow 19-1700] Loaded user IP repository '/tmp/finn_dev_emanuel-hernandez/code_gen_ipgen_StreamingDataWidthConverter_rtl_7_4ikvmjoa'.
INFO: [IP_Flow 19-1700] Loaded user IP repository '/tmp/finn_dev_emanuel-hernandez/code_gen_ipgen_StreamingFIFO_rtl_19_dcp13z__'.
INFO: [IP_Flow 19-1700] Loaded user IP repository '/tmp/finn_dev_emanuel-hernandez/code_gen_ipgen_ConvolutionInputGenerator_rtl_3_s53q98tt'.
INFO: [IP_Flow 19-1700] Loaded user IP repository '/tmp/finn_dev_emanuel-hernandez/code_gen_ipgen_StreamingFIFO_rtl_20_zwdrd7b4'.
INFO: [IP_Flow 19-1700] Loaded user IP repository '/tmp/finn_dev_emanuel-hernandez/code_gen_ipgen_StreamingDataWidthConverter_rtl_8_7jr6z08o'.
INFO: [IP_Flow 19-1700] Loaded user IP repository '/tmp/finn_dev_emanuel-hernandez/code_gen_ipgen_StreamingFIFO_rtl_21_lv51e197'.
INFO: [IP_Flow 19-1700] Loaded user IP repository '/tmp/finn_dev_emanuel-hernandez/code_gen_ipgen_MVAU_hls_3_b35vdh1n/project_MVAU_hls_3/sol1/impl/ip'.
INFO: [IP_Flow 19-1700] Loaded user IP repository '/tmp/finn_dev_emanuel-hernandez/code_gen_ipgen_StreamingFIFO_rtl_22_byid7tf2'.
INFO: [IP_Flow 19-1700] Loaded user IP repository '/tmp/finn_dev_emanuel-hernandez/code_gen_ipgen_StreamingDataWidthConverter_rtl_9_1ve3wz7j'.
INFO: [IP_Flow 19-1700] Loaded user IP repository '/tmp/finn_dev_emanuel-hernandez/code_gen_ipgen_StreamingFIFO_rtl_23_zfz13eo2'.
INFO: [IP_Flow 19-1700] Loaded user IP repository '/tmp/finn_dev_emanuel-hernandez/code_gen_ipgen_StreamingMaxPool_hls_1_7wwp66zq/project_StreamingMaxPool_hls_1/sol1/impl/ip'.
INFO: [IP_Flow 19-1700] Loaded user IP repository '/tmp/finn_dev_emanuel-hernandez/code_gen_ipgen_StreamingFIFO_rtl_24_z54i444h'.
INFO: [IP_Flow 19-1700] Loaded user IP repository '/tmp/finn_dev_emanuel-hernandez/code_gen_ipgen_StreamingDataWidthConverter_rtl_10_yub6am8x'.
INFO: [IP_Flow 19-1700] Loaded user IP repository '/tmp/finn_dev_emanuel-hernandez/code_gen_ipgen_StreamingFIFO_rtl_25_k4tmsb30'.
INFO: [IP_Flow 19-1700] Loaded user IP repository '/tmp/finn_dev_emanuel-hernandez/code_gen_ipgen_MVAU_hls_4_tmhw3dtv/project_MVAU_hls_4/sol1/impl/ip'.
INFO: [IP_Flow 19-1700] Loaded user IP repository '/tmp/finn_dev_emanuel-hernandez/code_gen_ipgen_StreamingFIFO_rtl_26_8mjg4iui'.
INFO: [IP_Flow 19-1700] Loaded user IP repository '/tmp/finn_dev_emanuel-hernandez/code_gen_ipgen_MVAU_rtl_0_5irei88l'.
INFO: [IP_Flow 19-1700] Loaded user IP repository '/tmp/finn_dev_emanuel-hernandez/code_gen_ipgen_StreamingFIFO_rtl_27_agjbqf20'.
# add_files -norecurse /tmp/finn_dev_emanuel-hernandez/code_gen_ipgen_StreamingFIFO_rtl_4_lh6tdo7e/Q_srl.v
# add_files -norecurse /tmp/finn_dev_emanuel-hernandez/code_gen_ipgen_StreamingFIFO_rtl_4_lh6tdo7e/StreamingFIFO_rtl_4.v
# create_bd_cell -type module -reference StreamingFIFO_rtl_4 StreamingFIFO_rtl_4
INFO: [IP_Flow 19-5107] Inferred bus interface 'ap_clk' of definition 'xilinx.com:signal:clock:1.0' (from X_INTERFACE_INFO parameter from HDL file).
INFO: [IP_Flow 19-5107] Inferred bus interface 'ap_clk' of definition 'xilinx.com:signal:clock:1.0' (from 'X_INTERFACE_INFO' attribute).
INFO: [IP_Flow 19-5107] Inferred bus interface 'in0_V' of definition 'xilinx.com:interface:axis:1.0' (from Xilinx Repository).
INFO: [IP_Flow 19-5107] Inferred bus interface 'out_V' of definition 'xilinx.com:interface:axis:1.0' (from Xilinx Repository).
INFO: [IP_Flow 19-5107] Inferred bus interface 'ap_rst_n' of definition 'xilinx.com:signal:reset:1.0' (from Xilinx Repository).
INFO: [IP_Flow 19-4728] Bus Interface 'ap_rst_n': Added interface parameter 'POLARITY' with value 'ACTIVE_LOW'.
INFO: [IP_Flow 19-4728] Bus Interface 'ap_clk': Added interface parameter 'ASSOCIATED_RESET' with value 'ap_rst_n'.
INFO: [IP_Flow 19-4728] Bus Interface 'ap_clk': Added interface parameter 'ASSOCIATED_BUSIF' with value 'in0_V'.
WARNING: [IP_Flow 19-3157] Bus Interface 'ap_rst_n': Bus parameter POLARITY is ACTIVE_LOW but port 'ap_rst_n' is not *resetn - please double check the POLARITY setting.
INFO: [IP_Flow 19-234] Refreshing IP repositories
INFO: [IP_Flow 19-1700] Loaded user IP repository '/home/emanuel-hernandez/finn/finn-rtllib/memstream'.
INFO: [IP_Flow 19-1700] Loaded user IP repository '/tmp/finn_dev_emanuel-hernandez/code_gen_ipgen_StreamingFIFO_rtl_0_2xp77osi'.
INFO: [IP_Flow 19-1700] Loaded user IP repository '/tmp/finn_dev_emanuel-hernandez/code_gen_ipgen_FMPadding_rtl_0_ty50wf7f'.
INFO: [IP_Flow 19-1700] Loaded user IP repository '/tmp/finn_dev_emanuel-hernandez/code_gen_ipgen_StreamingFIFO_rtl_1_m6if6tq1'.
INFO: [IP_Flow 19-1700] Loaded user IP repository '/tmp/finn_dev_emanuel-hernandez/code_gen_ipgen_ConvolutionInputGenerator_rtl_0_czth98kw'.
INFO: [IP_Flow 19-1700] Loaded user IP repository '/tmp/finn_dev_emanuel-hernandez/code_gen_ipgen_StreamingFIFO_rtl_2_q6mksatc'.
INFO: [IP_Flow 19-1700] Loaded user IP repository '/tmp/finn_dev_emanuel-hernandez/code_gen_ipgen_MVAU_hls_0_23yd46c2/project_MVAU_hls_0/sol1/impl/ip'.
INFO: [IP_Flow 19-1700] Loaded user IP repository '/tmp/finn_dev_emanuel-hernandez/code_gen_ipgen_StreamingFIFO_rtl_3_p2hyhro8'.
INFO: [IP_Flow 19-1700] Loaded user IP repository '/tmp/finn_dev_emanuel-hernandez/code_gen_ipgen_StreamingDataWidthConverter_rtl_0_dgprmkiy'.
INFO: [IP_Flow 19-1700] Loaded user IP repository '/tmp/finn_dev_emanuel-hernandez/code_gen_ipgen_StreamingFIFO_rtl_4_lh6tdo7e'.
INFO: [IP_Flow 19-1700] Loaded user IP repository '/tmp/finn_dev_emanuel-hernandez/code_gen_ipgen_FMPadding_rtl_1_xpf90tc3'.
INFO: [IP_Flow 19-1700] Loaded user IP repository '/tmp/finn_dev_emanuel-hernandez/code_gen_ipgen_StreamingFIFO_rtl_5_vvlnqhpy'.
INFO: [IP_Flow 19-1700] Loaded user IP repository '/tmp/finn_dev_emanuel-hernandez/code_gen_ipgen_StreamingDataWidthConverter_rtl_1_jnol8bbv'.
INFO: [IP_Flow 19-1700] Loaded user IP repository '/tmp/finn_dev_emanuel-hernandez/code_gen_ipgen_StreamingFIFO_rtl_6_6f4ornhe'.
INFO: [IP_Flow 19-1700] Loaded user IP repository '/tmp/finn_dev_emanuel-hernandez/code_gen_ipgen_ConvolutionInputGenerator_rtl_1_3gytnw5p'.
INFO: [IP_Flow 19-1700] Loaded user IP repository '/tmp/finn_dev_emanuel-hernandez/code_gen_ipgen_StreamingFIFO_rtl_7_6w23ui98'.
INFO: [IP_Flow 19-1700] Loaded user IP repository '/tmp/finn_dev_emanuel-hernandez/code_gen_ipgen_StreamingDataWidthConverter_rtl_2_sg9hna6v'.
INFO: [IP_Flow 19-1700] Loaded user IP repository '/tmp/finn_dev_emanuel-hernandez/code_gen_ipgen_StreamingFIFO_rtl_8_fgp0hvu1'.
INFO: [IP_Flow 19-1700] Loaded user IP repository '/tmp/finn_dev_emanuel-hernandez/code_gen_ipgen_MVAU_hls_1_juaup5kq/project_MVAU_hls_1/sol1/impl/ip'.
INFO: [IP_Flow 19-1700] Loaded user IP repository '/tmp/finn_dev_emanuel-hernandez/code_gen_ipgen_StreamingFIFO_rtl_9_8p53cw18'.
INFO: [IP_Flow 19-1700] Loaded user IP repository '/tmp/finn_dev_emanuel-hernandez/code_gen_ipgen_StreamingDataWidthConverter_rtl_3_w9ea0x8t'.
INFO: [IP_Flow 19-1700] Loaded user IP repository '/tmp/finn_dev_emanuel-hernandez/code_gen_ipgen_StreamingFIFO_rtl_10_rz1ffexj'.
INFO: [IP_Flow 19-1700] Loaded user IP repository '/tmp/finn_dev_emanuel-hernandez/code_gen_ipgen_StreamingMaxPool_hls_0_u0p0cbhc/project_StreamingMaxPool_hls_0/sol1/impl/ip'.
INFO: [IP_Flow 19-1700] Loaded user IP repository '/tmp/finn_dev_emanuel-hernandez/code_gen_ipgen_StreamingFIFO_rtl_11_9xde0iu_'.
INFO: [IP_Flow 19-1700] Loaded user IP repository '/tmp/finn_dev_emanuel-hernandez/code_gen_ipgen_FMPadding_rtl_2_bfhymavv'.
INFO: [IP_Flow 19-1700] Loaded user IP repository '/tmp/finn_dev_emanuel-hernandez/code_gen_ipgen_StreamingFIFO_rtl_12_l1u5y9oq'.
INFO: [IP_Flow 19-1700] Loaded user IP repository '/tmp/finn_dev_emanuel-hernandez/code_gen_ipgen_StreamingDataWidthConverter_rtl_4_d3noeq7x'.
INFO: [IP_Flow 19-1700] Loaded user IP repository '/tmp/finn_dev_emanuel-hernandez/code_gen_ipgen_StreamingFIFO_rtl_13__5kvrwkr'.
INFO: [IP_Flow 19-1700] Loaded user IP repository '/tmp/finn_dev_emanuel-hernandez/code_gen_ipgen_ConvolutionInputGenerator_rtl_2_dtijaray'.
INFO: [IP_Flow 19-1700] Loaded user IP repository '/tmp/finn_dev_emanuel-hernandez/code_gen_ipgen_StreamingFIFO_rtl_14_90_nfugx'.
INFO: [IP_Flow 19-1700] Loaded user IP repository '/tmp/finn_dev_emanuel-hernandez/code_gen_ipgen_StreamingDataWidthConverter_rtl_5_eg6sc5c7'.
INFO: [IP_Flow 19-1700] Loaded user IP repository '/tmp/finn_dev_emanuel-hernandez/code_gen_ipgen_StreamingFIFO_rtl_15_6k7rpw6a'.
INFO: [IP_Flow 19-1700] Loaded user IP repository '/tmp/finn_dev_emanuel-hernandez/code_gen_ipgen_MVAU_hls_2_c_8z90e9/project_MVAU_hls_2/sol1/impl/ip'.
INFO: [IP_Flow 19-1700] Loaded user IP repository '/tmp/finn_dev_emanuel-hernandez/code_gen_ipgen_StreamingFIFO_rtl_16_dcyfzx2o'.
INFO: [IP_Flow 19-1700] Loaded user IP repository '/tmp/finn_dev_emanuel-hernandez/code_gen_ipgen_StreamingDataWidthConverter_rtl_6_03z4zugl'.
INFO: [IP_Flow 19-1700] Loaded user IP repository '/tmp/finn_dev_emanuel-hernandez/code_gen_ipgen_StreamingFIFO_rtl_17_ml8iegwl'.
INFO: [IP_Flow 19-1700] Loaded user IP repository '/tmp/finn_dev_emanuel-hernandez/code_gen_ipgen_FMPadding_rtl_3_2x9msyqe'.
INFO: [IP_Flow 19-1700] Loaded user IP repository '/tmp/finn_dev_emanuel-hernandez/code_gen_ipgen_StreamingFIFO_rtl_18_0dc9afhr'.
INFO: [IP_Flow 19-1700] Loaded user IP repository '/tmp/finn_dev_emanuel-hernandez/code_gen_ipgen_StreamingDataWidthConverter_rtl_7_4ikvmjoa'.
INFO: [IP_Flow 19-1700] Loaded user IP repository '/tmp/finn_dev_emanuel-hernandez/code_gen_ipgen_StreamingFIFO_rtl_19_dcp13z__'.
INFO: [IP_Flow 19-1700] Loaded user IP repository '/tmp/finn_dev_emanuel-hernandez/code_gen_ipgen_ConvolutionInputGenerator_rtl_3_s53q98tt'.
INFO: [IP_Flow 19-1700] Loaded user IP repository '/tmp/finn_dev_emanuel-hernandez/code_gen_ipgen_StreamingFIFO_rtl_20_zwdrd7b4'.
INFO: [IP_Flow 19-1700] Loaded user IP repository '/tmp/finn_dev_emanuel-hernandez/code_gen_ipgen_StreamingDataWidthConverter_rtl_8_7jr6z08o'.
INFO: [IP_Flow 19-1700] Loaded user IP repository '/tmp/finn_dev_emanuel-hernandez/code_gen_ipgen_StreamingFIFO_rtl_21_lv51e197'.
INFO: [IP_Flow 19-1700] Loaded user IP repository '/tmp/finn_dev_emanuel-hernandez/code_gen_ipgen_MVAU_hls_3_b35vdh1n/project_MVAU_hls_3/sol1/impl/ip'.
INFO: [IP_Flow 19-1700] Loaded user IP repository '/tmp/finn_dev_emanuel-hernandez/code_gen_ipgen_StreamingFIFO_rtl_22_byid7tf2'.
INFO: [IP_Flow 19-1700] Loaded user IP repository '/tmp/finn_dev_emanuel-hernandez/code_gen_ipgen_StreamingDataWidthConverter_rtl_9_1ve3wz7j'.
INFO: [IP_Flow 19-1700] Loaded user IP repository '/tmp/finn_dev_emanuel-hernandez/code_gen_ipgen_StreamingFIFO_rtl_23_zfz13eo2'.
INFO: [IP_Flow 19-1700] Loaded user IP repository '/tmp/finn_dev_emanuel-hernandez/code_gen_ipgen_StreamingMaxPool_hls_1_7wwp66zq/project_StreamingMaxPool_hls_1/sol1/impl/ip'.
INFO: [IP_Flow 19-1700] Loaded user IP repository '/tmp/finn_dev_emanuel-hernandez/code_gen_ipgen_StreamingFIFO_rtl_24_z54i444h'.
INFO: [IP_Flow 19-1700] Loaded user IP repository '/tmp/finn_dev_emanuel-hernandez/code_gen_ipgen_StreamingDataWidthConverter_rtl_10_yub6am8x'.
INFO: [IP_Flow 19-1700] Loaded user IP repository '/tmp/finn_dev_emanuel-hernandez/code_gen_ipgen_StreamingFIFO_rtl_25_k4tmsb30'.
INFO: [IP_Flow 19-1700] Loaded user IP repository '/tmp/finn_dev_emanuel-hernandez/code_gen_ipgen_MVAU_hls_4_tmhw3dtv/project_MVAU_hls_4/sol1/impl/ip'.
INFO: [IP_Flow 19-1700] Loaded user IP repository '/tmp/finn_dev_emanuel-hernandez/code_gen_ipgen_StreamingFIFO_rtl_26_8mjg4iui'.
INFO: [IP_Flow 19-1700] Loaded user IP repository '/tmp/finn_dev_emanuel-hernandez/code_gen_ipgen_MVAU_rtl_0_5irei88l'.
INFO: [IP_Flow 19-1700] Loaded user IP repository '/tmp/finn_dev_emanuel-hernandez/code_gen_ipgen_StreamingFIFO_rtl_27_agjbqf20'.
# add_files -norecurse /tmp/finn_dev_emanuel-hernandez/code_gen_ipgen_FMPadding_rtl_1_xpf90tc3/fmpadding_axi.sv
# add_files -norecurse /tmp/finn_dev_emanuel-hernandez/code_gen_ipgen_FMPadding_rtl_1_xpf90tc3/fmpadding.sv
# add_files -norecurse /tmp/finn_dev_emanuel-hernandez/code_gen_ipgen_FMPadding_rtl_1_xpf90tc3/axi2we.sv
# add_files -norecurse /tmp/finn_dev_emanuel-hernandez/code_gen_ipgen_FMPadding_rtl_1_xpf90tc3/FMPadding_rtl_1.v
# create_bd_cell -type module -reference FMPadding_rtl_1 FMPadding_rtl_1
INFO: [IP_Flow 19-5107] Inferred bus interface 'ap_clk' of definition 'xilinx.com:signal:clock:1.0' (from X_INTERFACE_INFO parameter from HDL file).
INFO: [IP_Flow 19-5107] Inferred bus interface 'ap_clk' of definition 'xilinx.com:signal:clock:1.0' (from 'X_INTERFACE_INFO' attribute).
INFO: [IP_Flow 19-5107] Inferred bus interface 'in0_V' of definition 'xilinx.com:interface:axis:1.0' (from Xilinx Repository).
INFO: [IP_Flow 19-5107] Inferred bus interface 'out_V' of definition 'xilinx.com:interface:axis:1.0' (from Xilinx Repository).
INFO: [IP_Flow 19-5107] Inferred bus interface 's_axilite' of definition 'xilinx.com:interface:aximm:1.0' (from Xilinx Repository).
INFO: [IP_Flow 19-5107] Inferred bus interface 'ap_rst_n' of definition 'xilinx.com:signal:reset:1.0' (from Xilinx Repository).
INFO: [IP_Flow 19-4728] Bus Interface 'ap_rst_n': Added interface parameter 'POLARITY' with value 'ACTIVE_LOW'.
INFO: [IP_Flow 19-4728] Bus Interface 'ap_clk': Added interface parameter 'ASSOCIATED_RESET' with value 'ap_rst_n'.
INFO: [IP_Flow 19-4728] Bus Interface 'ap_clk': Added interface parameter 'ASSOCIATED_BUSIF' with value 'in0_V'.
WARNING: [IP_Flow 19-3157] Bus Interface 'ap_rst_n': Bus parameter POLARITY is ACTIVE_LOW but port 'ap_rst_n' is not *resetn - please double check the POLARITY setting.
INFO: [IP_Flow 19-234] Refreshing IP repositories
INFO: [IP_Flow 19-1700] Loaded user IP repository '/home/emanuel-hernandez/finn/finn-rtllib/memstream'.
INFO: [IP_Flow 19-1700] Loaded user IP repository '/tmp/finn_dev_emanuel-hernandez/code_gen_ipgen_StreamingFIFO_rtl_0_2xp77osi'.
INFO: [IP_Flow 19-1700] Loaded user IP repository '/tmp/finn_dev_emanuel-hernandez/code_gen_ipgen_FMPadding_rtl_0_ty50wf7f'.
INFO: [IP_Flow 19-1700] Loaded user IP repository '/tmp/finn_dev_emanuel-hernandez/code_gen_ipgen_StreamingFIFO_rtl_1_m6if6tq1'.
INFO: [IP_Flow 19-1700] Loaded user IP repository '/tmp/finn_dev_emanuel-hernandez/code_gen_ipgen_ConvolutionInputGenerator_rtl_0_czth98kw'.
INFO: [IP_Flow 19-1700] Loaded user IP repository '/tmp/finn_dev_emanuel-hernandez/code_gen_ipgen_StreamingFIFO_rtl_2_q6mksatc'.
INFO: [IP_Flow 19-1700] Loaded user IP repository '/tmp/finn_dev_emanuel-hernandez/code_gen_ipgen_MVAU_hls_0_23yd46c2/project_MVAU_hls_0/sol1/impl/ip'.
INFO: [IP_Flow 19-1700] Loaded user IP repository '/tmp/finn_dev_emanuel-hernandez/code_gen_ipgen_StreamingFIFO_rtl_3_p2hyhro8'.
INFO: [IP_Flow 19-1700] Loaded user IP repository '/tmp/finn_dev_emanuel-hernandez/code_gen_ipgen_StreamingDataWidthConverter_rtl_0_dgprmkiy'.
INFO: [IP_Flow 19-1700] Loaded user IP repository '/tmp/finn_dev_emanuel-hernandez/code_gen_ipgen_StreamingFIFO_rtl_4_lh6tdo7e'.
INFO: [IP_Flow 19-1700] Loaded user IP repository '/tmp/finn_dev_emanuel-hernandez/code_gen_ipgen_FMPadding_rtl_1_xpf90tc3'.
INFO: [IP_Flow 19-1700] Loaded user IP repository '/tmp/finn_dev_emanuel-hernandez/code_gen_ipgen_StreamingFIFO_rtl_5_vvlnqhpy'.
INFO: [IP_Flow 19-1700] Loaded user IP repository '/tmp/finn_dev_emanuel-hernandez/code_gen_ipgen_StreamingDataWidthConverter_rtl_1_jnol8bbv'.
INFO: [IP_Flow 19-1700] Loaded user IP repository '/tmp/finn_dev_emanuel-hernandez/code_gen_ipgen_StreamingFIFO_rtl_6_6f4ornhe'.
INFO: [IP_Flow 19-1700] Loaded user IP repository '/tmp/finn_dev_emanuel-hernandez/code_gen_ipgen_ConvolutionInputGenerator_rtl_1_3gytnw5p'.
INFO: [IP_Flow 19-1700] Loaded user IP repository '/tmp/finn_dev_emanuel-hernandez/code_gen_ipgen_StreamingFIFO_rtl_7_6w23ui98'.
INFO: [IP_Flow 19-1700] Loaded user IP repository '/tmp/finn_dev_emanuel-hernandez/code_gen_ipgen_StreamingDataWidthConverter_rtl_2_sg9hna6v'.
INFO: [IP_Flow 19-1700] Loaded user IP repository '/tmp/finn_dev_emanuel-hernandez/code_gen_ipgen_StreamingFIFO_rtl_8_fgp0hvu1'.
INFO: [IP_Flow 19-1700] Loaded user IP repository '/tmp/finn_dev_emanuel-hernandez/code_gen_ipgen_MVAU_hls_1_juaup5kq/project_MVAU_hls_1/sol1/impl/ip'.
INFO: [IP_Flow 19-1700] Loaded user IP repository '/tmp/finn_dev_emanuel-hernandez/code_gen_ipgen_StreamingFIFO_rtl_9_8p53cw18'.
INFO: [IP_Flow 19-1700] Loaded user IP repository '/tmp/finn_dev_emanuel-hernandez/code_gen_ipgen_StreamingDataWidthConverter_rtl_3_w9ea0x8t'.
INFO: [IP_Flow 19-1700] Loaded user IP repository '/tmp/finn_dev_emanuel-hernandez/code_gen_ipgen_StreamingFIFO_rtl_10_rz1ffexj'.
INFO: [IP_Flow 19-1700] Loaded user IP repository '/tmp/finn_dev_emanuel-hernandez/code_gen_ipgen_StreamingMaxPool_hls_0_u0p0cbhc/project_StreamingMaxPool_hls_0/sol1/impl/ip'.
INFO: [IP_Flow 19-1700] Loaded user IP repository '/tmp/finn_dev_emanuel-hernandez/code_gen_ipgen_StreamingFIFO_rtl_11_9xde0iu_'.
INFO: [IP_Flow 19-1700] Loaded user IP repository '/tmp/finn_dev_emanuel-hernandez/code_gen_ipgen_FMPadding_rtl_2_bfhymavv'.
INFO: [IP_Flow 19-1700] Loaded user IP repository '/tmp/finn_dev_emanuel-hernandez/code_gen_ipgen_StreamingFIFO_rtl_12_l1u5y9oq'.
INFO: [IP_Flow 19-1700] Loaded user IP repository '/tmp/finn_dev_emanuel-hernandez/code_gen_ipgen_StreamingDataWidthConverter_rtl_4_d3noeq7x'.
INFO: [IP_Flow 19-1700] Loaded user IP repository '/tmp/finn_dev_emanuel-hernandez/code_gen_ipgen_StreamingFIFO_rtl_13__5kvrwkr'.
INFO: [IP_Flow 19-1700] Loaded user IP repository '/tmp/finn_dev_emanuel-hernandez/code_gen_ipgen_ConvolutionInputGenerator_rtl_2_dtijaray'.
INFO: [IP_Flow 19-1700] Loaded user IP repository '/tmp/finn_dev_emanuel-hernandez/code_gen_ipgen_StreamingFIFO_rtl_14_90_nfugx'.
INFO: [IP_Flow 19-1700] Loaded user IP repository '/tmp/finn_dev_emanuel-hernandez/code_gen_ipgen_StreamingDataWidthConverter_rtl_5_eg6sc5c7'.
INFO: [IP_Flow 19-1700] Loaded user IP repository '/tmp/finn_dev_emanuel-hernandez/code_gen_ipgen_StreamingFIFO_rtl_15_6k7rpw6a'.
INFO: [IP_Flow 19-1700] Loaded user IP repository '/tmp/finn_dev_emanuel-hernandez/code_gen_ipgen_MVAU_hls_2_c_8z90e9/project_MVAU_hls_2/sol1/impl/ip'.
INFO: [IP_Flow 19-1700] Loaded user IP repository '/tmp/finn_dev_emanuel-hernandez/code_gen_ipgen_StreamingFIFO_rtl_16_dcyfzx2o'.
INFO: [IP_Flow 19-1700] Loaded user IP repository '/tmp/finn_dev_emanuel-hernandez/code_gen_ipgen_StreamingDataWidthConverter_rtl_6_03z4zugl'.
INFO: [IP_Flow 19-1700] Loaded user IP repository '/tmp/finn_dev_emanuel-hernandez/code_gen_ipgen_StreamingFIFO_rtl_17_ml8iegwl'.
INFO: [IP_Flow 19-1700] Loaded user IP repository '/tmp/finn_dev_emanuel-hernandez/code_gen_ipgen_FMPadding_rtl_3_2x9msyqe'.
INFO: [IP_Flow 19-1700] Loaded user IP repository '/tmp/finn_dev_emanuel-hernandez/code_gen_ipgen_StreamingFIFO_rtl_18_0dc9afhr'.
INFO: [IP_Flow 19-1700] Loaded user IP repository '/tmp/finn_dev_emanuel-hernandez/code_gen_ipgen_StreamingDataWidthConverter_rtl_7_4ikvmjoa'.
INFO: [IP_Flow 19-1700] Loaded user IP repository '/tmp/finn_dev_emanuel-hernandez/code_gen_ipgen_StreamingFIFO_rtl_19_dcp13z__'.
INFO: [IP_Flow 19-1700] Loaded user IP repository '/tmp/finn_dev_emanuel-hernandez/code_gen_ipgen_ConvolutionInputGenerator_rtl_3_s53q98tt'.
INFO: [IP_Flow 19-1700] Loaded user IP repository '/tmp/finn_dev_emanuel-hernandez/code_gen_ipgen_StreamingFIFO_rtl_20_zwdrd7b4'.
INFO: [IP_Flow 19-1700] Loaded user IP repository '/tmp/finn_dev_emanuel-hernandez/code_gen_ipgen_StreamingDataWidthConverter_rtl_8_7jr6z08o'.
INFO: [IP_Flow 19-1700] Loaded user IP repository '/tmp/finn_dev_emanuel-hernandez/code_gen_ipgen_StreamingFIFO_rtl_21_lv51e197'.
INFO: [IP_Flow 19-1700] Loaded user IP repository '/tmp/finn_dev_emanuel-hernandez/code_gen_ipgen_MVAU_hls_3_b35vdh1n/project_MVAU_hls_3/sol1/impl/ip'.
INFO: [IP_Flow 19-1700] Loaded user IP repository '/tmp/finn_dev_emanuel-hernandez/code_gen_ipgen_StreamingFIFO_rtl_22_byid7tf2'.
INFO: [IP_Flow 19-1700] Loaded user IP repository '/tmp/finn_dev_emanuel-hernandez/code_gen_ipgen_StreamingDataWidthConverter_rtl_9_1ve3wz7j'.
INFO: [IP_Flow 19-1700] Loaded user IP repository '/tmp/finn_dev_emanuel-hernandez/code_gen_ipgen_StreamingFIFO_rtl_23_zfz13eo2'.
INFO: [IP_Flow 19-1700] Loaded user IP repository '/tmp/finn_dev_emanuel-hernandez/code_gen_ipgen_StreamingMaxPool_hls_1_7wwp66zq/project_StreamingMaxPool_hls_1/sol1/impl/ip'.
INFO: [IP_Flow 19-1700] Loaded user IP repository '/tmp/finn_dev_emanuel-hernandez/code_gen_ipgen_StreamingFIFO_rtl_24_z54i444h'.
INFO: [IP_Flow 19-1700] Loaded user IP repository '/tmp/finn_dev_emanuel-hernandez/code_gen_ipgen_StreamingDataWidthConverter_rtl_10_yub6am8x'.
INFO: [IP_Flow 19-1700] Loaded user IP repository '/tmp/finn_dev_emanuel-hernandez/code_gen_ipgen_StreamingFIFO_rtl_25_k4tmsb30'.
INFO: [IP_Flow 19-1700] Loaded user IP repository '/tmp/finn_dev_emanuel-hernandez/code_gen_ipgen_MVAU_hls_4_tmhw3dtv/project_MVAU_hls_4/sol1/impl/ip'.
INFO: [IP_Flow 19-1700] Loaded user IP repository '/tmp/finn_dev_emanuel-hernandez/code_gen_ipgen_StreamingFIFO_rtl_26_8mjg4iui'.
INFO: [IP_Flow 19-1700] Loaded user IP repository '/tmp/finn_dev_emanuel-hernandez/code_gen_ipgen_MVAU_rtl_0_5irei88l'.
INFO: [IP_Flow 19-1700] Loaded user IP repository '/tmp/finn_dev_emanuel-hernandez/code_gen_ipgen_StreamingFIFO_rtl_27_agjbqf20'.
# add_files -norecurse /tmp/finn_dev_emanuel-hernandez/code_gen_ipgen_StreamingFIFO_rtl_5_vvlnqhpy/Q_srl.v
# add_files -norecurse /tmp/finn_dev_emanuel-hernandez/code_gen_ipgen_StreamingFIFO_rtl_5_vvlnqhpy/StreamingFIFO_rtl_5.v
# create_bd_cell -type module -reference StreamingFIFO_rtl_5 StreamingFIFO_rtl_5
INFO: [IP_Flow 19-5107] Inferred bus interface 'ap_clk' of definition 'xilinx.com:signal:clock:1.0' (from X_INTERFACE_INFO parameter from HDL file).
INFO: [IP_Flow 19-5107] Inferred bus interface 'ap_clk' of definition 'xilinx.com:signal:clock:1.0' (from 'X_INTERFACE_INFO' attribute).
INFO: [IP_Flow 19-5107] Inferred bus interface 'in0_V' of definition 'xilinx.com:interface:axis:1.0' (from Xilinx Repository).
INFO: [IP_Flow 19-5107] Inferred bus interface 'out_V' of definition 'xilinx.com:interface:axis:1.0' (from Xilinx Repository).
INFO: [IP_Flow 19-5107] Inferred bus interface 'ap_rst_n' of definition 'xilinx.com:signal:reset:1.0' (from Xilinx Repository).
INFO: [IP_Flow 19-4728] Bus Interface 'ap_rst_n': Added interface parameter 'POLARITY' with value 'ACTIVE_LOW'.
INFO: [IP_Flow 19-4728] Bus Interface 'ap_clk': Added interface parameter 'ASSOCIATED_RESET' with value 'ap_rst_n'.
INFO: [IP_Flow 19-4728] Bus Interface 'ap_clk': Added interface parameter 'ASSOCIATED_BUSIF' with value 'in0_V'.
WARNING: [IP_Flow 19-3157] Bus Interface 'ap_rst_n': Bus parameter POLARITY is ACTIVE_LOW but port 'ap_rst_n' is not *resetn - please double check the POLARITY setting.
INFO: [IP_Flow 19-234] Refreshing IP repositories
INFO: [IP_Flow 19-1700] Loaded user IP repository '/home/emanuel-hernandez/finn/finn-rtllib/memstream'.
INFO: [IP_Flow 19-1700] Loaded user IP repository '/tmp/finn_dev_emanuel-hernandez/code_gen_ipgen_StreamingFIFO_rtl_0_2xp77osi'.
INFO: [IP_Flow 19-1700] Loaded user IP repository '/tmp/finn_dev_emanuel-hernandez/code_gen_ipgen_FMPadding_rtl_0_ty50wf7f'.
INFO: [IP_Flow 19-1700] Loaded user IP repository '/tmp/finn_dev_emanuel-hernandez/code_gen_ipgen_StreamingFIFO_rtl_1_m6if6tq1'.
INFO: [IP_Flow 19-1700] Loaded user IP repository '/tmp/finn_dev_emanuel-hernandez/code_gen_ipgen_ConvolutionInputGenerator_rtl_0_czth98kw'.
INFO: [IP_Flow 19-1700] Loaded user IP repository '/tmp/finn_dev_emanuel-hernandez/code_gen_ipgen_StreamingFIFO_rtl_2_q6mksatc'.
INFO: [IP_Flow 19-1700] Loaded user IP repository '/tmp/finn_dev_emanuel-hernandez/code_gen_ipgen_MVAU_hls_0_23yd46c2/project_MVAU_hls_0/sol1/impl/ip'.
INFO: [IP_Flow 19-1700] Loaded user IP repository '/tmp/finn_dev_emanuel-hernandez/code_gen_ipgen_StreamingFIFO_rtl_3_p2hyhro8'.
INFO: [IP_Flow 19-1700] Loaded user IP repository '/tmp/finn_dev_emanuel-hernandez/code_gen_ipgen_StreamingDataWidthConverter_rtl_0_dgprmkiy'.
INFO: [IP_Flow 19-1700] Loaded user IP repository '/tmp/finn_dev_emanuel-hernandez/code_gen_ipgen_StreamingFIFO_rtl_4_lh6tdo7e'.
INFO: [IP_Flow 19-1700] Loaded user IP repository '/tmp/finn_dev_emanuel-hernandez/code_gen_ipgen_FMPadding_rtl_1_xpf90tc3'.
INFO: [IP_Flow 19-1700] Loaded user IP repository '/tmp/finn_dev_emanuel-hernandez/code_gen_ipgen_StreamingFIFO_rtl_5_vvlnqhpy'.
INFO: [IP_Flow 19-1700] Loaded user IP repository '/tmp/finn_dev_emanuel-hernandez/code_gen_ipgen_StreamingDataWidthConverter_rtl_1_jnol8bbv'.
INFO: [IP_Flow 19-1700] Loaded user IP repository '/tmp/finn_dev_emanuel-hernandez/code_gen_ipgen_StreamingFIFO_rtl_6_6f4ornhe'.
INFO: [IP_Flow 19-1700] Loaded user IP repository '/tmp/finn_dev_emanuel-hernandez/code_gen_ipgen_ConvolutionInputGenerator_rtl_1_3gytnw5p'.
INFO: [IP_Flow 19-1700] Loaded user IP repository '/tmp/finn_dev_emanuel-hernandez/code_gen_ipgen_StreamingFIFO_rtl_7_6w23ui98'.
INFO: [IP_Flow 19-1700] Loaded user IP repository '/tmp/finn_dev_emanuel-hernandez/code_gen_ipgen_StreamingDataWidthConverter_rtl_2_sg9hna6v'.
INFO: [IP_Flow 19-1700] Loaded user IP repository '/tmp/finn_dev_emanuel-hernandez/code_gen_ipgen_StreamingFIFO_rtl_8_fgp0hvu1'.
INFO: [IP_Flow 19-1700] Loaded user IP repository '/tmp/finn_dev_emanuel-hernandez/code_gen_ipgen_MVAU_hls_1_juaup5kq/project_MVAU_hls_1/sol1/impl/ip'.
INFO: [IP_Flow 19-1700] Loaded user IP repository '/tmp/finn_dev_emanuel-hernandez/code_gen_ipgen_StreamingFIFO_rtl_9_8p53cw18'.
INFO: [IP_Flow 19-1700] Loaded user IP repository '/tmp/finn_dev_emanuel-hernandez/code_gen_ipgen_StreamingDataWidthConverter_rtl_3_w9ea0x8t'.
INFO: [IP_Flow 19-1700] Loaded user IP repository '/tmp/finn_dev_emanuel-hernandez/code_gen_ipgen_StreamingFIFO_rtl_10_rz1ffexj'.
INFO: [IP_Flow 19-1700] Loaded user IP repository '/tmp/finn_dev_emanuel-hernandez/code_gen_ipgen_StreamingMaxPool_hls_0_u0p0cbhc/project_StreamingMaxPool_hls_0/sol1/impl/ip'.
INFO: [IP_Flow 19-1700] Loaded user IP repository '/tmp/finn_dev_emanuel-hernandez/code_gen_ipgen_StreamingFIFO_rtl_11_9xde0iu_'.
INFO: [IP_Flow 19-1700] Loaded user IP repository '/tmp/finn_dev_emanuel-hernandez/code_gen_ipgen_FMPadding_rtl_2_bfhymavv'.
INFO: [IP_Flow 19-1700] Loaded user IP repository '/tmp/finn_dev_emanuel-hernandez/code_gen_ipgen_StreamingFIFO_rtl_12_l1u5y9oq'.
INFO: [IP_Flow 19-1700] Loaded user IP repository '/tmp/finn_dev_emanuel-hernandez/code_gen_ipgen_StreamingDataWidthConverter_rtl_4_d3noeq7x'.
INFO: [IP_Flow 19-1700] Loaded user IP repository '/tmp/finn_dev_emanuel-hernandez/code_gen_ipgen_StreamingFIFO_rtl_13__5kvrwkr'.
INFO: [IP_Flow 19-1700] Loaded user IP repository '/tmp/finn_dev_emanuel-hernandez/code_gen_ipgen_ConvolutionInputGenerator_rtl_2_dtijaray'.
INFO: [IP_Flow 19-1700] Loaded user IP repository '/tmp/finn_dev_emanuel-hernandez/code_gen_ipgen_StreamingFIFO_rtl_14_90_nfugx'.
INFO: [IP_Flow 19-1700] Loaded user IP repository '/tmp/finn_dev_emanuel-hernandez/code_gen_ipgen_StreamingDataWidthConverter_rtl_5_eg6sc5c7'.
INFO: [IP_Flow 19-1700] Loaded user IP repository '/tmp/finn_dev_emanuel-hernandez/code_gen_ipgen_StreamingFIFO_rtl_15_6k7rpw6a'.
INFO: [IP_Flow 19-1700] Loaded user IP repository '/tmp/finn_dev_emanuel-hernandez/code_gen_ipgen_MVAU_hls_2_c_8z90e9/project_MVAU_hls_2/sol1/impl/ip'.
INFO: [IP_Flow 19-1700] Loaded user IP repository '/tmp/finn_dev_emanuel-hernandez/code_gen_ipgen_StreamingFIFO_rtl_16_dcyfzx2o'.
INFO: [IP_Flow 19-1700] Loaded user IP repository '/tmp/finn_dev_emanuel-hernandez/code_gen_ipgen_StreamingDataWidthConverter_rtl_6_03z4zugl'.
INFO: [IP_Flow 19-1700] Loaded user IP repository '/tmp/finn_dev_emanuel-hernandez/code_gen_ipgen_StreamingFIFO_rtl_17_ml8iegwl'.
INFO: [IP_Flow 19-1700] Loaded user IP repository '/tmp/finn_dev_emanuel-hernandez/code_gen_ipgen_FMPadding_rtl_3_2x9msyqe'.
INFO: [IP_Flow 19-1700] Loaded user IP repository '/tmp/finn_dev_emanuel-hernandez/code_gen_ipgen_StreamingFIFO_rtl_18_0dc9afhr'.
INFO: [IP_Flow 19-1700] Loaded user IP repository '/tmp/finn_dev_emanuel-hernandez/code_gen_ipgen_StreamingDataWidthConverter_rtl_7_4ikvmjoa'.
INFO: [IP_Flow 19-1700] Loaded user IP repository '/tmp/finn_dev_emanuel-hernandez/code_gen_ipgen_StreamingFIFO_rtl_19_dcp13z__'.
INFO: [IP_Flow 19-1700] Loaded user IP repository '/tmp/finn_dev_emanuel-hernandez/code_gen_ipgen_ConvolutionInputGenerator_rtl_3_s53q98tt'.
INFO: [IP_Flow 19-1700] Loaded user IP repository '/tmp/finn_dev_emanuel-hernandez/code_gen_ipgen_StreamingFIFO_rtl_20_zwdrd7b4'.
INFO: [IP_Flow 19-1700] Loaded user IP repository '/tmp/finn_dev_emanuel-hernandez/code_gen_ipgen_StreamingDataWidthConverter_rtl_8_7jr6z08o'.
INFO: [IP_Flow 19-1700] Loaded user IP repository '/tmp/finn_dev_emanuel-hernandez/code_gen_ipgen_StreamingFIFO_rtl_21_lv51e197'.
INFO: [IP_Flow 19-1700] Loaded user IP repository '/tmp/finn_dev_emanuel-hernandez/code_gen_ipgen_MVAU_hls_3_b35vdh1n/project_MVAU_hls_3/sol1/impl/ip'.
INFO: [IP_Flow 19-1700] Loaded user IP repository '/tmp/finn_dev_emanuel-hernandez/code_gen_ipgen_StreamingFIFO_rtl_22_byid7tf2'.
INFO: [IP_Flow 19-1700] Loaded user IP repository '/tmp/finn_dev_emanuel-hernandez/code_gen_ipgen_StreamingDataWidthConverter_rtl_9_1ve3wz7j'.
INFO: [IP_Flow 19-1700] Loaded user IP repository '/tmp/finn_dev_emanuel-hernandez/code_gen_ipgen_StreamingFIFO_rtl_23_zfz13eo2'.
INFO: [IP_Flow 19-1700] Loaded user IP repository '/tmp/finn_dev_emanuel-hernandez/code_gen_ipgen_StreamingMaxPool_hls_1_7wwp66zq/project_StreamingMaxPool_hls_1/sol1/impl/ip'.
INFO: [IP_Flow 19-1700] Loaded user IP repository '/tmp/finn_dev_emanuel-hernandez/code_gen_ipgen_StreamingFIFO_rtl_24_z54i444h'.
INFO: [IP_Flow 19-1700] Loaded user IP repository '/tmp/finn_dev_emanuel-hernandez/code_gen_ipgen_StreamingDataWidthConverter_rtl_10_yub6am8x'.
INFO: [IP_Flow 19-1700] Loaded user IP repository '/tmp/finn_dev_emanuel-hernandez/code_gen_ipgen_StreamingFIFO_rtl_25_k4tmsb30'.
INFO: [IP_Flow 19-1700] Loaded user IP repository '/tmp/finn_dev_emanuel-hernandez/code_gen_ipgen_MVAU_hls_4_tmhw3dtv/project_MVAU_hls_4/sol1/impl/ip'.
INFO: [IP_Flow 19-1700] Loaded user IP repository '/tmp/finn_dev_emanuel-hernandez/code_gen_ipgen_StreamingFIFO_rtl_26_8mjg4iui'.
INFO: [IP_Flow 19-1700] Loaded user IP repository '/tmp/finn_dev_emanuel-hernandez/code_gen_ipgen_MVAU_rtl_0_5irei88l'.
INFO: [IP_Flow 19-1700] Loaded user IP repository '/tmp/finn_dev_emanuel-hernandez/code_gen_ipgen_StreamingFIFO_rtl_27_agjbqf20'.
# add_files -norecurse /tmp/finn_dev_emanuel-hernandez/code_gen_ipgen_StreamingDataWidthConverter_rtl_1_jnol8bbv/dwc_axi.sv
# add_files -norecurse /tmp/finn_dev_emanuel-hernandez/code_gen_ipgen_StreamingDataWidthConverter_rtl_1_jnol8bbv/dwc.sv
# add_files -norecurse /tmp/finn_dev_emanuel-hernandez/code_gen_ipgen_StreamingDataWidthConverter_rtl_1_jnol8bbv/StreamingDataWidthConverter_rtl_1.v
# create_bd_cell -type module -reference StreamingDataWidthConverter_rtl_1 StreamingDataWidthConverter_rtl_1
INFO: [IP_Flow 19-5107] Inferred bus interface 'ap_clk' of definition 'xilinx.com:signal:clock:1.0' (from X_INTERFACE_INFO parameter from HDL file).
INFO: [IP_Flow 19-5107] Inferred bus interface 'ap_clk' of definition 'xilinx.com:signal:clock:1.0' (from 'X_INTERFACE_INFO' attribute).
INFO: [IP_Flow 19-5107] Inferred bus interface 'in0_V' of definition 'xilinx.com:interface:axis:1.0' (from Xilinx Repository).
INFO: [IP_Flow 19-5107] Inferred bus interface 'out_V' of definition 'xilinx.com:interface:axis:1.0' (from Xilinx Repository).
INFO: [IP_Flow 19-5107] Inferred bus interface 'ap_rst_n' of definition 'xilinx.com:signal:reset:1.0' (from Xilinx Repository).
INFO: [IP_Flow 19-4728] Bus Interface 'ap_rst_n': Added interface parameter 'POLARITY' with value 'ACTIVE_LOW'.
INFO: [IP_Flow 19-4728] Bus Interface 'ap_clk': Added interface parameter 'ASSOCIATED_RESET' with value 'ap_rst_n'.
INFO: [IP_Flow 19-4728] Bus Interface 'ap_clk': Added interface parameter 'ASSOCIATED_BUSIF' with value 'in0_V'.
INFO: [IP_Flow 19-818] Not transferring value dependency attribute "(((spirit:decode(id('MODELPARAM_VALUE.IBITS')) + 7) / 8) * 8)" into user parameter "AXI_IBITS".
INFO: [IP_Flow 19-818] Not transferring value dependency attribute "(((spirit:decode(id('MODELPARAM_VALUE.OBITS')) + 7) / 8) * 8)" into user parameter "AXI_OBITS".
WARNING: [IP_Flow 19-3157] Bus Interface 'ap_rst_n': Bus parameter POLARITY is ACTIVE_LOW but port 'ap_rst_n' is not *resetn - please double check the POLARITY setting.
INFO: [IP_Flow 19-234] Refreshing IP repositories
INFO: [IP_Flow 19-1700] Loaded user IP repository '/home/emanuel-hernandez/finn/finn-rtllib/memstream'.
INFO: [IP_Flow 19-1700] Loaded user IP repository '/tmp/finn_dev_emanuel-hernandez/code_gen_ipgen_StreamingFIFO_rtl_0_2xp77osi'.
INFO: [IP_Flow 19-1700] Loaded user IP repository '/tmp/finn_dev_emanuel-hernandez/code_gen_ipgen_FMPadding_rtl_0_ty50wf7f'.
INFO: [IP_Flow 19-1700] Loaded user IP repository '/tmp/finn_dev_emanuel-hernandez/code_gen_ipgen_StreamingFIFO_rtl_1_m6if6tq1'.
INFO: [IP_Flow 19-1700] Loaded user IP repository '/tmp/finn_dev_emanuel-hernandez/code_gen_ipgen_ConvolutionInputGenerator_rtl_0_czth98kw'.
INFO: [IP_Flow 19-1700] Loaded user IP repository '/tmp/finn_dev_emanuel-hernandez/code_gen_ipgen_StreamingFIFO_rtl_2_q6mksatc'.
INFO: [IP_Flow 19-1700] Loaded user IP repository '/tmp/finn_dev_emanuel-hernandez/code_gen_ipgen_MVAU_hls_0_23yd46c2/project_MVAU_hls_0/sol1/impl/ip'.
INFO: [IP_Flow 19-1700] Loaded user IP repository '/tmp/finn_dev_emanuel-hernandez/code_gen_ipgen_StreamingFIFO_rtl_3_p2hyhro8'.
INFO: [IP_Flow 19-1700] Loaded user IP repository '/tmp/finn_dev_emanuel-hernandez/code_gen_ipgen_StreamingDataWidthConverter_rtl_0_dgprmkiy'.
INFO: [IP_Flow 19-1700] Loaded user IP repository '/tmp/finn_dev_emanuel-hernandez/code_gen_ipgen_StreamingFIFO_rtl_4_lh6tdo7e'.
INFO: [IP_Flow 19-1700] Loaded user IP repository '/tmp/finn_dev_emanuel-hernandez/code_gen_ipgen_FMPadding_rtl_1_xpf90tc3'.
INFO: [IP_Flow 19-1700] Loaded user IP repository '/tmp/finn_dev_emanuel-hernandez/code_gen_ipgen_StreamingFIFO_rtl_5_vvlnqhpy'.
INFO: [IP_Flow 19-1700] Loaded user IP repository '/tmp/finn_dev_emanuel-hernandez/code_gen_ipgen_StreamingDataWidthConverter_rtl_1_jnol8bbv'.
INFO: [IP_Flow 19-1700] Loaded user IP repository '/tmp/finn_dev_emanuel-hernandez/code_gen_ipgen_StreamingFIFO_rtl_6_6f4ornhe'.
INFO: [IP_Flow 19-1700] Loaded user IP repository '/tmp/finn_dev_emanuel-hernandez/code_gen_ipgen_ConvolutionInputGenerator_rtl_1_3gytnw5p'.
INFO: [IP_Flow 19-1700] Loaded user IP repository '/tmp/finn_dev_emanuel-hernandez/code_gen_ipgen_StreamingFIFO_rtl_7_6w23ui98'.
INFO: [IP_Flow 19-1700] Loaded user IP repository '/tmp/finn_dev_emanuel-hernandez/code_gen_ipgen_StreamingDataWidthConverter_rtl_2_sg9hna6v'.
INFO: [IP_Flow 19-1700] Loaded user IP repository '/tmp/finn_dev_emanuel-hernandez/code_gen_ipgen_StreamingFIFO_rtl_8_fgp0hvu1'.
INFO: [IP_Flow 19-1700] Loaded user IP repository '/tmp/finn_dev_emanuel-hernandez/code_gen_ipgen_MVAU_hls_1_juaup5kq/project_MVAU_hls_1/sol1/impl/ip'.
INFO: [IP_Flow 19-1700] Loaded user IP repository '/tmp/finn_dev_emanuel-hernandez/code_gen_ipgen_StreamingFIFO_rtl_9_8p53cw18'.
INFO: [IP_Flow 19-1700] Loaded user IP repository '/tmp/finn_dev_emanuel-hernandez/code_gen_ipgen_StreamingDataWidthConverter_rtl_3_w9ea0x8t'.
INFO: [IP_Flow 19-1700] Loaded user IP repository '/tmp/finn_dev_emanuel-hernandez/code_gen_ipgen_StreamingFIFO_rtl_10_rz1ffexj'.
INFO: [IP_Flow 19-1700] Loaded user IP repository '/tmp/finn_dev_emanuel-hernandez/code_gen_ipgen_StreamingMaxPool_hls_0_u0p0cbhc/project_StreamingMaxPool_hls_0/sol1/impl/ip'.
INFO: [IP_Flow 19-1700] Loaded user IP repository '/tmp/finn_dev_emanuel-hernandez/code_gen_ipgen_StreamingFIFO_rtl_11_9xde0iu_'.
INFO: [IP_Flow 19-1700] Loaded user IP repository '/tmp/finn_dev_emanuel-hernandez/code_gen_ipgen_FMPadding_rtl_2_bfhymavv'.
INFO: [IP_Flow 19-1700] Loaded user IP repository '/tmp/finn_dev_emanuel-hernandez/code_gen_ipgen_StreamingFIFO_rtl_12_l1u5y9oq'.
INFO: [IP_Flow 19-1700] Loaded user IP repository '/tmp/finn_dev_emanuel-hernandez/code_gen_ipgen_StreamingDataWidthConverter_rtl_4_d3noeq7x'.
INFO: [IP_Flow 19-1700] Loaded user IP repository '/tmp/finn_dev_emanuel-hernandez/code_gen_ipgen_StreamingFIFO_rtl_13__5kvrwkr'.
INFO: [IP_Flow 19-1700] Loaded user IP repository '/tmp/finn_dev_emanuel-hernandez/code_gen_ipgen_ConvolutionInputGenerator_rtl_2_dtijaray'.
INFO: [IP_Flow 19-1700] Loaded user IP repository '/tmp/finn_dev_emanuel-hernandez/code_gen_ipgen_StreamingFIFO_rtl_14_90_nfugx'.
INFO: [IP_Flow 19-1700] Loaded user IP repository '/tmp/finn_dev_emanuel-hernandez/code_gen_ipgen_StreamingDataWidthConverter_rtl_5_eg6sc5c7'.
INFO: [IP_Flow 19-1700] Loaded user IP repository '/tmp/finn_dev_emanuel-hernandez/code_gen_ipgen_StreamingFIFO_rtl_15_6k7rpw6a'.
INFO: [IP_Flow 19-1700] Loaded user IP repository '/tmp/finn_dev_emanuel-hernandez/code_gen_ipgen_MVAU_hls_2_c_8z90e9/project_MVAU_hls_2/sol1/impl/ip'.
INFO: [IP_Flow 19-1700] Loaded user IP repository '/tmp/finn_dev_emanuel-hernandez/code_gen_ipgen_StreamingFIFO_rtl_16_dcyfzx2o'.
INFO: [IP_Flow 19-1700] Loaded user IP repository '/tmp/finn_dev_emanuel-hernandez/code_gen_ipgen_StreamingDataWidthConverter_rtl_6_03z4zugl'.
INFO: [IP_Flow 19-1700] Loaded user IP repository '/tmp/finn_dev_emanuel-hernandez/code_gen_ipgen_StreamingFIFO_rtl_17_ml8iegwl'.
INFO: [IP_Flow 19-1700] Loaded user IP repository '/tmp/finn_dev_emanuel-hernandez/code_gen_ipgen_FMPadding_rtl_3_2x9msyqe'.
INFO: [IP_Flow 19-1700] Loaded user IP repository '/tmp/finn_dev_emanuel-hernandez/code_gen_ipgen_StreamingFIFO_rtl_18_0dc9afhr'.
INFO: [IP_Flow 19-1700] Loaded user IP repository '/tmp/finn_dev_emanuel-hernandez/code_gen_ipgen_StreamingDataWidthConverter_rtl_7_4ikvmjoa'.
INFO: [IP_Flow 19-1700] Loaded user IP repository '/tmp/finn_dev_emanuel-hernandez/code_gen_ipgen_StreamingFIFO_rtl_19_dcp13z__'.
INFO: [IP_Flow 19-1700] Loaded user IP repository '/tmp/finn_dev_emanuel-hernandez/code_gen_ipgen_ConvolutionInputGenerator_rtl_3_s53q98tt'.
INFO: [IP_Flow 19-1700] Loaded user IP repository '/tmp/finn_dev_emanuel-hernandez/code_gen_ipgen_StreamingFIFO_rtl_20_zwdrd7b4'.
INFO: [IP_Flow 19-1700] Loaded user IP repository '/tmp/finn_dev_emanuel-hernandez/code_gen_ipgen_StreamingDataWidthConverter_rtl_8_7jr6z08o'.
INFO: [IP_Flow 19-1700] Loaded user IP repository '/tmp/finn_dev_emanuel-hernandez/code_gen_ipgen_StreamingFIFO_rtl_21_lv51e197'.
INFO: [IP_Flow 19-1700] Loaded user IP repository '/tmp/finn_dev_emanuel-hernandez/code_gen_ipgen_MVAU_hls_3_b35vdh1n/project_MVAU_hls_3/sol1/impl/ip'.
INFO: [IP_Flow 19-1700] Loaded user IP repository '/tmp/finn_dev_emanuel-hernandez/code_gen_ipgen_StreamingFIFO_rtl_22_byid7tf2'.
INFO: [IP_Flow 19-1700] Loaded user IP repository '/tmp/finn_dev_emanuel-hernandez/code_gen_ipgen_StreamingDataWidthConverter_rtl_9_1ve3wz7j'.
INFO: [IP_Flow 19-1700] Loaded user IP repository '/tmp/finn_dev_emanuel-hernandez/code_gen_ipgen_StreamingFIFO_rtl_23_zfz13eo2'.
INFO: [IP_Flow 19-1700] Loaded user IP repository '/tmp/finn_dev_emanuel-hernandez/code_gen_ipgen_StreamingMaxPool_hls_1_7wwp66zq/project_StreamingMaxPool_hls_1/sol1/impl/ip'.
INFO: [IP_Flow 19-1700] Loaded user IP repository '/tmp/finn_dev_emanuel-hernandez/code_gen_ipgen_StreamingFIFO_rtl_24_z54i444h'.
INFO: [IP_Flow 19-1700] Loaded user IP repository '/tmp/finn_dev_emanuel-hernandez/code_gen_ipgen_StreamingDataWidthConverter_rtl_10_yub6am8x'.
INFO: [IP_Flow 19-1700] Loaded user IP repository '/tmp/finn_dev_emanuel-hernandez/code_gen_ipgen_StreamingFIFO_rtl_25_k4tmsb30'.
INFO: [IP_Flow 19-1700] Loaded user IP repository '/tmp/finn_dev_emanuel-hernandez/code_gen_ipgen_MVAU_hls_4_tmhw3dtv/project_MVAU_hls_4/sol1/impl/ip'.
INFO: [IP_Flow 19-1700] Loaded user IP repository '/tmp/finn_dev_emanuel-hernandez/code_gen_ipgen_StreamingFIFO_rtl_26_8mjg4iui'.
INFO: [IP_Flow 19-1700] Loaded user IP repository '/tmp/finn_dev_emanuel-hernandez/code_gen_ipgen_MVAU_rtl_0_5irei88l'.
INFO: [IP_Flow 19-1700] Loaded user IP repository '/tmp/finn_dev_emanuel-hernandez/code_gen_ipgen_StreamingFIFO_rtl_27_agjbqf20'.
# create_bd_cell -type hier StreamingFIFO_rtl_6
# create_bd_pin -dir I -type clk /StreamingFIFO_rtl_6/ap_clk
# create_bd_pin -dir I -type rst /StreamingFIFO_rtl_6/ap_rst_n
# create_bd_intf_pin -mode Master -vlnv xilinx.com:interface:axis_rtl:1.0 /StreamingFIFO_rtl_6/out_V
# create_bd_intf_pin -mode Slave -vlnv xilinx.com:interface:axis_rtl:1.0 /StreamingFIFO_rtl_6/in0_V
# create_bd_cell -type ip -vlnv xilinx.com:ip:axis_data_fifo:2.0 /StreamingFIFO_rtl_6/fifo
# set_property -dict [list CONFIG.FIFO_DEPTH {8192}] [get_bd_cells /StreamingFIFO_rtl_6/fifo]
# set_property -dict [list CONFIG.FIFO_MEMORY_TYPE {auto}] [get_bd_cells /StreamingFIFO_rtl_6/fifo]
# set_property -dict [list CONFIG.TDATA_NUM_BYTES {1}] [get_bd_cells /StreamingFIFO_rtl_6/fifo]
# connect_bd_intf_net [get_bd_intf_pins StreamingFIFO_rtl_6/fifo/M_AXIS] [get_bd_intf_pins StreamingFIFO_rtl_6/out_V]
# connect_bd_intf_net [get_bd_intf_pins StreamingFIFO_rtl_6/fifo/S_AXIS] [get_bd_intf_pins StreamingFIFO_rtl_6/in0_V]
# connect_bd_net [get_bd_pins StreamingFIFO_rtl_6/ap_rst_n] [get_bd_pins StreamingFIFO_rtl_6/fifo/s_axis_aresetn]
# connect_bd_net [get_bd_pins StreamingFIFO_rtl_6/ap_clk] [get_bd_pins StreamingFIFO_rtl_6/fifo/s_axis_aclk]
# add_files -norecurse /tmp/finn_dev_emanuel-hernandez/code_gen_ipgen_ConvolutionInputGenerator_rtl_1_3gytnw5p/swg_pkg.sv
# add_files -norecurse /tmp/finn_dev_emanuel-hernandez/code_gen_ipgen_ConvolutionInputGenerator_rtl_1_3gytnw5p/ConvolutionInputGenerator_rtl_1_wrapper.v
# add_files -norecurse /tmp/finn_dev_emanuel-hernandez/code_gen_ipgen_ConvolutionInputGenerator_rtl_1_3gytnw5p/ConvolutionInputGenerator_rtl_1_impl.sv
# add_files -norecurse /tmp/finn_dev_emanuel-hernandez/code_gen_ipgen_ConvolutionInputGenerator_rtl_1_3gytnw5p/swg_common.sv
# create_bd_cell -type module -reference ConvolutionInputGenerator_rtl_1 ConvolutionInputGenerator_rtl_1
INFO: [IP_Flow 19-5107] Inferred bus interface 'ap_clk' of definition 'xilinx.com:signal:clock:1.0' (from X_INTERFACE_INFO parameter from HDL file).
INFO: [IP_Flow 19-5107] Inferred bus interface 'ap_clk' of definition 'xilinx.com:signal:clock:1.0' (from 'X_INTERFACE_INFO' attribute).
INFO: [IP_Flow 19-5107] Inferred bus interface 'in0_V' of definition 'xilinx.com:interface:axis:1.0' (from Xilinx Repository).
INFO: [IP_Flow 19-5107] Inferred bus interface 'out_V' of definition 'xilinx.com:interface:axis:1.0' (from Xilinx Repository).
INFO: [IP_Flow 19-5107] Inferred bus interface 'ap_rst_n' of definition 'xilinx.com:signal:reset:1.0' (from Xilinx Repository).
INFO: [IP_Flow 19-4728] Bus Interface 'ap_rst_n': Added interface parameter 'POLARITY' with value 'ACTIVE_LOW'.
INFO: [IP_Flow 19-4728] Bus Interface 'ap_clk': Added interface parameter 'ASSOCIATED_RESET' with value 'ap_rst_n'.
INFO: [IP_Flow 19-4728] Bus Interface 'ap_clk': Added interface parameter 'ASSOCIATED_BUSIF' with value 'in0_V'.
INFO: [IP_Flow 19-818] Not transferring value dependency attribute "((spirit:decode(id('MODELPARAM_VALUE.BIT_WIDTH')) * spirit:decode(id('MODELPARAM_VALUE.SIMD'))) * spirit:decode(id('MODELPARAM_VALUE.MMV_IN')))" into user parameter "BUF_IN_WIDTH".
INFO: [IP_Flow 19-818] Not transferring value dependency attribute "((spirit:decode(id('MODELPARAM_VALUE.BIT_WIDTH')) * spirit:decode(id('MODELPARAM_VALUE.SIMD'))) * spirit:decode(id('MODELPARAM_VALUE.MMV_OUT')))" into user parameter "BUF_OUT_WIDTH".
WARNING: [IP_Flow 19-3157] Bus Interface 'ap_rst_n': Bus parameter POLARITY is ACTIVE_LOW but port 'ap_rst_n' is not *resetn - please double check the POLARITY setting.
INFO: [IP_Flow 19-234] Refreshing IP repositories
INFO: [IP_Flow 19-1700] Loaded user IP repository '/home/emanuel-hernandez/finn/finn-rtllib/memstream'.
INFO: [IP_Flow 19-1700] Loaded user IP repository '/tmp/finn_dev_emanuel-hernandez/code_gen_ipgen_StreamingFIFO_rtl_0_2xp77osi'.
INFO: [IP_Flow 19-1700] Loaded user IP repository '/tmp/finn_dev_emanuel-hernandez/code_gen_ipgen_FMPadding_rtl_0_ty50wf7f'.
INFO: [IP_Flow 19-1700] Loaded user IP repository '/tmp/finn_dev_emanuel-hernandez/code_gen_ipgen_StreamingFIFO_rtl_1_m6if6tq1'.
INFO: [IP_Flow 19-1700] Loaded user IP repository '/tmp/finn_dev_emanuel-hernandez/code_gen_ipgen_ConvolutionInputGenerator_rtl_0_czth98kw'.
INFO: [IP_Flow 19-1700] Loaded user IP repository '/tmp/finn_dev_emanuel-hernandez/code_gen_ipgen_StreamingFIFO_rtl_2_q6mksatc'.
INFO: [IP_Flow 19-1700] Loaded user IP repository '/tmp/finn_dev_emanuel-hernandez/code_gen_ipgen_MVAU_hls_0_23yd46c2/project_MVAU_hls_0/sol1/impl/ip'.
INFO: [IP_Flow 19-1700] Loaded user IP repository '/tmp/finn_dev_emanuel-hernandez/code_gen_ipgen_StreamingFIFO_rtl_3_p2hyhro8'.
INFO: [IP_Flow 19-1700] Loaded user IP repository '/tmp/finn_dev_emanuel-hernandez/code_gen_ipgen_StreamingDataWidthConverter_rtl_0_dgprmkiy'.
INFO: [IP_Flow 19-1700] Loaded user IP repository '/tmp/finn_dev_emanuel-hernandez/code_gen_ipgen_StreamingFIFO_rtl_4_lh6tdo7e'.
INFO: [IP_Flow 19-1700] Loaded user IP repository '/tmp/finn_dev_emanuel-hernandez/code_gen_ipgen_FMPadding_rtl_1_xpf90tc3'.
INFO: [IP_Flow 19-1700] Loaded user IP repository '/tmp/finn_dev_emanuel-hernandez/code_gen_ipgen_StreamingFIFO_rtl_5_vvlnqhpy'.
INFO: [IP_Flow 19-1700] Loaded user IP repository '/tmp/finn_dev_emanuel-hernandez/code_gen_ipgen_StreamingDataWidthConverter_rtl_1_jnol8bbv'.
INFO: [IP_Flow 19-1700] Loaded user IP repository '/tmp/finn_dev_emanuel-hernandez/code_gen_ipgen_StreamingFIFO_rtl_6_6f4ornhe'.
INFO: [IP_Flow 19-1700] Loaded user IP repository '/tmp/finn_dev_emanuel-hernandez/code_gen_ipgen_ConvolutionInputGenerator_rtl_1_3gytnw5p'.
INFO: [IP_Flow 19-1700] Loaded user IP repository '/tmp/finn_dev_emanuel-hernandez/code_gen_ipgen_StreamingFIFO_rtl_7_6w23ui98'.
INFO: [IP_Flow 19-1700] Loaded user IP repository '/tmp/finn_dev_emanuel-hernandez/code_gen_ipgen_StreamingDataWidthConverter_rtl_2_sg9hna6v'.
INFO: [IP_Flow 19-1700] Loaded user IP repository '/tmp/finn_dev_emanuel-hernandez/code_gen_ipgen_StreamingFIFO_rtl_8_fgp0hvu1'.
INFO: [IP_Flow 19-1700] Loaded user IP repository '/tmp/finn_dev_emanuel-hernandez/code_gen_ipgen_MVAU_hls_1_juaup5kq/project_MVAU_hls_1/sol1/impl/ip'.
INFO: [IP_Flow 19-1700] Loaded user IP repository '/tmp/finn_dev_emanuel-hernandez/code_gen_ipgen_StreamingFIFO_rtl_9_8p53cw18'.
INFO: [IP_Flow 19-1700] Loaded user IP repository '/tmp/finn_dev_emanuel-hernandez/code_gen_ipgen_StreamingDataWidthConverter_rtl_3_w9ea0x8t'.
INFO: [IP_Flow 19-1700] Loaded user IP repository '/tmp/finn_dev_emanuel-hernandez/code_gen_ipgen_StreamingFIFO_rtl_10_rz1ffexj'.
INFO: [IP_Flow 19-1700] Loaded user IP repository '/tmp/finn_dev_emanuel-hernandez/code_gen_ipgen_StreamingMaxPool_hls_0_u0p0cbhc/project_StreamingMaxPool_hls_0/sol1/impl/ip'.
INFO: [IP_Flow 19-1700] Loaded user IP repository '/tmp/finn_dev_emanuel-hernandez/code_gen_ipgen_StreamingFIFO_rtl_11_9xde0iu_'.
INFO: [IP_Flow 19-1700] Loaded user IP repository '/tmp/finn_dev_emanuel-hernandez/code_gen_ipgen_FMPadding_rtl_2_bfhymavv'.
INFO: [IP_Flow 19-1700] Loaded user IP repository '/tmp/finn_dev_emanuel-hernandez/code_gen_ipgen_StreamingFIFO_rtl_12_l1u5y9oq'.
INFO: [IP_Flow 19-1700] Loaded user IP repository '/tmp/finn_dev_emanuel-hernandez/code_gen_ipgen_StreamingDataWidthConverter_rtl_4_d3noeq7x'.
INFO: [IP_Flow 19-1700] Loaded user IP repository '/tmp/finn_dev_emanuel-hernandez/code_gen_ipgen_StreamingFIFO_rtl_13__5kvrwkr'.
INFO: [IP_Flow 19-1700] Loaded user IP repository '/tmp/finn_dev_emanuel-hernandez/code_gen_ipgen_ConvolutionInputGenerator_rtl_2_dtijaray'.
INFO: [IP_Flow 19-1700] Loaded user IP repository '/tmp/finn_dev_emanuel-hernandez/code_gen_ipgen_StreamingFIFO_rtl_14_90_nfugx'.
INFO: [IP_Flow 19-1700] Loaded user IP repository '/tmp/finn_dev_emanuel-hernandez/code_gen_ipgen_StreamingDataWidthConverter_rtl_5_eg6sc5c7'.
INFO: [IP_Flow 19-1700] Loaded user IP repository '/tmp/finn_dev_emanuel-hernandez/code_gen_ipgen_StreamingFIFO_rtl_15_6k7rpw6a'.
INFO: [IP_Flow 19-1700] Loaded user IP repository '/tmp/finn_dev_emanuel-hernandez/code_gen_ipgen_MVAU_hls_2_c_8z90e9/project_MVAU_hls_2/sol1/impl/ip'.
INFO: [IP_Flow 19-1700] Loaded user IP repository '/tmp/finn_dev_emanuel-hernandez/code_gen_ipgen_StreamingFIFO_rtl_16_dcyfzx2o'.
INFO: [IP_Flow 19-1700] Loaded user IP repository '/tmp/finn_dev_emanuel-hernandez/code_gen_ipgen_StreamingDataWidthConverter_rtl_6_03z4zugl'.
INFO: [IP_Flow 19-1700] Loaded user IP repository '/tmp/finn_dev_emanuel-hernandez/code_gen_ipgen_StreamingFIFO_rtl_17_ml8iegwl'.
INFO: [IP_Flow 19-1700] Loaded user IP repository '/tmp/finn_dev_emanuel-hernandez/code_gen_ipgen_FMPadding_rtl_3_2x9msyqe'.
INFO: [IP_Flow 19-1700] Loaded user IP repository '/tmp/finn_dev_emanuel-hernandez/code_gen_ipgen_StreamingFIFO_rtl_18_0dc9afhr'.
INFO: [IP_Flow 19-1700] Loaded user IP repository '/tmp/finn_dev_emanuel-hernandez/code_gen_ipgen_StreamingDataWidthConverter_rtl_7_4ikvmjoa'.
INFO: [IP_Flow 19-1700] Loaded user IP repository '/tmp/finn_dev_emanuel-hernandez/code_gen_ipgen_StreamingFIFO_rtl_19_dcp13z__'.
INFO: [IP_Flow 19-1700] Loaded user IP repository '/tmp/finn_dev_emanuel-hernandez/code_gen_ipgen_ConvolutionInputGenerator_rtl_3_s53q98tt'.
INFO: [IP_Flow 19-1700] Loaded user IP repository '/tmp/finn_dev_emanuel-hernandez/code_gen_ipgen_StreamingFIFO_rtl_20_zwdrd7b4'.
INFO: [IP_Flow 19-1700] Loaded user IP repository '/tmp/finn_dev_emanuel-hernandez/code_gen_ipgen_StreamingDataWidthConverter_rtl_8_7jr6z08o'.
INFO: [IP_Flow 19-1700] Loaded user IP repository '/tmp/finn_dev_emanuel-hernandez/code_gen_ipgen_StreamingFIFO_rtl_21_lv51e197'.
INFO: [IP_Flow 19-1700] Loaded user IP repository '/tmp/finn_dev_emanuel-hernandez/code_gen_ipgen_MVAU_hls_3_b35vdh1n/project_MVAU_hls_3/sol1/impl/ip'.
INFO: [IP_Flow 19-1700] Loaded user IP repository '/tmp/finn_dev_emanuel-hernandez/code_gen_ipgen_StreamingFIFO_rtl_22_byid7tf2'.
INFO: [IP_Flow 19-1700] Loaded user IP repository '/tmp/finn_dev_emanuel-hernandez/code_gen_ipgen_StreamingDataWidthConverter_rtl_9_1ve3wz7j'.
INFO: [IP_Flow 19-1700] Loaded user IP repository '/tmp/finn_dev_emanuel-hernandez/code_gen_ipgen_StreamingFIFO_rtl_23_zfz13eo2'.
INFO: [IP_Flow 19-1700] Loaded user IP repository '/tmp/finn_dev_emanuel-hernandez/code_gen_ipgen_StreamingMaxPool_hls_1_7wwp66zq/project_StreamingMaxPool_hls_1/sol1/impl/ip'.
INFO: [IP_Flow 19-1700] Loaded user IP repository '/tmp/finn_dev_emanuel-hernandez/code_gen_ipgen_StreamingFIFO_rtl_24_z54i444h'.
INFO: [IP_Flow 19-1700] Loaded user IP repository '/tmp/finn_dev_emanuel-hernandez/code_gen_ipgen_StreamingDataWidthConverter_rtl_10_yub6am8x'.
INFO: [IP_Flow 19-1700] Loaded user IP repository '/tmp/finn_dev_emanuel-hernandez/code_gen_ipgen_StreamingFIFO_rtl_25_k4tmsb30'.
INFO: [IP_Flow 19-1700] Loaded user IP repository '/tmp/finn_dev_emanuel-hernandez/code_gen_ipgen_MVAU_hls_4_tmhw3dtv/project_MVAU_hls_4/sol1/impl/ip'.
INFO: [IP_Flow 19-1700] Loaded user IP repository '/tmp/finn_dev_emanuel-hernandez/code_gen_ipgen_StreamingFIFO_rtl_26_8mjg4iui'.
INFO: [IP_Flow 19-1700] Loaded user IP repository '/tmp/finn_dev_emanuel-hernandez/code_gen_ipgen_MVAU_rtl_0_5irei88l'.
INFO: [IP_Flow 19-1700] Loaded user IP repository '/tmp/finn_dev_emanuel-hernandez/code_gen_ipgen_StreamingFIFO_rtl_27_agjbqf20'.
WARNING: [IP_Flow 19-3571] IP 'finn_design_ConvolutionInputGenerator_rtl_1_0' is restricted:
* Detected changes to module reference file(s).
# add_files -norecurse /tmp/finn_dev_emanuel-hernandez/code_gen_ipgen_StreamingFIFO_rtl_7_6w23ui98/Q_srl.v
# add_files -norecurse /tmp/finn_dev_emanuel-hernandez/code_gen_ipgen_StreamingFIFO_rtl_7_6w23ui98/StreamingFIFO_rtl_7.v
# create_bd_cell -type module -reference StreamingFIFO_rtl_7 StreamingFIFO_rtl_7
INFO: [IP_Flow 19-5107] Inferred bus interface 'ap_clk' of definition 'xilinx.com:signal:clock:1.0' (from X_INTERFACE_INFO parameter from HDL file).
INFO: [IP_Flow 19-5107] Inferred bus interface 'ap_clk' of definition 'xilinx.com:signal:clock:1.0' (from 'X_INTERFACE_INFO' attribute).
INFO: [IP_Flow 19-5107] Inferred bus interface 'in0_V' of definition 'xilinx.com:interface:axis:1.0' (from Xilinx Repository).
INFO: [IP_Flow 19-5107] Inferred bus interface 'out_V' of definition 'xilinx.com:interface:axis:1.0' (from Xilinx Repository).
INFO: [IP_Flow 19-5107] Inferred bus interface 'ap_rst_n' of definition 'xilinx.com:signal:reset:1.0' (from Xilinx Repository).
INFO: [IP_Flow 19-4728] Bus Interface 'ap_rst_n': Added interface parameter 'POLARITY' with value 'ACTIVE_LOW'.
INFO: [IP_Flow 19-4728] Bus Interface 'ap_clk': Added interface parameter 'ASSOCIATED_RESET' with value 'ap_rst_n'.
INFO: [IP_Flow 19-4728] Bus Interface 'ap_clk': Added interface parameter 'ASSOCIATED_BUSIF' with value 'in0_V'.
WARNING: [IP_Flow 19-3157] Bus Interface 'ap_rst_n': Bus parameter POLARITY is ACTIVE_LOW but port 'ap_rst_n' is not *resetn - please double check the POLARITY setting.
INFO: [IP_Flow 19-234] Refreshing IP repositories
INFO: [IP_Flow 19-1700] Loaded user IP repository '/home/emanuel-hernandez/finn/finn-rtllib/memstream'.
INFO: [IP_Flow 19-1700] Loaded user IP repository '/tmp/finn_dev_emanuel-hernandez/code_gen_ipgen_StreamingFIFO_rtl_0_2xp77osi'.
INFO: [IP_Flow 19-1700] Loaded user IP repository '/tmp/finn_dev_emanuel-hernandez/code_gen_ipgen_FMPadding_rtl_0_ty50wf7f'.
INFO: [IP_Flow 19-1700] Loaded user IP repository '/tmp/finn_dev_emanuel-hernandez/code_gen_ipgen_StreamingFIFO_rtl_1_m6if6tq1'.
INFO: [IP_Flow 19-1700] Loaded user IP repository '/tmp/finn_dev_emanuel-hernandez/code_gen_ipgen_ConvolutionInputGenerator_rtl_0_czth98kw'.
INFO: [IP_Flow 19-1700] Loaded user IP repository '/tmp/finn_dev_emanuel-hernandez/code_gen_ipgen_StreamingFIFO_rtl_2_q6mksatc'.
INFO: [IP_Flow 19-1700] Loaded user IP repository '/tmp/finn_dev_emanuel-hernandez/code_gen_ipgen_MVAU_hls_0_23yd46c2/project_MVAU_hls_0/sol1/impl/ip'.
INFO: [IP_Flow 19-1700] Loaded user IP repository '/tmp/finn_dev_emanuel-hernandez/code_gen_ipgen_StreamingFIFO_rtl_3_p2hyhro8'.
INFO: [IP_Flow 19-1700] Loaded user IP repository '/tmp/finn_dev_emanuel-hernandez/code_gen_ipgen_StreamingDataWidthConverter_rtl_0_dgprmkiy'.
INFO: [IP_Flow 19-1700] Loaded user IP repository '/tmp/finn_dev_emanuel-hernandez/code_gen_ipgen_StreamingFIFO_rtl_4_lh6tdo7e'.
INFO: [IP_Flow 19-1700] Loaded user IP repository '/tmp/finn_dev_emanuel-hernandez/code_gen_ipgen_FMPadding_rtl_1_xpf90tc3'.
INFO: [IP_Flow 19-1700] Loaded user IP repository '/tmp/finn_dev_emanuel-hernandez/code_gen_ipgen_StreamingFIFO_rtl_5_vvlnqhpy'.
INFO: [IP_Flow 19-1700] Loaded user IP repository '/tmp/finn_dev_emanuel-hernandez/code_gen_ipgen_StreamingDataWidthConverter_rtl_1_jnol8bbv'.
INFO: [IP_Flow 19-1700] Loaded user IP repository '/tmp/finn_dev_emanuel-hernandez/code_gen_ipgen_StreamingFIFO_rtl_6_6f4ornhe'.
INFO: [IP_Flow 19-1700] Loaded user IP repository '/tmp/finn_dev_emanuel-hernandez/code_gen_ipgen_ConvolutionInputGenerator_rtl_1_3gytnw5p'.
INFO: [IP_Flow 19-1700] Loaded user IP repository '/tmp/finn_dev_emanuel-hernandez/code_gen_ipgen_StreamingFIFO_rtl_7_6w23ui98'.
INFO: [IP_Flow 19-1700] Loaded user IP repository '/tmp/finn_dev_emanuel-hernandez/code_gen_ipgen_StreamingDataWidthConverter_rtl_2_sg9hna6v'.
INFO: [IP_Flow 19-1700] Loaded user IP repository '/tmp/finn_dev_emanuel-hernandez/code_gen_ipgen_StreamingFIFO_rtl_8_fgp0hvu1'.
INFO: [IP_Flow 19-1700] Loaded user IP repository '/tmp/finn_dev_emanuel-hernandez/code_gen_ipgen_MVAU_hls_1_juaup5kq/project_MVAU_hls_1/sol1/impl/ip'.
INFO: [IP_Flow 19-1700] Loaded user IP repository '/tmp/finn_dev_emanuel-hernandez/code_gen_ipgen_StreamingFIFO_rtl_9_8p53cw18'.
INFO: [IP_Flow 19-1700] Loaded user IP repository '/tmp/finn_dev_emanuel-hernandez/code_gen_ipgen_StreamingDataWidthConverter_rtl_3_w9ea0x8t'.
INFO: [IP_Flow 19-1700] Loaded user IP repository '/tmp/finn_dev_emanuel-hernandez/code_gen_ipgen_StreamingFIFO_rtl_10_rz1ffexj'.
INFO: [IP_Flow 19-1700] Loaded user IP repository '/tmp/finn_dev_emanuel-hernandez/code_gen_ipgen_StreamingMaxPool_hls_0_u0p0cbhc/project_StreamingMaxPool_hls_0/sol1/impl/ip'.
INFO: [IP_Flow 19-1700] Loaded user IP repository '/tmp/finn_dev_emanuel-hernandez/code_gen_ipgen_StreamingFIFO_rtl_11_9xde0iu_'.
INFO: [IP_Flow 19-1700] Loaded user IP repository '/tmp/finn_dev_emanuel-hernandez/code_gen_ipgen_FMPadding_rtl_2_bfhymavv'.
INFO: [IP_Flow 19-1700] Loaded user IP repository '/tmp/finn_dev_emanuel-hernandez/code_gen_ipgen_StreamingFIFO_rtl_12_l1u5y9oq'.
INFO: [IP_Flow 19-1700] Loaded user IP repository '/tmp/finn_dev_emanuel-hernandez/code_gen_ipgen_StreamingDataWidthConverter_rtl_4_d3noeq7x'.
INFO: [IP_Flow 19-1700] Loaded user IP repository '/tmp/finn_dev_emanuel-hernandez/code_gen_ipgen_StreamingFIFO_rtl_13__5kvrwkr'.
INFO: [IP_Flow 19-1700] Loaded user IP repository '/tmp/finn_dev_emanuel-hernandez/code_gen_ipgen_ConvolutionInputGenerator_rtl_2_dtijaray'.
INFO: [IP_Flow 19-1700] Loaded user IP repository '/tmp/finn_dev_emanuel-hernandez/code_gen_ipgen_StreamingFIFO_rtl_14_90_nfugx'.
INFO: [IP_Flow 19-1700] Loaded user IP repository '/tmp/finn_dev_emanuel-hernandez/code_gen_ipgen_StreamingDataWidthConverter_rtl_5_eg6sc5c7'.
INFO: [IP_Flow 19-1700] Loaded user IP repository '/tmp/finn_dev_emanuel-hernandez/code_gen_ipgen_StreamingFIFO_rtl_15_6k7rpw6a'.
INFO: [IP_Flow 19-1700] Loaded user IP repository '/tmp/finn_dev_emanuel-hernandez/code_gen_ipgen_MVAU_hls_2_c_8z90e9/project_MVAU_hls_2/sol1/impl/ip'.
INFO: [IP_Flow 19-1700] Loaded user IP repository '/tmp/finn_dev_emanuel-hernandez/code_gen_ipgen_StreamingFIFO_rtl_16_dcyfzx2o'.
INFO: [IP_Flow 19-1700] Loaded user IP repository '/tmp/finn_dev_emanuel-hernandez/code_gen_ipgen_StreamingDataWidthConverter_rtl_6_03z4zugl'.
INFO: [IP_Flow 19-1700] Loaded user IP repository '/tmp/finn_dev_emanuel-hernandez/code_gen_ipgen_StreamingFIFO_rtl_17_ml8iegwl'.
INFO: [IP_Flow 19-1700] Loaded user IP repository '/tmp/finn_dev_emanuel-hernandez/code_gen_ipgen_FMPadding_rtl_3_2x9msyqe'.
INFO: [IP_Flow 19-1700] Loaded user IP repository '/tmp/finn_dev_emanuel-hernandez/code_gen_ipgen_StreamingFIFO_rtl_18_0dc9afhr'.
INFO: [IP_Flow 19-1700] Loaded user IP repository '/tmp/finn_dev_emanuel-hernandez/code_gen_ipgen_StreamingDataWidthConverter_rtl_7_4ikvmjoa'.
INFO: [IP_Flow 19-1700] Loaded user IP repository '/tmp/finn_dev_emanuel-hernandez/code_gen_ipgen_StreamingFIFO_rtl_19_dcp13z__'.
INFO: [IP_Flow 19-1700] Loaded user IP repository '/tmp/finn_dev_emanuel-hernandez/code_gen_ipgen_ConvolutionInputGenerator_rtl_3_s53q98tt'.
INFO: [IP_Flow 19-1700] Loaded user IP repository '/tmp/finn_dev_emanuel-hernandez/code_gen_ipgen_StreamingFIFO_rtl_20_zwdrd7b4'.
INFO: [IP_Flow 19-1700] Loaded user IP repository '/tmp/finn_dev_emanuel-hernandez/code_gen_ipgen_StreamingDataWidthConverter_rtl_8_7jr6z08o'.
INFO: [IP_Flow 19-1700] Loaded user IP repository '/tmp/finn_dev_emanuel-hernandez/code_gen_ipgen_StreamingFIFO_rtl_21_lv51e197'.
INFO: [IP_Flow 19-1700] Loaded user IP repository '/tmp/finn_dev_emanuel-hernandez/code_gen_ipgen_MVAU_hls_3_b35vdh1n/project_MVAU_hls_3/sol1/impl/ip'.
INFO: [IP_Flow 19-1700] Loaded user IP repository '/tmp/finn_dev_emanuel-hernandez/code_gen_ipgen_StreamingFIFO_rtl_22_byid7tf2'.
INFO: [IP_Flow 19-1700] Loaded user IP repository '/tmp/finn_dev_emanuel-hernandez/code_gen_ipgen_StreamingDataWidthConverter_rtl_9_1ve3wz7j'.
INFO: [IP_Flow 19-1700] Loaded user IP repository '/tmp/finn_dev_emanuel-hernandez/code_gen_ipgen_StreamingFIFO_rtl_23_zfz13eo2'.
INFO: [IP_Flow 19-1700] Loaded user IP repository '/tmp/finn_dev_emanuel-hernandez/code_gen_ipgen_StreamingMaxPool_hls_1_7wwp66zq/project_StreamingMaxPool_hls_1/sol1/impl/ip'.
INFO: [IP_Flow 19-1700] Loaded user IP repository '/tmp/finn_dev_emanuel-hernandez/code_gen_ipgen_StreamingFIFO_rtl_24_z54i444h'.
INFO: [IP_Flow 19-1700] Loaded user IP repository '/tmp/finn_dev_emanuel-hernandez/code_gen_ipgen_StreamingDataWidthConverter_rtl_10_yub6am8x'.
INFO: [IP_Flow 19-1700] Loaded user IP repository '/tmp/finn_dev_emanuel-hernandez/code_gen_ipgen_StreamingFIFO_rtl_25_k4tmsb30'.
INFO: [IP_Flow 19-1700] Loaded user IP repository '/tmp/finn_dev_emanuel-hernandez/code_gen_ipgen_MVAU_hls_4_tmhw3dtv/project_MVAU_hls_4/sol1/impl/ip'.
INFO: [IP_Flow 19-1700] Loaded user IP repository '/tmp/finn_dev_emanuel-hernandez/code_gen_ipgen_StreamingFIFO_rtl_26_8mjg4iui'.
INFO: [IP_Flow 19-1700] Loaded user IP repository '/tmp/finn_dev_emanuel-hernandez/code_gen_ipgen_MVAU_rtl_0_5irei88l'.
INFO: [IP_Flow 19-1700] Loaded user IP repository '/tmp/finn_dev_emanuel-hernandez/code_gen_ipgen_StreamingFIFO_rtl_27_agjbqf20'.
WARNING: [IP_Flow 19-3571] IP 'finn_design_StreamingFIFO_rtl_7_0' is restricted:
* Detected changes to module reference file(s).
# add_files -norecurse /tmp/finn_dev_emanuel-hernandez/code_gen_ipgen_StreamingDataWidthConverter_rtl_2_sg9hna6v/dwc_axi.sv
# add_files -norecurse /tmp/finn_dev_emanuel-hernandez/code_gen_ipgen_StreamingDataWidthConverter_rtl_2_sg9hna6v/dwc.sv
# add_files -norecurse /tmp/finn_dev_emanuel-hernandez/code_gen_ipgen_StreamingDataWidthConverter_rtl_2_sg9hna6v/StreamingDataWidthConverter_rtl_2.v
# create_bd_cell -type module -reference StreamingDataWidthConverter_rtl_2 StreamingDataWidthConverter_rtl_2
INFO: [IP_Flow 19-5107] Inferred bus interface 'ap_clk' of definition 'xilinx.com:signal:clock:1.0' (from X_INTERFACE_INFO parameter from HDL file).
INFO: [IP_Flow 19-5107] Inferred bus interface 'ap_clk' of definition 'xilinx.com:signal:clock:1.0' (from 'X_INTERFACE_INFO' attribute).
INFO: [IP_Flow 19-5107] Inferred bus interface 'in0_V' of definition 'xilinx.com:interface:axis:1.0' (from Xilinx Repository).
INFO: [IP_Flow 19-5107] Inferred bus interface 'out_V' of definition 'xilinx.com:interface:axis:1.0' (from Xilinx Repository).
INFO: [IP_Flow 19-5107] Inferred bus interface 'ap_rst_n' of definition 'xilinx.com:signal:reset:1.0' (from Xilinx Repository).
INFO: [IP_Flow 19-4728] Bus Interface 'ap_rst_n': Added interface parameter 'POLARITY' with value 'ACTIVE_LOW'.
INFO: [IP_Flow 19-4728] Bus Interface 'ap_clk': Added interface parameter 'ASSOCIATED_RESET' with value 'ap_rst_n'.
INFO: [IP_Flow 19-4728] Bus Interface 'ap_clk': Added interface parameter 'ASSOCIATED_BUSIF' with value 'in0_V'.
INFO: [IP_Flow 19-818] Not transferring value dependency attribute "(((spirit:decode(id('MODELPARAM_VALUE.IBITS')) + 7) / 8) * 8)" into user parameter "AXI_IBITS".
INFO: [IP_Flow 19-818] Not transferring value dependency attribute "(((spirit:decode(id('MODELPARAM_VALUE.OBITS')) + 7) / 8) * 8)" into user parameter "AXI_OBITS".
WARNING: [IP_Flow 19-3157] Bus Interface 'ap_rst_n': Bus parameter POLARITY is ACTIVE_LOW but port 'ap_rst_n' is not *resetn - please double check the POLARITY setting.
INFO: [IP_Flow 19-234] Refreshing IP repositories
INFO: [IP_Flow 19-1700] Loaded user IP repository '/home/emanuel-hernandez/finn/finn-rtllib/memstream'.
INFO: [IP_Flow 19-1700] Loaded user IP repository '/tmp/finn_dev_emanuel-hernandez/code_gen_ipgen_StreamingFIFO_rtl_0_2xp77osi'.
INFO: [IP_Flow 19-1700] Loaded user IP repository '/tmp/finn_dev_emanuel-hernandez/code_gen_ipgen_FMPadding_rtl_0_ty50wf7f'.
INFO: [IP_Flow 19-1700] Loaded user IP repository '/tmp/finn_dev_emanuel-hernandez/code_gen_ipgen_StreamingFIFO_rtl_1_m6if6tq1'.
INFO: [IP_Flow 19-1700] Loaded user IP repository '/tmp/finn_dev_emanuel-hernandez/code_gen_ipgen_ConvolutionInputGenerator_rtl_0_czth98kw'.
INFO: [IP_Flow 19-1700] Loaded user IP repository '/tmp/finn_dev_emanuel-hernandez/code_gen_ipgen_StreamingFIFO_rtl_2_q6mksatc'.
INFO: [IP_Flow 19-1700] Loaded user IP repository '/tmp/finn_dev_emanuel-hernandez/code_gen_ipgen_MVAU_hls_0_23yd46c2/project_MVAU_hls_0/sol1/impl/ip'.
INFO: [IP_Flow 19-1700] Loaded user IP repository '/tmp/finn_dev_emanuel-hernandez/code_gen_ipgen_StreamingFIFO_rtl_3_p2hyhro8'.
INFO: [IP_Flow 19-1700] Loaded user IP repository '/tmp/finn_dev_emanuel-hernandez/code_gen_ipgen_StreamingDataWidthConverter_rtl_0_dgprmkiy'.
INFO: [IP_Flow 19-1700] Loaded user IP repository '/tmp/finn_dev_emanuel-hernandez/code_gen_ipgen_StreamingFIFO_rtl_4_lh6tdo7e'.
INFO: [IP_Flow 19-1700] Loaded user IP repository '/tmp/finn_dev_emanuel-hernandez/code_gen_ipgen_FMPadding_rtl_1_xpf90tc3'.
INFO: [IP_Flow 19-1700] Loaded user IP repository '/tmp/finn_dev_emanuel-hernandez/code_gen_ipgen_StreamingFIFO_rtl_5_vvlnqhpy'.
INFO: [IP_Flow 19-1700] Loaded user IP repository '/tmp/finn_dev_emanuel-hernandez/code_gen_ipgen_StreamingDataWidthConverter_rtl_1_jnol8bbv'.
INFO: [IP_Flow 19-1700] Loaded user IP repository '/tmp/finn_dev_emanuel-hernandez/code_gen_ipgen_StreamingFIFO_rtl_6_6f4ornhe'.
INFO: [IP_Flow 19-1700] Loaded user IP repository '/tmp/finn_dev_emanuel-hernandez/code_gen_ipgen_ConvolutionInputGenerator_rtl_1_3gytnw5p'.
INFO: [IP_Flow 19-1700] Loaded user IP repository '/tmp/finn_dev_emanuel-hernandez/code_gen_ipgen_StreamingFIFO_rtl_7_6w23ui98'.
INFO: [IP_Flow 19-1700] Loaded user IP repository '/tmp/finn_dev_emanuel-hernandez/code_gen_ipgen_StreamingDataWidthConverter_rtl_2_sg9hna6v'.
INFO: [IP_Flow 19-1700] Loaded user IP repository '/tmp/finn_dev_emanuel-hernandez/code_gen_ipgen_StreamingFIFO_rtl_8_fgp0hvu1'.
INFO: [IP_Flow 19-1700] Loaded user IP repository '/tmp/finn_dev_emanuel-hernandez/code_gen_ipgen_MVAU_hls_1_juaup5kq/project_MVAU_hls_1/sol1/impl/ip'.
INFO: [IP_Flow 19-1700] Loaded user IP repository '/tmp/finn_dev_emanuel-hernandez/code_gen_ipgen_StreamingFIFO_rtl_9_8p53cw18'.
INFO: [IP_Flow 19-1700] Loaded user IP repository '/tmp/finn_dev_emanuel-hernandez/code_gen_ipgen_StreamingDataWidthConverter_rtl_3_w9ea0x8t'.
INFO: [IP_Flow 19-1700] Loaded user IP repository '/tmp/finn_dev_emanuel-hernandez/code_gen_ipgen_StreamingFIFO_rtl_10_rz1ffexj'.
INFO: [IP_Flow 19-1700] Loaded user IP repository '/tmp/finn_dev_emanuel-hernandez/code_gen_ipgen_StreamingMaxPool_hls_0_u0p0cbhc/project_StreamingMaxPool_hls_0/sol1/impl/ip'.
INFO: [IP_Flow 19-1700] Loaded user IP repository '/tmp/finn_dev_emanuel-hernandez/code_gen_ipgen_StreamingFIFO_rtl_11_9xde0iu_'.
INFO: [IP_Flow 19-1700] Loaded user IP repository '/tmp/finn_dev_emanuel-hernandez/code_gen_ipgen_FMPadding_rtl_2_bfhymavv'.
INFO: [IP_Flow 19-1700] Loaded user IP repository '/tmp/finn_dev_emanuel-hernandez/code_gen_ipgen_StreamingFIFO_rtl_12_l1u5y9oq'.
INFO: [IP_Flow 19-1700] Loaded user IP repository '/tmp/finn_dev_emanuel-hernandez/code_gen_ipgen_StreamingDataWidthConverter_rtl_4_d3noeq7x'.
INFO: [IP_Flow 19-1700] Loaded user IP repository '/tmp/finn_dev_emanuel-hernandez/code_gen_ipgen_StreamingFIFO_rtl_13__5kvrwkr'.
INFO: [IP_Flow 19-1700] Loaded user IP repository '/tmp/finn_dev_emanuel-hernandez/code_gen_ipgen_ConvolutionInputGenerator_rtl_2_dtijaray'.
INFO: [IP_Flow 19-1700] Loaded user IP repository '/tmp/finn_dev_emanuel-hernandez/code_gen_ipgen_StreamingFIFO_rtl_14_90_nfugx'.
INFO: [IP_Flow 19-1700] Loaded user IP repository '/tmp/finn_dev_emanuel-hernandez/code_gen_ipgen_StreamingDataWidthConverter_rtl_5_eg6sc5c7'.
INFO: [IP_Flow 19-1700] Loaded user IP repository '/tmp/finn_dev_emanuel-hernandez/code_gen_ipgen_StreamingFIFO_rtl_15_6k7rpw6a'.
INFO: [IP_Flow 19-1700] Loaded user IP repository '/tmp/finn_dev_emanuel-hernandez/code_gen_ipgen_MVAU_hls_2_c_8z90e9/project_MVAU_hls_2/sol1/impl/ip'.
INFO: [IP_Flow 19-1700] Loaded user IP repository '/tmp/finn_dev_emanuel-hernandez/code_gen_ipgen_StreamingFIFO_rtl_16_dcyfzx2o'.
INFO: [IP_Flow 19-1700] Loaded user IP repository '/tmp/finn_dev_emanuel-hernandez/code_gen_ipgen_StreamingDataWidthConverter_rtl_6_03z4zugl'.
INFO: [IP_Flow 19-1700] Loaded user IP repository '/tmp/finn_dev_emanuel-hernandez/code_gen_ipgen_StreamingFIFO_rtl_17_ml8iegwl'.
INFO: [IP_Flow 19-1700] Loaded user IP repository '/tmp/finn_dev_emanuel-hernandez/code_gen_ipgen_FMPadding_rtl_3_2x9msyqe'.
INFO: [IP_Flow 19-1700] Loaded user IP repository '/tmp/finn_dev_emanuel-hernandez/code_gen_ipgen_StreamingFIFO_rtl_18_0dc9afhr'.
INFO: [IP_Flow 19-1700] Loaded user IP repository '/tmp/finn_dev_emanuel-hernandez/code_gen_ipgen_StreamingDataWidthConverter_rtl_7_4ikvmjoa'.
INFO: [IP_Flow 19-1700] Loaded user IP repository '/tmp/finn_dev_emanuel-hernandez/code_gen_ipgen_StreamingFIFO_rtl_19_dcp13z__'.
INFO: [IP_Flow 19-1700] Loaded user IP repository '/tmp/finn_dev_emanuel-hernandez/code_gen_ipgen_ConvolutionInputGenerator_rtl_3_s53q98tt'.
INFO: [IP_Flow 19-1700] Loaded user IP repository '/tmp/finn_dev_emanuel-hernandez/code_gen_ipgen_StreamingFIFO_rtl_20_zwdrd7b4'.
INFO: [IP_Flow 19-1700] Loaded user IP repository '/tmp/finn_dev_emanuel-hernandez/code_gen_ipgen_StreamingDataWidthConverter_rtl_8_7jr6z08o'.
INFO: [IP_Flow 19-1700] Loaded user IP repository '/tmp/finn_dev_emanuel-hernandez/code_gen_ipgen_StreamingFIFO_rtl_21_lv51e197'.
INFO: [IP_Flow 19-1700] Loaded user IP repository '/tmp/finn_dev_emanuel-hernandez/code_gen_ipgen_MVAU_hls_3_b35vdh1n/project_MVAU_hls_3/sol1/impl/ip'.
INFO: [IP_Flow 19-1700] Loaded user IP repository '/tmp/finn_dev_emanuel-hernandez/code_gen_ipgen_StreamingFIFO_rtl_22_byid7tf2'.
INFO: [IP_Flow 19-1700] Loaded user IP repository '/tmp/finn_dev_emanuel-hernandez/code_gen_ipgen_StreamingDataWidthConverter_rtl_9_1ve3wz7j'.
INFO: [IP_Flow 19-1700] Loaded user IP repository '/tmp/finn_dev_emanuel-hernandez/code_gen_ipgen_StreamingFIFO_rtl_23_zfz13eo2'.
INFO: [IP_Flow 19-1700] Loaded user IP repository '/tmp/finn_dev_emanuel-hernandez/code_gen_ipgen_StreamingMaxPool_hls_1_7wwp66zq/project_StreamingMaxPool_hls_1/sol1/impl/ip'.
INFO: [IP_Flow 19-1700] Loaded user IP repository '/tmp/finn_dev_emanuel-hernandez/code_gen_ipgen_StreamingFIFO_rtl_24_z54i444h'.
INFO: [IP_Flow 19-1700] Loaded user IP repository '/tmp/finn_dev_emanuel-hernandez/code_gen_ipgen_StreamingDataWidthConverter_rtl_10_yub6am8x'.
INFO: [IP_Flow 19-1700] Loaded user IP repository '/tmp/finn_dev_emanuel-hernandez/code_gen_ipgen_StreamingFIFO_rtl_25_k4tmsb30'.
INFO: [IP_Flow 19-1700] Loaded user IP repository '/tmp/finn_dev_emanuel-hernandez/code_gen_ipgen_MVAU_hls_4_tmhw3dtv/project_MVAU_hls_4/sol1/impl/ip'.
INFO: [IP_Flow 19-1700] Loaded user IP repository '/tmp/finn_dev_emanuel-hernandez/code_gen_ipgen_StreamingFIFO_rtl_26_8mjg4iui'.
INFO: [IP_Flow 19-1700] Loaded user IP repository '/tmp/finn_dev_emanuel-hernandez/code_gen_ipgen_MVAU_rtl_0_5irei88l'.
INFO: [IP_Flow 19-1700] Loaded user IP repository '/tmp/finn_dev_emanuel-hernandez/code_gen_ipgen_StreamingFIFO_rtl_27_agjbqf20'.
WARNING: [IP_Flow 19-3571] IP 'finn_design_StreamingDataWidthConverter_rtl_2_0' is restricted:
* Detected changes to module reference file(s).
# add_files -norecurse /tmp/finn_dev_emanuel-hernandez/code_gen_ipgen_StreamingFIFO_rtl_8_fgp0hvu1/Q_srl.v
# add_files -norecurse /tmp/finn_dev_emanuel-hernandez/code_gen_ipgen_StreamingFIFO_rtl_8_fgp0hvu1/StreamingFIFO_rtl_8.v
# create_bd_cell -type module -reference StreamingFIFO_rtl_8 StreamingFIFO_rtl_8
INFO: [IP_Flow 19-5107] Inferred bus interface 'ap_clk' of definition 'xilinx.com:signal:clock:1.0' (from X_INTERFACE_INFO parameter from HDL file).
INFO: [IP_Flow 19-5107] Inferred bus interface 'ap_clk' of definition 'xilinx.com:signal:clock:1.0' (from 'X_INTERFACE_INFO' attribute).
INFO: [IP_Flow 19-5107] Inferred bus interface 'in0_V' of definition 'xilinx.com:interface:axis:1.0' (from Xilinx Repository).
INFO: [IP_Flow 19-5107] Inferred bus interface 'out_V' of definition 'xilinx.com:interface:axis:1.0' (from Xilinx Repository).
INFO: [IP_Flow 19-5107] Inferred bus interface 'ap_rst_n' of definition 'xilinx.com:signal:reset:1.0' (from Xilinx Repository).
INFO: [IP_Flow 19-4728] Bus Interface 'ap_rst_n': Added interface parameter 'POLARITY' with value 'ACTIVE_LOW'.
INFO: [IP_Flow 19-4728] Bus Interface 'ap_clk': Added interface parameter 'ASSOCIATED_RESET' with value 'ap_rst_n'.
INFO: [IP_Flow 19-4728] Bus Interface 'ap_clk': Added interface parameter 'ASSOCIATED_BUSIF' with value 'in0_V'.
WARNING: [IP_Flow 19-3157] Bus Interface 'ap_rst_n': Bus parameter POLARITY is ACTIVE_LOW but port 'ap_rst_n' is not *resetn - please double check the POLARITY setting.
INFO: [IP_Flow 19-234] Refreshing IP repositories
INFO: [IP_Flow 19-1700] Loaded user IP repository '/home/emanuel-hernandez/finn/finn-rtllib/memstream'.
INFO: [IP_Flow 19-1700] Loaded user IP repository '/tmp/finn_dev_emanuel-hernandez/code_gen_ipgen_StreamingFIFO_rtl_0_2xp77osi'.
INFO: [IP_Flow 19-1700] Loaded user IP repository '/tmp/finn_dev_emanuel-hernandez/code_gen_ipgen_FMPadding_rtl_0_ty50wf7f'.
INFO: [IP_Flow 19-1700] Loaded user IP repository '/tmp/finn_dev_emanuel-hernandez/code_gen_ipgen_StreamingFIFO_rtl_1_m6if6tq1'.
INFO: [IP_Flow 19-1700] Loaded user IP repository '/tmp/finn_dev_emanuel-hernandez/code_gen_ipgen_ConvolutionInputGenerator_rtl_0_czth98kw'.
INFO: [IP_Flow 19-1700] Loaded user IP repository '/tmp/finn_dev_emanuel-hernandez/code_gen_ipgen_StreamingFIFO_rtl_2_q6mksatc'.
INFO: [IP_Flow 19-1700] Loaded user IP repository '/tmp/finn_dev_emanuel-hernandez/code_gen_ipgen_MVAU_hls_0_23yd46c2/project_MVAU_hls_0/sol1/impl/ip'.
INFO: [IP_Flow 19-1700] Loaded user IP repository '/tmp/finn_dev_emanuel-hernandez/code_gen_ipgen_StreamingFIFO_rtl_3_p2hyhro8'.
INFO: [IP_Flow 19-1700] Loaded user IP repository '/tmp/finn_dev_emanuel-hernandez/code_gen_ipgen_StreamingDataWidthConverter_rtl_0_dgprmkiy'.
INFO: [IP_Flow 19-1700] Loaded user IP repository '/tmp/finn_dev_emanuel-hernandez/code_gen_ipgen_StreamingFIFO_rtl_4_lh6tdo7e'.
INFO: [IP_Flow 19-1700] Loaded user IP repository '/tmp/finn_dev_emanuel-hernandez/code_gen_ipgen_FMPadding_rtl_1_xpf90tc3'.
INFO: [IP_Flow 19-1700] Loaded user IP repository '/tmp/finn_dev_emanuel-hernandez/code_gen_ipgen_StreamingFIFO_rtl_5_vvlnqhpy'.
INFO: [IP_Flow 19-1700] Loaded user IP repository '/tmp/finn_dev_emanuel-hernandez/code_gen_ipgen_StreamingDataWidthConverter_rtl_1_jnol8bbv'.
INFO: [IP_Flow 19-1700] Loaded user IP repository '/tmp/finn_dev_emanuel-hernandez/code_gen_ipgen_StreamingFIFO_rtl_6_6f4ornhe'.
INFO: [IP_Flow 19-1700] Loaded user IP repository '/tmp/finn_dev_emanuel-hernandez/code_gen_ipgen_ConvolutionInputGenerator_rtl_1_3gytnw5p'.
INFO: [IP_Flow 19-1700] Loaded user IP repository '/tmp/finn_dev_emanuel-hernandez/code_gen_ipgen_StreamingFIFO_rtl_7_6w23ui98'.
INFO: [IP_Flow 19-1700] Loaded user IP repository '/tmp/finn_dev_emanuel-hernandez/code_gen_ipgen_StreamingDataWidthConverter_rtl_2_sg9hna6v'.
INFO: [IP_Flow 19-1700] Loaded user IP repository '/tmp/finn_dev_emanuel-hernandez/code_gen_ipgen_StreamingFIFO_rtl_8_fgp0hvu1'.
INFO: [IP_Flow 19-1700] Loaded user IP repository '/tmp/finn_dev_emanuel-hernandez/code_gen_ipgen_MVAU_hls_1_juaup5kq/project_MVAU_hls_1/sol1/impl/ip'.
INFO: [IP_Flow 19-1700] Loaded user IP repository '/tmp/finn_dev_emanuel-hernandez/code_gen_ipgen_StreamingFIFO_rtl_9_8p53cw18'.
INFO: [IP_Flow 19-1700] Loaded user IP repository '/tmp/finn_dev_emanuel-hernandez/code_gen_ipgen_StreamingDataWidthConverter_rtl_3_w9ea0x8t'.
INFO: [IP_Flow 19-1700] Loaded user IP repository '/tmp/finn_dev_emanuel-hernandez/code_gen_ipgen_StreamingFIFO_rtl_10_rz1ffexj'.
INFO: [IP_Flow 19-1700] Loaded user IP repository '/tmp/finn_dev_emanuel-hernandez/code_gen_ipgen_StreamingMaxPool_hls_0_u0p0cbhc/project_StreamingMaxPool_hls_0/sol1/impl/ip'.
INFO: [IP_Flow 19-1700] Loaded user IP repository '/tmp/finn_dev_emanuel-hernandez/code_gen_ipgen_StreamingFIFO_rtl_11_9xde0iu_'.
INFO: [IP_Flow 19-1700] Loaded user IP repository '/tmp/finn_dev_emanuel-hernandez/code_gen_ipgen_FMPadding_rtl_2_bfhymavv'.
INFO: [IP_Flow 19-1700] Loaded user IP repository '/tmp/finn_dev_emanuel-hernandez/code_gen_ipgen_StreamingFIFO_rtl_12_l1u5y9oq'.
INFO: [IP_Flow 19-1700] Loaded user IP repository '/tmp/finn_dev_emanuel-hernandez/code_gen_ipgen_StreamingDataWidthConverter_rtl_4_d3noeq7x'.
INFO: [IP_Flow 19-1700] Loaded user IP repository '/tmp/finn_dev_emanuel-hernandez/code_gen_ipgen_StreamingFIFO_rtl_13__5kvrwkr'.
INFO: [IP_Flow 19-1700] Loaded user IP repository '/tmp/finn_dev_emanuel-hernandez/code_gen_ipgen_ConvolutionInputGenerator_rtl_2_dtijaray'.
INFO: [IP_Flow 19-1700] Loaded user IP repository '/tmp/finn_dev_emanuel-hernandez/code_gen_ipgen_StreamingFIFO_rtl_14_90_nfugx'.
INFO: [IP_Flow 19-1700] Loaded user IP repository '/tmp/finn_dev_emanuel-hernandez/code_gen_ipgen_StreamingDataWidthConverter_rtl_5_eg6sc5c7'.
INFO: [IP_Flow 19-1700] Loaded user IP repository '/tmp/finn_dev_emanuel-hernandez/code_gen_ipgen_StreamingFIFO_rtl_15_6k7rpw6a'.
INFO: [IP_Flow 19-1700] Loaded user IP repository '/tmp/finn_dev_emanuel-hernandez/code_gen_ipgen_MVAU_hls_2_c_8z90e9/project_MVAU_hls_2/sol1/impl/ip'.
INFO: [IP_Flow 19-1700] Loaded user IP repository '/tmp/finn_dev_emanuel-hernandez/code_gen_ipgen_StreamingFIFO_rtl_16_dcyfzx2o'.
INFO: [IP_Flow 19-1700] Loaded user IP repository '/tmp/finn_dev_emanuel-hernandez/code_gen_ipgen_StreamingDataWidthConverter_rtl_6_03z4zugl'.
INFO: [IP_Flow 19-1700] Loaded user IP repository '/tmp/finn_dev_emanuel-hernandez/code_gen_ipgen_StreamingFIFO_rtl_17_ml8iegwl'.
INFO: [IP_Flow 19-1700] Loaded user IP repository '/tmp/finn_dev_emanuel-hernandez/code_gen_ipgen_FMPadding_rtl_3_2x9msyqe'.
INFO: [IP_Flow 19-1700] Loaded user IP repository '/tmp/finn_dev_emanuel-hernandez/code_gen_ipgen_StreamingFIFO_rtl_18_0dc9afhr'.
INFO: [IP_Flow 19-1700] Loaded user IP repository '/tmp/finn_dev_emanuel-hernandez/code_gen_ipgen_StreamingDataWidthConverter_rtl_7_4ikvmjoa'.
INFO: [IP_Flow 19-1700] Loaded user IP repository '/tmp/finn_dev_emanuel-hernandez/code_gen_ipgen_StreamingFIFO_rtl_19_dcp13z__'.
INFO: [IP_Flow 19-1700] Loaded user IP repository '/tmp/finn_dev_emanuel-hernandez/code_gen_ipgen_ConvolutionInputGenerator_rtl_3_s53q98tt'.
INFO: [IP_Flow 19-1700] Loaded user IP repository '/tmp/finn_dev_emanuel-hernandez/code_gen_ipgen_StreamingFIFO_rtl_20_zwdrd7b4'.
INFO: [IP_Flow 19-1700] Loaded user IP repository '/tmp/finn_dev_emanuel-hernandez/code_gen_ipgen_StreamingDataWidthConverter_rtl_8_7jr6z08o'.
INFO: [IP_Flow 19-1700] Loaded user IP repository '/tmp/finn_dev_emanuel-hernandez/code_gen_ipgen_StreamingFIFO_rtl_21_lv51e197'.
INFO: [IP_Flow 19-1700] Loaded user IP repository '/tmp/finn_dev_emanuel-hernandez/code_gen_ipgen_MVAU_hls_3_b35vdh1n/project_MVAU_hls_3/sol1/impl/ip'.
INFO: [IP_Flow 19-1700] Loaded user IP repository '/tmp/finn_dev_emanuel-hernandez/code_gen_ipgen_StreamingFIFO_rtl_22_byid7tf2'.
INFO: [IP_Flow 19-1700] Loaded user IP repository '/tmp/finn_dev_emanuel-hernandez/code_gen_ipgen_StreamingDataWidthConverter_rtl_9_1ve3wz7j'.
INFO: [IP_Flow 19-1700] Loaded user IP repository '/tmp/finn_dev_emanuel-hernandez/code_gen_ipgen_StreamingFIFO_rtl_23_zfz13eo2'.
INFO: [IP_Flow 19-1700] Loaded user IP repository '/tmp/finn_dev_emanuel-hernandez/code_gen_ipgen_StreamingMaxPool_hls_1_7wwp66zq/project_StreamingMaxPool_hls_1/sol1/impl/ip'.
INFO: [IP_Flow 19-1700] Loaded user IP repository '/tmp/finn_dev_emanuel-hernandez/code_gen_ipgen_StreamingFIFO_rtl_24_z54i444h'.
INFO: [IP_Flow 19-1700] Loaded user IP repository '/tmp/finn_dev_emanuel-hernandez/code_gen_ipgen_StreamingDataWidthConverter_rtl_10_yub6am8x'.
INFO: [IP_Flow 19-1700] Loaded user IP repository '/tmp/finn_dev_emanuel-hernandez/code_gen_ipgen_StreamingFIFO_rtl_25_k4tmsb30'.
INFO: [IP_Flow 19-1700] Loaded user IP repository '/tmp/finn_dev_emanuel-hernandez/code_gen_ipgen_MVAU_hls_4_tmhw3dtv/project_MVAU_hls_4/sol1/impl/ip'.
INFO: [IP_Flow 19-1700] Loaded user IP repository '/tmp/finn_dev_emanuel-hernandez/code_gen_ipgen_StreamingFIFO_rtl_26_8mjg4iui'.
INFO: [IP_Flow 19-1700] Loaded user IP repository '/tmp/finn_dev_emanuel-hernandez/code_gen_ipgen_MVAU_rtl_0_5irei88l'.
INFO: [IP_Flow 19-1700] Loaded user IP repository '/tmp/finn_dev_emanuel-hernandez/code_gen_ipgen_StreamingFIFO_rtl_27_agjbqf20'.
WARNING: [IP_Flow 19-3571] IP 'finn_design_StreamingFIFO_rtl_8_0' is restricted:
* Detected changes to module reference file(s).
# create_bd_cell -type hier MVAU_hls_1
# create_bd_pin -dir I -type clk /MVAU_hls_1/ap_clk
# create_bd_pin -dir I -type rst /MVAU_hls_1/ap_rst_n
# create_bd_intf_pin -mode Master -vlnv xilinx.com:interface:axis_rtl:1.0 /MVAU_hls_1/out_V
# create_bd_intf_pin -mode Slave -vlnv xilinx.com:interface:axis_rtl:1.0 /MVAU_hls_1/in0_V
# create_bd_cell -type ip -vlnv xilinx.com:hls:MVAU_hls_1:1.0 /MVAU_hls_1/MVAU_hls_1
# create_bd_cell -type ip -vlnv amd.com:finn:memstream:1.0 /MVAU_hls_1/MVAU_hls_1_wstrm
# set_property -dict [list CONFIG.DEPTH {256} CONFIG.WIDTH {144} CONFIG.INIT_FILE {/tmp/finn_dev_emanuel-hernandez/code_gen_ipgen_MVAU_hls_1_juaup5kq/memblock.dat} CONFIG.RAM_STYLE {auto} ] [get_bd_cells /MVAU_hls_1/MVAU_hls_1_wstrm]
WARNING: [IP_Flow 19-4684] Expected long value for param AXILITE_ADDR_WIDTH but, float/scientific notation value 14.0 is provided. The value is converted to long type(14)
WARNING: [IP_Flow 19-4684] Expected long value for param AXILITE_ADDR_WIDTH but, float/scientific notation value 13.0 is provided. The value is converted to long type(13)
# connect_bd_intf_net [get_bd_intf_pins MVAU_hls_1/MVAU_hls_1_wstrm/m_axis_0] [get_bd_intf_pins MVAU_hls_1/MVAU_hls_1/weights_V]
# connect_bd_net [get_bd_pins MVAU_hls_1/ap_rst_n] [get_bd_pins MVAU_hls_1/MVAU_hls_1_wstrm/ap_rst_n]
# connect_bd_net [get_bd_pins MVAU_hls_1/ap_clk] [get_bd_pins MVAU_hls_1/MVAU_hls_1_wstrm/ap_clk]
# connect_bd_net [get_bd_pins MVAU_hls_1/ap_rst_n] [get_bd_pins MVAU_hls_1/MVAU_hls_1/ap_rst_n]
# connect_bd_net [get_bd_pins MVAU_hls_1/ap_clk] [get_bd_pins MVAU_hls_1/MVAU_hls_1/ap_clk]
# connect_bd_intf_net [get_bd_intf_pins MVAU_hls_1/in0_V] [get_bd_intf_pins MVAU_hls_1/MVAU_hls_1/in0_V]
# connect_bd_intf_net [get_bd_intf_pins MVAU_hls_1/out_V] [get_bd_intf_pins MVAU_hls_1/MVAU_hls_1/out_V]
# save_bd_design
Wrote  : </tmp/finn_dev_emanuel-hernandez/vivado_stitch_proj_pm9ik9x1/finn_vivado_stitch_proj.srcs/sources_1/bd/finn_design/finn_design.bd> 
# add_files -norecurse /tmp/finn_dev_emanuel-hernandez/code_gen_ipgen_StreamingFIFO_rtl_9_8p53cw18/Q_srl.v
# add_files -norecurse /tmp/finn_dev_emanuel-hernandez/code_gen_ipgen_StreamingFIFO_rtl_9_8p53cw18/StreamingFIFO_rtl_9.v
# create_bd_cell -type module -reference StreamingFIFO_rtl_9 StreamingFIFO_rtl_9
INFO: [IP_Flow 19-5107] Inferred bus interface 'ap_clk' of definition 'xilinx.com:signal:clock:1.0' (from X_INTERFACE_INFO parameter from HDL file).
INFO: [IP_Flow 19-5107] Inferred bus interface 'ap_clk' of definition 'xilinx.com:signal:clock:1.0' (from 'X_INTERFACE_INFO' attribute).
INFO: [IP_Flow 19-5107] Inferred bus interface 'in0_V' of definition 'xilinx.com:interface:axis:1.0' (from Xilinx Repository).
INFO: [IP_Flow 19-5107] Inferred bus interface 'out_V' of definition 'xilinx.com:interface:axis:1.0' (from Xilinx Repository).
INFO: [IP_Flow 19-5107] Inferred bus interface 'ap_rst_n' of definition 'xilinx.com:signal:reset:1.0' (from Xilinx Repository).
INFO: [IP_Flow 19-4728] Bus Interface 'ap_rst_n': Added interface parameter 'POLARITY' with value 'ACTIVE_LOW'.
INFO: [IP_Flow 19-4728] Bus Interface 'ap_clk': Added interface parameter 'ASSOCIATED_RESET' with value 'ap_rst_n'.
INFO: [IP_Flow 19-4728] Bus Interface 'ap_clk': Added interface parameter 'ASSOCIATED_BUSIF' with value 'in0_V'.
WARNING: [IP_Flow 19-3157] Bus Interface 'ap_rst_n': Bus parameter POLARITY is ACTIVE_LOW but port 'ap_rst_n' is not *resetn - please double check the POLARITY setting.
INFO: [IP_Flow 19-234] Refreshing IP repositories
INFO: [IP_Flow 19-1700] Loaded user IP repository '/home/emanuel-hernandez/finn/finn-rtllib/memstream'.
INFO: [IP_Flow 19-1700] Loaded user IP repository '/tmp/finn_dev_emanuel-hernandez/code_gen_ipgen_StreamingFIFO_rtl_0_2xp77osi'.
INFO: [IP_Flow 19-1700] Loaded user IP repository '/tmp/finn_dev_emanuel-hernandez/code_gen_ipgen_FMPadding_rtl_0_ty50wf7f'.
INFO: [IP_Flow 19-1700] Loaded user IP repository '/tmp/finn_dev_emanuel-hernandez/code_gen_ipgen_StreamingFIFO_rtl_1_m6if6tq1'.
INFO: [IP_Flow 19-1700] Loaded user IP repository '/tmp/finn_dev_emanuel-hernandez/code_gen_ipgen_ConvolutionInputGenerator_rtl_0_czth98kw'.
INFO: [IP_Flow 19-1700] Loaded user IP repository '/tmp/finn_dev_emanuel-hernandez/code_gen_ipgen_StreamingFIFO_rtl_2_q6mksatc'.
INFO: [IP_Flow 19-1700] Loaded user IP repository '/tmp/finn_dev_emanuel-hernandez/code_gen_ipgen_MVAU_hls_0_23yd46c2/project_MVAU_hls_0/sol1/impl/ip'.
INFO: [IP_Flow 19-1700] Loaded user IP repository '/tmp/finn_dev_emanuel-hernandez/code_gen_ipgen_StreamingFIFO_rtl_3_p2hyhro8'.
INFO: [IP_Flow 19-1700] Loaded user IP repository '/tmp/finn_dev_emanuel-hernandez/code_gen_ipgen_StreamingDataWidthConverter_rtl_0_dgprmkiy'.
INFO: [IP_Flow 19-1700] Loaded user IP repository '/tmp/finn_dev_emanuel-hernandez/code_gen_ipgen_StreamingFIFO_rtl_4_lh6tdo7e'.
INFO: [IP_Flow 19-1700] Loaded user IP repository '/tmp/finn_dev_emanuel-hernandez/code_gen_ipgen_FMPadding_rtl_1_xpf90tc3'.
INFO: [IP_Flow 19-1700] Loaded user IP repository '/tmp/finn_dev_emanuel-hernandez/code_gen_ipgen_StreamingFIFO_rtl_5_vvlnqhpy'.
INFO: [IP_Flow 19-1700] Loaded user IP repository '/tmp/finn_dev_emanuel-hernandez/code_gen_ipgen_StreamingDataWidthConverter_rtl_1_jnol8bbv'.
INFO: [IP_Flow 19-1700] Loaded user IP repository '/tmp/finn_dev_emanuel-hernandez/code_gen_ipgen_StreamingFIFO_rtl_6_6f4ornhe'.
INFO: [IP_Flow 19-1700] Loaded user IP repository '/tmp/finn_dev_emanuel-hernandez/code_gen_ipgen_ConvolutionInputGenerator_rtl_1_3gytnw5p'.
INFO: [IP_Flow 19-1700] Loaded user IP repository '/tmp/finn_dev_emanuel-hernandez/code_gen_ipgen_StreamingFIFO_rtl_7_6w23ui98'.
INFO: [IP_Flow 19-1700] Loaded user IP repository '/tmp/finn_dev_emanuel-hernandez/code_gen_ipgen_StreamingDataWidthConverter_rtl_2_sg9hna6v'.
INFO: [IP_Flow 19-1700] Loaded user IP repository '/tmp/finn_dev_emanuel-hernandez/code_gen_ipgen_StreamingFIFO_rtl_8_fgp0hvu1'.
INFO: [IP_Flow 19-1700] Loaded user IP repository '/tmp/finn_dev_emanuel-hernandez/code_gen_ipgen_MVAU_hls_1_juaup5kq/project_MVAU_hls_1/sol1/impl/ip'.
INFO: [IP_Flow 19-1700] Loaded user IP repository '/tmp/finn_dev_emanuel-hernandez/code_gen_ipgen_StreamingFIFO_rtl_9_8p53cw18'.
INFO: [IP_Flow 19-1700] Loaded user IP repository '/tmp/finn_dev_emanuel-hernandez/code_gen_ipgen_StreamingDataWidthConverter_rtl_3_w9ea0x8t'.
INFO: [IP_Flow 19-1700] Loaded user IP repository '/tmp/finn_dev_emanuel-hernandez/code_gen_ipgen_StreamingFIFO_rtl_10_rz1ffexj'.
INFO: [IP_Flow 19-1700] Loaded user IP repository '/tmp/finn_dev_emanuel-hernandez/code_gen_ipgen_StreamingMaxPool_hls_0_u0p0cbhc/project_StreamingMaxPool_hls_0/sol1/impl/ip'.
INFO: [IP_Flow 19-1700] Loaded user IP repository '/tmp/finn_dev_emanuel-hernandez/code_gen_ipgen_StreamingFIFO_rtl_11_9xde0iu_'.
INFO: [IP_Flow 19-1700] Loaded user IP repository '/tmp/finn_dev_emanuel-hernandez/code_gen_ipgen_FMPadding_rtl_2_bfhymavv'.
INFO: [IP_Flow 19-1700] Loaded user IP repository '/tmp/finn_dev_emanuel-hernandez/code_gen_ipgen_StreamingFIFO_rtl_12_l1u5y9oq'.
INFO: [IP_Flow 19-1700] Loaded user IP repository '/tmp/finn_dev_emanuel-hernandez/code_gen_ipgen_StreamingDataWidthConverter_rtl_4_d3noeq7x'.
INFO: [IP_Flow 19-1700] Loaded user IP repository '/tmp/finn_dev_emanuel-hernandez/code_gen_ipgen_StreamingFIFO_rtl_13__5kvrwkr'.
INFO: [IP_Flow 19-1700] Loaded user IP repository '/tmp/finn_dev_emanuel-hernandez/code_gen_ipgen_ConvolutionInputGenerator_rtl_2_dtijaray'.
INFO: [IP_Flow 19-1700] Loaded user IP repository '/tmp/finn_dev_emanuel-hernandez/code_gen_ipgen_StreamingFIFO_rtl_14_90_nfugx'.
INFO: [IP_Flow 19-1700] Loaded user IP repository '/tmp/finn_dev_emanuel-hernandez/code_gen_ipgen_StreamingDataWidthConverter_rtl_5_eg6sc5c7'.
INFO: [IP_Flow 19-1700] Loaded user IP repository '/tmp/finn_dev_emanuel-hernandez/code_gen_ipgen_StreamingFIFO_rtl_15_6k7rpw6a'.
INFO: [IP_Flow 19-1700] Loaded user IP repository '/tmp/finn_dev_emanuel-hernandez/code_gen_ipgen_MVAU_hls_2_c_8z90e9/project_MVAU_hls_2/sol1/impl/ip'.
INFO: [IP_Flow 19-1700] Loaded user IP repository '/tmp/finn_dev_emanuel-hernandez/code_gen_ipgen_StreamingFIFO_rtl_16_dcyfzx2o'.
INFO: [IP_Flow 19-1700] Loaded user IP repository '/tmp/finn_dev_emanuel-hernandez/code_gen_ipgen_StreamingDataWidthConverter_rtl_6_03z4zugl'.
INFO: [IP_Flow 19-1700] Loaded user IP repository '/tmp/finn_dev_emanuel-hernandez/code_gen_ipgen_StreamingFIFO_rtl_17_ml8iegwl'.
INFO: [IP_Flow 19-1700] Loaded user IP repository '/tmp/finn_dev_emanuel-hernandez/code_gen_ipgen_FMPadding_rtl_3_2x9msyqe'.
INFO: [IP_Flow 19-1700] Loaded user IP repository '/tmp/finn_dev_emanuel-hernandez/code_gen_ipgen_StreamingFIFO_rtl_18_0dc9afhr'.
INFO: [IP_Flow 19-1700] Loaded user IP repository '/tmp/finn_dev_emanuel-hernandez/code_gen_ipgen_StreamingDataWidthConverter_rtl_7_4ikvmjoa'.
INFO: [IP_Flow 19-1700] Loaded user IP repository '/tmp/finn_dev_emanuel-hernandez/code_gen_ipgen_StreamingFIFO_rtl_19_dcp13z__'.
INFO: [IP_Flow 19-1700] Loaded user IP repository '/tmp/finn_dev_emanuel-hernandez/code_gen_ipgen_ConvolutionInputGenerator_rtl_3_s53q98tt'.
INFO: [IP_Flow 19-1700] Loaded user IP repository '/tmp/finn_dev_emanuel-hernandez/code_gen_ipgen_StreamingFIFO_rtl_20_zwdrd7b4'.
INFO: [IP_Flow 19-1700] Loaded user IP repository '/tmp/finn_dev_emanuel-hernandez/code_gen_ipgen_StreamingDataWidthConverter_rtl_8_7jr6z08o'.
INFO: [IP_Flow 19-1700] Loaded user IP repository '/tmp/finn_dev_emanuel-hernandez/code_gen_ipgen_StreamingFIFO_rtl_21_lv51e197'.
INFO: [IP_Flow 19-1700] Loaded user IP repository '/tmp/finn_dev_emanuel-hernandez/code_gen_ipgen_MVAU_hls_3_b35vdh1n/project_MVAU_hls_3/sol1/impl/ip'.
INFO: [IP_Flow 19-1700] Loaded user IP repository '/tmp/finn_dev_emanuel-hernandez/code_gen_ipgen_StreamingFIFO_rtl_22_byid7tf2'.
INFO: [IP_Flow 19-1700] Loaded user IP repository '/tmp/finn_dev_emanuel-hernandez/code_gen_ipgen_StreamingDataWidthConverter_rtl_9_1ve3wz7j'.
INFO: [IP_Flow 19-1700] Loaded user IP repository '/tmp/finn_dev_emanuel-hernandez/code_gen_ipgen_StreamingFIFO_rtl_23_zfz13eo2'.
INFO: [IP_Flow 19-1700] Loaded user IP repository '/tmp/finn_dev_emanuel-hernandez/code_gen_ipgen_StreamingMaxPool_hls_1_7wwp66zq/project_StreamingMaxPool_hls_1/sol1/impl/ip'.
INFO: [IP_Flow 19-1700] Loaded user IP repository '/tmp/finn_dev_emanuel-hernandez/code_gen_ipgen_StreamingFIFO_rtl_24_z54i444h'.
INFO: [IP_Flow 19-1700] Loaded user IP repository '/tmp/finn_dev_emanuel-hernandez/code_gen_ipgen_StreamingDataWidthConverter_rtl_10_yub6am8x'.
INFO: [IP_Flow 19-1700] Loaded user IP repository '/tmp/finn_dev_emanuel-hernandez/code_gen_ipgen_StreamingFIFO_rtl_25_k4tmsb30'.
INFO: [IP_Flow 19-1700] Loaded user IP repository '/tmp/finn_dev_emanuel-hernandez/code_gen_ipgen_MVAU_hls_4_tmhw3dtv/project_MVAU_hls_4/sol1/impl/ip'.
INFO: [IP_Flow 19-1700] Loaded user IP repository '/tmp/finn_dev_emanuel-hernandez/code_gen_ipgen_StreamingFIFO_rtl_26_8mjg4iui'.
INFO: [IP_Flow 19-1700] Loaded user IP repository '/tmp/finn_dev_emanuel-hernandez/code_gen_ipgen_MVAU_rtl_0_5irei88l'.
INFO: [IP_Flow 19-1700] Loaded user IP repository '/tmp/finn_dev_emanuel-hernandez/code_gen_ipgen_StreamingFIFO_rtl_27_agjbqf20'.
WARNING: [IP_Flow 19-3571] IP 'finn_design_StreamingFIFO_rtl_9_0' is restricted:
* Detected changes to module reference file(s).
# add_files -norecurse /tmp/finn_dev_emanuel-hernandez/code_gen_ipgen_StreamingDataWidthConverter_rtl_3_w9ea0x8t/dwc_axi.sv
# add_files -norecurse /tmp/finn_dev_emanuel-hernandez/code_gen_ipgen_StreamingDataWidthConverter_rtl_3_w9ea0x8t/dwc.sv
# add_files -norecurse /tmp/finn_dev_emanuel-hernandez/code_gen_ipgen_StreamingDataWidthConverter_rtl_3_w9ea0x8t/StreamingDataWidthConverter_rtl_3.v
# create_bd_cell -type module -reference StreamingDataWidthConverter_rtl_3 StreamingDataWidthConverter_rtl_3
INFO: [IP_Flow 19-5107] Inferred bus interface 'ap_clk' of definition 'xilinx.com:signal:clock:1.0' (from X_INTERFACE_INFO parameter from HDL file).
INFO: [IP_Flow 19-5107] Inferred bus interface 'ap_clk' of definition 'xilinx.com:signal:clock:1.0' (from 'X_INTERFACE_INFO' attribute).
INFO: [IP_Flow 19-5107] Inferred bus interface 'in0_V' of definition 'xilinx.com:interface:axis:1.0' (from Xilinx Repository).
INFO: [IP_Flow 19-5107] Inferred bus interface 'out_V' of definition 'xilinx.com:interface:axis:1.0' (from Xilinx Repository).
INFO: [IP_Flow 19-5107] Inferred bus interface 'ap_rst_n' of definition 'xilinx.com:signal:reset:1.0' (from Xilinx Repository).
INFO: [IP_Flow 19-4728] Bus Interface 'ap_rst_n': Added interface parameter 'POLARITY' with value 'ACTIVE_LOW'.
INFO: [IP_Flow 19-4728] Bus Interface 'ap_clk': Added interface parameter 'ASSOCIATED_RESET' with value 'ap_rst_n'.
INFO: [IP_Flow 19-4728] Bus Interface 'ap_clk': Added interface parameter 'ASSOCIATED_BUSIF' with value 'in0_V'.
INFO: [IP_Flow 19-818] Not transferring value dependency attribute "(((spirit:decode(id('MODELPARAM_VALUE.IBITS')) + 7) / 8) * 8)" into user parameter "AXI_IBITS".
INFO: [IP_Flow 19-818] Not transferring value dependency attribute "(((spirit:decode(id('MODELPARAM_VALUE.OBITS')) + 7) / 8) * 8)" into user parameter "AXI_OBITS".
WARNING: [IP_Flow 19-3157] Bus Interface 'ap_rst_n': Bus parameter POLARITY is ACTIVE_LOW but port 'ap_rst_n' is not *resetn - please double check the POLARITY setting.
INFO: [IP_Flow 19-234] Refreshing IP repositories
INFO: [IP_Flow 19-1700] Loaded user IP repository '/home/emanuel-hernandez/finn/finn-rtllib/memstream'.
INFO: [IP_Flow 19-1700] Loaded user IP repository '/tmp/finn_dev_emanuel-hernandez/code_gen_ipgen_StreamingFIFO_rtl_0_2xp77osi'.
INFO: [IP_Flow 19-1700] Loaded user IP repository '/tmp/finn_dev_emanuel-hernandez/code_gen_ipgen_FMPadding_rtl_0_ty50wf7f'.
INFO: [IP_Flow 19-1700] Loaded user IP repository '/tmp/finn_dev_emanuel-hernandez/code_gen_ipgen_StreamingFIFO_rtl_1_m6if6tq1'.
INFO: [IP_Flow 19-1700] Loaded user IP repository '/tmp/finn_dev_emanuel-hernandez/code_gen_ipgen_ConvolutionInputGenerator_rtl_0_czth98kw'.
INFO: [IP_Flow 19-1700] Loaded user IP repository '/tmp/finn_dev_emanuel-hernandez/code_gen_ipgen_StreamingFIFO_rtl_2_q6mksatc'.
INFO: [IP_Flow 19-1700] Loaded user IP repository '/tmp/finn_dev_emanuel-hernandez/code_gen_ipgen_MVAU_hls_0_23yd46c2/project_MVAU_hls_0/sol1/impl/ip'.
INFO: [IP_Flow 19-1700] Loaded user IP repository '/tmp/finn_dev_emanuel-hernandez/code_gen_ipgen_StreamingFIFO_rtl_3_p2hyhro8'.
INFO: [IP_Flow 19-1700] Loaded user IP repository '/tmp/finn_dev_emanuel-hernandez/code_gen_ipgen_StreamingDataWidthConverter_rtl_0_dgprmkiy'.
INFO: [IP_Flow 19-1700] Loaded user IP repository '/tmp/finn_dev_emanuel-hernandez/code_gen_ipgen_StreamingFIFO_rtl_4_lh6tdo7e'.
INFO: [IP_Flow 19-1700] Loaded user IP repository '/tmp/finn_dev_emanuel-hernandez/code_gen_ipgen_FMPadding_rtl_1_xpf90tc3'.
INFO: [IP_Flow 19-1700] Loaded user IP repository '/tmp/finn_dev_emanuel-hernandez/code_gen_ipgen_StreamingFIFO_rtl_5_vvlnqhpy'.
INFO: [IP_Flow 19-1700] Loaded user IP repository '/tmp/finn_dev_emanuel-hernandez/code_gen_ipgen_StreamingDataWidthConverter_rtl_1_jnol8bbv'.
INFO: [IP_Flow 19-1700] Loaded user IP repository '/tmp/finn_dev_emanuel-hernandez/code_gen_ipgen_StreamingFIFO_rtl_6_6f4ornhe'.
INFO: [IP_Flow 19-1700] Loaded user IP repository '/tmp/finn_dev_emanuel-hernandez/code_gen_ipgen_ConvolutionInputGenerator_rtl_1_3gytnw5p'.
INFO: [IP_Flow 19-1700] Loaded user IP repository '/tmp/finn_dev_emanuel-hernandez/code_gen_ipgen_StreamingFIFO_rtl_7_6w23ui98'.
INFO: [IP_Flow 19-1700] Loaded user IP repository '/tmp/finn_dev_emanuel-hernandez/code_gen_ipgen_StreamingDataWidthConverter_rtl_2_sg9hna6v'.
INFO: [IP_Flow 19-1700] Loaded user IP repository '/tmp/finn_dev_emanuel-hernandez/code_gen_ipgen_StreamingFIFO_rtl_8_fgp0hvu1'.
INFO: [IP_Flow 19-1700] Loaded user IP repository '/tmp/finn_dev_emanuel-hernandez/code_gen_ipgen_MVAU_hls_1_juaup5kq/project_MVAU_hls_1/sol1/impl/ip'.
INFO: [IP_Flow 19-1700] Loaded user IP repository '/tmp/finn_dev_emanuel-hernandez/code_gen_ipgen_StreamingFIFO_rtl_9_8p53cw18'.
INFO: [IP_Flow 19-1700] Loaded user IP repository '/tmp/finn_dev_emanuel-hernandez/code_gen_ipgen_StreamingDataWidthConverter_rtl_3_w9ea0x8t'.
INFO: [IP_Flow 19-1700] Loaded user IP repository '/tmp/finn_dev_emanuel-hernandez/code_gen_ipgen_StreamingFIFO_rtl_10_rz1ffexj'.
INFO: [IP_Flow 19-1700] Loaded user IP repository '/tmp/finn_dev_emanuel-hernandez/code_gen_ipgen_StreamingMaxPool_hls_0_u0p0cbhc/project_StreamingMaxPool_hls_0/sol1/impl/ip'.
INFO: [IP_Flow 19-1700] Loaded user IP repository '/tmp/finn_dev_emanuel-hernandez/code_gen_ipgen_StreamingFIFO_rtl_11_9xde0iu_'.
INFO: [IP_Flow 19-1700] Loaded user IP repository '/tmp/finn_dev_emanuel-hernandez/code_gen_ipgen_FMPadding_rtl_2_bfhymavv'.
INFO: [IP_Flow 19-1700] Loaded user IP repository '/tmp/finn_dev_emanuel-hernandez/code_gen_ipgen_StreamingFIFO_rtl_12_l1u5y9oq'.
INFO: [IP_Flow 19-1700] Loaded user IP repository '/tmp/finn_dev_emanuel-hernandez/code_gen_ipgen_StreamingDataWidthConverter_rtl_4_d3noeq7x'.
INFO: [IP_Flow 19-1700] Loaded user IP repository '/tmp/finn_dev_emanuel-hernandez/code_gen_ipgen_StreamingFIFO_rtl_13__5kvrwkr'.
INFO: [IP_Flow 19-1700] Loaded user IP repository '/tmp/finn_dev_emanuel-hernandez/code_gen_ipgen_ConvolutionInputGenerator_rtl_2_dtijaray'.
INFO: [IP_Flow 19-1700] Loaded user IP repository '/tmp/finn_dev_emanuel-hernandez/code_gen_ipgen_StreamingFIFO_rtl_14_90_nfugx'.
INFO: [IP_Flow 19-1700] Loaded user IP repository '/tmp/finn_dev_emanuel-hernandez/code_gen_ipgen_StreamingDataWidthConverter_rtl_5_eg6sc5c7'.
INFO: [IP_Flow 19-1700] Loaded user IP repository '/tmp/finn_dev_emanuel-hernandez/code_gen_ipgen_StreamingFIFO_rtl_15_6k7rpw6a'.
INFO: [IP_Flow 19-1700] Loaded user IP repository '/tmp/finn_dev_emanuel-hernandez/code_gen_ipgen_MVAU_hls_2_c_8z90e9/project_MVAU_hls_2/sol1/impl/ip'.
INFO: [IP_Flow 19-1700] Loaded user IP repository '/tmp/finn_dev_emanuel-hernandez/code_gen_ipgen_StreamingFIFO_rtl_16_dcyfzx2o'.
INFO: [IP_Flow 19-1700] Loaded user IP repository '/tmp/finn_dev_emanuel-hernandez/code_gen_ipgen_StreamingDataWidthConverter_rtl_6_03z4zugl'.
INFO: [IP_Flow 19-1700] Loaded user IP repository '/tmp/finn_dev_emanuel-hernandez/code_gen_ipgen_StreamingFIFO_rtl_17_ml8iegwl'.
INFO: [IP_Flow 19-1700] Loaded user IP repository '/tmp/finn_dev_emanuel-hernandez/code_gen_ipgen_FMPadding_rtl_3_2x9msyqe'.
INFO: [IP_Flow 19-1700] Loaded user IP repository '/tmp/finn_dev_emanuel-hernandez/code_gen_ipgen_StreamingFIFO_rtl_18_0dc9afhr'.
INFO: [IP_Flow 19-1700] Loaded user IP repository '/tmp/finn_dev_emanuel-hernandez/code_gen_ipgen_StreamingDataWidthConverter_rtl_7_4ikvmjoa'.
INFO: [IP_Flow 19-1700] Loaded user IP repository '/tmp/finn_dev_emanuel-hernandez/code_gen_ipgen_StreamingFIFO_rtl_19_dcp13z__'.
INFO: [IP_Flow 19-1700] Loaded user IP repository '/tmp/finn_dev_emanuel-hernandez/code_gen_ipgen_ConvolutionInputGenerator_rtl_3_s53q98tt'.
INFO: [IP_Flow 19-1700] Loaded user IP repository '/tmp/finn_dev_emanuel-hernandez/code_gen_ipgen_StreamingFIFO_rtl_20_zwdrd7b4'.
INFO: [IP_Flow 19-1700] Loaded user IP repository '/tmp/finn_dev_emanuel-hernandez/code_gen_ipgen_StreamingDataWidthConverter_rtl_8_7jr6z08o'.
INFO: [IP_Flow 19-1700] Loaded user IP repository '/tmp/finn_dev_emanuel-hernandez/code_gen_ipgen_StreamingFIFO_rtl_21_lv51e197'.
INFO: [IP_Flow 19-1700] Loaded user IP repository '/tmp/finn_dev_emanuel-hernandez/code_gen_ipgen_MVAU_hls_3_b35vdh1n/project_MVAU_hls_3/sol1/impl/ip'.
INFO: [IP_Flow 19-1700] Loaded user IP repository '/tmp/finn_dev_emanuel-hernandez/code_gen_ipgen_StreamingFIFO_rtl_22_byid7tf2'.
INFO: [IP_Flow 19-1700] Loaded user IP repository '/tmp/finn_dev_emanuel-hernandez/code_gen_ipgen_StreamingDataWidthConverter_rtl_9_1ve3wz7j'.
INFO: [IP_Flow 19-1700] Loaded user IP repository '/tmp/finn_dev_emanuel-hernandez/code_gen_ipgen_StreamingFIFO_rtl_23_zfz13eo2'.
INFO: [IP_Flow 19-1700] Loaded user IP repository '/tmp/finn_dev_emanuel-hernandez/code_gen_ipgen_StreamingMaxPool_hls_1_7wwp66zq/project_StreamingMaxPool_hls_1/sol1/impl/ip'.
INFO: [IP_Flow 19-1700] Loaded user IP repository '/tmp/finn_dev_emanuel-hernandez/code_gen_ipgen_StreamingFIFO_rtl_24_z54i444h'.
INFO: [IP_Flow 19-1700] Loaded user IP repository '/tmp/finn_dev_emanuel-hernandez/code_gen_ipgen_StreamingDataWidthConverter_rtl_10_yub6am8x'.
INFO: [IP_Flow 19-1700] Loaded user IP repository '/tmp/finn_dev_emanuel-hernandez/code_gen_ipgen_StreamingFIFO_rtl_25_k4tmsb30'.
INFO: [IP_Flow 19-1700] Loaded user IP repository '/tmp/finn_dev_emanuel-hernandez/code_gen_ipgen_MVAU_hls_4_tmhw3dtv/project_MVAU_hls_4/sol1/impl/ip'.
INFO: [IP_Flow 19-1700] Loaded user IP repository '/tmp/finn_dev_emanuel-hernandez/code_gen_ipgen_StreamingFIFO_rtl_26_8mjg4iui'.
INFO: [IP_Flow 19-1700] Loaded user IP repository '/tmp/finn_dev_emanuel-hernandez/code_gen_ipgen_MVAU_rtl_0_5irei88l'.
INFO: [IP_Flow 19-1700] Loaded user IP repository '/tmp/finn_dev_emanuel-hernandez/code_gen_ipgen_StreamingFIFO_rtl_27_agjbqf20'.
WARNING: [IP_Flow 19-3571] IP 'finn_design_StreamingDataWidthConverter_rtl_3_0' is restricted:
* Detected changes to module reference file(s).
# add_files -norecurse /tmp/finn_dev_emanuel-hernandez/code_gen_ipgen_StreamingFIFO_rtl_10_rz1ffexj/Q_srl.v
# add_files -norecurse /tmp/finn_dev_emanuel-hernandez/code_gen_ipgen_StreamingFIFO_rtl_10_rz1ffexj/StreamingFIFO_rtl_10.v
# create_bd_cell -type module -reference StreamingFIFO_rtl_10 StreamingFIFO_rtl_10
INFO: [IP_Flow 19-5107] Inferred bus interface 'ap_clk' of definition 'xilinx.com:signal:clock:1.0' (from X_INTERFACE_INFO parameter from HDL file).
INFO: [IP_Flow 19-5107] Inferred bus interface 'ap_clk' of definition 'xilinx.com:signal:clock:1.0' (from 'X_INTERFACE_INFO' attribute).
INFO: [IP_Flow 19-5107] Inferred bus interface 'in0_V' of definition 'xilinx.com:interface:axis:1.0' (from Xilinx Repository).
INFO: [IP_Flow 19-5107] Inferred bus interface 'out_V' of definition 'xilinx.com:interface:axis:1.0' (from Xilinx Repository).
INFO: [IP_Flow 19-5107] Inferred bus interface 'ap_rst_n' of definition 'xilinx.com:signal:reset:1.0' (from Xilinx Repository).
INFO: [IP_Flow 19-4728] Bus Interface 'ap_rst_n': Added interface parameter 'POLARITY' with value 'ACTIVE_LOW'.
INFO: [IP_Flow 19-4728] Bus Interface 'ap_clk': Added interface parameter 'ASSOCIATED_RESET' with value 'ap_rst_n'.
INFO: [IP_Flow 19-4728] Bus Interface 'ap_clk': Added interface parameter 'ASSOCIATED_BUSIF' with value 'in0_V'.
WARNING: [IP_Flow 19-3157] Bus Interface 'ap_rst_n': Bus parameter POLARITY is ACTIVE_LOW but port 'ap_rst_n' is not *resetn - please double check the POLARITY setting.
INFO: [IP_Flow 19-234] Refreshing IP repositories
INFO: [IP_Flow 19-1700] Loaded user IP repository '/home/emanuel-hernandez/finn/finn-rtllib/memstream'.
INFO: [IP_Flow 19-1700] Loaded user IP repository '/tmp/finn_dev_emanuel-hernandez/code_gen_ipgen_StreamingFIFO_rtl_0_2xp77osi'.
INFO: [IP_Flow 19-1700] Loaded user IP repository '/tmp/finn_dev_emanuel-hernandez/code_gen_ipgen_FMPadding_rtl_0_ty50wf7f'.
INFO: [IP_Flow 19-1700] Loaded user IP repository '/tmp/finn_dev_emanuel-hernandez/code_gen_ipgen_StreamingFIFO_rtl_1_m6if6tq1'.
INFO: [IP_Flow 19-1700] Loaded user IP repository '/tmp/finn_dev_emanuel-hernandez/code_gen_ipgen_ConvolutionInputGenerator_rtl_0_czth98kw'.
INFO: [IP_Flow 19-1700] Loaded user IP repository '/tmp/finn_dev_emanuel-hernandez/code_gen_ipgen_StreamingFIFO_rtl_2_q6mksatc'.
INFO: [IP_Flow 19-1700] Loaded user IP repository '/tmp/finn_dev_emanuel-hernandez/code_gen_ipgen_MVAU_hls_0_23yd46c2/project_MVAU_hls_0/sol1/impl/ip'.
INFO: [IP_Flow 19-1700] Loaded user IP repository '/tmp/finn_dev_emanuel-hernandez/code_gen_ipgen_StreamingFIFO_rtl_3_p2hyhro8'.
INFO: [IP_Flow 19-1700] Loaded user IP repository '/tmp/finn_dev_emanuel-hernandez/code_gen_ipgen_StreamingDataWidthConverter_rtl_0_dgprmkiy'.
INFO: [IP_Flow 19-1700] Loaded user IP repository '/tmp/finn_dev_emanuel-hernandez/code_gen_ipgen_StreamingFIFO_rtl_4_lh6tdo7e'.
INFO: [IP_Flow 19-1700] Loaded user IP repository '/tmp/finn_dev_emanuel-hernandez/code_gen_ipgen_FMPadding_rtl_1_xpf90tc3'.
INFO: [IP_Flow 19-1700] Loaded user IP repository '/tmp/finn_dev_emanuel-hernandez/code_gen_ipgen_StreamingFIFO_rtl_5_vvlnqhpy'.
INFO: [IP_Flow 19-1700] Loaded user IP repository '/tmp/finn_dev_emanuel-hernandez/code_gen_ipgen_StreamingDataWidthConverter_rtl_1_jnol8bbv'.
INFO: [IP_Flow 19-1700] Loaded user IP repository '/tmp/finn_dev_emanuel-hernandez/code_gen_ipgen_StreamingFIFO_rtl_6_6f4ornhe'.
INFO: [IP_Flow 19-1700] Loaded user IP repository '/tmp/finn_dev_emanuel-hernandez/code_gen_ipgen_ConvolutionInputGenerator_rtl_1_3gytnw5p'.
INFO: [IP_Flow 19-1700] Loaded user IP repository '/tmp/finn_dev_emanuel-hernandez/code_gen_ipgen_StreamingFIFO_rtl_7_6w23ui98'.
INFO: [IP_Flow 19-1700] Loaded user IP repository '/tmp/finn_dev_emanuel-hernandez/code_gen_ipgen_StreamingDataWidthConverter_rtl_2_sg9hna6v'.
INFO: [IP_Flow 19-1700] Loaded user IP repository '/tmp/finn_dev_emanuel-hernandez/code_gen_ipgen_StreamingFIFO_rtl_8_fgp0hvu1'.
INFO: [IP_Flow 19-1700] Loaded user IP repository '/tmp/finn_dev_emanuel-hernandez/code_gen_ipgen_MVAU_hls_1_juaup5kq/project_MVAU_hls_1/sol1/impl/ip'.
INFO: [IP_Flow 19-1700] Loaded user IP repository '/tmp/finn_dev_emanuel-hernandez/code_gen_ipgen_StreamingFIFO_rtl_9_8p53cw18'.
INFO: [IP_Flow 19-1700] Loaded user IP repository '/tmp/finn_dev_emanuel-hernandez/code_gen_ipgen_StreamingDataWidthConverter_rtl_3_w9ea0x8t'.
INFO: [IP_Flow 19-1700] Loaded user IP repository '/tmp/finn_dev_emanuel-hernandez/code_gen_ipgen_StreamingFIFO_rtl_10_rz1ffexj'.
INFO: [IP_Flow 19-1700] Loaded user IP repository '/tmp/finn_dev_emanuel-hernandez/code_gen_ipgen_StreamingMaxPool_hls_0_u0p0cbhc/project_StreamingMaxPool_hls_0/sol1/impl/ip'.
INFO: [IP_Flow 19-1700] Loaded user IP repository '/tmp/finn_dev_emanuel-hernandez/code_gen_ipgen_StreamingFIFO_rtl_11_9xde0iu_'.
INFO: [IP_Flow 19-1700] Loaded user IP repository '/tmp/finn_dev_emanuel-hernandez/code_gen_ipgen_FMPadding_rtl_2_bfhymavv'.
INFO: [IP_Flow 19-1700] Loaded user IP repository '/tmp/finn_dev_emanuel-hernandez/code_gen_ipgen_StreamingFIFO_rtl_12_l1u5y9oq'.
INFO: [IP_Flow 19-1700] Loaded user IP repository '/tmp/finn_dev_emanuel-hernandez/code_gen_ipgen_StreamingDataWidthConverter_rtl_4_d3noeq7x'.
INFO: [IP_Flow 19-1700] Loaded user IP repository '/tmp/finn_dev_emanuel-hernandez/code_gen_ipgen_StreamingFIFO_rtl_13__5kvrwkr'.
INFO: [IP_Flow 19-1700] Loaded user IP repository '/tmp/finn_dev_emanuel-hernandez/code_gen_ipgen_ConvolutionInputGenerator_rtl_2_dtijaray'.
INFO: [IP_Flow 19-1700] Loaded user IP repository '/tmp/finn_dev_emanuel-hernandez/code_gen_ipgen_StreamingFIFO_rtl_14_90_nfugx'.
INFO: [IP_Flow 19-1700] Loaded user IP repository '/tmp/finn_dev_emanuel-hernandez/code_gen_ipgen_StreamingDataWidthConverter_rtl_5_eg6sc5c7'.
INFO: [IP_Flow 19-1700] Loaded user IP repository '/tmp/finn_dev_emanuel-hernandez/code_gen_ipgen_StreamingFIFO_rtl_15_6k7rpw6a'.
INFO: [IP_Flow 19-1700] Loaded user IP repository '/tmp/finn_dev_emanuel-hernandez/code_gen_ipgen_MVAU_hls_2_c_8z90e9/project_MVAU_hls_2/sol1/impl/ip'.
INFO: [IP_Flow 19-1700] Loaded user IP repository '/tmp/finn_dev_emanuel-hernandez/code_gen_ipgen_StreamingFIFO_rtl_16_dcyfzx2o'.
INFO: [IP_Flow 19-1700] Loaded user IP repository '/tmp/finn_dev_emanuel-hernandez/code_gen_ipgen_StreamingDataWidthConverter_rtl_6_03z4zugl'.
INFO: [IP_Flow 19-1700] Loaded user IP repository '/tmp/finn_dev_emanuel-hernandez/code_gen_ipgen_StreamingFIFO_rtl_17_ml8iegwl'.
INFO: [IP_Flow 19-1700] Loaded user IP repository '/tmp/finn_dev_emanuel-hernandez/code_gen_ipgen_FMPadding_rtl_3_2x9msyqe'.
INFO: [IP_Flow 19-1700] Loaded user IP repository '/tmp/finn_dev_emanuel-hernandez/code_gen_ipgen_StreamingFIFO_rtl_18_0dc9afhr'.
INFO: [IP_Flow 19-1700] Loaded user IP repository '/tmp/finn_dev_emanuel-hernandez/code_gen_ipgen_StreamingDataWidthConverter_rtl_7_4ikvmjoa'.
INFO: [IP_Flow 19-1700] Loaded user IP repository '/tmp/finn_dev_emanuel-hernandez/code_gen_ipgen_StreamingFIFO_rtl_19_dcp13z__'.
INFO: [IP_Flow 19-1700] Loaded user IP repository '/tmp/finn_dev_emanuel-hernandez/code_gen_ipgen_ConvolutionInputGenerator_rtl_3_s53q98tt'.
INFO: [IP_Flow 19-1700] Loaded user IP repository '/tmp/finn_dev_emanuel-hernandez/code_gen_ipgen_StreamingFIFO_rtl_20_zwdrd7b4'.
INFO: [IP_Flow 19-1700] Loaded user IP repository '/tmp/finn_dev_emanuel-hernandez/code_gen_ipgen_StreamingDataWidthConverter_rtl_8_7jr6z08o'.
INFO: [IP_Flow 19-1700] Loaded user IP repository '/tmp/finn_dev_emanuel-hernandez/code_gen_ipgen_StreamingFIFO_rtl_21_lv51e197'.
INFO: [IP_Flow 19-1700] Loaded user IP repository '/tmp/finn_dev_emanuel-hernandez/code_gen_ipgen_MVAU_hls_3_b35vdh1n/project_MVAU_hls_3/sol1/impl/ip'.
INFO: [IP_Flow 19-1700] Loaded user IP repository '/tmp/finn_dev_emanuel-hernandez/code_gen_ipgen_StreamingFIFO_rtl_22_byid7tf2'.
INFO: [IP_Flow 19-1700] Loaded user IP repository '/tmp/finn_dev_emanuel-hernandez/code_gen_ipgen_StreamingDataWidthConverter_rtl_9_1ve3wz7j'.
INFO: [IP_Flow 19-1700] Loaded user IP repository '/tmp/finn_dev_emanuel-hernandez/code_gen_ipgen_StreamingFIFO_rtl_23_zfz13eo2'.
INFO: [IP_Flow 19-1700] Loaded user IP repository '/tmp/finn_dev_emanuel-hernandez/code_gen_ipgen_StreamingMaxPool_hls_1_7wwp66zq/project_StreamingMaxPool_hls_1/sol1/impl/ip'.
INFO: [IP_Flow 19-1700] Loaded user IP repository '/tmp/finn_dev_emanuel-hernandez/code_gen_ipgen_StreamingFIFO_rtl_24_z54i444h'.
INFO: [IP_Flow 19-1700] Loaded user IP repository '/tmp/finn_dev_emanuel-hernandez/code_gen_ipgen_StreamingDataWidthConverter_rtl_10_yub6am8x'.
INFO: [IP_Flow 19-1700] Loaded user IP repository '/tmp/finn_dev_emanuel-hernandez/code_gen_ipgen_StreamingFIFO_rtl_25_k4tmsb30'.
INFO: [IP_Flow 19-1700] Loaded user IP repository '/tmp/finn_dev_emanuel-hernandez/code_gen_ipgen_MVAU_hls_4_tmhw3dtv/project_MVAU_hls_4/sol1/impl/ip'.
INFO: [IP_Flow 19-1700] Loaded user IP repository '/tmp/finn_dev_emanuel-hernandez/code_gen_ipgen_StreamingFIFO_rtl_26_8mjg4iui'.
INFO: [IP_Flow 19-1700] Loaded user IP repository '/tmp/finn_dev_emanuel-hernandez/code_gen_ipgen_MVAU_rtl_0_5irei88l'.
INFO: [IP_Flow 19-1700] Loaded user IP repository '/tmp/finn_dev_emanuel-hernandez/code_gen_ipgen_StreamingFIFO_rtl_27_agjbqf20'.
WARNING: [IP_Flow 19-3571] IP 'finn_design_StreamingFIFO_rtl_10_0' is restricted:
* Detected changes to module reference file(s).
# create_bd_cell -type ip -vlnv xilinx.com:hls:StreamingMaxPool_hls_0:1.0 StreamingMaxPool_hls_0
# add_files -norecurse /tmp/finn_dev_emanuel-hernandez/code_gen_ipgen_StreamingFIFO_rtl_11_9xde0iu_/Q_srl.v
# add_files -norecurse /tmp/finn_dev_emanuel-hernandez/code_gen_ipgen_StreamingFIFO_rtl_11_9xde0iu_/StreamingFIFO_rtl_11.v
# create_bd_cell -type module -reference StreamingFIFO_rtl_11 StreamingFIFO_rtl_11
INFO: [IP_Flow 19-5107] Inferred bus interface 'ap_clk' of definition 'xilinx.com:signal:clock:1.0' (from X_INTERFACE_INFO parameter from HDL file).
INFO: [IP_Flow 19-5107] Inferred bus interface 'ap_clk' of definition 'xilinx.com:signal:clock:1.0' (from 'X_INTERFACE_INFO' attribute).
INFO: [IP_Flow 19-5107] Inferred bus interface 'in0_V' of definition 'xilinx.com:interface:axis:1.0' (from Xilinx Repository).
INFO: [IP_Flow 19-5107] Inferred bus interface 'out_V' of definition 'xilinx.com:interface:axis:1.0' (from Xilinx Repository).
INFO: [IP_Flow 19-5107] Inferred bus interface 'ap_rst_n' of definition 'xilinx.com:signal:reset:1.0' (from Xilinx Repository).
INFO: [IP_Flow 19-4728] Bus Interface 'ap_rst_n': Added interface parameter 'POLARITY' with value 'ACTIVE_LOW'.
INFO: [IP_Flow 19-4728] Bus Interface 'ap_clk': Added interface parameter 'ASSOCIATED_RESET' with value 'ap_rst_n'.
INFO: [IP_Flow 19-4728] Bus Interface 'ap_clk': Added interface parameter 'ASSOCIATED_BUSIF' with value 'in0_V'.
WARNING: [IP_Flow 19-3157] Bus Interface 'ap_rst_n': Bus parameter POLARITY is ACTIVE_LOW but port 'ap_rst_n' is not *resetn - please double check the POLARITY setting.
INFO: [IP_Flow 19-234] Refreshing IP repositories
INFO: [IP_Flow 19-1700] Loaded user IP repository '/home/emanuel-hernandez/finn/finn-rtllib/memstream'.
INFO: [IP_Flow 19-1700] Loaded user IP repository '/tmp/finn_dev_emanuel-hernandez/code_gen_ipgen_StreamingFIFO_rtl_0_2xp77osi'.
INFO: [IP_Flow 19-1700] Loaded user IP repository '/tmp/finn_dev_emanuel-hernandez/code_gen_ipgen_FMPadding_rtl_0_ty50wf7f'.
INFO: [IP_Flow 19-1700] Loaded user IP repository '/tmp/finn_dev_emanuel-hernandez/code_gen_ipgen_StreamingFIFO_rtl_1_m6if6tq1'.
INFO: [IP_Flow 19-1700] Loaded user IP repository '/tmp/finn_dev_emanuel-hernandez/code_gen_ipgen_ConvolutionInputGenerator_rtl_0_czth98kw'.
INFO: [IP_Flow 19-1700] Loaded user IP repository '/tmp/finn_dev_emanuel-hernandez/code_gen_ipgen_StreamingFIFO_rtl_2_q6mksatc'.
INFO: [IP_Flow 19-1700] Loaded user IP repository '/tmp/finn_dev_emanuel-hernandez/code_gen_ipgen_MVAU_hls_0_23yd46c2/project_MVAU_hls_0/sol1/impl/ip'.
INFO: [IP_Flow 19-1700] Loaded user IP repository '/tmp/finn_dev_emanuel-hernandez/code_gen_ipgen_StreamingFIFO_rtl_3_p2hyhro8'.
INFO: [IP_Flow 19-1700] Loaded user IP repository '/tmp/finn_dev_emanuel-hernandez/code_gen_ipgen_StreamingDataWidthConverter_rtl_0_dgprmkiy'.
INFO: [IP_Flow 19-1700] Loaded user IP repository '/tmp/finn_dev_emanuel-hernandez/code_gen_ipgen_StreamingFIFO_rtl_4_lh6tdo7e'.
INFO: [IP_Flow 19-1700] Loaded user IP repository '/tmp/finn_dev_emanuel-hernandez/code_gen_ipgen_FMPadding_rtl_1_xpf90tc3'.
INFO: [IP_Flow 19-1700] Loaded user IP repository '/tmp/finn_dev_emanuel-hernandez/code_gen_ipgen_StreamingFIFO_rtl_5_vvlnqhpy'.
INFO: [IP_Flow 19-1700] Loaded user IP repository '/tmp/finn_dev_emanuel-hernandez/code_gen_ipgen_StreamingDataWidthConverter_rtl_1_jnol8bbv'.
INFO: [IP_Flow 19-1700] Loaded user IP repository '/tmp/finn_dev_emanuel-hernandez/code_gen_ipgen_StreamingFIFO_rtl_6_6f4ornhe'.
INFO: [IP_Flow 19-1700] Loaded user IP repository '/tmp/finn_dev_emanuel-hernandez/code_gen_ipgen_ConvolutionInputGenerator_rtl_1_3gytnw5p'.
INFO: [IP_Flow 19-1700] Loaded user IP repository '/tmp/finn_dev_emanuel-hernandez/code_gen_ipgen_StreamingFIFO_rtl_7_6w23ui98'.
INFO: [IP_Flow 19-1700] Loaded user IP repository '/tmp/finn_dev_emanuel-hernandez/code_gen_ipgen_StreamingDataWidthConverter_rtl_2_sg9hna6v'.
INFO: [IP_Flow 19-1700] Loaded user IP repository '/tmp/finn_dev_emanuel-hernandez/code_gen_ipgen_StreamingFIFO_rtl_8_fgp0hvu1'.
INFO: [IP_Flow 19-1700] Loaded user IP repository '/tmp/finn_dev_emanuel-hernandez/code_gen_ipgen_MVAU_hls_1_juaup5kq/project_MVAU_hls_1/sol1/impl/ip'.
INFO: [IP_Flow 19-1700] Loaded user IP repository '/tmp/finn_dev_emanuel-hernandez/code_gen_ipgen_StreamingFIFO_rtl_9_8p53cw18'.
INFO: [IP_Flow 19-1700] Loaded user IP repository '/tmp/finn_dev_emanuel-hernandez/code_gen_ipgen_StreamingDataWidthConverter_rtl_3_w9ea0x8t'.
INFO: [IP_Flow 19-1700] Loaded user IP repository '/tmp/finn_dev_emanuel-hernandez/code_gen_ipgen_StreamingFIFO_rtl_10_rz1ffexj'.
INFO: [IP_Flow 19-1700] Loaded user IP repository '/tmp/finn_dev_emanuel-hernandez/code_gen_ipgen_StreamingMaxPool_hls_0_u0p0cbhc/project_StreamingMaxPool_hls_0/sol1/impl/ip'.
INFO: [IP_Flow 19-1700] Loaded user IP repository '/tmp/finn_dev_emanuel-hernandez/code_gen_ipgen_StreamingFIFO_rtl_11_9xde0iu_'.
INFO: [IP_Flow 19-1700] Loaded user IP repository '/tmp/finn_dev_emanuel-hernandez/code_gen_ipgen_FMPadding_rtl_2_bfhymavv'.
INFO: [IP_Flow 19-1700] Loaded user IP repository '/tmp/finn_dev_emanuel-hernandez/code_gen_ipgen_StreamingFIFO_rtl_12_l1u5y9oq'.
INFO: [IP_Flow 19-1700] Loaded user IP repository '/tmp/finn_dev_emanuel-hernandez/code_gen_ipgen_StreamingDataWidthConverter_rtl_4_d3noeq7x'.
INFO: [IP_Flow 19-1700] Loaded user IP repository '/tmp/finn_dev_emanuel-hernandez/code_gen_ipgen_StreamingFIFO_rtl_13__5kvrwkr'.
INFO: [IP_Flow 19-1700] Loaded user IP repository '/tmp/finn_dev_emanuel-hernandez/code_gen_ipgen_ConvolutionInputGenerator_rtl_2_dtijaray'.
INFO: [IP_Flow 19-1700] Loaded user IP repository '/tmp/finn_dev_emanuel-hernandez/code_gen_ipgen_StreamingFIFO_rtl_14_90_nfugx'.
INFO: [IP_Flow 19-1700] Loaded user IP repository '/tmp/finn_dev_emanuel-hernandez/code_gen_ipgen_StreamingDataWidthConverter_rtl_5_eg6sc5c7'.
INFO: [IP_Flow 19-1700] Loaded user IP repository '/tmp/finn_dev_emanuel-hernandez/code_gen_ipgen_StreamingFIFO_rtl_15_6k7rpw6a'.
INFO: [IP_Flow 19-1700] Loaded user IP repository '/tmp/finn_dev_emanuel-hernandez/code_gen_ipgen_MVAU_hls_2_c_8z90e9/project_MVAU_hls_2/sol1/impl/ip'.
INFO: [IP_Flow 19-1700] Loaded user IP repository '/tmp/finn_dev_emanuel-hernandez/code_gen_ipgen_StreamingFIFO_rtl_16_dcyfzx2o'.
INFO: [IP_Flow 19-1700] Loaded user IP repository '/tmp/finn_dev_emanuel-hernandez/code_gen_ipgen_StreamingDataWidthConverter_rtl_6_03z4zugl'.
INFO: [IP_Flow 19-1700] Loaded user IP repository '/tmp/finn_dev_emanuel-hernandez/code_gen_ipgen_StreamingFIFO_rtl_17_ml8iegwl'.
INFO: [IP_Flow 19-1700] Loaded user IP repository '/tmp/finn_dev_emanuel-hernandez/code_gen_ipgen_FMPadding_rtl_3_2x9msyqe'.
INFO: [IP_Flow 19-1700] Loaded user IP repository '/tmp/finn_dev_emanuel-hernandez/code_gen_ipgen_StreamingFIFO_rtl_18_0dc9afhr'.
INFO: [IP_Flow 19-1700] Loaded user IP repository '/tmp/finn_dev_emanuel-hernandez/code_gen_ipgen_StreamingDataWidthConverter_rtl_7_4ikvmjoa'.
INFO: [IP_Flow 19-1700] Loaded user IP repository '/tmp/finn_dev_emanuel-hernandez/code_gen_ipgen_StreamingFIFO_rtl_19_dcp13z__'.
INFO: [IP_Flow 19-1700] Loaded user IP repository '/tmp/finn_dev_emanuel-hernandez/code_gen_ipgen_ConvolutionInputGenerator_rtl_3_s53q98tt'.
INFO: [IP_Flow 19-1700] Loaded user IP repository '/tmp/finn_dev_emanuel-hernandez/code_gen_ipgen_StreamingFIFO_rtl_20_zwdrd7b4'.
INFO: [IP_Flow 19-1700] Loaded user IP repository '/tmp/finn_dev_emanuel-hernandez/code_gen_ipgen_StreamingDataWidthConverter_rtl_8_7jr6z08o'.
INFO: [IP_Flow 19-1700] Loaded user IP repository '/tmp/finn_dev_emanuel-hernandez/code_gen_ipgen_StreamingFIFO_rtl_21_lv51e197'.
INFO: [IP_Flow 19-1700] Loaded user IP repository '/tmp/finn_dev_emanuel-hernandez/code_gen_ipgen_MVAU_hls_3_b35vdh1n/project_MVAU_hls_3/sol1/impl/ip'.
INFO: [IP_Flow 19-1700] Loaded user IP repository '/tmp/finn_dev_emanuel-hernandez/code_gen_ipgen_StreamingFIFO_rtl_22_byid7tf2'.
INFO: [IP_Flow 19-1700] Loaded user IP repository '/tmp/finn_dev_emanuel-hernandez/code_gen_ipgen_StreamingDataWidthConverter_rtl_9_1ve3wz7j'.
INFO: [IP_Flow 19-1700] Loaded user IP repository '/tmp/finn_dev_emanuel-hernandez/code_gen_ipgen_StreamingFIFO_rtl_23_zfz13eo2'.
INFO: [IP_Flow 19-1700] Loaded user IP repository '/tmp/finn_dev_emanuel-hernandez/code_gen_ipgen_StreamingMaxPool_hls_1_7wwp66zq/project_StreamingMaxPool_hls_1/sol1/impl/ip'.
INFO: [IP_Flow 19-1700] Loaded user IP repository '/tmp/finn_dev_emanuel-hernandez/code_gen_ipgen_StreamingFIFO_rtl_24_z54i444h'.
INFO: [IP_Flow 19-1700] Loaded user IP repository '/tmp/finn_dev_emanuel-hernandez/code_gen_ipgen_StreamingDataWidthConverter_rtl_10_yub6am8x'.
INFO: [IP_Flow 19-1700] Loaded user IP repository '/tmp/finn_dev_emanuel-hernandez/code_gen_ipgen_StreamingFIFO_rtl_25_k4tmsb30'.
INFO: [IP_Flow 19-1700] Loaded user IP repository '/tmp/finn_dev_emanuel-hernandez/code_gen_ipgen_MVAU_hls_4_tmhw3dtv/project_MVAU_hls_4/sol1/impl/ip'.
INFO: [IP_Flow 19-1700] Loaded user IP repository '/tmp/finn_dev_emanuel-hernandez/code_gen_ipgen_StreamingFIFO_rtl_26_8mjg4iui'.
INFO: [IP_Flow 19-1700] Loaded user IP repository '/tmp/finn_dev_emanuel-hernandez/code_gen_ipgen_MVAU_rtl_0_5irei88l'.
INFO: [IP_Flow 19-1700] Loaded user IP repository '/tmp/finn_dev_emanuel-hernandez/code_gen_ipgen_StreamingFIFO_rtl_27_agjbqf20'.
WARNING: [IP_Flow 19-3571] IP 'finn_design_StreamingFIFO_rtl_11_0' is restricted:
* Detected changes to module reference file(s).
# add_files -norecurse /tmp/finn_dev_emanuel-hernandez/code_gen_ipgen_FMPadding_rtl_2_bfhymavv/fmpadding_axi.sv
# add_files -norecurse /tmp/finn_dev_emanuel-hernandez/code_gen_ipgen_FMPadding_rtl_2_bfhymavv/fmpadding.sv
# add_files -norecurse /tmp/finn_dev_emanuel-hernandez/code_gen_ipgen_FMPadding_rtl_2_bfhymavv/axi2we.sv
# add_files -norecurse /tmp/finn_dev_emanuel-hernandez/code_gen_ipgen_FMPadding_rtl_2_bfhymavv/FMPadding_rtl_2.v
CRITICAL WARNING: [Vivado 12-3645] Please note that adding or importing multiple files, one at a time, can be performance intensive.  Both add_files and import_files commands accept multiple files as input, and passing a collection of multiple files to a single add_files or import_files commands can offer significant performance improvement.
# create_bd_cell -type module -reference FMPadding_rtl_2 FMPadding_rtl_2
INFO: [IP_Flow 19-5107] Inferred bus interface 'ap_clk' of definition 'xilinx.com:signal:clock:1.0' (from X_INTERFACE_INFO parameter from HDL file).
INFO: [IP_Flow 19-5107] Inferred bus interface 'ap_clk' of definition 'xilinx.com:signal:clock:1.0' (from 'X_INTERFACE_INFO' attribute).
INFO: [IP_Flow 19-5107] Inferred bus interface 'in0_V' of definition 'xilinx.com:interface:axis:1.0' (from Xilinx Repository).
INFO: [IP_Flow 19-5107] Inferred bus interface 'out_V' of definition 'xilinx.com:interface:axis:1.0' (from Xilinx Repository).
INFO: [IP_Flow 19-5107] Inferred bus interface 's_axilite' of definition 'xilinx.com:interface:aximm:1.0' (from Xilinx Repository).
INFO: [IP_Flow 19-5107] Inferred bus interface 'ap_rst_n' of definition 'xilinx.com:signal:reset:1.0' (from Xilinx Repository).
INFO: [IP_Flow 19-4728] Bus Interface 'ap_rst_n': Added interface parameter 'POLARITY' with value 'ACTIVE_LOW'.
INFO: [IP_Flow 19-4728] Bus Interface 'ap_clk': Added interface parameter 'ASSOCIATED_RESET' with value 'ap_rst_n'.
INFO: [IP_Flow 19-4728] Bus Interface 'ap_clk': Added interface parameter 'ASSOCIATED_BUSIF' with value 'in0_V'.
WARNING: [IP_Flow 19-3157] Bus Interface 'ap_rst_n': Bus parameter POLARITY is ACTIVE_LOW but port 'ap_rst_n' is not *resetn - please double check the POLARITY setting.
INFO: [IP_Flow 19-234] Refreshing IP repositories
INFO: [IP_Flow 19-1700] Loaded user IP repository '/home/emanuel-hernandez/finn/finn-rtllib/memstream'.
INFO: [IP_Flow 19-1700] Loaded user IP repository '/tmp/finn_dev_emanuel-hernandez/code_gen_ipgen_StreamingFIFO_rtl_0_2xp77osi'.
INFO: [IP_Flow 19-1700] Loaded user IP repository '/tmp/finn_dev_emanuel-hernandez/code_gen_ipgen_FMPadding_rtl_0_ty50wf7f'.
INFO: [IP_Flow 19-1700] Loaded user IP repository '/tmp/finn_dev_emanuel-hernandez/code_gen_ipgen_StreamingFIFO_rtl_1_m6if6tq1'.
INFO: [IP_Flow 19-1700] Loaded user IP repository '/tmp/finn_dev_emanuel-hernandez/code_gen_ipgen_ConvolutionInputGenerator_rtl_0_czth98kw'.
INFO: [IP_Flow 19-1700] Loaded user IP repository '/tmp/finn_dev_emanuel-hernandez/code_gen_ipgen_StreamingFIFO_rtl_2_q6mksatc'.
INFO: [IP_Flow 19-1700] Loaded user IP repository '/tmp/finn_dev_emanuel-hernandez/code_gen_ipgen_MVAU_hls_0_23yd46c2/project_MVAU_hls_0/sol1/impl/ip'.
INFO: [IP_Flow 19-1700] Loaded user IP repository '/tmp/finn_dev_emanuel-hernandez/code_gen_ipgen_StreamingFIFO_rtl_3_p2hyhro8'.
INFO: [IP_Flow 19-1700] Loaded user IP repository '/tmp/finn_dev_emanuel-hernandez/code_gen_ipgen_StreamingDataWidthConverter_rtl_0_dgprmkiy'.
INFO: [IP_Flow 19-1700] Loaded user IP repository '/tmp/finn_dev_emanuel-hernandez/code_gen_ipgen_StreamingFIFO_rtl_4_lh6tdo7e'.
INFO: [IP_Flow 19-1700] Loaded user IP repository '/tmp/finn_dev_emanuel-hernandez/code_gen_ipgen_FMPadding_rtl_1_xpf90tc3'.
INFO: [IP_Flow 19-1700] Loaded user IP repository '/tmp/finn_dev_emanuel-hernandez/code_gen_ipgen_StreamingFIFO_rtl_5_vvlnqhpy'.
INFO: [IP_Flow 19-1700] Loaded user IP repository '/tmp/finn_dev_emanuel-hernandez/code_gen_ipgen_StreamingDataWidthConverter_rtl_1_jnol8bbv'.
INFO: [IP_Flow 19-1700] Loaded user IP repository '/tmp/finn_dev_emanuel-hernandez/code_gen_ipgen_StreamingFIFO_rtl_6_6f4ornhe'.
INFO: [IP_Flow 19-1700] Loaded user IP repository '/tmp/finn_dev_emanuel-hernandez/code_gen_ipgen_ConvolutionInputGenerator_rtl_1_3gytnw5p'.
INFO: [IP_Flow 19-1700] Loaded user IP repository '/tmp/finn_dev_emanuel-hernandez/code_gen_ipgen_StreamingFIFO_rtl_7_6w23ui98'.
INFO: [IP_Flow 19-1700] Loaded user IP repository '/tmp/finn_dev_emanuel-hernandez/code_gen_ipgen_StreamingDataWidthConverter_rtl_2_sg9hna6v'.
INFO: [IP_Flow 19-1700] Loaded user IP repository '/tmp/finn_dev_emanuel-hernandez/code_gen_ipgen_StreamingFIFO_rtl_8_fgp0hvu1'.
INFO: [IP_Flow 19-1700] Loaded user IP repository '/tmp/finn_dev_emanuel-hernandez/code_gen_ipgen_MVAU_hls_1_juaup5kq/project_MVAU_hls_1/sol1/impl/ip'.
INFO: [IP_Flow 19-1700] Loaded user IP repository '/tmp/finn_dev_emanuel-hernandez/code_gen_ipgen_StreamingFIFO_rtl_9_8p53cw18'.
INFO: [IP_Flow 19-1700] Loaded user IP repository '/tmp/finn_dev_emanuel-hernandez/code_gen_ipgen_StreamingDataWidthConverter_rtl_3_w9ea0x8t'.
INFO: [IP_Flow 19-1700] Loaded user IP repository '/tmp/finn_dev_emanuel-hernandez/code_gen_ipgen_StreamingFIFO_rtl_10_rz1ffexj'.
INFO: [IP_Flow 19-1700] Loaded user IP repository '/tmp/finn_dev_emanuel-hernandez/code_gen_ipgen_StreamingMaxPool_hls_0_u0p0cbhc/project_StreamingMaxPool_hls_0/sol1/impl/ip'.
INFO: [IP_Flow 19-1700] Loaded user IP repository '/tmp/finn_dev_emanuel-hernandez/code_gen_ipgen_StreamingFIFO_rtl_11_9xde0iu_'.
INFO: [IP_Flow 19-1700] Loaded user IP repository '/tmp/finn_dev_emanuel-hernandez/code_gen_ipgen_FMPadding_rtl_2_bfhymavv'.
INFO: [IP_Flow 19-1700] Loaded user IP repository '/tmp/finn_dev_emanuel-hernandez/code_gen_ipgen_StreamingFIFO_rtl_12_l1u5y9oq'.
INFO: [IP_Flow 19-1700] Loaded user IP repository '/tmp/finn_dev_emanuel-hernandez/code_gen_ipgen_StreamingDataWidthConverter_rtl_4_d3noeq7x'.
INFO: [IP_Flow 19-1700] Loaded user IP repository '/tmp/finn_dev_emanuel-hernandez/code_gen_ipgen_StreamingFIFO_rtl_13__5kvrwkr'.
INFO: [IP_Flow 19-1700] Loaded user IP repository '/tmp/finn_dev_emanuel-hernandez/code_gen_ipgen_ConvolutionInputGenerator_rtl_2_dtijaray'.
INFO: [IP_Flow 19-1700] Loaded user IP repository '/tmp/finn_dev_emanuel-hernandez/code_gen_ipgen_StreamingFIFO_rtl_14_90_nfugx'.
INFO: [IP_Flow 19-1700] Loaded user IP repository '/tmp/finn_dev_emanuel-hernandez/code_gen_ipgen_StreamingDataWidthConverter_rtl_5_eg6sc5c7'.
INFO: [IP_Flow 19-1700] Loaded user IP repository '/tmp/finn_dev_emanuel-hernandez/code_gen_ipgen_StreamingFIFO_rtl_15_6k7rpw6a'.
INFO: [IP_Flow 19-1700] Loaded user IP repository '/tmp/finn_dev_emanuel-hernandez/code_gen_ipgen_MVAU_hls_2_c_8z90e9/project_MVAU_hls_2/sol1/impl/ip'.
INFO: [IP_Flow 19-1700] Loaded user IP repository '/tmp/finn_dev_emanuel-hernandez/code_gen_ipgen_StreamingFIFO_rtl_16_dcyfzx2o'.
INFO: [IP_Flow 19-1700] Loaded user IP repository '/tmp/finn_dev_emanuel-hernandez/code_gen_ipgen_StreamingDataWidthConverter_rtl_6_03z4zugl'.
INFO: [IP_Flow 19-1700] Loaded user IP repository '/tmp/finn_dev_emanuel-hernandez/code_gen_ipgen_StreamingFIFO_rtl_17_ml8iegwl'.
INFO: [IP_Flow 19-1700] Loaded user IP repository '/tmp/finn_dev_emanuel-hernandez/code_gen_ipgen_FMPadding_rtl_3_2x9msyqe'.
INFO: [IP_Flow 19-1700] Loaded user IP repository '/tmp/finn_dev_emanuel-hernandez/code_gen_ipgen_StreamingFIFO_rtl_18_0dc9afhr'.
INFO: [IP_Flow 19-1700] Loaded user IP repository '/tmp/finn_dev_emanuel-hernandez/code_gen_ipgen_StreamingDataWidthConverter_rtl_7_4ikvmjoa'.
INFO: [IP_Flow 19-1700] Loaded user IP repository '/tmp/finn_dev_emanuel-hernandez/code_gen_ipgen_StreamingFIFO_rtl_19_dcp13z__'.
INFO: [IP_Flow 19-1700] Loaded user IP repository '/tmp/finn_dev_emanuel-hernandez/code_gen_ipgen_ConvolutionInputGenerator_rtl_3_s53q98tt'.
INFO: [IP_Flow 19-1700] Loaded user IP repository '/tmp/finn_dev_emanuel-hernandez/code_gen_ipgen_StreamingFIFO_rtl_20_zwdrd7b4'.
INFO: [IP_Flow 19-1700] Loaded user IP repository '/tmp/finn_dev_emanuel-hernandez/code_gen_ipgen_StreamingDataWidthConverter_rtl_8_7jr6z08o'.
INFO: [IP_Flow 19-1700] Loaded user IP repository '/tmp/finn_dev_emanuel-hernandez/code_gen_ipgen_StreamingFIFO_rtl_21_lv51e197'.
INFO: [IP_Flow 19-1700] Loaded user IP repository '/tmp/finn_dev_emanuel-hernandez/code_gen_ipgen_MVAU_hls_3_b35vdh1n/project_MVAU_hls_3/sol1/impl/ip'.
INFO: [IP_Flow 19-1700] Loaded user IP repository '/tmp/finn_dev_emanuel-hernandez/code_gen_ipgen_StreamingFIFO_rtl_22_byid7tf2'.
INFO: [IP_Flow 19-1700] Loaded user IP repository '/tmp/finn_dev_emanuel-hernandez/code_gen_ipgen_StreamingDataWidthConverter_rtl_9_1ve3wz7j'.
INFO: [IP_Flow 19-1700] Loaded user IP repository '/tmp/finn_dev_emanuel-hernandez/code_gen_ipgen_StreamingFIFO_rtl_23_zfz13eo2'.
INFO: [IP_Flow 19-1700] Loaded user IP repository '/tmp/finn_dev_emanuel-hernandez/code_gen_ipgen_StreamingMaxPool_hls_1_7wwp66zq/project_StreamingMaxPool_hls_1/sol1/impl/ip'.
INFO: [IP_Flow 19-1700] Loaded user IP repository '/tmp/finn_dev_emanuel-hernandez/code_gen_ipgen_StreamingFIFO_rtl_24_z54i444h'.
INFO: [IP_Flow 19-1700] Loaded user IP repository '/tmp/finn_dev_emanuel-hernandez/code_gen_ipgen_StreamingDataWidthConverter_rtl_10_yub6am8x'.
INFO: [IP_Flow 19-1700] Loaded user IP repository '/tmp/finn_dev_emanuel-hernandez/code_gen_ipgen_StreamingFIFO_rtl_25_k4tmsb30'.
INFO: [IP_Flow 19-1700] Loaded user IP repository '/tmp/finn_dev_emanuel-hernandez/code_gen_ipgen_MVAU_hls_4_tmhw3dtv/project_MVAU_hls_4/sol1/impl/ip'.
INFO: [IP_Flow 19-1700] Loaded user IP repository '/tmp/finn_dev_emanuel-hernandez/code_gen_ipgen_StreamingFIFO_rtl_26_8mjg4iui'.
INFO: [IP_Flow 19-1700] Loaded user IP repository '/tmp/finn_dev_emanuel-hernandez/code_gen_ipgen_MVAU_rtl_0_5irei88l'.
INFO: [IP_Flow 19-1700] Loaded user IP repository '/tmp/finn_dev_emanuel-hernandez/code_gen_ipgen_StreamingFIFO_rtl_27_agjbqf20'.
WARNING: [IP_Flow 19-3571] IP 'finn_design_FMPadding_rtl_2_0' is restricted:
* Detected changes to module reference file(s).
# add_files -norecurse /tmp/finn_dev_emanuel-hernandez/code_gen_ipgen_StreamingFIFO_rtl_12_l1u5y9oq/Q_srl.v
# add_files -norecurse /tmp/finn_dev_emanuel-hernandez/code_gen_ipgen_StreamingFIFO_rtl_12_l1u5y9oq/StreamingFIFO_rtl_12.v
# create_bd_cell -type module -reference StreamingFIFO_rtl_12 StreamingFIFO_rtl_12
INFO: [IP_Flow 19-5107] Inferred bus interface 'ap_clk' of definition 'xilinx.com:signal:clock:1.0' (from X_INTERFACE_INFO parameter from HDL file).
INFO: [IP_Flow 19-5107] Inferred bus interface 'ap_clk' of definition 'xilinx.com:signal:clock:1.0' (from 'X_INTERFACE_INFO' attribute).
INFO: [IP_Flow 19-5107] Inferred bus interface 'in0_V' of definition 'xilinx.com:interface:axis:1.0' (from Xilinx Repository).
INFO: [IP_Flow 19-5107] Inferred bus interface 'out_V' of definition 'xilinx.com:interface:axis:1.0' (from Xilinx Repository).
INFO: [IP_Flow 19-5107] Inferred bus interface 'ap_rst_n' of definition 'xilinx.com:signal:reset:1.0' (from Xilinx Repository).
INFO: [IP_Flow 19-4728] Bus Interface 'ap_rst_n': Added interface parameter 'POLARITY' with value 'ACTIVE_LOW'.
INFO: [IP_Flow 19-4728] Bus Interface 'ap_clk': Added interface parameter 'ASSOCIATED_RESET' with value 'ap_rst_n'.
INFO: [IP_Flow 19-4728] Bus Interface 'ap_clk': Added interface parameter 'ASSOCIATED_BUSIF' with value 'in0_V'.
WARNING: [IP_Flow 19-3157] Bus Interface 'ap_rst_n': Bus parameter POLARITY is ACTIVE_LOW but port 'ap_rst_n' is not *resetn - please double check the POLARITY setting.
INFO: [IP_Flow 19-234] Refreshing IP repositories
INFO: [IP_Flow 19-1700] Loaded user IP repository '/home/emanuel-hernandez/finn/finn-rtllib/memstream'.
INFO: [IP_Flow 19-1700] Loaded user IP repository '/tmp/finn_dev_emanuel-hernandez/code_gen_ipgen_StreamingFIFO_rtl_0_2xp77osi'.
INFO: [IP_Flow 19-1700] Loaded user IP repository '/tmp/finn_dev_emanuel-hernandez/code_gen_ipgen_FMPadding_rtl_0_ty50wf7f'.
INFO: [IP_Flow 19-1700] Loaded user IP repository '/tmp/finn_dev_emanuel-hernandez/code_gen_ipgen_StreamingFIFO_rtl_1_m6if6tq1'.
INFO: [IP_Flow 19-1700] Loaded user IP repository '/tmp/finn_dev_emanuel-hernandez/code_gen_ipgen_ConvolutionInputGenerator_rtl_0_czth98kw'.
INFO: [IP_Flow 19-1700] Loaded user IP repository '/tmp/finn_dev_emanuel-hernandez/code_gen_ipgen_StreamingFIFO_rtl_2_q6mksatc'.
INFO: [IP_Flow 19-1700] Loaded user IP repository '/tmp/finn_dev_emanuel-hernandez/code_gen_ipgen_MVAU_hls_0_23yd46c2/project_MVAU_hls_0/sol1/impl/ip'.
INFO: [IP_Flow 19-1700] Loaded user IP repository '/tmp/finn_dev_emanuel-hernandez/code_gen_ipgen_StreamingFIFO_rtl_3_p2hyhro8'.
INFO: [IP_Flow 19-1700] Loaded user IP repository '/tmp/finn_dev_emanuel-hernandez/code_gen_ipgen_StreamingDataWidthConverter_rtl_0_dgprmkiy'.
INFO: [IP_Flow 19-1700] Loaded user IP repository '/tmp/finn_dev_emanuel-hernandez/code_gen_ipgen_StreamingFIFO_rtl_4_lh6tdo7e'.
INFO: [IP_Flow 19-1700] Loaded user IP repository '/tmp/finn_dev_emanuel-hernandez/code_gen_ipgen_FMPadding_rtl_1_xpf90tc3'.
INFO: [IP_Flow 19-1700] Loaded user IP repository '/tmp/finn_dev_emanuel-hernandez/code_gen_ipgen_StreamingFIFO_rtl_5_vvlnqhpy'.
INFO: [IP_Flow 19-1700] Loaded user IP repository '/tmp/finn_dev_emanuel-hernandez/code_gen_ipgen_StreamingDataWidthConverter_rtl_1_jnol8bbv'.
INFO: [IP_Flow 19-1700] Loaded user IP repository '/tmp/finn_dev_emanuel-hernandez/code_gen_ipgen_StreamingFIFO_rtl_6_6f4ornhe'.
INFO: [IP_Flow 19-1700] Loaded user IP repository '/tmp/finn_dev_emanuel-hernandez/code_gen_ipgen_ConvolutionInputGenerator_rtl_1_3gytnw5p'.
INFO: [IP_Flow 19-1700] Loaded user IP repository '/tmp/finn_dev_emanuel-hernandez/code_gen_ipgen_StreamingFIFO_rtl_7_6w23ui98'.
INFO: [IP_Flow 19-1700] Loaded user IP repository '/tmp/finn_dev_emanuel-hernandez/code_gen_ipgen_StreamingDataWidthConverter_rtl_2_sg9hna6v'.
INFO: [IP_Flow 19-1700] Loaded user IP repository '/tmp/finn_dev_emanuel-hernandez/code_gen_ipgen_StreamingFIFO_rtl_8_fgp0hvu1'.
INFO: [IP_Flow 19-1700] Loaded user IP repository '/tmp/finn_dev_emanuel-hernandez/code_gen_ipgen_MVAU_hls_1_juaup5kq/project_MVAU_hls_1/sol1/impl/ip'.
INFO: [IP_Flow 19-1700] Loaded user IP repository '/tmp/finn_dev_emanuel-hernandez/code_gen_ipgen_StreamingFIFO_rtl_9_8p53cw18'.
INFO: [IP_Flow 19-1700] Loaded user IP repository '/tmp/finn_dev_emanuel-hernandez/code_gen_ipgen_StreamingDataWidthConverter_rtl_3_w9ea0x8t'.
INFO: [IP_Flow 19-1700] Loaded user IP repository '/tmp/finn_dev_emanuel-hernandez/code_gen_ipgen_StreamingFIFO_rtl_10_rz1ffexj'.
INFO: [IP_Flow 19-1700] Loaded user IP repository '/tmp/finn_dev_emanuel-hernandez/code_gen_ipgen_StreamingMaxPool_hls_0_u0p0cbhc/project_StreamingMaxPool_hls_0/sol1/impl/ip'.
INFO: [IP_Flow 19-1700] Loaded user IP repository '/tmp/finn_dev_emanuel-hernandez/code_gen_ipgen_StreamingFIFO_rtl_11_9xde0iu_'.
INFO: [IP_Flow 19-1700] Loaded user IP repository '/tmp/finn_dev_emanuel-hernandez/code_gen_ipgen_FMPadding_rtl_2_bfhymavv'.
INFO: [IP_Flow 19-1700] Loaded user IP repository '/tmp/finn_dev_emanuel-hernandez/code_gen_ipgen_StreamingFIFO_rtl_12_l1u5y9oq'.
INFO: [IP_Flow 19-1700] Loaded user IP repository '/tmp/finn_dev_emanuel-hernandez/code_gen_ipgen_StreamingDataWidthConverter_rtl_4_d3noeq7x'.
INFO: [IP_Flow 19-1700] Loaded user IP repository '/tmp/finn_dev_emanuel-hernandez/code_gen_ipgen_StreamingFIFO_rtl_13__5kvrwkr'.
INFO: [IP_Flow 19-1700] Loaded user IP repository '/tmp/finn_dev_emanuel-hernandez/code_gen_ipgen_ConvolutionInputGenerator_rtl_2_dtijaray'.
INFO: [IP_Flow 19-1700] Loaded user IP repository '/tmp/finn_dev_emanuel-hernandez/code_gen_ipgen_StreamingFIFO_rtl_14_90_nfugx'.
INFO: [IP_Flow 19-1700] Loaded user IP repository '/tmp/finn_dev_emanuel-hernandez/code_gen_ipgen_StreamingDataWidthConverter_rtl_5_eg6sc5c7'.
INFO: [IP_Flow 19-1700] Loaded user IP repository '/tmp/finn_dev_emanuel-hernandez/code_gen_ipgen_StreamingFIFO_rtl_15_6k7rpw6a'.
INFO: [IP_Flow 19-1700] Loaded user IP repository '/tmp/finn_dev_emanuel-hernandez/code_gen_ipgen_MVAU_hls_2_c_8z90e9/project_MVAU_hls_2/sol1/impl/ip'.
INFO: [IP_Flow 19-1700] Loaded user IP repository '/tmp/finn_dev_emanuel-hernandez/code_gen_ipgen_StreamingFIFO_rtl_16_dcyfzx2o'.
INFO: [IP_Flow 19-1700] Loaded user IP repository '/tmp/finn_dev_emanuel-hernandez/code_gen_ipgen_StreamingDataWidthConverter_rtl_6_03z4zugl'.
INFO: [IP_Flow 19-1700] Loaded user IP repository '/tmp/finn_dev_emanuel-hernandez/code_gen_ipgen_StreamingFIFO_rtl_17_ml8iegwl'.
INFO: [IP_Flow 19-1700] Loaded user IP repository '/tmp/finn_dev_emanuel-hernandez/code_gen_ipgen_FMPadding_rtl_3_2x9msyqe'.
INFO: [IP_Flow 19-1700] Loaded user IP repository '/tmp/finn_dev_emanuel-hernandez/code_gen_ipgen_StreamingFIFO_rtl_18_0dc9afhr'.
INFO: [IP_Flow 19-1700] Loaded user IP repository '/tmp/finn_dev_emanuel-hernandez/code_gen_ipgen_StreamingDataWidthConverter_rtl_7_4ikvmjoa'.
INFO: [IP_Flow 19-1700] Loaded user IP repository '/tmp/finn_dev_emanuel-hernandez/code_gen_ipgen_StreamingFIFO_rtl_19_dcp13z__'.
INFO: [IP_Flow 19-1700] Loaded user IP repository '/tmp/finn_dev_emanuel-hernandez/code_gen_ipgen_ConvolutionInputGenerator_rtl_3_s53q98tt'.
INFO: [IP_Flow 19-1700] Loaded user IP repository '/tmp/finn_dev_emanuel-hernandez/code_gen_ipgen_StreamingFIFO_rtl_20_zwdrd7b4'.
INFO: [IP_Flow 19-1700] Loaded user IP repository '/tmp/finn_dev_emanuel-hernandez/code_gen_ipgen_StreamingDataWidthConverter_rtl_8_7jr6z08o'.
INFO: [IP_Flow 19-1700] Loaded user IP repository '/tmp/finn_dev_emanuel-hernandez/code_gen_ipgen_StreamingFIFO_rtl_21_lv51e197'.
INFO: [IP_Flow 19-1700] Loaded user IP repository '/tmp/finn_dev_emanuel-hernandez/code_gen_ipgen_MVAU_hls_3_b35vdh1n/project_MVAU_hls_3/sol1/impl/ip'.
INFO: [IP_Flow 19-1700] Loaded user IP repository '/tmp/finn_dev_emanuel-hernandez/code_gen_ipgen_StreamingFIFO_rtl_22_byid7tf2'.
INFO: [IP_Flow 19-1700] Loaded user IP repository '/tmp/finn_dev_emanuel-hernandez/code_gen_ipgen_StreamingDataWidthConverter_rtl_9_1ve3wz7j'.
INFO: [IP_Flow 19-1700] Loaded user IP repository '/tmp/finn_dev_emanuel-hernandez/code_gen_ipgen_StreamingFIFO_rtl_23_zfz13eo2'.
INFO: [IP_Flow 19-1700] Loaded user IP repository '/tmp/finn_dev_emanuel-hernandez/code_gen_ipgen_StreamingMaxPool_hls_1_7wwp66zq/project_StreamingMaxPool_hls_1/sol1/impl/ip'.
INFO: [IP_Flow 19-1700] Loaded user IP repository '/tmp/finn_dev_emanuel-hernandez/code_gen_ipgen_StreamingFIFO_rtl_24_z54i444h'.
INFO: [IP_Flow 19-1700] Loaded user IP repository '/tmp/finn_dev_emanuel-hernandez/code_gen_ipgen_StreamingDataWidthConverter_rtl_10_yub6am8x'.
INFO: [IP_Flow 19-1700] Loaded user IP repository '/tmp/finn_dev_emanuel-hernandez/code_gen_ipgen_StreamingFIFO_rtl_25_k4tmsb30'.
INFO: [IP_Flow 19-1700] Loaded user IP repository '/tmp/finn_dev_emanuel-hernandez/code_gen_ipgen_MVAU_hls_4_tmhw3dtv/project_MVAU_hls_4/sol1/impl/ip'.
INFO: [IP_Flow 19-1700] Loaded user IP repository '/tmp/finn_dev_emanuel-hernandez/code_gen_ipgen_StreamingFIFO_rtl_26_8mjg4iui'.
INFO: [IP_Flow 19-1700] Loaded user IP repository '/tmp/finn_dev_emanuel-hernandez/code_gen_ipgen_MVAU_rtl_0_5irei88l'.
INFO: [IP_Flow 19-1700] Loaded user IP repository '/tmp/finn_dev_emanuel-hernandez/code_gen_ipgen_StreamingFIFO_rtl_27_agjbqf20'.
WARNING: [IP_Flow 19-3571] IP 'finn_design_StreamingFIFO_rtl_12_0' is restricted:
* Detected changes to module reference file(s).
# add_files -norecurse /tmp/finn_dev_emanuel-hernandez/code_gen_ipgen_StreamingDataWidthConverter_rtl_4_d3noeq7x/dwc_axi.sv
# add_files -norecurse /tmp/finn_dev_emanuel-hernandez/code_gen_ipgen_StreamingDataWidthConverter_rtl_4_d3noeq7x/dwc.sv
# add_files -norecurse /tmp/finn_dev_emanuel-hernandez/code_gen_ipgen_StreamingDataWidthConverter_rtl_4_d3noeq7x/StreamingDataWidthConverter_rtl_4.v
# create_bd_cell -type module -reference StreamingDataWidthConverter_rtl_4 StreamingDataWidthConverter_rtl_4
INFO: [IP_Flow 19-5107] Inferred bus interface 'ap_clk' of definition 'xilinx.com:signal:clock:1.0' (from X_INTERFACE_INFO parameter from HDL file).
INFO: [IP_Flow 19-5107] Inferred bus interface 'ap_clk' of definition 'xilinx.com:signal:clock:1.0' (from 'X_INTERFACE_INFO' attribute).
INFO: [IP_Flow 19-5107] Inferred bus interface 'in0_V' of definition 'xilinx.com:interface:axis:1.0' (from Xilinx Repository).
INFO: [IP_Flow 19-5107] Inferred bus interface 'out_V' of definition 'xilinx.com:interface:axis:1.0' (from Xilinx Repository).
INFO: [IP_Flow 19-5107] Inferred bus interface 'ap_rst_n' of definition 'xilinx.com:signal:reset:1.0' (from Xilinx Repository).
INFO: [IP_Flow 19-4728] Bus Interface 'ap_rst_n': Added interface parameter 'POLARITY' with value 'ACTIVE_LOW'.
INFO: [IP_Flow 19-4728] Bus Interface 'ap_clk': Added interface parameter 'ASSOCIATED_RESET' with value 'ap_rst_n'.
INFO: [IP_Flow 19-4728] Bus Interface 'ap_clk': Added interface parameter 'ASSOCIATED_BUSIF' with value 'in0_V'.
INFO: [IP_Flow 19-818] Not transferring value dependency attribute "(((spirit:decode(id('MODELPARAM_VALUE.IBITS')) + 7) / 8) * 8)" into user parameter "AXI_IBITS".
INFO: [IP_Flow 19-818] Not transferring value dependency attribute "(((spirit:decode(id('MODELPARAM_VALUE.OBITS')) + 7) / 8) * 8)" into user parameter "AXI_OBITS".
WARNING: [IP_Flow 19-3157] Bus Interface 'ap_rst_n': Bus parameter POLARITY is ACTIVE_LOW but port 'ap_rst_n' is not *resetn - please double check the POLARITY setting.
INFO: [IP_Flow 19-234] Refreshing IP repositories
INFO: [IP_Flow 19-1700] Loaded user IP repository '/home/emanuel-hernandez/finn/finn-rtllib/memstream'.
INFO: [IP_Flow 19-1700] Loaded user IP repository '/tmp/finn_dev_emanuel-hernandez/code_gen_ipgen_StreamingFIFO_rtl_0_2xp77osi'.
INFO: [IP_Flow 19-1700] Loaded user IP repository '/tmp/finn_dev_emanuel-hernandez/code_gen_ipgen_FMPadding_rtl_0_ty50wf7f'.
INFO: [IP_Flow 19-1700] Loaded user IP repository '/tmp/finn_dev_emanuel-hernandez/code_gen_ipgen_StreamingFIFO_rtl_1_m6if6tq1'.
INFO: [IP_Flow 19-1700] Loaded user IP repository '/tmp/finn_dev_emanuel-hernandez/code_gen_ipgen_ConvolutionInputGenerator_rtl_0_czth98kw'.
INFO: [IP_Flow 19-1700] Loaded user IP repository '/tmp/finn_dev_emanuel-hernandez/code_gen_ipgen_StreamingFIFO_rtl_2_q6mksatc'.
INFO: [IP_Flow 19-1700] Loaded user IP repository '/tmp/finn_dev_emanuel-hernandez/code_gen_ipgen_MVAU_hls_0_23yd46c2/project_MVAU_hls_0/sol1/impl/ip'.
INFO: [IP_Flow 19-1700] Loaded user IP repository '/tmp/finn_dev_emanuel-hernandez/code_gen_ipgen_StreamingFIFO_rtl_3_p2hyhro8'.
INFO: [IP_Flow 19-1700] Loaded user IP repository '/tmp/finn_dev_emanuel-hernandez/code_gen_ipgen_StreamingDataWidthConverter_rtl_0_dgprmkiy'.
INFO: [IP_Flow 19-1700] Loaded user IP repository '/tmp/finn_dev_emanuel-hernandez/code_gen_ipgen_StreamingFIFO_rtl_4_lh6tdo7e'.
INFO: [IP_Flow 19-1700] Loaded user IP repository '/tmp/finn_dev_emanuel-hernandez/code_gen_ipgen_FMPadding_rtl_1_xpf90tc3'.
INFO: [IP_Flow 19-1700] Loaded user IP repository '/tmp/finn_dev_emanuel-hernandez/code_gen_ipgen_StreamingFIFO_rtl_5_vvlnqhpy'.
INFO: [IP_Flow 19-1700] Loaded user IP repository '/tmp/finn_dev_emanuel-hernandez/code_gen_ipgen_StreamingDataWidthConverter_rtl_1_jnol8bbv'.
INFO: [IP_Flow 19-1700] Loaded user IP repository '/tmp/finn_dev_emanuel-hernandez/code_gen_ipgen_StreamingFIFO_rtl_6_6f4ornhe'.
INFO: [IP_Flow 19-1700] Loaded user IP repository '/tmp/finn_dev_emanuel-hernandez/code_gen_ipgen_ConvolutionInputGenerator_rtl_1_3gytnw5p'.
INFO: [IP_Flow 19-1700] Loaded user IP repository '/tmp/finn_dev_emanuel-hernandez/code_gen_ipgen_StreamingFIFO_rtl_7_6w23ui98'.
INFO: [IP_Flow 19-1700] Loaded user IP repository '/tmp/finn_dev_emanuel-hernandez/code_gen_ipgen_StreamingDataWidthConverter_rtl_2_sg9hna6v'.
INFO: [IP_Flow 19-1700] Loaded user IP repository '/tmp/finn_dev_emanuel-hernandez/code_gen_ipgen_StreamingFIFO_rtl_8_fgp0hvu1'.
INFO: [IP_Flow 19-1700] Loaded user IP repository '/tmp/finn_dev_emanuel-hernandez/code_gen_ipgen_MVAU_hls_1_juaup5kq/project_MVAU_hls_1/sol1/impl/ip'.
INFO: [IP_Flow 19-1700] Loaded user IP repository '/tmp/finn_dev_emanuel-hernandez/code_gen_ipgen_StreamingFIFO_rtl_9_8p53cw18'.
INFO: [IP_Flow 19-1700] Loaded user IP repository '/tmp/finn_dev_emanuel-hernandez/code_gen_ipgen_StreamingDataWidthConverter_rtl_3_w9ea0x8t'.
INFO: [IP_Flow 19-1700] Loaded user IP repository '/tmp/finn_dev_emanuel-hernandez/code_gen_ipgen_StreamingFIFO_rtl_10_rz1ffexj'.
INFO: [IP_Flow 19-1700] Loaded user IP repository '/tmp/finn_dev_emanuel-hernandez/code_gen_ipgen_StreamingMaxPool_hls_0_u0p0cbhc/project_StreamingMaxPool_hls_0/sol1/impl/ip'.
INFO: [IP_Flow 19-1700] Loaded user IP repository '/tmp/finn_dev_emanuel-hernandez/code_gen_ipgen_StreamingFIFO_rtl_11_9xde0iu_'.
INFO: [IP_Flow 19-1700] Loaded user IP repository '/tmp/finn_dev_emanuel-hernandez/code_gen_ipgen_FMPadding_rtl_2_bfhymavv'.
INFO: [IP_Flow 19-1700] Loaded user IP repository '/tmp/finn_dev_emanuel-hernandez/code_gen_ipgen_StreamingFIFO_rtl_12_l1u5y9oq'.
INFO: [IP_Flow 19-1700] Loaded user IP repository '/tmp/finn_dev_emanuel-hernandez/code_gen_ipgen_StreamingDataWidthConverter_rtl_4_d3noeq7x'.
INFO: [IP_Flow 19-1700] Loaded user IP repository '/tmp/finn_dev_emanuel-hernandez/code_gen_ipgen_StreamingFIFO_rtl_13__5kvrwkr'.
INFO: [IP_Flow 19-1700] Loaded user IP repository '/tmp/finn_dev_emanuel-hernandez/code_gen_ipgen_ConvolutionInputGenerator_rtl_2_dtijaray'.
INFO: [IP_Flow 19-1700] Loaded user IP repository '/tmp/finn_dev_emanuel-hernandez/code_gen_ipgen_StreamingFIFO_rtl_14_90_nfugx'.
INFO: [IP_Flow 19-1700] Loaded user IP repository '/tmp/finn_dev_emanuel-hernandez/code_gen_ipgen_StreamingDataWidthConverter_rtl_5_eg6sc5c7'.
INFO: [IP_Flow 19-1700] Loaded user IP repository '/tmp/finn_dev_emanuel-hernandez/code_gen_ipgen_StreamingFIFO_rtl_15_6k7rpw6a'.
INFO: [IP_Flow 19-1700] Loaded user IP repository '/tmp/finn_dev_emanuel-hernandez/code_gen_ipgen_MVAU_hls_2_c_8z90e9/project_MVAU_hls_2/sol1/impl/ip'.
INFO: [IP_Flow 19-1700] Loaded user IP repository '/tmp/finn_dev_emanuel-hernandez/code_gen_ipgen_StreamingFIFO_rtl_16_dcyfzx2o'.
INFO: [IP_Flow 19-1700] Loaded user IP repository '/tmp/finn_dev_emanuel-hernandez/code_gen_ipgen_StreamingDataWidthConverter_rtl_6_03z4zugl'.
INFO: [IP_Flow 19-1700] Loaded user IP repository '/tmp/finn_dev_emanuel-hernandez/code_gen_ipgen_StreamingFIFO_rtl_17_ml8iegwl'.
INFO: [IP_Flow 19-1700] Loaded user IP repository '/tmp/finn_dev_emanuel-hernandez/code_gen_ipgen_FMPadding_rtl_3_2x9msyqe'.
INFO: [IP_Flow 19-1700] Loaded user IP repository '/tmp/finn_dev_emanuel-hernandez/code_gen_ipgen_StreamingFIFO_rtl_18_0dc9afhr'.
INFO: [IP_Flow 19-1700] Loaded user IP repository '/tmp/finn_dev_emanuel-hernandez/code_gen_ipgen_StreamingDataWidthConverter_rtl_7_4ikvmjoa'.
INFO: [IP_Flow 19-1700] Loaded user IP repository '/tmp/finn_dev_emanuel-hernandez/code_gen_ipgen_StreamingFIFO_rtl_19_dcp13z__'.
INFO: [IP_Flow 19-1700] Loaded user IP repository '/tmp/finn_dev_emanuel-hernandez/code_gen_ipgen_ConvolutionInputGenerator_rtl_3_s53q98tt'.
INFO: [IP_Flow 19-1700] Loaded user IP repository '/tmp/finn_dev_emanuel-hernandez/code_gen_ipgen_StreamingFIFO_rtl_20_zwdrd7b4'.
INFO: [IP_Flow 19-1700] Loaded user IP repository '/tmp/finn_dev_emanuel-hernandez/code_gen_ipgen_StreamingDataWidthConverter_rtl_8_7jr6z08o'.
INFO: [IP_Flow 19-1700] Loaded user IP repository '/tmp/finn_dev_emanuel-hernandez/code_gen_ipgen_StreamingFIFO_rtl_21_lv51e197'.
INFO: [IP_Flow 19-1700] Loaded user IP repository '/tmp/finn_dev_emanuel-hernandez/code_gen_ipgen_MVAU_hls_3_b35vdh1n/project_MVAU_hls_3/sol1/impl/ip'.
INFO: [IP_Flow 19-1700] Loaded user IP repository '/tmp/finn_dev_emanuel-hernandez/code_gen_ipgen_StreamingFIFO_rtl_22_byid7tf2'.
INFO: [IP_Flow 19-1700] Loaded user IP repository '/tmp/finn_dev_emanuel-hernandez/code_gen_ipgen_StreamingDataWidthConverter_rtl_9_1ve3wz7j'.
INFO: [IP_Flow 19-1700] Loaded user IP repository '/tmp/finn_dev_emanuel-hernandez/code_gen_ipgen_StreamingFIFO_rtl_23_zfz13eo2'.
INFO: [IP_Flow 19-1700] Loaded user IP repository '/tmp/finn_dev_emanuel-hernandez/code_gen_ipgen_StreamingMaxPool_hls_1_7wwp66zq/project_StreamingMaxPool_hls_1/sol1/impl/ip'.
INFO: [IP_Flow 19-1700] Loaded user IP repository '/tmp/finn_dev_emanuel-hernandez/code_gen_ipgen_StreamingFIFO_rtl_24_z54i444h'.
INFO: [IP_Flow 19-1700] Loaded user IP repository '/tmp/finn_dev_emanuel-hernandez/code_gen_ipgen_StreamingDataWidthConverter_rtl_10_yub6am8x'.
INFO: [IP_Flow 19-1700] Loaded user IP repository '/tmp/finn_dev_emanuel-hernandez/code_gen_ipgen_StreamingFIFO_rtl_25_k4tmsb30'.
INFO: [IP_Flow 19-1700] Loaded user IP repository '/tmp/finn_dev_emanuel-hernandez/code_gen_ipgen_MVAU_hls_4_tmhw3dtv/project_MVAU_hls_4/sol1/impl/ip'.
INFO: [IP_Flow 19-1700] Loaded user IP repository '/tmp/finn_dev_emanuel-hernandez/code_gen_ipgen_StreamingFIFO_rtl_26_8mjg4iui'.
INFO: [IP_Flow 19-1700] Loaded user IP repository '/tmp/finn_dev_emanuel-hernandez/code_gen_ipgen_MVAU_rtl_0_5irei88l'.
INFO: [IP_Flow 19-1700] Loaded user IP repository '/tmp/finn_dev_emanuel-hernandez/code_gen_ipgen_StreamingFIFO_rtl_27_agjbqf20'.
WARNING: [IP_Flow 19-3571] IP 'finn_design_StreamingDataWidthConverter_rtl_4_0' is restricted:
* Detected changes to module reference file(s).
# create_bd_cell -type hier StreamingFIFO_rtl_13
# create_bd_pin -dir I -type clk /StreamingFIFO_rtl_13/ap_clk
# create_bd_pin -dir I -type rst /StreamingFIFO_rtl_13/ap_rst_n
# create_bd_intf_pin -mode Master -vlnv xilinx.com:interface:axis_rtl:1.0 /StreamingFIFO_rtl_13/out_V
# create_bd_intf_pin -mode Slave -vlnv xilinx.com:interface:axis_rtl:1.0 /StreamingFIFO_rtl_13/in0_V
# create_bd_cell -type ip -vlnv xilinx.com:ip:axis_data_fifo:2.0 /StreamingFIFO_rtl_13/fifo
# set_property -dict [list CONFIG.FIFO_DEPTH {4096}] [get_bd_cells /StreamingFIFO_rtl_13/fifo]
# set_property -dict [list CONFIG.FIFO_MEMORY_TYPE {auto}] [get_bd_cells /StreamingFIFO_rtl_13/fifo]
# set_property -dict [list CONFIG.TDATA_NUM_BYTES {1}] [get_bd_cells /StreamingFIFO_rtl_13/fifo]
# connect_bd_intf_net [get_bd_intf_pins StreamingFIFO_rtl_13/fifo/M_AXIS] [get_bd_intf_pins StreamingFIFO_rtl_13/out_V]
# connect_bd_intf_net [get_bd_intf_pins StreamingFIFO_rtl_13/fifo/S_AXIS] [get_bd_intf_pins StreamingFIFO_rtl_13/in0_V]
# connect_bd_net [get_bd_pins StreamingFIFO_rtl_13/ap_rst_n] [get_bd_pins StreamingFIFO_rtl_13/fifo/s_axis_aresetn]
# connect_bd_net [get_bd_pins StreamingFIFO_rtl_13/ap_clk] [get_bd_pins StreamingFIFO_rtl_13/fifo/s_axis_aclk]
# add_files -norecurse /tmp/finn_dev_emanuel-hernandez/code_gen_ipgen_ConvolutionInputGenerator_rtl_2_dtijaray/swg_pkg.sv
# add_files -norecurse /tmp/finn_dev_emanuel-hernandez/code_gen_ipgen_ConvolutionInputGenerator_rtl_2_dtijaray/ConvolutionInputGenerator_rtl_2_wrapper.v
# add_files -norecurse /tmp/finn_dev_emanuel-hernandez/code_gen_ipgen_ConvolutionInputGenerator_rtl_2_dtijaray/ConvolutionInputGenerator_rtl_2_impl.sv
# add_files -norecurse /tmp/finn_dev_emanuel-hernandez/code_gen_ipgen_ConvolutionInputGenerator_rtl_2_dtijaray/swg_common.sv
# create_bd_cell -type module -reference ConvolutionInputGenerator_rtl_2 ConvolutionInputGenerator_rtl_2
INFO: [IP_Flow 19-5107] Inferred bus interface 'ap_clk' of definition 'xilinx.com:signal:clock:1.0' (from X_INTERFACE_INFO parameter from HDL file).
INFO: [IP_Flow 19-5107] Inferred bus interface 'ap_clk' of definition 'xilinx.com:signal:clock:1.0' (from 'X_INTERFACE_INFO' attribute).
INFO: [IP_Flow 19-5107] Inferred bus interface 'in0_V' of definition 'xilinx.com:interface:axis:1.0' (from Xilinx Repository).
INFO: [IP_Flow 19-5107] Inferred bus interface 'out_V' of definition 'xilinx.com:interface:axis:1.0' (from Xilinx Repository).
INFO: [IP_Flow 19-5107] Inferred bus interface 'ap_rst_n' of definition 'xilinx.com:signal:reset:1.0' (from Xilinx Repository).
INFO: [IP_Flow 19-4728] Bus Interface 'ap_rst_n': Added interface parameter 'POLARITY' with value 'ACTIVE_LOW'.
INFO: [IP_Flow 19-4728] Bus Interface 'ap_clk': Added interface parameter 'ASSOCIATED_RESET' with value 'ap_rst_n'.
INFO: [IP_Flow 19-4728] Bus Interface 'ap_clk': Added interface parameter 'ASSOCIATED_BUSIF' with value 'in0_V'.
INFO: [IP_Flow 19-818] Not transferring value dependency attribute "((spirit:decode(id('MODELPARAM_VALUE.BIT_WIDTH')) * spirit:decode(id('MODELPARAM_VALUE.SIMD'))) * spirit:decode(id('MODELPARAM_VALUE.MMV_IN')))" into user parameter "BUF_IN_WIDTH".
INFO: [IP_Flow 19-818] Not transferring value dependency attribute "((spirit:decode(id('MODELPARAM_VALUE.BIT_WIDTH')) * spirit:decode(id('MODELPARAM_VALUE.SIMD'))) * spirit:decode(id('MODELPARAM_VALUE.MMV_OUT')))" into user parameter "BUF_OUT_WIDTH".
WARNING: [IP_Flow 19-3157] Bus Interface 'ap_rst_n': Bus parameter POLARITY is ACTIVE_LOW but port 'ap_rst_n' is not *resetn - please double check the POLARITY setting.
INFO: [IP_Flow 19-234] Refreshing IP repositories
INFO: [IP_Flow 19-1700] Loaded user IP repository '/home/emanuel-hernandez/finn/finn-rtllib/memstream'.
INFO: [IP_Flow 19-1700] Loaded user IP repository '/tmp/finn_dev_emanuel-hernandez/code_gen_ipgen_StreamingFIFO_rtl_0_2xp77osi'.
INFO: [IP_Flow 19-1700] Loaded user IP repository '/tmp/finn_dev_emanuel-hernandez/code_gen_ipgen_FMPadding_rtl_0_ty50wf7f'.
INFO: [IP_Flow 19-1700] Loaded user IP repository '/tmp/finn_dev_emanuel-hernandez/code_gen_ipgen_StreamingFIFO_rtl_1_m6if6tq1'.
INFO: [IP_Flow 19-1700] Loaded user IP repository '/tmp/finn_dev_emanuel-hernandez/code_gen_ipgen_ConvolutionInputGenerator_rtl_0_czth98kw'.
INFO: [IP_Flow 19-1700] Loaded user IP repository '/tmp/finn_dev_emanuel-hernandez/code_gen_ipgen_StreamingFIFO_rtl_2_q6mksatc'.
INFO: [IP_Flow 19-1700] Loaded user IP repository '/tmp/finn_dev_emanuel-hernandez/code_gen_ipgen_MVAU_hls_0_23yd46c2/project_MVAU_hls_0/sol1/impl/ip'.
INFO: [IP_Flow 19-1700] Loaded user IP repository '/tmp/finn_dev_emanuel-hernandez/code_gen_ipgen_StreamingFIFO_rtl_3_p2hyhro8'.
INFO: [IP_Flow 19-1700] Loaded user IP repository '/tmp/finn_dev_emanuel-hernandez/code_gen_ipgen_StreamingDataWidthConverter_rtl_0_dgprmkiy'.
INFO: [IP_Flow 19-1700] Loaded user IP repository '/tmp/finn_dev_emanuel-hernandez/code_gen_ipgen_StreamingFIFO_rtl_4_lh6tdo7e'.
INFO: [IP_Flow 19-1700] Loaded user IP repository '/tmp/finn_dev_emanuel-hernandez/code_gen_ipgen_FMPadding_rtl_1_xpf90tc3'.
INFO: [IP_Flow 19-1700] Loaded user IP repository '/tmp/finn_dev_emanuel-hernandez/code_gen_ipgen_StreamingFIFO_rtl_5_vvlnqhpy'.
INFO: [IP_Flow 19-1700] Loaded user IP repository '/tmp/finn_dev_emanuel-hernandez/code_gen_ipgen_StreamingDataWidthConverter_rtl_1_jnol8bbv'.
INFO: [IP_Flow 19-1700] Loaded user IP repository '/tmp/finn_dev_emanuel-hernandez/code_gen_ipgen_StreamingFIFO_rtl_6_6f4ornhe'.
INFO: [IP_Flow 19-1700] Loaded user IP repository '/tmp/finn_dev_emanuel-hernandez/code_gen_ipgen_ConvolutionInputGenerator_rtl_1_3gytnw5p'.
INFO: [IP_Flow 19-1700] Loaded user IP repository '/tmp/finn_dev_emanuel-hernandez/code_gen_ipgen_StreamingFIFO_rtl_7_6w23ui98'.
INFO: [IP_Flow 19-1700] Loaded user IP repository '/tmp/finn_dev_emanuel-hernandez/code_gen_ipgen_StreamingDataWidthConverter_rtl_2_sg9hna6v'.
INFO: [IP_Flow 19-1700] Loaded user IP repository '/tmp/finn_dev_emanuel-hernandez/code_gen_ipgen_StreamingFIFO_rtl_8_fgp0hvu1'.
INFO: [IP_Flow 19-1700] Loaded user IP repository '/tmp/finn_dev_emanuel-hernandez/code_gen_ipgen_MVAU_hls_1_juaup5kq/project_MVAU_hls_1/sol1/impl/ip'.
INFO: [IP_Flow 19-1700] Loaded user IP repository '/tmp/finn_dev_emanuel-hernandez/code_gen_ipgen_StreamingFIFO_rtl_9_8p53cw18'.
INFO: [IP_Flow 19-1700] Loaded user IP repository '/tmp/finn_dev_emanuel-hernandez/code_gen_ipgen_StreamingDataWidthConverter_rtl_3_w9ea0x8t'.
INFO: [IP_Flow 19-1700] Loaded user IP repository '/tmp/finn_dev_emanuel-hernandez/code_gen_ipgen_StreamingFIFO_rtl_10_rz1ffexj'.
INFO: [IP_Flow 19-1700] Loaded user IP repository '/tmp/finn_dev_emanuel-hernandez/code_gen_ipgen_StreamingMaxPool_hls_0_u0p0cbhc/project_StreamingMaxPool_hls_0/sol1/impl/ip'.
INFO: [IP_Flow 19-1700] Loaded user IP repository '/tmp/finn_dev_emanuel-hernandez/code_gen_ipgen_StreamingFIFO_rtl_11_9xde0iu_'.
INFO: [IP_Flow 19-1700] Loaded user IP repository '/tmp/finn_dev_emanuel-hernandez/code_gen_ipgen_FMPadding_rtl_2_bfhymavv'.
INFO: [IP_Flow 19-1700] Loaded user IP repository '/tmp/finn_dev_emanuel-hernandez/code_gen_ipgen_StreamingFIFO_rtl_12_l1u5y9oq'.
INFO: [IP_Flow 19-1700] Loaded user IP repository '/tmp/finn_dev_emanuel-hernandez/code_gen_ipgen_StreamingDataWidthConverter_rtl_4_d3noeq7x'.
INFO: [IP_Flow 19-1700] Loaded user IP repository '/tmp/finn_dev_emanuel-hernandez/code_gen_ipgen_StreamingFIFO_rtl_13__5kvrwkr'.
INFO: [IP_Flow 19-1700] Loaded user IP repository '/tmp/finn_dev_emanuel-hernandez/code_gen_ipgen_ConvolutionInputGenerator_rtl_2_dtijaray'.
INFO: [IP_Flow 19-1700] Loaded user IP repository '/tmp/finn_dev_emanuel-hernandez/code_gen_ipgen_StreamingFIFO_rtl_14_90_nfugx'.
INFO: [IP_Flow 19-1700] Loaded user IP repository '/tmp/finn_dev_emanuel-hernandez/code_gen_ipgen_StreamingDataWidthConverter_rtl_5_eg6sc5c7'.
INFO: [IP_Flow 19-1700] Loaded user IP repository '/tmp/finn_dev_emanuel-hernandez/code_gen_ipgen_StreamingFIFO_rtl_15_6k7rpw6a'.
INFO: [IP_Flow 19-1700] Loaded user IP repository '/tmp/finn_dev_emanuel-hernandez/code_gen_ipgen_MVAU_hls_2_c_8z90e9/project_MVAU_hls_2/sol1/impl/ip'.
INFO: [IP_Flow 19-1700] Loaded user IP repository '/tmp/finn_dev_emanuel-hernandez/code_gen_ipgen_StreamingFIFO_rtl_16_dcyfzx2o'.
INFO: [IP_Flow 19-1700] Loaded user IP repository '/tmp/finn_dev_emanuel-hernandez/code_gen_ipgen_StreamingDataWidthConverter_rtl_6_03z4zugl'.
INFO: [IP_Flow 19-1700] Loaded user IP repository '/tmp/finn_dev_emanuel-hernandez/code_gen_ipgen_StreamingFIFO_rtl_17_ml8iegwl'.
INFO: [IP_Flow 19-1700] Loaded user IP repository '/tmp/finn_dev_emanuel-hernandez/code_gen_ipgen_FMPadding_rtl_3_2x9msyqe'.
INFO: [IP_Flow 19-1700] Loaded user IP repository '/tmp/finn_dev_emanuel-hernandez/code_gen_ipgen_StreamingFIFO_rtl_18_0dc9afhr'.
INFO: [IP_Flow 19-1700] Loaded user IP repository '/tmp/finn_dev_emanuel-hernandez/code_gen_ipgen_StreamingDataWidthConverter_rtl_7_4ikvmjoa'.
INFO: [IP_Flow 19-1700] Loaded user IP repository '/tmp/finn_dev_emanuel-hernandez/code_gen_ipgen_StreamingFIFO_rtl_19_dcp13z__'.
INFO: [IP_Flow 19-1700] Loaded user IP repository '/tmp/finn_dev_emanuel-hernandez/code_gen_ipgen_ConvolutionInputGenerator_rtl_3_s53q98tt'.
INFO: [IP_Flow 19-1700] Loaded user IP repository '/tmp/finn_dev_emanuel-hernandez/code_gen_ipgen_StreamingFIFO_rtl_20_zwdrd7b4'.
INFO: [IP_Flow 19-1700] Loaded user IP repository '/tmp/finn_dev_emanuel-hernandez/code_gen_ipgen_StreamingDataWidthConverter_rtl_8_7jr6z08o'.
INFO: [IP_Flow 19-1700] Loaded user IP repository '/tmp/finn_dev_emanuel-hernandez/code_gen_ipgen_StreamingFIFO_rtl_21_lv51e197'.
INFO: [IP_Flow 19-1700] Loaded user IP repository '/tmp/finn_dev_emanuel-hernandez/code_gen_ipgen_MVAU_hls_3_b35vdh1n/project_MVAU_hls_3/sol1/impl/ip'.
INFO: [IP_Flow 19-1700] Loaded user IP repository '/tmp/finn_dev_emanuel-hernandez/code_gen_ipgen_StreamingFIFO_rtl_22_byid7tf2'.
INFO: [IP_Flow 19-1700] Loaded user IP repository '/tmp/finn_dev_emanuel-hernandez/code_gen_ipgen_StreamingDataWidthConverter_rtl_9_1ve3wz7j'.
INFO: [IP_Flow 19-1700] Loaded user IP repository '/tmp/finn_dev_emanuel-hernandez/code_gen_ipgen_StreamingFIFO_rtl_23_zfz13eo2'.
INFO: [IP_Flow 19-1700] Loaded user IP repository '/tmp/finn_dev_emanuel-hernandez/code_gen_ipgen_StreamingMaxPool_hls_1_7wwp66zq/project_StreamingMaxPool_hls_1/sol1/impl/ip'.
INFO: [IP_Flow 19-1700] Loaded user IP repository '/tmp/finn_dev_emanuel-hernandez/code_gen_ipgen_StreamingFIFO_rtl_24_z54i444h'.
INFO: [IP_Flow 19-1700] Loaded user IP repository '/tmp/finn_dev_emanuel-hernandez/code_gen_ipgen_StreamingDataWidthConverter_rtl_10_yub6am8x'.
INFO: [IP_Flow 19-1700] Loaded user IP repository '/tmp/finn_dev_emanuel-hernandez/code_gen_ipgen_StreamingFIFO_rtl_25_k4tmsb30'.
INFO: [IP_Flow 19-1700] Loaded user IP repository '/tmp/finn_dev_emanuel-hernandez/code_gen_ipgen_MVAU_hls_4_tmhw3dtv/project_MVAU_hls_4/sol1/impl/ip'.
INFO: [IP_Flow 19-1700] Loaded user IP repository '/tmp/finn_dev_emanuel-hernandez/code_gen_ipgen_StreamingFIFO_rtl_26_8mjg4iui'.
INFO: [IP_Flow 19-1700] Loaded user IP repository '/tmp/finn_dev_emanuel-hernandez/code_gen_ipgen_MVAU_rtl_0_5irei88l'.
INFO: [IP_Flow 19-1700] Loaded user IP repository '/tmp/finn_dev_emanuel-hernandez/code_gen_ipgen_StreamingFIFO_rtl_27_agjbqf20'.
WARNING: [IP_Flow 19-3571] IP 'finn_design_ConvolutionInputGenerator_rtl_2_0' is restricted:
* Detected changes to module reference file(s).
# add_files -norecurse /tmp/finn_dev_emanuel-hernandez/code_gen_ipgen_StreamingFIFO_rtl_14_90_nfugx/Q_srl.v
# add_files -norecurse /tmp/finn_dev_emanuel-hernandez/code_gen_ipgen_StreamingFIFO_rtl_14_90_nfugx/StreamingFIFO_rtl_14.v
# create_bd_cell -type module -reference StreamingFIFO_rtl_14 StreamingFIFO_rtl_14
INFO: [IP_Flow 19-5107] Inferred bus interface 'ap_clk' of definition 'xilinx.com:signal:clock:1.0' (from X_INTERFACE_INFO parameter from HDL file).
INFO: [IP_Flow 19-5107] Inferred bus interface 'ap_clk' of definition 'xilinx.com:signal:clock:1.0' (from 'X_INTERFACE_INFO' attribute).
INFO: [IP_Flow 19-5107] Inferred bus interface 'in0_V' of definition 'xilinx.com:interface:axis:1.0' (from Xilinx Repository).
INFO: [IP_Flow 19-5107] Inferred bus interface 'out_V' of definition 'xilinx.com:interface:axis:1.0' (from Xilinx Repository).
INFO: [IP_Flow 19-5107] Inferred bus interface 'ap_rst_n' of definition 'xilinx.com:signal:reset:1.0' (from Xilinx Repository).
INFO: [IP_Flow 19-4728] Bus Interface 'ap_rst_n': Added interface parameter 'POLARITY' with value 'ACTIVE_LOW'.
INFO: [IP_Flow 19-4728] Bus Interface 'ap_clk': Added interface parameter 'ASSOCIATED_RESET' with value 'ap_rst_n'.
INFO: [IP_Flow 19-4728] Bus Interface 'ap_clk': Added interface parameter 'ASSOCIATED_BUSIF' with value 'in0_V'.
WARNING: [IP_Flow 19-3157] Bus Interface 'ap_rst_n': Bus parameter POLARITY is ACTIVE_LOW but port 'ap_rst_n' is not *resetn - please double check the POLARITY setting.
INFO: [IP_Flow 19-234] Refreshing IP repositories
INFO: [IP_Flow 19-1700] Loaded user IP repository '/home/emanuel-hernandez/finn/finn-rtllib/memstream'.
INFO: [IP_Flow 19-1700] Loaded user IP repository '/tmp/finn_dev_emanuel-hernandez/code_gen_ipgen_StreamingFIFO_rtl_0_2xp77osi'.
INFO: [IP_Flow 19-1700] Loaded user IP repository '/tmp/finn_dev_emanuel-hernandez/code_gen_ipgen_FMPadding_rtl_0_ty50wf7f'.
INFO: [IP_Flow 19-1700] Loaded user IP repository '/tmp/finn_dev_emanuel-hernandez/code_gen_ipgen_StreamingFIFO_rtl_1_m6if6tq1'.
INFO: [IP_Flow 19-1700] Loaded user IP repository '/tmp/finn_dev_emanuel-hernandez/code_gen_ipgen_ConvolutionInputGenerator_rtl_0_czth98kw'.
INFO: [IP_Flow 19-1700] Loaded user IP repository '/tmp/finn_dev_emanuel-hernandez/code_gen_ipgen_StreamingFIFO_rtl_2_q6mksatc'.
INFO: [IP_Flow 19-1700] Loaded user IP repository '/tmp/finn_dev_emanuel-hernandez/code_gen_ipgen_MVAU_hls_0_23yd46c2/project_MVAU_hls_0/sol1/impl/ip'.
INFO: [IP_Flow 19-1700] Loaded user IP repository '/tmp/finn_dev_emanuel-hernandez/code_gen_ipgen_StreamingFIFO_rtl_3_p2hyhro8'.
INFO: [IP_Flow 19-1700] Loaded user IP repository '/tmp/finn_dev_emanuel-hernandez/code_gen_ipgen_StreamingDataWidthConverter_rtl_0_dgprmkiy'.
INFO: [IP_Flow 19-1700] Loaded user IP repository '/tmp/finn_dev_emanuel-hernandez/code_gen_ipgen_StreamingFIFO_rtl_4_lh6tdo7e'.
INFO: [IP_Flow 19-1700] Loaded user IP repository '/tmp/finn_dev_emanuel-hernandez/code_gen_ipgen_FMPadding_rtl_1_xpf90tc3'.
INFO: [IP_Flow 19-1700] Loaded user IP repository '/tmp/finn_dev_emanuel-hernandez/code_gen_ipgen_StreamingFIFO_rtl_5_vvlnqhpy'.
INFO: [IP_Flow 19-1700] Loaded user IP repository '/tmp/finn_dev_emanuel-hernandez/code_gen_ipgen_StreamingDataWidthConverter_rtl_1_jnol8bbv'.
INFO: [IP_Flow 19-1700] Loaded user IP repository '/tmp/finn_dev_emanuel-hernandez/code_gen_ipgen_StreamingFIFO_rtl_6_6f4ornhe'.
INFO: [IP_Flow 19-1700] Loaded user IP repository '/tmp/finn_dev_emanuel-hernandez/code_gen_ipgen_ConvolutionInputGenerator_rtl_1_3gytnw5p'.
INFO: [IP_Flow 19-1700] Loaded user IP repository '/tmp/finn_dev_emanuel-hernandez/code_gen_ipgen_StreamingFIFO_rtl_7_6w23ui98'.
INFO: [IP_Flow 19-1700] Loaded user IP repository '/tmp/finn_dev_emanuel-hernandez/code_gen_ipgen_StreamingDataWidthConverter_rtl_2_sg9hna6v'.
INFO: [IP_Flow 19-1700] Loaded user IP repository '/tmp/finn_dev_emanuel-hernandez/code_gen_ipgen_StreamingFIFO_rtl_8_fgp0hvu1'.
INFO: [IP_Flow 19-1700] Loaded user IP repository '/tmp/finn_dev_emanuel-hernandez/code_gen_ipgen_MVAU_hls_1_juaup5kq/project_MVAU_hls_1/sol1/impl/ip'.
INFO: [IP_Flow 19-1700] Loaded user IP repository '/tmp/finn_dev_emanuel-hernandez/code_gen_ipgen_StreamingFIFO_rtl_9_8p53cw18'.
INFO: [IP_Flow 19-1700] Loaded user IP repository '/tmp/finn_dev_emanuel-hernandez/code_gen_ipgen_StreamingDataWidthConverter_rtl_3_w9ea0x8t'.
INFO: [IP_Flow 19-1700] Loaded user IP repository '/tmp/finn_dev_emanuel-hernandez/code_gen_ipgen_StreamingFIFO_rtl_10_rz1ffexj'.
INFO: [IP_Flow 19-1700] Loaded user IP repository '/tmp/finn_dev_emanuel-hernandez/code_gen_ipgen_StreamingMaxPool_hls_0_u0p0cbhc/project_StreamingMaxPool_hls_0/sol1/impl/ip'.
INFO: [IP_Flow 19-1700] Loaded user IP repository '/tmp/finn_dev_emanuel-hernandez/code_gen_ipgen_StreamingFIFO_rtl_11_9xde0iu_'.
INFO: [IP_Flow 19-1700] Loaded user IP repository '/tmp/finn_dev_emanuel-hernandez/code_gen_ipgen_FMPadding_rtl_2_bfhymavv'.
INFO: [IP_Flow 19-1700] Loaded user IP repository '/tmp/finn_dev_emanuel-hernandez/code_gen_ipgen_StreamingFIFO_rtl_12_l1u5y9oq'.
INFO: [IP_Flow 19-1700] Loaded user IP repository '/tmp/finn_dev_emanuel-hernandez/code_gen_ipgen_StreamingDataWidthConverter_rtl_4_d3noeq7x'.
INFO: [IP_Flow 19-1700] Loaded user IP repository '/tmp/finn_dev_emanuel-hernandez/code_gen_ipgen_StreamingFIFO_rtl_13__5kvrwkr'.
INFO: [IP_Flow 19-1700] Loaded user IP repository '/tmp/finn_dev_emanuel-hernandez/code_gen_ipgen_ConvolutionInputGenerator_rtl_2_dtijaray'.
INFO: [IP_Flow 19-1700] Loaded user IP repository '/tmp/finn_dev_emanuel-hernandez/code_gen_ipgen_StreamingFIFO_rtl_14_90_nfugx'.
INFO: [IP_Flow 19-1700] Loaded user IP repository '/tmp/finn_dev_emanuel-hernandez/code_gen_ipgen_StreamingDataWidthConverter_rtl_5_eg6sc5c7'.
INFO: [IP_Flow 19-1700] Loaded user IP repository '/tmp/finn_dev_emanuel-hernandez/code_gen_ipgen_StreamingFIFO_rtl_15_6k7rpw6a'.
INFO: [IP_Flow 19-1700] Loaded user IP repository '/tmp/finn_dev_emanuel-hernandez/code_gen_ipgen_MVAU_hls_2_c_8z90e9/project_MVAU_hls_2/sol1/impl/ip'.
INFO: [IP_Flow 19-1700] Loaded user IP repository '/tmp/finn_dev_emanuel-hernandez/code_gen_ipgen_StreamingFIFO_rtl_16_dcyfzx2o'.
INFO: [IP_Flow 19-1700] Loaded user IP repository '/tmp/finn_dev_emanuel-hernandez/code_gen_ipgen_StreamingDataWidthConverter_rtl_6_03z4zugl'.
INFO: [IP_Flow 19-1700] Loaded user IP repository '/tmp/finn_dev_emanuel-hernandez/code_gen_ipgen_StreamingFIFO_rtl_17_ml8iegwl'.
INFO: [IP_Flow 19-1700] Loaded user IP repository '/tmp/finn_dev_emanuel-hernandez/code_gen_ipgen_FMPadding_rtl_3_2x9msyqe'.
INFO: [IP_Flow 19-1700] Loaded user IP repository '/tmp/finn_dev_emanuel-hernandez/code_gen_ipgen_StreamingFIFO_rtl_18_0dc9afhr'.
INFO: [IP_Flow 19-1700] Loaded user IP repository '/tmp/finn_dev_emanuel-hernandez/code_gen_ipgen_StreamingDataWidthConverter_rtl_7_4ikvmjoa'.
INFO: [IP_Flow 19-1700] Loaded user IP repository '/tmp/finn_dev_emanuel-hernandez/code_gen_ipgen_StreamingFIFO_rtl_19_dcp13z__'.
INFO: [IP_Flow 19-1700] Loaded user IP repository '/tmp/finn_dev_emanuel-hernandez/code_gen_ipgen_ConvolutionInputGenerator_rtl_3_s53q98tt'.
INFO: [IP_Flow 19-1700] Loaded user IP repository '/tmp/finn_dev_emanuel-hernandez/code_gen_ipgen_StreamingFIFO_rtl_20_zwdrd7b4'.
INFO: [IP_Flow 19-1700] Loaded user IP repository '/tmp/finn_dev_emanuel-hernandez/code_gen_ipgen_StreamingDataWidthConverter_rtl_8_7jr6z08o'.
INFO: [IP_Flow 19-1700] Loaded user IP repository '/tmp/finn_dev_emanuel-hernandez/code_gen_ipgen_StreamingFIFO_rtl_21_lv51e197'.
INFO: [IP_Flow 19-1700] Loaded user IP repository '/tmp/finn_dev_emanuel-hernandez/code_gen_ipgen_MVAU_hls_3_b35vdh1n/project_MVAU_hls_3/sol1/impl/ip'.
INFO: [IP_Flow 19-1700] Loaded user IP repository '/tmp/finn_dev_emanuel-hernandez/code_gen_ipgen_StreamingFIFO_rtl_22_byid7tf2'.
INFO: [IP_Flow 19-1700] Loaded user IP repository '/tmp/finn_dev_emanuel-hernandez/code_gen_ipgen_StreamingDataWidthConverter_rtl_9_1ve3wz7j'.
INFO: [IP_Flow 19-1700] Loaded user IP repository '/tmp/finn_dev_emanuel-hernandez/code_gen_ipgen_StreamingFIFO_rtl_23_zfz13eo2'.
INFO: [IP_Flow 19-1700] Loaded user IP repository '/tmp/finn_dev_emanuel-hernandez/code_gen_ipgen_StreamingMaxPool_hls_1_7wwp66zq/project_StreamingMaxPool_hls_1/sol1/impl/ip'.
INFO: [IP_Flow 19-1700] Loaded user IP repository '/tmp/finn_dev_emanuel-hernandez/code_gen_ipgen_StreamingFIFO_rtl_24_z54i444h'.
INFO: [IP_Flow 19-1700] Loaded user IP repository '/tmp/finn_dev_emanuel-hernandez/code_gen_ipgen_StreamingDataWidthConverter_rtl_10_yub6am8x'.
INFO: [IP_Flow 19-1700] Loaded user IP repository '/tmp/finn_dev_emanuel-hernandez/code_gen_ipgen_StreamingFIFO_rtl_25_k4tmsb30'.
INFO: [IP_Flow 19-1700] Loaded user IP repository '/tmp/finn_dev_emanuel-hernandez/code_gen_ipgen_MVAU_hls_4_tmhw3dtv/project_MVAU_hls_4/sol1/impl/ip'.
INFO: [IP_Flow 19-1700] Loaded user IP repository '/tmp/finn_dev_emanuel-hernandez/code_gen_ipgen_StreamingFIFO_rtl_26_8mjg4iui'.
INFO: [IP_Flow 19-1700] Loaded user IP repository '/tmp/finn_dev_emanuel-hernandez/code_gen_ipgen_MVAU_rtl_0_5irei88l'.
INFO: [IP_Flow 19-1700] Loaded user IP repository '/tmp/finn_dev_emanuel-hernandez/code_gen_ipgen_StreamingFIFO_rtl_27_agjbqf20'.
WARNING: [IP_Flow 19-3571] IP 'finn_design_StreamingFIFO_rtl_14_0' is restricted:
* Detected changes to module reference file(s).
# add_files -norecurse /tmp/finn_dev_emanuel-hernandez/code_gen_ipgen_StreamingDataWidthConverter_rtl_5_eg6sc5c7/dwc_axi.sv
# add_files -norecurse /tmp/finn_dev_emanuel-hernandez/code_gen_ipgen_StreamingDataWidthConverter_rtl_5_eg6sc5c7/dwc.sv
# add_files -norecurse /tmp/finn_dev_emanuel-hernandez/code_gen_ipgen_StreamingDataWidthConverter_rtl_5_eg6sc5c7/StreamingDataWidthConverter_rtl_5.v
# create_bd_cell -type module -reference StreamingDataWidthConverter_rtl_5 StreamingDataWidthConverter_rtl_5
INFO: [IP_Flow 19-5107] Inferred bus interface 'ap_clk' of definition 'xilinx.com:signal:clock:1.0' (from X_INTERFACE_INFO parameter from HDL file).
INFO: [IP_Flow 19-5107] Inferred bus interface 'ap_clk' of definition 'xilinx.com:signal:clock:1.0' (from 'X_INTERFACE_INFO' attribute).
INFO: [IP_Flow 19-5107] Inferred bus interface 'in0_V' of definition 'xilinx.com:interface:axis:1.0' (from Xilinx Repository).
INFO: [IP_Flow 19-5107] Inferred bus interface 'out_V' of definition 'xilinx.com:interface:axis:1.0' (from Xilinx Repository).
INFO: [IP_Flow 19-5107] Inferred bus interface 'ap_rst_n' of definition 'xilinx.com:signal:reset:1.0' (from Xilinx Repository).
INFO: [IP_Flow 19-4728] Bus Interface 'ap_rst_n': Added interface parameter 'POLARITY' with value 'ACTIVE_LOW'.
INFO: [IP_Flow 19-4728] Bus Interface 'ap_clk': Added interface parameter 'ASSOCIATED_RESET' with value 'ap_rst_n'.
INFO: [IP_Flow 19-4728] Bus Interface 'ap_clk': Added interface parameter 'ASSOCIATED_BUSIF' with value 'in0_V'.
INFO: [IP_Flow 19-818] Not transferring value dependency attribute "(((spirit:decode(id('MODELPARAM_VALUE.IBITS')) + 7) / 8) * 8)" into user parameter "AXI_IBITS".
INFO: [IP_Flow 19-818] Not transferring value dependency attribute "(((spirit:decode(id('MODELPARAM_VALUE.OBITS')) + 7) / 8) * 8)" into user parameter "AXI_OBITS".
WARNING: [IP_Flow 19-3157] Bus Interface 'ap_rst_n': Bus parameter POLARITY is ACTIVE_LOW but port 'ap_rst_n' is not *resetn - please double check the POLARITY setting.
INFO: [IP_Flow 19-234] Refreshing IP repositories
INFO: [IP_Flow 19-1700] Loaded user IP repository '/home/emanuel-hernandez/finn/finn-rtllib/memstream'.
INFO: [IP_Flow 19-1700] Loaded user IP repository '/tmp/finn_dev_emanuel-hernandez/code_gen_ipgen_StreamingFIFO_rtl_0_2xp77osi'.
INFO: [IP_Flow 19-1700] Loaded user IP repository '/tmp/finn_dev_emanuel-hernandez/code_gen_ipgen_FMPadding_rtl_0_ty50wf7f'.
INFO: [IP_Flow 19-1700] Loaded user IP repository '/tmp/finn_dev_emanuel-hernandez/code_gen_ipgen_StreamingFIFO_rtl_1_m6if6tq1'.
INFO: [IP_Flow 19-1700] Loaded user IP repository '/tmp/finn_dev_emanuel-hernandez/code_gen_ipgen_ConvolutionInputGenerator_rtl_0_czth98kw'.
INFO: [IP_Flow 19-1700] Loaded user IP repository '/tmp/finn_dev_emanuel-hernandez/code_gen_ipgen_StreamingFIFO_rtl_2_q6mksatc'.
INFO: [IP_Flow 19-1700] Loaded user IP repository '/tmp/finn_dev_emanuel-hernandez/code_gen_ipgen_MVAU_hls_0_23yd46c2/project_MVAU_hls_0/sol1/impl/ip'.
INFO: [IP_Flow 19-1700] Loaded user IP repository '/tmp/finn_dev_emanuel-hernandez/code_gen_ipgen_StreamingFIFO_rtl_3_p2hyhro8'.
INFO: [IP_Flow 19-1700] Loaded user IP repository '/tmp/finn_dev_emanuel-hernandez/code_gen_ipgen_StreamingDataWidthConverter_rtl_0_dgprmkiy'.
INFO: [IP_Flow 19-1700] Loaded user IP repository '/tmp/finn_dev_emanuel-hernandez/code_gen_ipgen_StreamingFIFO_rtl_4_lh6tdo7e'.
INFO: [IP_Flow 19-1700] Loaded user IP repository '/tmp/finn_dev_emanuel-hernandez/code_gen_ipgen_FMPadding_rtl_1_xpf90tc3'.
INFO: [IP_Flow 19-1700] Loaded user IP repository '/tmp/finn_dev_emanuel-hernandez/code_gen_ipgen_StreamingFIFO_rtl_5_vvlnqhpy'.
INFO: [IP_Flow 19-1700] Loaded user IP repository '/tmp/finn_dev_emanuel-hernandez/code_gen_ipgen_StreamingDataWidthConverter_rtl_1_jnol8bbv'.
INFO: [IP_Flow 19-1700] Loaded user IP repository '/tmp/finn_dev_emanuel-hernandez/code_gen_ipgen_StreamingFIFO_rtl_6_6f4ornhe'.
INFO: [IP_Flow 19-1700] Loaded user IP repository '/tmp/finn_dev_emanuel-hernandez/code_gen_ipgen_ConvolutionInputGenerator_rtl_1_3gytnw5p'.
INFO: [IP_Flow 19-1700] Loaded user IP repository '/tmp/finn_dev_emanuel-hernandez/code_gen_ipgen_StreamingFIFO_rtl_7_6w23ui98'.
INFO: [IP_Flow 19-1700] Loaded user IP repository '/tmp/finn_dev_emanuel-hernandez/code_gen_ipgen_StreamingDataWidthConverter_rtl_2_sg9hna6v'.
INFO: [IP_Flow 19-1700] Loaded user IP repository '/tmp/finn_dev_emanuel-hernandez/code_gen_ipgen_StreamingFIFO_rtl_8_fgp0hvu1'.
INFO: [IP_Flow 19-1700] Loaded user IP repository '/tmp/finn_dev_emanuel-hernandez/code_gen_ipgen_MVAU_hls_1_juaup5kq/project_MVAU_hls_1/sol1/impl/ip'.
INFO: [IP_Flow 19-1700] Loaded user IP repository '/tmp/finn_dev_emanuel-hernandez/code_gen_ipgen_StreamingFIFO_rtl_9_8p53cw18'.
INFO: [IP_Flow 19-1700] Loaded user IP repository '/tmp/finn_dev_emanuel-hernandez/code_gen_ipgen_StreamingDataWidthConverter_rtl_3_w9ea0x8t'.
INFO: [IP_Flow 19-1700] Loaded user IP repository '/tmp/finn_dev_emanuel-hernandez/code_gen_ipgen_StreamingFIFO_rtl_10_rz1ffexj'.
INFO: [IP_Flow 19-1700] Loaded user IP repository '/tmp/finn_dev_emanuel-hernandez/code_gen_ipgen_StreamingMaxPool_hls_0_u0p0cbhc/project_StreamingMaxPool_hls_0/sol1/impl/ip'.
INFO: [IP_Flow 19-1700] Loaded user IP repository '/tmp/finn_dev_emanuel-hernandez/code_gen_ipgen_StreamingFIFO_rtl_11_9xde0iu_'.
INFO: [IP_Flow 19-1700] Loaded user IP repository '/tmp/finn_dev_emanuel-hernandez/code_gen_ipgen_FMPadding_rtl_2_bfhymavv'.
INFO: [IP_Flow 19-1700] Loaded user IP repository '/tmp/finn_dev_emanuel-hernandez/code_gen_ipgen_StreamingFIFO_rtl_12_l1u5y9oq'.
INFO: [IP_Flow 19-1700] Loaded user IP repository '/tmp/finn_dev_emanuel-hernandez/code_gen_ipgen_StreamingDataWidthConverter_rtl_4_d3noeq7x'.
INFO: [IP_Flow 19-1700] Loaded user IP repository '/tmp/finn_dev_emanuel-hernandez/code_gen_ipgen_StreamingFIFO_rtl_13__5kvrwkr'.
INFO: [IP_Flow 19-1700] Loaded user IP repository '/tmp/finn_dev_emanuel-hernandez/code_gen_ipgen_ConvolutionInputGenerator_rtl_2_dtijaray'.
INFO: [IP_Flow 19-1700] Loaded user IP repository '/tmp/finn_dev_emanuel-hernandez/code_gen_ipgen_StreamingFIFO_rtl_14_90_nfugx'.
INFO: [IP_Flow 19-1700] Loaded user IP repository '/tmp/finn_dev_emanuel-hernandez/code_gen_ipgen_StreamingDataWidthConverter_rtl_5_eg6sc5c7'.
INFO: [IP_Flow 19-1700] Loaded user IP repository '/tmp/finn_dev_emanuel-hernandez/code_gen_ipgen_StreamingFIFO_rtl_15_6k7rpw6a'.
INFO: [IP_Flow 19-1700] Loaded user IP repository '/tmp/finn_dev_emanuel-hernandez/code_gen_ipgen_MVAU_hls_2_c_8z90e9/project_MVAU_hls_2/sol1/impl/ip'.
INFO: [IP_Flow 19-1700] Loaded user IP repository '/tmp/finn_dev_emanuel-hernandez/code_gen_ipgen_StreamingFIFO_rtl_16_dcyfzx2o'.
INFO: [IP_Flow 19-1700] Loaded user IP repository '/tmp/finn_dev_emanuel-hernandez/code_gen_ipgen_StreamingDataWidthConverter_rtl_6_03z4zugl'.
INFO: [IP_Flow 19-1700] Loaded user IP repository '/tmp/finn_dev_emanuel-hernandez/code_gen_ipgen_StreamingFIFO_rtl_17_ml8iegwl'.
INFO: [IP_Flow 19-1700] Loaded user IP repository '/tmp/finn_dev_emanuel-hernandez/code_gen_ipgen_FMPadding_rtl_3_2x9msyqe'.
INFO: [IP_Flow 19-1700] Loaded user IP repository '/tmp/finn_dev_emanuel-hernandez/code_gen_ipgen_StreamingFIFO_rtl_18_0dc9afhr'.
INFO: [IP_Flow 19-1700] Loaded user IP repository '/tmp/finn_dev_emanuel-hernandez/code_gen_ipgen_StreamingDataWidthConverter_rtl_7_4ikvmjoa'.
INFO: [IP_Flow 19-1700] Loaded user IP repository '/tmp/finn_dev_emanuel-hernandez/code_gen_ipgen_StreamingFIFO_rtl_19_dcp13z__'.
INFO: [IP_Flow 19-1700] Loaded user IP repository '/tmp/finn_dev_emanuel-hernandez/code_gen_ipgen_ConvolutionInputGenerator_rtl_3_s53q98tt'.
INFO: [IP_Flow 19-1700] Loaded user IP repository '/tmp/finn_dev_emanuel-hernandez/code_gen_ipgen_StreamingFIFO_rtl_20_zwdrd7b4'.
INFO: [IP_Flow 19-1700] Loaded user IP repository '/tmp/finn_dev_emanuel-hernandez/code_gen_ipgen_StreamingDataWidthConverter_rtl_8_7jr6z08o'.
INFO: [IP_Flow 19-1700] Loaded user IP repository '/tmp/finn_dev_emanuel-hernandez/code_gen_ipgen_StreamingFIFO_rtl_21_lv51e197'.
INFO: [IP_Flow 19-1700] Loaded user IP repository '/tmp/finn_dev_emanuel-hernandez/code_gen_ipgen_MVAU_hls_3_b35vdh1n/project_MVAU_hls_3/sol1/impl/ip'.
INFO: [IP_Flow 19-1700] Loaded user IP repository '/tmp/finn_dev_emanuel-hernandez/code_gen_ipgen_StreamingFIFO_rtl_22_byid7tf2'.
INFO: [IP_Flow 19-1700] Loaded user IP repository '/tmp/finn_dev_emanuel-hernandez/code_gen_ipgen_StreamingDataWidthConverter_rtl_9_1ve3wz7j'.
INFO: [IP_Flow 19-1700] Loaded user IP repository '/tmp/finn_dev_emanuel-hernandez/code_gen_ipgen_StreamingFIFO_rtl_23_zfz13eo2'.
INFO: [IP_Flow 19-1700] Loaded user IP repository '/tmp/finn_dev_emanuel-hernandez/code_gen_ipgen_StreamingMaxPool_hls_1_7wwp66zq/project_StreamingMaxPool_hls_1/sol1/impl/ip'.
INFO: [IP_Flow 19-1700] Loaded user IP repository '/tmp/finn_dev_emanuel-hernandez/code_gen_ipgen_StreamingFIFO_rtl_24_z54i444h'.
INFO: [IP_Flow 19-1700] Loaded user IP repository '/tmp/finn_dev_emanuel-hernandez/code_gen_ipgen_StreamingDataWidthConverter_rtl_10_yub6am8x'.
INFO: [IP_Flow 19-1700] Loaded user IP repository '/tmp/finn_dev_emanuel-hernandez/code_gen_ipgen_StreamingFIFO_rtl_25_k4tmsb30'.
INFO: [IP_Flow 19-1700] Loaded user IP repository '/tmp/finn_dev_emanuel-hernandez/code_gen_ipgen_MVAU_hls_4_tmhw3dtv/project_MVAU_hls_4/sol1/impl/ip'.
INFO: [IP_Flow 19-1700] Loaded user IP repository '/tmp/finn_dev_emanuel-hernandez/code_gen_ipgen_StreamingFIFO_rtl_26_8mjg4iui'.
INFO: [IP_Flow 19-1700] Loaded user IP repository '/tmp/finn_dev_emanuel-hernandez/code_gen_ipgen_MVAU_rtl_0_5irei88l'.
INFO: [IP_Flow 19-1700] Loaded user IP repository '/tmp/finn_dev_emanuel-hernandez/code_gen_ipgen_StreamingFIFO_rtl_27_agjbqf20'.
WARNING: [IP_Flow 19-3571] IP 'finn_design_StreamingDataWidthConverter_rtl_5_0' is restricted:
* Detected changes to module reference file(s).
# create_bd_cell -type hier StreamingFIFO_rtl_15
# create_bd_pin -dir I -type clk /StreamingFIFO_rtl_15/ap_clk
# create_bd_pin -dir I -type rst /StreamingFIFO_rtl_15/ap_rst_n
# create_bd_intf_pin -mode Master -vlnv xilinx.com:interface:axis_rtl:1.0 /StreamingFIFO_rtl_15/out_V
# create_bd_intf_pin -mode Slave -vlnv xilinx.com:interface:axis_rtl:1.0 /StreamingFIFO_rtl_15/in0_V
# create_bd_cell -type ip -vlnv xilinx.com:ip:axis_data_fifo:2.0 /StreamingFIFO_rtl_15/fifo
# set_property -dict [list CONFIG.FIFO_DEPTH {2048}] [get_bd_cells /StreamingFIFO_rtl_15/fifo]
# set_property -dict [list CONFIG.FIFO_MEMORY_TYPE {auto}] [get_bd_cells /StreamingFIFO_rtl_15/fifo]
# set_property -dict [list CONFIG.TDATA_NUM_BYTES {9}] [get_bd_cells /StreamingFIFO_rtl_15/fifo]
# connect_bd_intf_net [get_bd_intf_pins StreamingFIFO_rtl_15/fifo/M_AXIS] [get_bd_intf_pins StreamingFIFO_rtl_15/out_V]
# connect_bd_intf_net [get_bd_intf_pins StreamingFIFO_rtl_15/fifo/S_AXIS] [get_bd_intf_pins StreamingFIFO_rtl_15/in0_V]
# connect_bd_net [get_bd_pins StreamingFIFO_rtl_15/ap_rst_n] [get_bd_pins StreamingFIFO_rtl_15/fifo/s_axis_aresetn]
# connect_bd_net [get_bd_pins StreamingFIFO_rtl_15/ap_clk] [get_bd_pins StreamingFIFO_rtl_15/fifo/s_axis_aclk]
# create_bd_cell -type hier MVAU_hls_2
# create_bd_pin -dir I -type clk /MVAU_hls_2/ap_clk
# create_bd_pin -dir I -type rst /MVAU_hls_2/ap_rst_n
# create_bd_intf_pin -mode Master -vlnv xilinx.com:interface:axis_rtl:1.0 /MVAU_hls_2/out_V
# create_bd_intf_pin -mode Slave -vlnv xilinx.com:interface:axis_rtl:1.0 /MVAU_hls_2/in0_V
# create_bd_cell -type ip -vlnv xilinx.com:hls:MVAU_hls_2:1.0 /MVAU_hls_2/MVAU_hls_2
# create_bd_cell -type ip -vlnv amd.com:finn:memstream:1.0 /MVAU_hls_2/MVAU_hls_2_wstrm
# set_property -dict [list CONFIG.DEPTH {1024} CONFIG.WIDTH {72} CONFIG.INIT_FILE {/tmp/finn_dev_emanuel-hernandez/code_gen_ipgen_MVAU_hls_2_c_8z90e9/memblock.dat} CONFIG.RAM_STYLE {auto} ] [get_bd_cells /MVAU_hls_2/MVAU_hls_2_wstrm]
WARNING: [IP_Flow 19-4684] Expected long value for param AXILITE_ADDR_WIDTH but, float/scientific notation value 13.0 is provided. The value is converted to long type(13)
WARNING: [IP_Flow 19-4684] Expected long value for param AXILITE_ADDR_WIDTH but, float/scientific notation value 14.0 is provided. The value is converted to long type(14)
# connect_bd_intf_net [get_bd_intf_pins MVAU_hls_2/MVAU_hls_2_wstrm/m_axis_0] [get_bd_intf_pins MVAU_hls_2/MVAU_hls_2/weights_V]
# connect_bd_net [get_bd_pins MVAU_hls_2/ap_rst_n] [get_bd_pins MVAU_hls_2/MVAU_hls_2_wstrm/ap_rst_n]
# connect_bd_net [get_bd_pins MVAU_hls_2/ap_clk] [get_bd_pins MVAU_hls_2/MVAU_hls_2_wstrm/ap_clk]
# connect_bd_net [get_bd_pins MVAU_hls_2/ap_rst_n] [get_bd_pins MVAU_hls_2/MVAU_hls_2/ap_rst_n]
# connect_bd_net [get_bd_pins MVAU_hls_2/ap_clk] [get_bd_pins MVAU_hls_2/MVAU_hls_2/ap_clk]
# connect_bd_intf_net [get_bd_intf_pins MVAU_hls_2/in0_V] [get_bd_intf_pins MVAU_hls_2/MVAU_hls_2/in0_V]
# connect_bd_intf_net [get_bd_intf_pins MVAU_hls_2/out_V] [get_bd_intf_pins MVAU_hls_2/MVAU_hls_2/out_V]
# save_bd_design
Wrote  : </tmp/finn_dev_emanuel-hernandez/vivado_stitch_proj_pm9ik9x1/finn_vivado_stitch_proj.srcs/sources_1/bd/finn_design/finn_design.bd> 
# add_files -norecurse /tmp/finn_dev_emanuel-hernandez/code_gen_ipgen_StreamingFIFO_rtl_16_dcyfzx2o/Q_srl.v
# add_files -norecurse /tmp/finn_dev_emanuel-hernandez/code_gen_ipgen_StreamingFIFO_rtl_16_dcyfzx2o/StreamingFIFO_rtl_16.v
# create_bd_cell -type module -reference StreamingFIFO_rtl_16 StreamingFIFO_rtl_16
INFO: [IP_Flow 19-5107] Inferred bus interface 'ap_clk' of definition 'xilinx.com:signal:clock:1.0' (from X_INTERFACE_INFO parameter from HDL file).
INFO: [IP_Flow 19-5107] Inferred bus interface 'ap_clk' of definition 'xilinx.com:signal:clock:1.0' (from 'X_INTERFACE_INFO' attribute).
INFO: [IP_Flow 19-5107] Inferred bus interface 'in0_V' of definition 'xilinx.com:interface:axis:1.0' (from Xilinx Repository).
INFO: [IP_Flow 19-5107] Inferred bus interface 'out_V' of definition 'xilinx.com:interface:axis:1.0' (from Xilinx Repository).
INFO: [IP_Flow 19-5107] Inferred bus interface 'ap_rst_n' of definition 'xilinx.com:signal:reset:1.0' (from Xilinx Repository).
INFO: [IP_Flow 19-4728] Bus Interface 'ap_rst_n': Added interface parameter 'POLARITY' with value 'ACTIVE_LOW'.
INFO: [IP_Flow 19-4728] Bus Interface 'ap_clk': Added interface parameter 'ASSOCIATED_RESET' with value 'ap_rst_n'.
INFO: [IP_Flow 19-4728] Bus Interface 'ap_clk': Added interface parameter 'ASSOCIATED_BUSIF' with value 'in0_V'.
WARNING: [IP_Flow 19-3157] Bus Interface 'ap_rst_n': Bus parameter POLARITY is ACTIVE_LOW but port 'ap_rst_n' is not *resetn - please double check the POLARITY setting.
INFO: [IP_Flow 19-234] Refreshing IP repositories
INFO: [IP_Flow 19-1700] Loaded user IP repository '/home/emanuel-hernandez/finn/finn-rtllib/memstream'.
INFO: [IP_Flow 19-1700] Loaded user IP repository '/tmp/finn_dev_emanuel-hernandez/code_gen_ipgen_StreamingFIFO_rtl_0_2xp77osi'.
INFO: [IP_Flow 19-1700] Loaded user IP repository '/tmp/finn_dev_emanuel-hernandez/code_gen_ipgen_FMPadding_rtl_0_ty50wf7f'.
INFO: [IP_Flow 19-1700] Loaded user IP repository '/tmp/finn_dev_emanuel-hernandez/code_gen_ipgen_StreamingFIFO_rtl_1_m6if6tq1'.
INFO: [IP_Flow 19-1700] Loaded user IP repository '/tmp/finn_dev_emanuel-hernandez/code_gen_ipgen_ConvolutionInputGenerator_rtl_0_czth98kw'.
INFO: [IP_Flow 19-1700] Loaded user IP repository '/tmp/finn_dev_emanuel-hernandez/code_gen_ipgen_StreamingFIFO_rtl_2_q6mksatc'.
INFO: [IP_Flow 19-1700] Loaded user IP repository '/tmp/finn_dev_emanuel-hernandez/code_gen_ipgen_MVAU_hls_0_23yd46c2/project_MVAU_hls_0/sol1/impl/ip'.
INFO: [IP_Flow 19-1700] Loaded user IP repository '/tmp/finn_dev_emanuel-hernandez/code_gen_ipgen_StreamingFIFO_rtl_3_p2hyhro8'.
INFO: [IP_Flow 19-1700] Loaded user IP repository '/tmp/finn_dev_emanuel-hernandez/code_gen_ipgen_StreamingDataWidthConverter_rtl_0_dgprmkiy'.
INFO: [IP_Flow 19-1700] Loaded user IP repository '/tmp/finn_dev_emanuel-hernandez/code_gen_ipgen_StreamingFIFO_rtl_4_lh6tdo7e'.
INFO: [IP_Flow 19-1700] Loaded user IP repository '/tmp/finn_dev_emanuel-hernandez/code_gen_ipgen_FMPadding_rtl_1_xpf90tc3'.
INFO: [IP_Flow 19-1700] Loaded user IP repository '/tmp/finn_dev_emanuel-hernandez/code_gen_ipgen_StreamingFIFO_rtl_5_vvlnqhpy'.
INFO: [IP_Flow 19-1700] Loaded user IP repository '/tmp/finn_dev_emanuel-hernandez/code_gen_ipgen_StreamingDataWidthConverter_rtl_1_jnol8bbv'.
INFO: [IP_Flow 19-1700] Loaded user IP repository '/tmp/finn_dev_emanuel-hernandez/code_gen_ipgen_StreamingFIFO_rtl_6_6f4ornhe'.
INFO: [IP_Flow 19-1700] Loaded user IP repository '/tmp/finn_dev_emanuel-hernandez/code_gen_ipgen_ConvolutionInputGenerator_rtl_1_3gytnw5p'.
INFO: [IP_Flow 19-1700] Loaded user IP repository '/tmp/finn_dev_emanuel-hernandez/code_gen_ipgen_StreamingFIFO_rtl_7_6w23ui98'.
INFO: [IP_Flow 19-1700] Loaded user IP repository '/tmp/finn_dev_emanuel-hernandez/code_gen_ipgen_StreamingDataWidthConverter_rtl_2_sg9hna6v'.
INFO: [IP_Flow 19-1700] Loaded user IP repository '/tmp/finn_dev_emanuel-hernandez/code_gen_ipgen_StreamingFIFO_rtl_8_fgp0hvu1'.
INFO: [IP_Flow 19-1700] Loaded user IP repository '/tmp/finn_dev_emanuel-hernandez/code_gen_ipgen_MVAU_hls_1_juaup5kq/project_MVAU_hls_1/sol1/impl/ip'.
INFO: [IP_Flow 19-1700] Loaded user IP repository '/tmp/finn_dev_emanuel-hernandez/code_gen_ipgen_StreamingFIFO_rtl_9_8p53cw18'.
INFO: [IP_Flow 19-1700] Loaded user IP repository '/tmp/finn_dev_emanuel-hernandez/code_gen_ipgen_StreamingDataWidthConverter_rtl_3_w9ea0x8t'.
INFO: [IP_Flow 19-1700] Loaded user IP repository '/tmp/finn_dev_emanuel-hernandez/code_gen_ipgen_StreamingFIFO_rtl_10_rz1ffexj'.
INFO: [IP_Flow 19-1700] Loaded user IP repository '/tmp/finn_dev_emanuel-hernandez/code_gen_ipgen_StreamingMaxPool_hls_0_u0p0cbhc/project_StreamingMaxPool_hls_0/sol1/impl/ip'.
INFO: [IP_Flow 19-1700] Loaded user IP repository '/tmp/finn_dev_emanuel-hernandez/code_gen_ipgen_StreamingFIFO_rtl_11_9xde0iu_'.
INFO: [IP_Flow 19-1700] Loaded user IP repository '/tmp/finn_dev_emanuel-hernandez/code_gen_ipgen_FMPadding_rtl_2_bfhymavv'.
INFO: [IP_Flow 19-1700] Loaded user IP repository '/tmp/finn_dev_emanuel-hernandez/code_gen_ipgen_StreamingFIFO_rtl_12_l1u5y9oq'.
INFO: [IP_Flow 19-1700] Loaded user IP repository '/tmp/finn_dev_emanuel-hernandez/code_gen_ipgen_StreamingDataWidthConverter_rtl_4_d3noeq7x'.
INFO: [IP_Flow 19-1700] Loaded user IP repository '/tmp/finn_dev_emanuel-hernandez/code_gen_ipgen_StreamingFIFO_rtl_13__5kvrwkr'.
INFO: [IP_Flow 19-1700] Loaded user IP repository '/tmp/finn_dev_emanuel-hernandez/code_gen_ipgen_ConvolutionInputGenerator_rtl_2_dtijaray'.
INFO: [IP_Flow 19-1700] Loaded user IP repository '/tmp/finn_dev_emanuel-hernandez/code_gen_ipgen_StreamingFIFO_rtl_14_90_nfugx'.
INFO: [IP_Flow 19-1700] Loaded user IP repository '/tmp/finn_dev_emanuel-hernandez/code_gen_ipgen_StreamingDataWidthConverter_rtl_5_eg6sc5c7'.
INFO: [IP_Flow 19-1700] Loaded user IP repository '/tmp/finn_dev_emanuel-hernandez/code_gen_ipgen_StreamingFIFO_rtl_15_6k7rpw6a'.
INFO: [IP_Flow 19-1700] Loaded user IP repository '/tmp/finn_dev_emanuel-hernandez/code_gen_ipgen_MVAU_hls_2_c_8z90e9/project_MVAU_hls_2/sol1/impl/ip'.
INFO: [IP_Flow 19-1700] Loaded user IP repository '/tmp/finn_dev_emanuel-hernandez/code_gen_ipgen_StreamingFIFO_rtl_16_dcyfzx2o'.
INFO: [IP_Flow 19-1700] Loaded user IP repository '/tmp/finn_dev_emanuel-hernandez/code_gen_ipgen_StreamingDataWidthConverter_rtl_6_03z4zugl'.
INFO: [IP_Flow 19-1700] Loaded user IP repository '/tmp/finn_dev_emanuel-hernandez/code_gen_ipgen_StreamingFIFO_rtl_17_ml8iegwl'.
INFO: [IP_Flow 19-1700] Loaded user IP repository '/tmp/finn_dev_emanuel-hernandez/code_gen_ipgen_FMPadding_rtl_3_2x9msyqe'.
INFO: [IP_Flow 19-1700] Loaded user IP repository '/tmp/finn_dev_emanuel-hernandez/code_gen_ipgen_StreamingFIFO_rtl_18_0dc9afhr'.
INFO: [IP_Flow 19-1700] Loaded user IP repository '/tmp/finn_dev_emanuel-hernandez/code_gen_ipgen_StreamingDataWidthConverter_rtl_7_4ikvmjoa'.
INFO: [IP_Flow 19-1700] Loaded user IP repository '/tmp/finn_dev_emanuel-hernandez/code_gen_ipgen_StreamingFIFO_rtl_19_dcp13z__'.
INFO: [IP_Flow 19-1700] Loaded user IP repository '/tmp/finn_dev_emanuel-hernandez/code_gen_ipgen_ConvolutionInputGenerator_rtl_3_s53q98tt'.
INFO: [IP_Flow 19-1700] Loaded user IP repository '/tmp/finn_dev_emanuel-hernandez/code_gen_ipgen_StreamingFIFO_rtl_20_zwdrd7b4'.
INFO: [IP_Flow 19-1700] Loaded user IP repository '/tmp/finn_dev_emanuel-hernandez/code_gen_ipgen_StreamingDataWidthConverter_rtl_8_7jr6z08o'.
INFO: [IP_Flow 19-1700] Loaded user IP repository '/tmp/finn_dev_emanuel-hernandez/code_gen_ipgen_StreamingFIFO_rtl_21_lv51e197'.
INFO: [IP_Flow 19-1700] Loaded user IP repository '/tmp/finn_dev_emanuel-hernandez/code_gen_ipgen_MVAU_hls_3_b35vdh1n/project_MVAU_hls_3/sol1/impl/ip'.
INFO: [IP_Flow 19-1700] Loaded user IP repository '/tmp/finn_dev_emanuel-hernandez/code_gen_ipgen_StreamingFIFO_rtl_22_byid7tf2'.
INFO: [IP_Flow 19-1700] Loaded user IP repository '/tmp/finn_dev_emanuel-hernandez/code_gen_ipgen_StreamingDataWidthConverter_rtl_9_1ve3wz7j'.
INFO: [IP_Flow 19-1700] Loaded user IP repository '/tmp/finn_dev_emanuel-hernandez/code_gen_ipgen_StreamingFIFO_rtl_23_zfz13eo2'.
INFO: [IP_Flow 19-1700] Loaded user IP repository '/tmp/finn_dev_emanuel-hernandez/code_gen_ipgen_StreamingMaxPool_hls_1_7wwp66zq/project_StreamingMaxPool_hls_1/sol1/impl/ip'.
INFO: [IP_Flow 19-1700] Loaded user IP repository '/tmp/finn_dev_emanuel-hernandez/code_gen_ipgen_StreamingFIFO_rtl_24_z54i444h'.
INFO: [IP_Flow 19-1700] Loaded user IP repository '/tmp/finn_dev_emanuel-hernandez/code_gen_ipgen_StreamingDataWidthConverter_rtl_10_yub6am8x'.
INFO: [IP_Flow 19-1700] Loaded user IP repository '/tmp/finn_dev_emanuel-hernandez/code_gen_ipgen_StreamingFIFO_rtl_25_k4tmsb30'.
INFO: [IP_Flow 19-1700] Loaded user IP repository '/tmp/finn_dev_emanuel-hernandez/code_gen_ipgen_MVAU_hls_4_tmhw3dtv/project_MVAU_hls_4/sol1/impl/ip'.
INFO: [IP_Flow 19-1700] Loaded user IP repository '/tmp/finn_dev_emanuel-hernandez/code_gen_ipgen_StreamingFIFO_rtl_26_8mjg4iui'.
INFO: [IP_Flow 19-1700] Loaded user IP repository '/tmp/finn_dev_emanuel-hernandez/code_gen_ipgen_MVAU_rtl_0_5irei88l'.
INFO: [IP_Flow 19-1700] Loaded user IP repository '/tmp/finn_dev_emanuel-hernandez/code_gen_ipgen_StreamingFIFO_rtl_27_agjbqf20'.
WARNING: [IP_Flow 19-3571] IP 'finn_design_StreamingFIFO_rtl_16_0' is restricted:
* Detected changes to module reference file(s).
create_bd_cell: Time (s): cpu = 00:00:29 ; elapsed = 00:00:06 . Memory (MB): peak = 1634.676 ; gain = 82.996 ; free physical = 2212 ; free virtual = 14947
# add_files -norecurse /tmp/finn_dev_emanuel-hernandez/code_gen_ipgen_StreamingDataWidthConverter_rtl_6_03z4zugl/dwc_axi.sv
# add_files -norecurse /tmp/finn_dev_emanuel-hernandez/code_gen_ipgen_StreamingDataWidthConverter_rtl_6_03z4zugl/dwc.sv
# add_files -norecurse /tmp/finn_dev_emanuel-hernandez/code_gen_ipgen_StreamingDataWidthConverter_rtl_6_03z4zugl/StreamingDataWidthConverter_rtl_6.v
# create_bd_cell -type module -reference StreamingDataWidthConverter_rtl_6 StreamingDataWidthConverter_rtl_6
INFO: [IP_Flow 19-5107] Inferred bus interface 'ap_clk' of definition 'xilinx.com:signal:clock:1.0' (from X_INTERFACE_INFO parameter from HDL file).
INFO: [IP_Flow 19-5107] Inferred bus interface 'ap_clk' of definition 'xilinx.com:signal:clock:1.0' (from 'X_INTERFACE_INFO' attribute).
INFO: [IP_Flow 19-5107] Inferred bus interface 'in0_V' of definition 'xilinx.com:interface:axis:1.0' (from Xilinx Repository).
INFO: [IP_Flow 19-5107] Inferred bus interface 'out_V' of definition 'xilinx.com:interface:axis:1.0' (from Xilinx Repository).
INFO: [IP_Flow 19-5107] Inferred bus interface 'ap_rst_n' of definition 'xilinx.com:signal:reset:1.0' (from Xilinx Repository).
INFO: [IP_Flow 19-4728] Bus Interface 'ap_rst_n': Added interface parameter 'POLARITY' with value 'ACTIVE_LOW'.
INFO: [IP_Flow 19-4728] Bus Interface 'ap_clk': Added interface parameter 'ASSOCIATED_RESET' with value 'ap_rst_n'.
INFO: [IP_Flow 19-4728] Bus Interface 'ap_clk': Added interface parameter 'ASSOCIATED_BUSIF' with value 'in0_V'.
INFO: [IP_Flow 19-818] Not transferring value dependency attribute "(((spirit:decode(id('MODELPARAM_VALUE.IBITS')) + 7) / 8) * 8)" into user parameter "AXI_IBITS".
INFO: [IP_Flow 19-818] Not transferring value dependency attribute "(((spirit:decode(id('MODELPARAM_VALUE.OBITS')) + 7) / 8) * 8)" into user parameter "AXI_OBITS".
WARNING: [IP_Flow 19-3157] Bus Interface 'ap_rst_n': Bus parameter POLARITY is ACTIVE_LOW but port 'ap_rst_n' is not *resetn - please double check the POLARITY setting.
INFO: [IP_Flow 19-234] Refreshing IP repositories
INFO: [IP_Flow 19-1700] Loaded user IP repository '/home/emanuel-hernandez/finn/finn-rtllib/memstream'.
INFO: [IP_Flow 19-1700] Loaded user IP repository '/tmp/finn_dev_emanuel-hernandez/code_gen_ipgen_StreamingFIFO_rtl_0_2xp77osi'.
INFO: [IP_Flow 19-1700] Loaded user IP repository '/tmp/finn_dev_emanuel-hernandez/code_gen_ipgen_FMPadding_rtl_0_ty50wf7f'.
INFO: [IP_Flow 19-1700] Loaded user IP repository '/tmp/finn_dev_emanuel-hernandez/code_gen_ipgen_StreamingFIFO_rtl_1_m6if6tq1'.
INFO: [IP_Flow 19-1700] Loaded user IP repository '/tmp/finn_dev_emanuel-hernandez/code_gen_ipgen_ConvolutionInputGenerator_rtl_0_czth98kw'.
INFO: [IP_Flow 19-1700] Loaded user IP repository '/tmp/finn_dev_emanuel-hernandez/code_gen_ipgen_StreamingFIFO_rtl_2_q6mksatc'.
INFO: [IP_Flow 19-1700] Loaded user IP repository '/tmp/finn_dev_emanuel-hernandez/code_gen_ipgen_MVAU_hls_0_23yd46c2/project_MVAU_hls_0/sol1/impl/ip'.
INFO: [IP_Flow 19-1700] Loaded user IP repository '/tmp/finn_dev_emanuel-hernandez/code_gen_ipgen_StreamingFIFO_rtl_3_p2hyhro8'.
INFO: [IP_Flow 19-1700] Loaded user IP repository '/tmp/finn_dev_emanuel-hernandez/code_gen_ipgen_StreamingDataWidthConverter_rtl_0_dgprmkiy'.
INFO: [IP_Flow 19-1700] Loaded user IP repository '/tmp/finn_dev_emanuel-hernandez/code_gen_ipgen_StreamingFIFO_rtl_4_lh6tdo7e'.
INFO: [IP_Flow 19-1700] Loaded user IP repository '/tmp/finn_dev_emanuel-hernandez/code_gen_ipgen_FMPadding_rtl_1_xpf90tc3'.
INFO: [IP_Flow 19-1700] Loaded user IP repository '/tmp/finn_dev_emanuel-hernandez/code_gen_ipgen_StreamingFIFO_rtl_5_vvlnqhpy'.
INFO: [IP_Flow 19-1700] Loaded user IP repository '/tmp/finn_dev_emanuel-hernandez/code_gen_ipgen_StreamingDataWidthConverter_rtl_1_jnol8bbv'.
INFO: [IP_Flow 19-1700] Loaded user IP repository '/tmp/finn_dev_emanuel-hernandez/code_gen_ipgen_StreamingFIFO_rtl_6_6f4ornhe'.
INFO: [IP_Flow 19-1700] Loaded user IP repository '/tmp/finn_dev_emanuel-hernandez/code_gen_ipgen_ConvolutionInputGenerator_rtl_1_3gytnw5p'.
INFO: [IP_Flow 19-1700] Loaded user IP repository '/tmp/finn_dev_emanuel-hernandez/code_gen_ipgen_StreamingFIFO_rtl_7_6w23ui98'.
INFO: [IP_Flow 19-1700] Loaded user IP repository '/tmp/finn_dev_emanuel-hernandez/code_gen_ipgen_StreamingDataWidthConverter_rtl_2_sg9hna6v'.
INFO: [IP_Flow 19-1700] Loaded user IP repository '/tmp/finn_dev_emanuel-hernandez/code_gen_ipgen_StreamingFIFO_rtl_8_fgp0hvu1'.
INFO: [IP_Flow 19-1700] Loaded user IP repository '/tmp/finn_dev_emanuel-hernandez/code_gen_ipgen_MVAU_hls_1_juaup5kq/project_MVAU_hls_1/sol1/impl/ip'.
INFO: [IP_Flow 19-1700] Loaded user IP repository '/tmp/finn_dev_emanuel-hernandez/code_gen_ipgen_StreamingFIFO_rtl_9_8p53cw18'.
INFO: [IP_Flow 19-1700] Loaded user IP repository '/tmp/finn_dev_emanuel-hernandez/code_gen_ipgen_StreamingDataWidthConverter_rtl_3_w9ea0x8t'.
INFO: [IP_Flow 19-1700] Loaded user IP repository '/tmp/finn_dev_emanuel-hernandez/code_gen_ipgen_StreamingFIFO_rtl_10_rz1ffexj'.
INFO: [IP_Flow 19-1700] Loaded user IP repository '/tmp/finn_dev_emanuel-hernandez/code_gen_ipgen_StreamingMaxPool_hls_0_u0p0cbhc/project_StreamingMaxPool_hls_0/sol1/impl/ip'.
INFO: [IP_Flow 19-1700] Loaded user IP repository '/tmp/finn_dev_emanuel-hernandez/code_gen_ipgen_StreamingFIFO_rtl_11_9xde0iu_'.
INFO: [IP_Flow 19-1700] Loaded user IP repository '/tmp/finn_dev_emanuel-hernandez/code_gen_ipgen_FMPadding_rtl_2_bfhymavv'.
INFO: [IP_Flow 19-1700] Loaded user IP repository '/tmp/finn_dev_emanuel-hernandez/code_gen_ipgen_StreamingFIFO_rtl_12_l1u5y9oq'.
INFO: [IP_Flow 19-1700] Loaded user IP repository '/tmp/finn_dev_emanuel-hernandez/code_gen_ipgen_StreamingDataWidthConverter_rtl_4_d3noeq7x'.
INFO: [IP_Flow 19-1700] Loaded user IP repository '/tmp/finn_dev_emanuel-hernandez/code_gen_ipgen_StreamingFIFO_rtl_13__5kvrwkr'.
INFO: [IP_Flow 19-1700] Loaded user IP repository '/tmp/finn_dev_emanuel-hernandez/code_gen_ipgen_ConvolutionInputGenerator_rtl_2_dtijaray'.
INFO: [IP_Flow 19-1700] Loaded user IP repository '/tmp/finn_dev_emanuel-hernandez/code_gen_ipgen_StreamingFIFO_rtl_14_90_nfugx'.
INFO: [IP_Flow 19-1700] Loaded user IP repository '/tmp/finn_dev_emanuel-hernandez/code_gen_ipgen_StreamingDataWidthConverter_rtl_5_eg6sc5c7'.
INFO: [IP_Flow 19-1700] Loaded user IP repository '/tmp/finn_dev_emanuel-hernandez/code_gen_ipgen_StreamingFIFO_rtl_15_6k7rpw6a'.
INFO: [IP_Flow 19-1700] Loaded user IP repository '/tmp/finn_dev_emanuel-hernandez/code_gen_ipgen_MVAU_hls_2_c_8z90e9/project_MVAU_hls_2/sol1/impl/ip'.
INFO: [IP_Flow 19-1700] Loaded user IP repository '/tmp/finn_dev_emanuel-hernandez/code_gen_ipgen_StreamingFIFO_rtl_16_dcyfzx2o'.
INFO: [IP_Flow 19-1700] Loaded user IP repository '/tmp/finn_dev_emanuel-hernandez/code_gen_ipgen_StreamingDataWidthConverter_rtl_6_03z4zugl'.
INFO: [IP_Flow 19-1700] Loaded user IP repository '/tmp/finn_dev_emanuel-hernandez/code_gen_ipgen_StreamingFIFO_rtl_17_ml8iegwl'.
INFO: [IP_Flow 19-1700] Loaded user IP repository '/tmp/finn_dev_emanuel-hernandez/code_gen_ipgen_FMPadding_rtl_3_2x9msyqe'.
INFO: [IP_Flow 19-1700] Loaded user IP repository '/tmp/finn_dev_emanuel-hernandez/code_gen_ipgen_StreamingFIFO_rtl_18_0dc9afhr'.
INFO: [IP_Flow 19-1700] Loaded user IP repository '/tmp/finn_dev_emanuel-hernandez/code_gen_ipgen_StreamingDataWidthConverter_rtl_7_4ikvmjoa'.
INFO: [IP_Flow 19-1700] Loaded user IP repository '/tmp/finn_dev_emanuel-hernandez/code_gen_ipgen_StreamingFIFO_rtl_19_dcp13z__'.
INFO: [IP_Flow 19-1700] Loaded user IP repository '/tmp/finn_dev_emanuel-hernandez/code_gen_ipgen_ConvolutionInputGenerator_rtl_3_s53q98tt'.
INFO: [IP_Flow 19-1700] Loaded user IP repository '/tmp/finn_dev_emanuel-hernandez/code_gen_ipgen_StreamingFIFO_rtl_20_zwdrd7b4'.
INFO: [IP_Flow 19-1700] Loaded user IP repository '/tmp/finn_dev_emanuel-hernandez/code_gen_ipgen_StreamingDataWidthConverter_rtl_8_7jr6z08o'.
INFO: [IP_Flow 19-1700] Loaded user IP repository '/tmp/finn_dev_emanuel-hernandez/code_gen_ipgen_StreamingFIFO_rtl_21_lv51e197'.
INFO: [IP_Flow 19-1700] Loaded user IP repository '/tmp/finn_dev_emanuel-hernandez/code_gen_ipgen_MVAU_hls_3_b35vdh1n/project_MVAU_hls_3/sol1/impl/ip'.
INFO: [IP_Flow 19-1700] Loaded user IP repository '/tmp/finn_dev_emanuel-hernandez/code_gen_ipgen_StreamingFIFO_rtl_22_byid7tf2'.
INFO: [IP_Flow 19-1700] Loaded user IP repository '/tmp/finn_dev_emanuel-hernandez/code_gen_ipgen_StreamingDataWidthConverter_rtl_9_1ve3wz7j'.
INFO: [IP_Flow 19-1700] Loaded user IP repository '/tmp/finn_dev_emanuel-hernandez/code_gen_ipgen_StreamingFIFO_rtl_23_zfz13eo2'.
INFO: [IP_Flow 19-1700] Loaded user IP repository '/tmp/finn_dev_emanuel-hernandez/code_gen_ipgen_StreamingMaxPool_hls_1_7wwp66zq/project_StreamingMaxPool_hls_1/sol1/impl/ip'.
INFO: [IP_Flow 19-1700] Loaded user IP repository '/tmp/finn_dev_emanuel-hernandez/code_gen_ipgen_StreamingFIFO_rtl_24_z54i444h'.
INFO: [IP_Flow 19-1700] Loaded user IP repository '/tmp/finn_dev_emanuel-hernandez/code_gen_ipgen_StreamingDataWidthConverter_rtl_10_yub6am8x'.
INFO: [IP_Flow 19-1700] Loaded user IP repository '/tmp/finn_dev_emanuel-hernandez/code_gen_ipgen_StreamingFIFO_rtl_25_k4tmsb30'.
INFO: [IP_Flow 19-1700] Loaded user IP repository '/tmp/finn_dev_emanuel-hernandez/code_gen_ipgen_MVAU_hls_4_tmhw3dtv/project_MVAU_hls_4/sol1/impl/ip'.
INFO: [IP_Flow 19-1700] Loaded user IP repository '/tmp/finn_dev_emanuel-hernandez/code_gen_ipgen_StreamingFIFO_rtl_26_8mjg4iui'.
INFO: [IP_Flow 19-1700] Loaded user IP repository '/tmp/finn_dev_emanuel-hernandez/code_gen_ipgen_MVAU_rtl_0_5irei88l'.
INFO: [IP_Flow 19-1700] Loaded user IP repository '/tmp/finn_dev_emanuel-hernandez/code_gen_ipgen_StreamingFIFO_rtl_27_agjbqf20'.
WARNING: [IP_Flow 19-3571] IP 'finn_design_StreamingDataWidthConverter_rtl_6_0' is restricted:
* Detected changes to module reference file(s).
create_bd_cell: Time (s): cpu = 00:00:29 ; elapsed = 00:00:06 . Memory (MB): peak = 1645.656 ; gain = 10.980 ; free physical = 2215 ; free virtual = 14950
# add_files -norecurse /tmp/finn_dev_emanuel-hernandez/code_gen_ipgen_StreamingFIFO_rtl_17_ml8iegwl/Q_srl.v
# add_files -norecurse /tmp/finn_dev_emanuel-hernandez/code_gen_ipgen_StreamingFIFO_rtl_17_ml8iegwl/StreamingFIFO_rtl_17.v
# create_bd_cell -type module -reference StreamingFIFO_rtl_17 StreamingFIFO_rtl_17
INFO: [IP_Flow 19-5107] Inferred bus interface 'ap_clk' of definition 'xilinx.com:signal:clock:1.0' (from X_INTERFACE_INFO parameter from HDL file).
INFO: [IP_Flow 19-5107] Inferred bus interface 'ap_clk' of definition 'xilinx.com:signal:clock:1.0' (from 'X_INTERFACE_INFO' attribute).
INFO: [IP_Flow 19-5107] Inferred bus interface 'in0_V' of definition 'xilinx.com:interface:axis:1.0' (from Xilinx Repository).
INFO: [IP_Flow 19-5107] Inferred bus interface 'out_V' of definition 'xilinx.com:interface:axis:1.0' (from Xilinx Repository).
INFO: [IP_Flow 19-5107] Inferred bus interface 'ap_rst_n' of definition 'xilinx.com:signal:reset:1.0' (from Xilinx Repository).
INFO: [IP_Flow 19-4728] Bus Interface 'ap_rst_n': Added interface parameter 'POLARITY' with value 'ACTIVE_LOW'.
INFO: [IP_Flow 19-4728] Bus Interface 'ap_clk': Added interface parameter 'ASSOCIATED_RESET' with value 'ap_rst_n'.
INFO: [IP_Flow 19-4728] Bus Interface 'ap_clk': Added interface parameter 'ASSOCIATED_BUSIF' with value 'in0_V'.
WARNING: [IP_Flow 19-3157] Bus Interface 'ap_rst_n': Bus parameter POLARITY is ACTIVE_LOW but port 'ap_rst_n' is not *resetn - please double check the POLARITY setting.
INFO: [IP_Flow 19-234] Refreshing IP repositories
INFO: [IP_Flow 19-1700] Loaded user IP repository '/home/emanuel-hernandez/finn/finn-rtllib/memstream'.
INFO: [IP_Flow 19-1700] Loaded user IP repository '/tmp/finn_dev_emanuel-hernandez/code_gen_ipgen_StreamingFIFO_rtl_0_2xp77osi'.
INFO: [IP_Flow 19-1700] Loaded user IP repository '/tmp/finn_dev_emanuel-hernandez/code_gen_ipgen_FMPadding_rtl_0_ty50wf7f'.
INFO: [IP_Flow 19-1700] Loaded user IP repository '/tmp/finn_dev_emanuel-hernandez/code_gen_ipgen_StreamingFIFO_rtl_1_m6if6tq1'.
INFO: [IP_Flow 19-1700] Loaded user IP repository '/tmp/finn_dev_emanuel-hernandez/code_gen_ipgen_ConvolutionInputGenerator_rtl_0_czth98kw'.
INFO: [IP_Flow 19-1700] Loaded user IP repository '/tmp/finn_dev_emanuel-hernandez/code_gen_ipgen_StreamingFIFO_rtl_2_q6mksatc'.
INFO: [IP_Flow 19-1700] Loaded user IP repository '/tmp/finn_dev_emanuel-hernandez/code_gen_ipgen_MVAU_hls_0_23yd46c2/project_MVAU_hls_0/sol1/impl/ip'.
INFO: [IP_Flow 19-1700] Loaded user IP repository '/tmp/finn_dev_emanuel-hernandez/code_gen_ipgen_StreamingFIFO_rtl_3_p2hyhro8'.
INFO: [IP_Flow 19-1700] Loaded user IP repository '/tmp/finn_dev_emanuel-hernandez/code_gen_ipgen_StreamingDataWidthConverter_rtl_0_dgprmkiy'.
INFO: [IP_Flow 19-1700] Loaded user IP repository '/tmp/finn_dev_emanuel-hernandez/code_gen_ipgen_StreamingFIFO_rtl_4_lh6tdo7e'.
INFO: [IP_Flow 19-1700] Loaded user IP repository '/tmp/finn_dev_emanuel-hernandez/code_gen_ipgen_FMPadding_rtl_1_xpf90tc3'.
INFO: [IP_Flow 19-1700] Loaded user IP repository '/tmp/finn_dev_emanuel-hernandez/code_gen_ipgen_StreamingFIFO_rtl_5_vvlnqhpy'.
INFO: [IP_Flow 19-1700] Loaded user IP repository '/tmp/finn_dev_emanuel-hernandez/code_gen_ipgen_StreamingDataWidthConverter_rtl_1_jnol8bbv'.
INFO: [IP_Flow 19-1700] Loaded user IP repository '/tmp/finn_dev_emanuel-hernandez/code_gen_ipgen_StreamingFIFO_rtl_6_6f4ornhe'.
INFO: [IP_Flow 19-1700] Loaded user IP repository '/tmp/finn_dev_emanuel-hernandez/code_gen_ipgen_ConvolutionInputGenerator_rtl_1_3gytnw5p'.
INFO: [IP_Flow 19-1700] Loaded user IP repository '/tmp/finn_dev_emanuel-hernandez/code_gen_ipgen_StreamingFIFO_rtl_7_6w23ui98'.
INFO: [IP_Flow 19-1700] Loaded user IP repository '/tmp/finn_dev_emanuel-hernandez/code_gen_ipgen_StreamingDataWidthConverter_rtl_2_sg9hna6v'.
INFO: [IP_Flow 19-1700] Loaded user IP repository '/tmp/finn_dev_emanuel-hernandez/code_gen_ipgen_StreamingFIFO_rtl_8_fgp0hvu1'.
INFO: [IP_Flow 19-1700] Loaded user IP repository '/tmp/finn_dev_emanuel-hernandez/code_gen_ipgen_MVAU_hls_1_juaup5kq/project_MVAU_hls_1/sol1/impl/ip'.
INFO: [IP_Flow 19-1700] Loaded user IP repository '/tmp/finn_dev_emanuel-hernandez/code_gen_ipgen_StreamingFIFO_rtl_9_8p53cw18'.
INFO: [IP_Flow 19-1700] Loaded user IP repository '/tmp/finn_dev_emanuel-hernandez/code_gen_ipgen_StreamingDataWidthConverter_rtl_3_w9ea0x8t'.
INFO: [IP_Flow 19-1700] Loaded user IP repository '/tmp/finn_dev_emanuel-hernandez/code_gen_ipgen_StreamingFIFO_rtl_10_rz1ffexj'.
INFO: [IP_Flow 19-1700] Loaded user IP repository '/tmp/finn_dev_emanuel-hernandez/code_gen_ipgen_StreamingMaxPool_hls_0_u0p0cbhc/project_StreamingMaxPool_hls_0/sol1/impl/ip'.
INFO: [IP_Flow 19-1700] Loaded user IP repository '/tmp/finn_dev_emanuel-hernandez/code_gen_ipgen_StreamingFIFO_rtl_11_9xde0iu_'.
INFO: [IP_Flow 19-1700] Loaded user IP repository '/tmp/finn_dev_emanuel-hernandez/code_gen_ipgen_FMPadding_rtl_2_bfhymavv'.
INFO: [IP_Flow 19-1700] Loaded user IP repository '/tmp/finn_dev_emanuel-hernandez/code_gen_ipgen_StreamingFIFO_rtl_12_l1u5y9oq'.
INFO: [IP_Flow 19-1700] Loaded user IP repository '/tmp/finn_dev_emanuel-hernandez/code_gen_ipgen_StreamingDataWidthConverter_rtl_4_d3noeq7x'.
INFO: [IP_Flow 19-1700] Loaded user IP repository '/tmp/finn_dev_emanuel-hernandez/code_gen_ipgen_StreamingFIFO_rtl_13__5kvrwkr'.
INFO: [IP_Flow 19-1700] Loaded user IP repository '/tmp/finn_dev_emanuel-hernandez/code_gen_ipgen_ConvolutionInputGenerator_rtl_2_dtijaray'.
INFO: [IP_Flow 19-1700] Loaded user IP repository '/tmp/finn_dev_emanuel-hernandez/code_gen_ipgen_StreamingFIFO_rtl_14_90_nfugx'.
INFO: [IP_Flow 19-1700] Loaded user IP repository '/tmp/finn_dev_emanuel-hernandez/code_gen_ipgen_StreamingDataWidthConverter_rtl_5_eg6sc5c7'.
INFO: [IP_Flow 19-1700] Loaded user IP repository '/tmp/finn_dev_emanuel-hernandez/code_gen_ipgen_StreamingFIFO_rtl_15_6k7rpw6a'.
INFO: [IP_Flow 19-1700] Loaded user IP repository '/tmp/finn_dev_emanuel-hernandez/code_gen_ipgen_MVAU_hls_2_c_8z90e9/project_MVAU_hls_2/sol1/impl/ip'.
INFO: [IP_Flow 19-1700] Loaded user IP repository '/tmp/finn_dev_emanuel-hernandez/code_gen_ipgen_StreamingFIFO_rtl_16_dcyfzx2o'.
INFO: [IP_Flow 19-1700] Loaded user IP repository '/tmp/finn_dev_emanuel-hernandez/code_gen_ipgen_StreamingDataWidthConverter_rtl_6_03z4zugl'.
INFO: [IP_Flow 19-1700] Loaded user IP repository '/tmp/finn_dev_emanuel-hernandez/code_gen_ipgen_StreamingFIFO_rtl_17_ml8iegwl'.
INFO: [IP_Flow 19-1700] Loaded user IP repository '/tmp/finn_dev_emanuel-hernandez/code_gen_ipgen_FMPadding_rtl_3_2x9msyqe'.
INFO: [IP_Flow 19-1700] Loaded user IP repository '/tmp/finn_dev_emanuel-hernandez/code_gen_ipgen_StreamingFIFO_rtl_18_0dc9afhr'.
INFO: [IP_Flow 19-1700] Loaded user IP repository '/tmp/finn_dev_emanuel-hernandez/code_gen_ipgen_StreamingDataWidthConverter_rtl_7_4ikvmjoa'.
INFO: [IP_Flow 19-1700] Loaded user IP repository '/tmp/finn_dev_emanuel-hernandez/code_gen_ipgen_StreamingFIFO_rtl_19_dcp13z__'.
INFO: [IP_Flow 19-1700] Loaded user IP repository '/tmp/finn_dev_emanuel-hernandez/code_gen_ipgen_ConvolutionInputGenerator_rtl_3_s53q98tt'.
INFO: [IP_Flow 19-1700] Loaded user IP repository '/tmp/finn_dev_emanuel-hernandez/code_gen_ipgen_StreamingFIFO_rtl_20_zwdrd7b4'.
INFO: [IP_Flow 19-1700] Loaded user IP repository '/tmp/finn_dev_emanuel-hernandez/code_gen_ipgen_StreamingDataWidthConverter_rtl_8_7jr6z08o'.
INFO: [IP_Flow 19-1700] Loaded user IP repository '/tmp/finn_dev_emanuel-hernandez/code_gen_ipgen_StreamingFIFO_rtl_21_lv51e197'.
INFO: [IP_Flow 19-1700] Loaded user IP repository '/tmp/finn_dev_emanuel-hernandez/code_gen_ipgen_MVAU_hls_3_b35vdh1n/project_MVAU_hls_3/sol1/impl/ip'.
INFO: [IP_Flow 19-1700] Loaded user IP repository '/tmp/finn_dev_emanuel-hernandez/code_gen_ipgen_StreamingFIFO_rtl_22_byid7tf2'.
INFO: [IP_Flow 19-1700] Loaded user IP repository '/tmp/finn_dev_emanuel-hernandez/code_gen_ipgen_StreamingDataWidthConverter_rtl_9_1ve3wz7j'.
INFO: [IP_Flow 19-1700] Loaded user IP repository '/tmp/finn_dev_emanuel-hernandez/code_gen_ipgen_StreamingFIFO_rtl_23_zfz13eo2'.
INFO: [IP_Flow 19-1700] Loaded user IP repository '/tmp/finn_dev_emanuel-hernandez/code_gen_ipgen_StreamingMaxPool_hls_1_7wwp66zq/project_StreamingMaxPool_hls_1/sol1/impl/ip'.
INFO: [IP_Flow 19-1700] Loaded user IP repository '/tmp/finn_dev_emanuel-hernandez/code_gen_ipgen_StreamingFIFO_rtl_24_z54i444h'.
INFO: [IP_Flow 19-1700] Loaded user IP repository '/tmp/finn_dev_emanuel-hernandez/code_gen_ipgen_StreamingDataWidthConverter_rtl_10_yub6am8x'.
INFO: [IP_Flow 19-1700] Loaded user IP repository '/tmp/finn_dev_emanuel-hernandez/code_gen_ipgen_StreamingFIFO_rtl_25_k4tmsb30'.
INFO: [IP_Flow 19-1700] Loaded user IP repository '/tmp/finn_dev_emanuel-hernandez/code_gen_ipgen_MVAU_hls_4_tmhw3dtv/project_MVAU_hls_4/sol1/impl/ip'.
INFO: [IP_Flow 19-1700] Loaded user IP repository '/tmp/finn_dev_emanuel-hernandez/code_gen_ipgen_StreamingFIFO_rtl_26_8mjg4iui'.
INFO: [IP_Flow 19-1700] Loaded user IP repository '/tmp/finn_dev_emanuel-hernandez/code_gen_ipgen_MVAU_rtl_0_5irei88l'.
INFO: [IP_Flow 19-1700] Loaded user IP repository '/tmp/finn_dev_emanuel-hernandez/code_gen_ipgen_StreamingFIFO_rtl_27_agjbqf20'.
WARNING: [IP_Flow 19-3571] IP 'finn_design_StreamingFIFO_rtl_17_0' is restricted:
* Detected changes to module reference file(s).
create_bd_cell: Time (s): cpu = 00:00:29 ; elapsed = 00:00:06 . Memory (MB): peak = 1645.656 ; gain = 0.000 ; free physical = 2268 ; free virtual = 15000
# add_files -norecurse /tmp/finn_dev_emanuel-hernandez/code_gen_ipgen_FMPadding_rtl_3_2x9msyqe/fmpadding_axi.sv
# add_files -norecurse /tmp/finn_dev_emanuel-hernandez/code_gen_ipgen_FMPadding_rtl_3_2x9msyqe/fmpadding.sv
# add_files -norecurse /tmp/finn_dev_emanuel-hernandez/code_gen_ipgen_FMPadding_rtl_3_2x9msyqe/axi2we.sv
# add_files -norecurse /tmp/finn_dev_emanuel-hernandez/code_gen_ipgen_FMPadding_rtl_3_2x9msyqe/FMPadding_rtl_3.v
# create_bd_cell -type module -reference FMPadding_rtl_3 FMPadding_rtl_3
INFO: [IP_Flow 19-5107] Inferred bus interface 'ap_clk' of definition 'xilinx.com:signal:clock:1.0' (from X_INTERFACE_INFO parameter from HDL file).
INFO: [IP_Flow 19-5107] Inferred bus interface 'ap_clk' of definition 'xilinx.com:signal:clock:1.0' (from 'X_INTERFACE_INFO' attribute).
INFO: [IP_Flow 19-5107] Inferred bus interface 'in0_V' of definition 'xilinx.com:interface:axis:1.0' (from Xilinx Repository).
INFO: [IP_Flow 19-5107] Inferred bus interface 'out_V' of definition 'xilinx.com:interface:axis:1.0' (from Xilinx Repository).
INFO: [IP_Flow 19-5107] Inferred bus interface 's_axilite' of definition 'xilinx.com:interface:aximm:1.0' (from Xilinx Repository).
INFO: [IP_Flow 19-5107] Inferred bus interface 'ap_rst_n' of definition 'xilinx.com:signal:reset:1.0' (from Xilinx Repository).
INFO: [IP_Flow 19-4728] Bus Interface 'ap_rst_n': Added interface parameter 'POLARITY' with value 'ACTIVE_LOW'.
INFO: [IP_Flow 19-4728] Bus Interface 'ap_clk': Added interface parameter 'ASSOCIATED_RESET' with value 'ap_rst_n'.
INFO: [IP_Flow 19-4728] Bus Interface 'ap_clk': Added interface parameter 'ASSOCIATED_BUSIF' with value 'in0_V'.
WARNING: [IP_Flow 19-3157] Bus Interface 'ap_rst_n': Bus parameter POLARITY is ACTIVE_LOW but port 'ap_rst_n' is not *resetn - please double check the POLARITY setting.
INFO: [IP_Flow 19-234] Refreshing IP repositories
INFO: [IP_Flow 19-1700] Loaded user IP repository '/home/emanuel-hernandez/finn/finn-rtllib/memstream'.
INFO: [IP_Flow 19-1700] Loaded user IP repository '/tmp/finn_dev_emanuel-hernandez/code_gen_ipgen_StreamingFIFO_rtl_0_2xp77osi'.
INFO: [IP_Flow 19-1700] Loaded user IP repository '/tmp/finn_dev_emanuel-hernandez/code_gen_ipgen_FMPadding_rtl_0_ty50wf7f'.
INFO: [IP_Flow 19-1700] Loaded user IP repository '/tmp/finn_dev_emanuel-hernandez/code_gen_ipgen_StreamingFIFO_rtl_1_m6if6tq1'.
INFO: [IP_Flow 19-1700] Loaded user IP repository '/tmp/finn_dev_emanuel-hernandez/code_gen_ipgen_ConvolutionInputGenerator_rtl_0_czth98kw'.
INFO: [IP_Flow 19-1700] Loaded user IP repository '/tmp/finn_dev_emanuel-hernandez/code_gen_ipgen_StreamingFIFO_rtl_2_q6mksatc'.
INFO: [IP_Flow 19-1700] Loaded user IP repository '/tmp/finn_dev_emanuel-hernandez/code_gen_ipgen_MVAU_hls_0_23yd46c2/project_MVAU_hls_0/sol1/impl/ip'.
INFO: [IP_Flow 19-1700] Loaded user IP repository '/tmp/finn_dev_emanuel-hernandez/code_gen_ipgen_StreamingFIFO_rtl_3_p2hyhro8'.
INFO: [IP_Flow 19-1700] Loaded user IP repository '/tmp/finn_dev_emanuel-hernandez/code_gen_ipgen_StreamingDataWidthConverter_rtl_0_dgprmkiy'.
INFO: [IP_Flow 19-1700] Loaded user IP repository '/tmp/finn_dev_emanuel-hernandez/code_gen_ipgen_StreamingFIFO_rtl_4_lh6tdo7e'.
INFO: [IP_Flow 19-1700] Loaded user IP repository '/tmp/finn_dev_emanuel-hernandez/code_gen_ipgen_FMPadding_rtl_1_xpf90tc3'.
INFO: [IP_Flow 19-1700] Loaded user IP repository '/tmp/finn_dev_emanuel-hernandez/code_gen_ipgen_StreamingFIFO_rtl_5_vvlnqhpy'.
INFO: [IP_Flow 19-1700] Loaded user IP repository '/tmp/finn_dev_emanuel-hernandez/code_gen_ipgen_StreamingDataWidthConverter_rtl_1_jnol8bbv'.
INFO: [IP_Flow 19-1700] Loaded user IP repository '/tmp/finn_dev_emanuel-hernandez/code_gen_ipgen_StreamingFIFO_rtl_6_6f4ornhe'.
INFO: [IP_Flow 19-1700] Loaded user IP repository '/tmp/finn_dev_emanuel-hernandez/code_gen_ipgen_ConvolutionInputGenerator_rtl_1_3gytnw5p'.
INFO: [IP_Flow 19-1700] Loaded user IP repository '/tmp/finn_dev_emanuel-hernandez/code_gen_ipgen_StreamingFIFO_rtl_7_6w23ui98'.
INFO: [IP_Flow 19-1700] Loaded user IP repository '/tmp/finn_dev_emanuel-hernandez/code_gen_ipgen_StreamingDataWidthConverter_rtl_2_sg9hna6v'.
INFO: [IP_Flow 19-1700] Loaded user IP repository '/tmp/finn_dev_emanuel-hernandez/code_gen_ipgen_StreamingFIFO_rtl_8_fgp0hvu1'.
INFO: [IP_Flow 19-1700] Loaded user IP repository '/tmp/finn_dev_emanuel-hernandez/code_gen_ipgen_MVAU_hls_1_juaup5kq/project_MVAU_hls_1/sol1/impl/ip'.
INFO: [IP_Flow 19-1700] Loaded user IP repository '/tmp/finn_dev_emanuel-hernandez/code_gen_ipgen_StreamingFIFO_rtl_9_8p53cw18'.
INFO: [IP_Flow 19-1700] Loaded user IP repository '/tmp/finn_dev_emanuel-hernandez/code_gen_ipgen_StreamingDataWidthConverter_rtl_3_w9ea0x8t'.
INFO: [IP_Flow 19-1700] Loaded user IP repository '/tmp/finn_dev_emanuel-hernandez/code_gen_ipgen_StreamingFIFO_rtl_10_rz1ffexj'.
INFO: [IP_Flow 19-1700] Loaded user IP repository '/tmp/finn_dev_emanuel-hernandez/code_gen_ipgen_StreamingMaxPool_hls_0_u0p0cbhc/project_StreamingMaxPool_hls_0/sol1/impl/ip'.
INFO: [IP_Flow 19-1700] Loaded user IP repository '/tmp/finn_dev_emanuel-hernandez/code_gen_ipgen_StreamingFIFO_rtl_11_9xde0iu_'.
INFO: [IP_Flow 19-1700] Loaded user IP repository '/tmp/finn_dev_emanuel-hernandez/code_gen_ipgen_FMPadding_rtl_2_bfhymavv'.
INFO: [IP_Flow 19-1700] Loaded user IP repository '/tmp/finn_dev_emanuel-hernandez/code_gen_ipgen_StreamingFIFO_rtl_12_l1u5y9oq'.
INFO: [IP_Flow 19-1700] Loaded user IP repository '/tmp/finn_dev_emanuel-hernandez/code_gen_ipgen_StreamingDataWidthConverter_rtl_4_d3noeq7x'.
INFO: [IP_Flow 19-1700] Loaded user IP repository '/tmp/finn_dev_emanuel-hernandez/code_gen_ipgen_StreamingFIFO_rtl_13__5kvrwkr'.
INFO: [IP_Flow 19-1700] Loaded user IP repository '/tmp/finn_dev_emanuel-hernandez/code_gen_ipgen_ConvolutionInputGenerator_rtl_2_dtijaray'.
INFO: [IP_Flow 19-1700] Loaded user IP repository '/tmp/finn_dev_emanuel-hernandez/code_gen_ipgen_StreamingFIFO_rtl_14_90_nfugx'.
INFO: [IP_Flow 19-1700] Loaded user IP repository '/tmp/finn_dev_emanuel-hernandez/code_gen_ipgen_StreamingDataWidthConverter_rtl_5_eg6sc5c7'.
INFO: [IP_Flow 19-1700] Loaded user IP repository '/tmp/finn_dev_emanuel-hernandez/code_gen_ipgen_StreamingFIFO_rtl_15_6k7rpw6a'.
INFO: [IP_Flow 19-1700] Loaded user IP repository '/tmp/finn_dev_emanuel-hernandez/code_gen_ipgen_MVAU_hls_2_c_8z90e9/project_MVAU_hls_2/sol1/impl/ip'.
INFO: [IP_Flow 19-1700] Loaded user IP repository '/tmp/finn_dev_emanuel-hernandez/code_gen_ipgen_StreamingFIFO_rtl_16_dcyfzx2o'.
INFO: [IP_Flow 19-1700] Loaded user IP repository '/tmp/finn_dev_emanuel-hernandez/code_gen_ipgen_StreamingDataWidthConverter_rtl_6_03z4zugl'.
INFO: [IP_Flow 19-1700] Loaded user IP repository '/tmp/finn_dev_emanuel-hernandez/code_gen_ipgen_StreamingFIFO_rtl_17_ml8iegwl'.
INFO: [IP_Flow 19-1700] Loaded user IP repository '/tmp/finn_dev_emanuel-hernandez/code_gen_ipgen_FMPadding_rtl_3_2x9msyqe'.
INFO: [IP_Flow 19-1700] Loaded user IP repository '/tmp/finn_dev_emanuel-hernandez/code_gen_ipgen_StreamingFIFO_rtl_18_0dc9afhr'.
INFO: [IP_Flow 19-1700] Loaded user IP repository '/tmp/finn_dev_emanuel-hernandez/code_gen_ipgen_StreamingDataWidthConverter_rtl_7_4ikvmjoa'.
INFO: [IP_Flow 19-1700] Loaded user IP repository '/tmp/finn_dev_emanuel-hernandez/code_gen_ipgen_StreamingFIFO_rtl_19_dcp13z__'.
INFO: [IP_Flow 19-1700] Loaded user IP repository '/tmp/finn_dev_emanuel-hernandez/code_gen_ipgen_ConvolutionInputGenerator_rtl_3_s53q98tt'.
INFO: [IP_Flow 19-1700] Loaded user IP repository '/tmp/finn_dev_emanuel-hernandez/code_gen_ipgen_StreamingFIFO_rtl_20_zwdrd7b4'.
INFO: [IP_Flow 19-1700] Loaded user IP repository '/tmp/finn_dev_emanuel-hernandez/code_gen_ipgen_StreamingDataWidthConverter_rtl_8_7jr6z08o'.
INFO: [IP_Flow 19-1700] Loaded user IP repository '/tmp/finn_dev_emanuel-hernandez/code_gen_ipgen_StreamingFIFO_rtl_21_lv51e197'.
INFO: [IP_Flow 19-1700] Loaded user IP repository '/tmp/finn_dev_emanuel-hernandez/code_gen_ipgen_MVAU_hls_3_b35vdh1n/project_MVAU_hls_3/sol1/impl/ip'.
INFO: [IP_Flow 19-1700] Loaded user IP repository '/tmp/finn_dev_emanuel-hernandez/code_gen_ipgen_StreamingFIFO_rtl_22_byid7tf2'.
INFO: [IP_Flow 19-1700] Loaded user IP repository '/tmp/finn_dev_emanuel-hernandez/code_gen_ipgen_StreamingDataWidthConverter_rtl_9_1ve3wz7j'.
INFO: [IP_Flow 19-1700] Loaded user IP repository '/tmp/finn_dev_emanuel-hernandez/code_gen_ipgen_StreamingFIFO_rtl_23_zfz13eo2'.
INFO: [IP_Flow 19-1700] Loaded user IP repository '/tmp/finn_dev_emanuel-hernandez/code_gen_ipgen_StreamingMaxPool_hls_1_7wwp66zq/project_StreamingMaxPool_hls_1/sol1/impl/ip'.
INFO: [IP_Flow 19-1700] Loaded user IP repository '/tmp/finn_dev_emanuel-hernandez/code_gen_ipgen_StreamingFIFO_rtl_24_z54i444h'.
INFO: [IP_Flow 19-1700] Loaded user IP repository '/tmp/finn_dev_emanuel-hernandez/code_gen_ipgen_StreamingDataWidthConverter_rtl_10_yub6am8x'.
INFO: [IP_Flow 19-1700] Loaded user IP repository '/tmp/finn_dev_emanuel-hernandez/code_gen_ipgen_StreamingFIFO_rtl_25_k4tmsb30'.
INFO: [IP_Flow 19-1700] Loaded user IP repository '/tmp/finn_dev_emanuel-hernandez/code_gen_ipgen_MVAU_hls_4_tmhw3dtv/project_MVAU_hls_4/sol1/impl/ip'.
INFO: [IP_Flow 19-1700] Loaded user IP repository '/tmp/finn_dev_emanuel-hernandez/code_gen_ipgen_StreamingFIFO_rtl_26_8mjg4iui'.
INFO: [IP_Flow 19-1700] Loaded user IP repository '/tmp/finn_dev_emanuel-hernandez/code_gen_ipgen_MVAU_rtl_0_5irei88l'.
INFO: [IP_Flow 19-1700] Loaded user IP repository '/tmp/finn_dev_emanuel-hernandez/code_gen_ipgen_StreamingFIFO_rtl_27_agjbqf20'.
WARNING: [IP_Flow 19-3571] IP 'finn_design_FMPadding_rtl_3_0' is restricted:
* Detected changes to module reference file(s).
create_bd_cell: Time (s): cpu = 00:00:29 ; elapsed = 00:00:07 . Memory (MB): peak = 1645.656 ; gain = 0.000 ; free physical = 2173 ; free virtual = 14904
# add_files -norecurse /tmp/finn_dev_emanuel-hernandez/code_gen_ipgen_StreamingFIFO_rtl_18_0dc9afhr/Q_srl.v
# add_files -norecurse /tmp/finn_dev_emanuel-hernandez/code_gen_ipgen_StreamingFIFO_rtl_18_0dc9afhr/StreamingFIFO_rtl_18.v
# create_bd_cell -type module -reference StreamingFIFO_rtl_18 StreamingFIFO_rtl_18
INFO: [IP_Flow 19-5107] Inferred bus interface 'ap_clk' of definition 'xilinx.com:signal:clock:1.0' (from X_INTERFACE_INFO parameter from HDL file).
INFO: [IP_Flow 19-5107] Inferred bus interface 'ap_clk' of definition 'xilinx.com:signal:clock:1.0' (from 'X_INTERFACE_INFO' attribute).
INFO: [IP_Flow 19-5107] Inferred bus interface 'in0_V' of definition 'xilinx.com:interface:axis:1.0' (from Xilinx Repository).
INFO: [IP_Flow 19-5107] Inferred bus interface 'out_V' of definition 'xilinx.com:interface:axis:1.0' (from Xilinx Repository).
INFO: [IP_Flow 19-5107] Inferred bus interface 'ap_rst_n' of definition 'xilinx.com:signal:reset:1.0' (from Xilinx Repository).
INFO: [IP_Flow 19-4728] Bus Interface 'ap_rst_n': Added interface parameter 'POLARITY' with value 'ACTIVE_LOW'.
INFO: [IP_Flow 19-4728] Bus Interface 'ap_clk': Added interface parameter 'ASSOCIATED_RESET' with value 'ap_rst_n'.
INFO: [IP_Flow 19-4728] Bus Interface 'ap_clk': Added interface parameter 'ASSOCIATED_BUSIF' with value 'in0_V'.
WARNING: [IP_Flow 19-3157] Bus Interface 'ap_rst_n': Bus parameter POLARITY is ACTIVE_LOW but port 'ap_rst_n' is not *resetn - please double check the POLARITY setting.
INFO: [IP_Flow 19-234] Refreshing IP repositories
INFO: [IP_Flow 19-1700] Loaded user IP repository '/home/emanuel-hernandez/finn/finn-rtllib/memstream'.
INFO: [IP_Flow 19-1700] Loaded user IP repository '/tmp/finn_dev_emanuel-hernandez/code_gen_ipgen_StreamingFIFO_rtl_0_2xp77osi'.
INFO: [IP_Flow 19-1700] Loaded user IP repository '/tmp/finn_dev_emanuel-hernandez/code_gen_ipgen_FMPadding_rtl_0_ty50wf7f'.
INFO: [IP_Flow 19-1700] Loaded user IP repository '/tmp/finn_dev_emanuel-hernandez/code_gen_ipgen_StreamingFIFO_rtl_1_m6if6tq1'.
INFO: [IP_Flow 19-1700] Loaded user IP repository '/tmp/finn_dev_emanuel-hernandez/code_gen_ipgen_ConvolutionInputGenerator_rtl_0_czth98kw'.
INFO: [IP_Flow 19-1700] Loaded user IP repository '/tmp/finn_dev_emanuel-hernandez/code_gen_ipgen_StreamingFIFO_rtl_2_q6mksatc'.
INFO: [IP_Flow 19-1700] Loaded user IP repository '/tmp/finn_dev_emanuel-hernandez/code_gen_ipgen_MVAU_hls_0_23yd46c2/project_MVAU_hls_0/sol1/impl/ip'.
INFO: [IP_Flow 19-1700] Loaded user IP repository '/tmp/finn_dev_emanuel-hernandez/code_gen_ipgen_StreamingFIFO_rtl_3_p2hyhro8'.
INFO: [IP_Flow 19-1700] Loaded user IP repository '/tmp/finn_dev_emanuel-hernandez/code_gen_ipgen_StreamingDataWidthConverter_rtl_0_dgprmkiy'.
INFO: [IP_Flow 19-1700] Loaded user IP repository '/tmp/finn_dev_emanuel-hernandez/code_gen_ipgen_StreamingFIFO_rtl_4_lh6tdo7e'.
INFO: [IP_Flow 19-1700] Loaded user IP repository '/tmp/finn_dev_emanuel-hernandez/code_gen_ipgen_FMPadding_rtl_1_xpf90tc3'.
INFO: [IP_Flow 19-1700] Loaded user IP repository '/tmp/finn_dev_emanuel-hernandez/code_gen_ipgen_StreamingFIFO_rtl_5_vvlnqhpy'.
INFO: [IP_Flow 19-1700] Loaded user IP repository '/tmp/finn_dev_emanuel-hernandez/code_gen_ipgen_StreamingDataWidthConverter_rtl_1_jnol8bbv'.
INFO: [IP_Flow 19-1700] Loaded user IP repository '/tmp/finn_dev_emanuel-hernandez/code_gen_ipgen_StreamingFIFO_rtl_6_6f4ornhe'.
INFO: [IP_Flow 19-1700] Loaded user IP repository '/tmp/finn_dev_emanuel-hernandez/code_gen_ipgen_ConvolutionInputGenerator_rtl_1_3gytnw5p'.
INFO: [IP_Flow 19-1700] Loaded user IP repository '/tmp/finn_dev_emanuel-hernandez/code_gen_ipgen_StreamingFIFO_rtl_7_6w23ui98'.
INFO: [IP_Flow 19-1700] Loaded user IP repository '/tmp/finn_dev_emanuel-hernandez/code_gen_ipgen_StreamingDataWidthConverter_rtl_2_sg9hna6v'.
INFO: [IP_Flow 19-1700] Loaded user IP repository '/tmp/finn_dev_emanuel-hernandez/code_gen_ipgen_StreamingFIFO_rtl_8_fgp0hvu1'.
INFO: [IP_Flow 19-1700] Loaded user IP repository '/tmp/finn_dev_emanuel-hernandez/code_gen_ipgen_MVAU_hls_1_juaup5kq/project_MVAU_hls_1/sol1/impl/ip'.
INFO: [IP_Flow 19-1700] Loaded user IP repository '/tmp/finn_dev_emanuel-hernandez/code_gen_ipgen_StreamingFIFO_rtl_9_8p53cw18'.
INFO: [IP_Flow 19-1700] Loaded user IP repository '/tmp/finn_dev_emanuel-hernandez/code_gen_ipgen_StreamingDataWidthConverter_rtl_3_w9ea0x8t'.
INFO: [IP_Flow 19-1700] Loaded user IP repository '/tmp/finn_dev_emanuel-hernandez/code_gen_ipgen_StreamingFIFO_rtl_10_rz1ffexj'.
INFO: [IP_Flow 19-1700] Loaded user IP repository '/tmp/finn_dev_emanuel-hernandez/code_gen_ipgen_StreamingMaxPool_hls_0_u0p0cbhc/project_StreamingMaxPool_hls_0/sol1/impl/ip'.
INFO: [IP_Flow 19-1700] Loaded user IP repository '/tmp/finn_dev_emanuel-hernandez/code_gen_ipgen_StreamingFIFO_rtl_11_9xde0iu_'.
INFO: [IP_Flow 19-1700] Loaded user IP repository '/tmp/finn_dev_emanuel-hernandez/code_gen_ipgen_FMPadding_rtl_2_bfhymavv'.
INFO: [IP_Flow 19-1700] Loaded user IP repository '/tmp/finn_dev_emanuel-hernandez/code_gen_ipgen_StreamingFIFO_rtl_12_l1u5y9oq'.
INFO: [IP_Flow 19-1700] Loaded user IP repository '/tmp/finn_dev_emanuel-hernandez/code_gen_ipgen_StreamingDataWidthConverter_rtl_4_d3noeq7x'.
INFO: [IP_Flow 19-1700] Loaded user IP repository '/tmp/finn_dev_emanuel-hernandez/code_gen_ipgen_StreamingFIFO_rtl_13__5kvrwkr'.
INFO: [IP_Flow 19-1700] Loaded user IP repository '/tmp/finn_dev_emanuel-hernandez/code_gen_ipgen_ConvolutionInputGenerator_rtl_2_dtijaray'.
INFO: [IP_Flow 19-1700] Loaded user IP repository '/tmp/finn_dev_emanuel-hernandez/code_gen_ipgen_StreamingFIFO_rtl_14_90_nfugx'.
INFO: [IP_Flow 19-1700] Loaded user IP repository '/tmp/finn_dev_emanuel-hernandez/code_gen_ipgen_StreamingDataWidthConverter_rtl_5_eg6sc5c7'.
INFO: [IP_Flow 19-1700] Loaded user IP repository '/tmp/finn_dev_emanuel-hernandez/code_gen_ipgen_StreamingFIFO_rtl_15_6k7rpw6a'.
INFO: [IP_Flow 19-1700] Loaded user IP repository '/tmp/finn_dev_emanuel-hernandez/code_gen_ipgen_MVAU_hls_2_c_8z90e9/project_MVAU_hls_2/sol1/impl/ip'.
INFO: [IP_Flow 19-1700] Loaded user IP repository '/tmp/finn_dev_emanuel-hernandez/code_gen_ipgen_StreamingFIFO_rtl_16_dcyfzx2o'.
INFO: [IP_Flow 19-1700] Loaded user IP repository '/tmp/finn_dev_emanuel-hernandez/code_gen_ipgen_StreamingDataWidthConverter_rtl_6_03z4zugl'.
INFO: [IP_Flow 19-1700] Loaded user IP repository '/tmp/finn_dev_emanuel-hernandez/code_gen_ipgen_StreamingFIFO_rtl_17_ml8iegwl'.
INFO: [IP_Flow 19-1700] Loaded user IP repository '/tmp/finn_dev_emanuel-hernandez/code_gen_ipgen_FMPadding_rtl_3_2x9msyqe'.
INFO: [IP_Flow 19-1700] Loaded user IP repository '/tmp/finn_dev_emanuel-hernandez/code_gen_ipgen_StreamingFIFO_rtl_18_0dc9afhr'.
INFO: [IP_Flow 19-1700] Loaded user IP repository '/tmp/finn_dev_emanuel-hernandez/code_gen_ipgen_StreamingDataWidthConverter_rtl_7_4ikvmjoa'.
INFO: [IP_Flow 19-1700] Loaded user IP repository '/tmp/finn_dev_emanuel-hernandez/code_gen_ipgen_StreamingFIFO_rtl_19_dcp13z__'.
INFO: [IP_Flow 19-1700] Loaded user IP repository '/tmp/finn_dev_emanuel-hernandez/code_gen_ipgen_ConvolutionInputGenerator_rtl_3_s53q98tt'.
INFO: [IP_Flow 19-1700] Loaded user IP repository '/tmp/finn_dev_emanuel-hernandez/code_gen_ipgen_StreamingFIFO_rtl_20_zwdrd7b4'.
INFO: [IP_Flow 19-1700] Loaded user IP repository '/tmp/finn_dev_emanuel-hernandez/code_gen_ipgen_StreamingDataWidthConverter_rtl_8_7jr6z08o'.
INFO: [IP_Flow 19-1700] Loaded user IP repository '/tmp/finn_dev_emanuel-hernandez/code_gen_ipgen_StreamingFIFO_rtl_21_lv51e197'.
INFO: [IP_Flow 19-1700] Loaded user IP repository '/tmp/finn_dev_emanuel-hernandez/code_gen_ipgen_MVAU_hls_3_b35vdh1n/project_MVAU_hls_3/sol1/impl/ip'.
INFO: [IP_Flow 19-1700] Loaded user IP repository '/tmp/finn_dev_emanuel-hernandez/code_gen_ipgen_StreamingFIFO_rtl_22_byid7tf2'.
INFO: [IP_Flow 19-1700] Loaded user IP repository '/tmp/finn_dev_emanuel-hernandez/code_gen_ipgen_StreamingDataWidthConverter_rtl_9_1ve3wz7j'.
INFO: [IP_Flow 19-1700] Loaded user IP repository '/tmp/finn_dev_emanuel-hernandez/code_gen_ipgen_StreamingFIFO_rtl_23_zfz13eo2'.
INFO: [IP_Flow 19-1700] Loaded user IP repository '/tmp/finn_dev_emanuel-hernandez/code_gen_ipgen_StreamingMaxPool_hls_1_7wwp66zq/project_StreamingMaxPool_hls_1/sol1/impl/ip'.
INFO: [IP_Flow 19-1700] Loaded user IP repository '/tmp/finn_dev_emanuel-hernandez/code_gen_ipgen_StreamingFIFO_rtl_24_z54i444h'.
INFO: [IP_Flow 19-1700] Loaded user IP repository '/tmp/finn_dev_emanuel-hernandez/code_gen_ipgen_StreamingDataWidthConverter_rtl_10_yub6am8x'.
INFO: [IP_Flow 19-1700] Loaded user IP repository '/tmp/finn_dev_emanuel-hernandez/code_gen_ipgen_StreamingFIFO_rtl_25_k4tmsb30'.
INFO: [IP_Flow 19-1700] Loaded user IP repository '/tmp/finn_dev_emanuel-hernandez/code_gen_ipgen_MVAU_hls_4_tmhw3dtv/project_MVAU_hls_4/sol1/impl/ip'.
INFO: [IP_Flow 19-1700] Loaded user IP repository '/tmp/finn_dev_emanuel-hernandez/code_gen_ipgen_StreamingFIFO_rtl_26_8mjg4iui'.
INFO: [IP_Flow 19-1700] Loaded user IP repository '/tmp/finn_dev_emanuel-hernandez/code_gen_ipgen_MVAU_rtl_0_5irei88l'.
INFO: [IP_Flow 19-1700] Loaded user IP repository '/tmp/finn_dev_emanuel-hernandez/code_gen_ipgen_StreamingFIFO_rtl_27_agjbqf20'.
WARNING: [IP_Flow 19-3571] IP 'finn_design_StreamingFIFO_rtl_18_0' is restricted:
* Detected changes to module reference file(s).
create_bd_cell: Time (s): cpu = 00:00:28 ; elapsed = 00:00:07 . Memory (MB): peak = 1648.617 ; gain = 2.961 ; free physical = 2216 ; free virtual = 14948
# add_files -norecurse /tmp/finn_dev_emanuel-hernandez/code_gen_ipgen_StreamingDataWidthConverter_rtl_7_4ikvmjoa/dwc_axi.sv
# add_files -norecurse /tmp/finn_dev_emanuel-hernandez/code_gen_ipgen_StreamingDataWidthConverter_rtl_7_4ikvmjoa/dwc.sv
# add_files -norecurse /tmp/finn_dev_emanuel-hernandez/code_gen_ipgen_StreamingDataWidthConverter_rtl_7_4ikvmjoa/StreamingDataWidthConverter_rtl_7.v
# create_bd_cell -type module -reference StreamingDataWidthConverter_rtl_7 StreamingDataWidthConverter_rtl_7
INFO: [IP_Flow 19-5107] Inferred bus interface 'ap_clk' of definition 'xilinx.com:signal:clock:1.0' (from X_INTERFACE_INFO parameter from HDL file).
INFO: [IP_Flow 19-5107] Inferred bus interface 'ap_clk' of definition 'xilinx.com:signal:clock:1.0' (from 'X_INTERFACE_INFO' attribute).
INFO: [IP_Flow 19-5107] Inferred bus interface 'in0_V' of definition 'xilinx.com:interface:axis:1.0' (from Xilinx Repository).
INFO: [IP_Flow 19-5107] Inferred bus interface 'out_V' of definition 'xilinx.com:interface:axis:1.0' (from Xilinx Repository).
INFO: [IP_Flow 19-5107] Inferred bus interface 'ap_rst_n' of definition 'xilinx.com:signal:reset:1.0' (from Xilinx Repository).
INFO: [IP_Flow 19-4728] Bus Interface 'ap_rst_n': Added interface parameter 'POLARITY' with value 'ACTIVE_LOW'.
INFO: [IP_Flow 19-4728] Bus Interface 'ap_clk': Added interface parameter 'ASSOCIATED_RESET' with value 'ap_rst_n'.
INFO: [IP_Flow 19-4728] Bus Interface 'ap_clk': Added interface parameter 'ASSOCIATED_BUSIF' with value 'in0_V'.
INFO: [IP_Flow 19-818] Not transferring value dependency attribute "(((spirit:decode(id('MODELPARAM_VALUE.IBITS')) + 7) / 8) * 8)" into user parameter "AXI_IBITS".
INFO: [IP_Flow 19-818] Not transferring value dependency attribute "(((spirit:decode(id('MODELPARAM_VALUE.OBITS')) + 7) / 8) * 8)" into user parameter "AXI_OBITS".
WARNING: [IP_Flow 19-3157] Bus Interface 'ap_rst_n': Bus parameter POLARITY is ACTIVE_LOW but port 'ap_rst_n' is not *resetn - please double check the POLARITY setting.
INFO: [IP_Flow 19-234] Refreshing IP repositories
INFO: [IP_Flow 19-1700] Loaded user IP repository '/home/emanuel-hernandez/finn/finn-rtllib/memstream'.
INFO: [IP_Flow 19-1700] Loaded user IP repository '/tmp/finn_dev_emanuel-hernandez/code_gen_ipgen_StreamingFIFO_rtl_0_2xp77osi'.
INFO: [IP_Flow 19-1700] Loaded user IP repository '/tmp/finn_dev_emanuel-hernandez/code_gen_ipgen_FMPadding_rtl_0_ty50wf7f'.
INFO: [IP_Flow 19-1700] Loaded user IP repository '/tmp/finn_dev_emanuel-hernandez/code_gen_ipgen_StreamingFIFO_rtl_1_m6if6tq1'.
INFO: [IP_Flow 19-1700] Loaded user IP repository '/tmp/finn_dev_emanuel-hernandez/code_gen_ipgen_ConvolutionInputGenerator_rtl_0_czth98kw'.
INFO: [IP_Flow 19-1700] Loaded user IP repository '/tmp/finn_dev_emanuel-hernandez/code_gen_ipgen_StreamingFIFO_rtl_2_q6mksatc'.
INFO: [IP_Flow 19-1700] Loaded user IP repository '/tmp/finn_dev_emanuel-hernandez/code_gen_ipgen_MVAU_hls_0_23yd46c2/project_MVAU_hls_0/sol1/impl/ip'.
INFO: [IP_Flow 19-1700] Loaded user IP repository '/tmp/finn_dev_emanuel-hernandez/code_gen_ipgen_StreamingFIFO_rtl_3_p2hyhro8'.
INFO: [IP_Flow 19-1700] Loaded user IP repository '/tmp/finn_dev_emanuel-hernandez/code_gen_ipgen_StreamingDataWidthConverter_rtl_0_dgprmkiy'.
INFO: [IP_Flow 19-1700] Loaded user IP repository '/tmp/finn_dev_emanuel-hernandez/code_gen_ipgen_StreamingFIFO_rtl_4_lh6tdo7e'.
INFO: [IP_Flow 19-1700] Loaded user IP repository '/tmp/finn_dev_emanuel-hernandez/code_gen_ipgen_FMPadding_rtl_1_xpf90tc3'.
INFO: [IP_Flow 19-1700] Loaded user IP repository '/tmp/finn_dev_emanuel-hernandez/code_gen_ipgen_StreamingFIFO_rtl_5_vvlnqhpy'.
INFO: [IP_Flow 19-1700] Loaded user IP repository '/tmp/finn_dev_emanuel-hernandez/code_gen_ipgen_StreamingDataWidthConverter_rtl_1_jnol8bbv'.
INFO: [IP_Flow 19-1700] Loaded user IP repository '/tmp/finn_dev_emanuel-hernandez/code_gen_ipgen_StreamingFIFO_rtl_6_6f4ornhe'.
INFO: [IP_Flow 19-1700] Loaded user IP repository '/tmp/finn_dev_emanuel-hernandez/code_gen_ipgen_ConvolutionInputGenerator_rtl_1_3gytnw5p'.
INFO: [IP_Flow 19-1700] Loaded user IP repository '/tmp/finn_dev_emanuel-hernandez/code_gen_ipgen_StreamingFIFO_rtl_7_6w23ui98'.
INFO: [IP_Flow 19-1700] Loaded user IP repository '/tmp/finn_dev_emanuel-hernandez/code_gen_ipgen_StreamingDataWidthConverter_rtl_2_sg9hna6v'.
INFO: [IP_Flow 19-1700] Loaded user IP repository '/tmp/finn_dev_emanuel-hernandez/code_gen_ipgen_StreamingFIFO_rtl_8_fgp0hvu1'.
INFO: [IP_Flow 19-1700] Loaded user IP repository '/tmp/finn_dev_emanuel-hernandez/code_gen_ipgen_MVAU_hls_1_juaup5kq/project_MVAU_hls_1/sol1/impl/ip'.
INFO: [IP_Flow 19-1700] Loaded user IP repository '/tmp/finn_dev_emanuel-hernandez/code_gen_ipgen_StreamingFIFO_rtl_9_8p53cw18'.
INFO: [IP_Flow 19-1700] Loaded user IP repository '/tmp/finn_dev_emanuel-hernandez/code_gen_ipgen_StreamingDataWidthConverter_rtl_3_w9ea0x8t'.
INFO: [IP_Flow 19-1700] Loaded user IP repository '/tmp/finn_dev_emanuel-hernandez/code_gen_ipgen_StreamingFIFO_rtl_10_rz1ffexj'.
INFO: [IP_Flow 19-1700] Loaded user IP repository '/tmp/finn_dev_emanuel-hernandez/code_gen_ipgen_StreamingMaxPool_hls_0_u0p0cbhc/project_StreamingMaxPool_hls_0/sol1/impl/ip'.
INFO: [IP_Flow 19-1700] Loaded user IP repository '/tmp/finn_dev_emanuel-hernandez/code_gen_ipgen_StreamingFIFO_rtl_11_9xde0iu_'.
INFO: [IP_Flow 19-1700] Loaded user IP repository '/tmp/finn_dev_emanuel-hernandez/code_gen_ipgen_FMPadding_rtl_2_bfhymavv'.
INFO: [IP_Flow 19-1700] Loaded user IP repository '/tmp/finn_dev_emanuel-hernandez/code_gen_ipgen_StreamingFIFO_rtl_12_l1u5y9oq'.
INFO: [IP_Flow 19-1700] Loaded user IP repository '/tmp/finn_dev_emanuel-hernandez/code_gen_ipgen_StreamingDataWidthConverter_rtl_4_d3noeq7x'.
INFO: [IP_Flow 19-1700] Loaded user IP repository '/tmp/finn_dev_emanuel-hernandez/code_gen_ipgen_StreamingFIFO_rtl_13__5kvrwkr'.
INFO: [IP_Flow 19-1700] Loaded user IP repository '/tmp/finn_dev_emanuel-hernandez/code_gen_ipgen_ConvolutionInputGenerator_rtl_2_dtijaray'.
INFO: [IP_Flow 19-1700] Loaded user IP repository '/tmp/finn_dev_emanuel-hernandez/code_gen_ipgen_StreamingFIFO_rtl_14_90_nfugx'.
INFO: [IP_Flow 19-1700] Loaded user IP repository '/tmp/finn_dev_emanuel-hernandez/code_gen_ipgen_StreamingDataWidthConverter_rtl_5_eg6sc5c7'.
INFO: [IP_Flow 19-1700] Loaded user IP repository '/tmp/finn_dev_emanuel-hernandez/code_gen_ipgen_StreamingFIFO_rtl_15_6k7rpw6a'.
INFO: [IP_Flow 19-1700] Loaded user IP repository '/tmp/finn_dev_emanuel-hernandez/code_gen_ipgen_MVAU_hls_2_c_8z90e9/project_MVAU_hls_2/sol1/impl/ip'.
INFO: [IP_Flow 19-1700] Loaded user IP repository '/tmp/finn_dev_emanuel-hernandez/code_gen_ipgen_StreamingFIFO_rtl_16_dcyfzx2o'.
INFO: [IP_Flow 19-1700] Loaded user IP repository '/tmp/finn_dev_emanuel-hernandez/code_gen_ipgen_StreamingDataWidthConverter_rtl_6_03z4zugl'.
INFO: [IP_Flow 19-1700] Loaded user IP repository '/tmp/finn_dev_emanuel-hernandez/code_gen_ipgen_StreamingFIFO_rtl_17_ml8iegwl'.
INFO: [IP_Flow 19-1700] Loaded user IP repository '/tmp/finn_dev_emanuel-hernandez/code_gen_ipgen_FMPadding_rtl_3_2x9msyqe'.
INFO: [IP_Flow 19-1700] Loaded user IP repository '/tmp/finn_dev_emanuel-hernandez/code_gen_ipgen_StreamingFIFO_rtl_18_0dc9afhr'.
INFO: [IP_Flow 19-1700] Loaded user IP repository '/tmp/finn_dev_emanuel-hernandez/code_gen_ipgen_StreamingDataWidthConverter_rtl_7_4ikvmjoa'.
INFO: [IP_Flow 19-1700] Loaded user IP repository '/tmp/finn_dev_emanuel-hernandez/code_gen_ipgen_StreamingFIFO_rtl_19_dcp13z__'.
INFO: [IP_Flow 19-1700] Loaded user IP repository '/tmp/finn_dev_emanuel-hernandez/code_gen_ipgen_ConvolutionInputGenerator_rtl_3_s53q98tt'.
INFO: [IP_Flow 19-1700] Loaded user IP repository '/tmp/finn_dev_emanuel-hernandez/code_gen_ipgen_StreamingFIFO_rtl_20_zwdrd7b4'.
INFO: [IP_Flow 19-1700] Loaded user IP repository '/tmp/finn_dev_emanuel-hernandez/code_gen_ipgen_StreamingDataWidthConverter_rtl_8_7jr6z08o'.
INFO: [IP_Flow 19-1700] Loaded user IP repository '/tmp/finn_dev_emanuel-hernandez/code_gen_ipgen_StreamingFIFO_rtl_21_lv51e197'.
INFO: [IP_Flow 19-1700] Loaded user IP repository '/tmp/finn_dev_emanuel-hernandez/code_gen_ipgen_MVAU_hls_3_b35vdh1n/project_MVAU_hls_3/sol1/impl/ip'.
INFO: [IP_Flow 19-1700] Loaded user IP repository '/tmp/finn_dev_emanuel-hernandez/code_gen_ipgen_StreamingFIFO_rtl_22_byid7tf2'.
INFO: [IP_Flow 19-1700] Loaded user IP repository '/tmp/finn_dev_emanuel-hernandez/code_gen_ipgen_StreamingDataWidthConverter_rtl_9_1ve3wz7j'.
INFO: [IP_Flow 19-1700] Loaded user IP repository '/tmp/finn_dev_emanuel-hernandez/code_gen_ipgen_StreamingFIFO_rtl_23_zfz13eo2'.
INFO: [IP_Flow 19-1700] Loaded user IP repository '/tmp/finn_dev_emanuel-hernandez/code_gen_ipgen_StreamingMaxPool_hls_1_7wwp66zq/project_StreamingMaxPool_hls_1/sol1/impl/ip'.
INFO: [IP_Flow 19-1700] Loaded user IP repository '/tmp/finn_dev_emanuel-hernandez/code_gen_ipgen_StreamingFIFO_rtl_24_z54i444h'.
INFO: [IP_Flow 19-1700] Loaded user IP repository '/tmp/finn_dev_emanuel-hernandez/code_gen_ipgen_StreamingDataWidthConverter_rtl_10_yub6am8x'.
INFO: [IP_Flow 19-1700] Loaded user IP repository '/tmp/finn_dev_emanuel-hernandez/code_gen_ipgen_StreamingFIFO_rtl_25_k4tmsb30'.
INFO: [IP_Flow 19-1700] Loaded user IP repository '/tmp/finn_dev_emanuel-hernandez/code_gen_ipgen_MVAU_hls_4_tmhw3dtv/project_MVAU_hls_4/sol1/impl/ip'.
INFO: [IP_Flow 19-1700] Loaded user IP repository '/tmp/finn_dev_emanuel-hernandez/code_gen_ipgen_StreamingFIFO_rtl_26_8mjg4iui'.
INFO: [IP_Flow 19-1700] Loaded user IP repository '/tmp/finn_dev_emanuel-hernandez/code_gen_ipgen_MVAU_rtl_0_5irei88l'.
INFO: [IP_Flow 19-1700] Loaded user IP repository '/tmp/finn_dev_emanuel-hernandez/code_gen_ipgen_StreamingFIFO_rtl_27_agjbqf20'.
WARNING: [IP_Flow 19-3571] IP 'finn_design_StreamingDataWidthConverter_rtl_7_0' is restricted:
* Detected changes to module reference file(s).
create_bd_cell: Time (s): cpu = 00:00:29 ; elapsed = 00:00:06 . Memory (MB): peak = 1648.617 ; gain = 0.000 ; free physical = 2256 ; free virtual = 14995
# create_bd_cell -type hier StreamingFIFO_rtl_19
# create_bd_pin -dir I -type clk /StreamingFIFO_rtl_19/ap_clk
# create_bd_pin -dir I -type rst /StreamingFIFO_rtl_19/ap_rst_n
# create_bd_intf_pin -mode Master -vlnv xilinx.com:interface:axis_rtl:1.0 /StreamingFIFO_rtl_19/out_V
# create_bd_intf_pin -mode Slave -vlnv xilinx.com:interface:axis_rtl:1.0 /StreamingFIFO_rtl_19/in0_V
# create_bd_cell -type ip -vlnv xilinx.com:ip:axis_data_fifo:2.0 /StreamingFIFO_rtl_19/fifo
# set_property -dict [list CONFIG.FIFO_DEPTH {4096}] [get_bd_cells /StreamingFIFO_rtl_19/fifo]
# set_property -dict [list CONFIG.FIFO_MEMORY_TYPE {auto}] [get_bd_cells /StreamingFIFO_rtl_19/fifo]
# set_property -dict [list CONFIG.TDATA_NUM_BYTES {1}] [get_bd_cells /StreamingFIFO_rtl_19/fifo]
# connect_bd_intf_net [get_bd_intf_pins StreamingFIFO_rtl_19/fifo/M_AXIS] [get_bd_intf_pins StreamingFIFO_rtl_19/out_V]
# connect_bd_intf_net [get_bd_intf_pins StreamingFIFO_rtl_19/fifo/S_AXIS] [get_bd_intf_pins StreamingFIFO_rtl_19/in0_V]
# connect_bd_net [get_bd_pins StreamingFIFO_rtl_19/ap_rst_n] [get_bd_pins StreamingFIFO_rtl_19/fifo/s_axis_aresetn]
# connect_bd_net [get_bd_pins StreamingFIFO_rtl_19/ap_clk] [get_bd_pins StreamingFIFO_rtl_19/fifo/s_axis_aclk]
# add_files -norecurse /tmp/finn_dev_emanuel-hernandez/code_gen_ipgen_ConvolutionInputGenerator_rtl_3_s53q98tt/swg_pkg.sv
# add_files -norecurse /tmp/finn_dev_emanuel-hernandez/code_gen_ipgen_ConvolutionInputGenerator_rtl_3_s53q98tt/ConvolutionInputGenerator_rtl_3_wrapper.v
# add_files -norecurse /tmp/finn_dev_emanuel-hernandez/code_gen_ipgen_ConvolutionInputGenerator_rtl_3_s53q98tt/ConvolutionInputGenerator_rtl_3_impl.sv
# add_files -norecurse /tmp/finn_dev_emanuel-hernandez/code_gen_ipgen_ConvolutionInputGenerator_rtl_3_s53q98tt/swg_common.sv
# create_bd_cell -type module -reference ConvolutionInputGenerator_rtl_3 ConvolutionInputGenerator_rtl_3
INFO: [IP_Flow 19-5107] Inferred bus interface 'ap_clk' of definition 'xilinx.com:signal:clock:1.0' (from X_INTERFACE_INFO parameter from HDL file).
INFO: [IP_Flow 19-5107] Inferred bus interface 'ap_clk' of definition 'xilinx.com:signal:clock:1.0' (from 'X_INTERFACE_INFO' attribute).
INFO: [IP_Flow 19-5107] Inferred bus interface 'in0_V' of definition 'xilinx.com:interface:axis:1.0' (from Xilinx Repository).
INFO: [IP_Flow 19-5107] Inferred bus interface 'out_V' of definition 'xilinx.com:interface:axis:1.0' (from Xilinx Repository).
INFO: [IP_Flow 19-5107] Inferred bus interface 'ap_rst_n' of definition 'xilinx.com:signal:reset:1.0' (from Xilinx Repository).
INFO: [IP_Flow 19-4728] Bus Interface 'ap_rst_n': Added interface parameter 'POLARITY' with value 'ACTIVE_LOW'.
INFO: [IP_Flow 19-4728] Bus Interface 'ap_clk': Added interface parameter 'ASSOCIATED_RESET' with value 'ap_rst_n'.
INFO: [IP_Flow 19-4728] Bus Interface 'ap_clk': Added interface parameter 'ASSOCIATED_BUSIF' with value 'in0_V'.
INFO: [IP_Flow 19-818] Not transferring value dependency attribute "((spirit:decode(id('MODELPARAM_VALUE.BIT_WIDTH')) * spirit:decode(id('MODELPARAM_VALUE.SIMD'))) * spirit:decode(id('MODELPARAM_VALUE.MMV_IN')))" into user parameter "BUF_IN_WIDTH".
INFO: [IP_Flow 19-818] Not transferring value dependency attribute "((spirit:decode(id('MODELPARAM_VALUE.BIT_WIDTH')) * spirit:decode(id('MODELPARAM_VALUE.SIMD'))) * spirit:decode(id('MODELPARAM_VALUE.MMV_OUT')))" into user parameter "BUF_OUT_WIDTH".
WARNING: [IP_Flow 19-3157] Bus Interface 'ap_rst_n': Bus parameter POLARITY is ACTIVE_LOW but port 'ap_rst_n' is not *resetn - please double check the POLARITY setting.
INFO: [IP_Flow 19-234] Refreshing IP repositories
INFO: [IP_Flow 19-1700] Loaded user IP repository '/home/emanuel-hernandez/finn/finn-rtllib/memstream'.
INFO: [IP_Flow 19-1700] Loaded user IP repository '/tmp/finn_dev_emanuel-hernandez/code_gen_ipgen_StreamingFIFO_rtl_0_2xp77osi'.
INFO: [IP_Flow 19-1700] Loaded user IP repository '/tmp/finn_dev_emanuel-hernandez/code_gen_ipgen_FMPadding_rtl_0_ty50wf7f'.
INFO: [IP_Flow 19-1700] Loaded user IP repository '/tmp/finn_dev_emanuel-hernandez/code_gen_ipgen_StreamingFIFO_rtl_1_m6if6tq1'.
INFO: [IP_Flow 19-1700] Loaded user IP repository '/tmp/finn_dev_emanuel-hernandez/code_gen_ipgen_ConvolutionInputGenerator_rtl_0_czth98kw'.
INFO: [IP_Flow 19-1700] Loaded user IP repository '/tmp/finn_dev_emanuel-hernandez/code_gen_ipgen_StreamingFIFO_rtl_2_q6mksatc'.
INFO: [IP_Flow 19-1700] Loaded user IP repository '/tmp/finn_dev_emanuel-hernandez/code_gen_ipgen_MVAU_hls_0_23yd46c2/project_MVAU_hls_0/sol1/impl/ip'.
INFO: [IP_Flow 19-1700] Loaded user IP repository '/tmp/finn_dev_emanuel-hernandez/code_gen_ipgen_StreamingFIFO_rtl_3_p2hyhro8'.
INFO: [IP_Flow 19-1700] Loaded user IP repository '/tmp/finn_dev_emanuel-hernandez/code_gen_ipgen_StreamingDataWidthConverter_rtl_0_dgprmkiy'.
INFO: [IP_Flow 19-1700] Loaded user IP repository '/tmp/finn_dev_emanuel-hernandez/code_gen_ipgen_StreamingFIFO_rtl_4_lh6tdo7e'.
INFO: [IP_Flow 19-1700] Loaded user IP repository '/tmp/finn_dev_emanuel-hernandez/code_gen_ipgen_FMPadding_rtl_1_xpf90tc3'.
INFO: [IP_Flow 19-1700] Loaded user IP repository '/tmp/finn_dev_emanuel-hernandez/code_gen_ipgen_StreamingFIFO_rtl_5_vvlnqhpy'.
INFO: [IP_Flow 19-1700] Loaded user IP repository '/tmp/finn_dev_emanuel-hernandez/code_gen_ipgen_StreamingDataWidthConverter_rtl_1_jnol8bbv'.
INFO: [IP_Flow 19-1700] Loaded user IP repository '/tmp/finn_dev_emanuel-hernandez/code_gen_ipgen_StreamingFIFO_rtl_6_6f4ornhe'.
INFO: [IP_Flow 19-1700] Loaded user IP repository '/tmp/finn_dev_emanuel-hernandez/code_gen_ipgen_ConvolutionInputGenerator_rtl_1_3gytnw5p'.
INFO: [IP_Flow 19-1700] Loaded user IP repository '/tmp/finn_dev_emanuel-hernandez/code_gen_ipgen_StreamingFIFO_rtl_7_6w23ui98'.
INFO: [IP_Flow 19-1700] Loaded user IP repository '/tmp/finn_dev_emanuel-hernandez/code_gen_ipgen_StreamingDataWidthConverter_rtl_2_sg9hna6v'.
INFO: [IP_Flow 19-1700] Loaded user IP repository '/tmp/finn_dev_emanuel-hernandez/code_gen_ipgen_StreamingFIFO_rtl_8_fgp0hvu1'.
INFO: [IP_Flow 19-1700] Loaded user IP repository '/tmp/finn_dev_emanuel-hernandez/code_gen_ipgen_MVAU_hls_1_juaup5kq/project_MVAU_hls_1/sol1/impl/ip'.
INFO: [IP_Flow 19-1700] Loaded user IP repository '/tmp/finn_dev_emanuel-hernandez/code_gen_ipgen_StreamingFIFO_rtl_9_8p53cw18'.
INFO: [IP_Flow 19-1700] Loaded user IP repository '/tmp/finn_dev_emanuel-hernandez/code_gen_ipgen_StreamingDataWidthConverter_rtl_3_w9ea0x8t'.
INFO: [IP_Flow 19-1700] Loaded user IP repository '/tmp/finn_dev_emanuel-hernandez/code_gen_ipgen_StreamingFIFO_rtl_10_rz1ffexj'.
INFO: [IP_Flow 19-1700] Loaded user IP repository '/tmp/finn_dev_emanuel-hernandez/code_gen_ipgen_StreamingMaxPool_hls_0_u0p0cbhc/project_StreamingMaxPool_hls_0/sol1/impl/ip'.
INFO: [IP_Flow 19-1700] Loaded user IP repository '/tmp/finn_dev_emanuel-hernandez/code_gen_ipgen_StreamingFIFO_rtl_11_9xde0iu_'.
INFO: [IP_Flow 19-1700] Loaded user IP repository '/tmp/finn_dev_emanuel-hernandez/code_gen_ipgen_FMPadding_rtl_2_bfhymavv'.
INFO: [IP_Flow 19-1700] Loaded user IP repository '/tmp/finn_dev_emanuel-hernandez/code_gen_ipgen_StreamingFIFO_rtl_12_l1u5y9oq'.
INFO: [IP_Flow 19-1700] Loaded user IP repository '/tmp/finn_dev_emanuel-hernandez/code_gen_ipgen_StreamingDataWidthConverter_rtl_4_d3noeq7x'.
INFO: [IP_Flow 19-1700] Loaded user IP repository '/tmp/finn_dev_emanuel-hernandez/code_gen_ipgen_StreamingFIFO_rtl_13__5kvrwkr'.
INFO: [IP_Flow 19-1700] Loaded user IP repository '/tmp/finn_dev_emanuel-hernandez/code_gen_ipgen_ConvolutionInputGenerator_rtl_2_dtijaray'.
INFO: [IP_Flow 19-1700] Loaded user IP repository '/tmp/finn_dev_emanuel-hernandez/code_gen_ipgen_StreamingFIFO_rtl_14_90_nfugx'.
INFO: [IP_Flow 19-1700] Loaded user IP repository '/tmp/finn_dev_emanuel-hernandez/code_gen_ipgen_StreamingDataWidthConverter_rtl_5_eg6sc5c7'.
INFO: [IP_Flow 19-1700] Loaded user IP repository '/tmp/finn_dev_emanuel-hernandez/code_gen_ipgen_StreamingFIFO_rtl_15_6k7rpw6a'.
INFO: [IP_Flow 19-1700] Loaded user IP repository '/tmp/finn_dev_emanuel-hernandez/code_gen_ipgen_MVAU_hls_2_c_8z90e9/project_MVAU_hls_2/sol1/impl/ip'.
INFO: [IP_Flow 19-1700] Loaded user IP repository '/tmp/finn_dev_emanuel-hernandez/code_gen_ipgen_StreamingFIFO_rtl_16_dcyfzx2o'.
INFO: [IP_Flow 19-1700] Loaded user IP repository '/tmp/finn_dev_emanuel-hernandez/code_gen_ipgen_StreamingDataWidthConverter_rtl_6_03z4zugl'.
INFO: [IP_Flow 19-1700] Loaded user IP repository '/tmp/finn_dev_emanuel-hernandez/code_gen_ipgen_StreamingFIFO_rtl_17_ml8iegwl'.
INFO: [IP_Flow 19-1700] Loaded user IP repository '/tmp/finn_dev_emanuel-hernandez/code_gen_ipgen_FMPadding_rtl_3_2x9msyqe'.
INFO: [IP_Flow 19-1700] Loaded user IP repository '/tmp/finn_dev_emanuel-hernandez/code_gen_ipgen_StreamingFIFO_rtl_18_0dc9afhr'.
INFO: [IP_Flow 19-1700] Loaded user IP repository '/tmp/finn_dev_emanuel-hernandez/code_gen_ipgen_StreamingDataWidthConverter_rtl_7_4ikvmjoa'.
INFO: [IP_Flow 19-1700] Loaded user IP repository '/tmp/finn_dev_emanuel-hernandez/code_gen_ipgen_StreamingFIFO_rtl_19_dcp13z__'.
INFO: [IP_Flow 19-1700] Loaded user IP repository '/tmp/finn_dev_emanuel-hernandez/code_gen_ipgen_ConvolutionInputGenerator_rtl_3_s53q98tt'.
INFO: [IP_Flow 19-1700] Loaded user IP repository '/tmp/finn_dev_emanuel-hernandez/code_gen_ipgen_StreamingFIFO_rtl_20_zwdrd7b4'.
INFO: [IP_Flow 19-1700] Loaded user IP repository '/tmp/finn_dev_emanuel-hernandez/code_gen_ipgen_StreamingDataWidthConverter_rtl_8_7jr6z08o'.
INFO: [IP_Flow 19-1700] Loaded user IP repository '/tmp/finn_dev_emanuel-hernandez/code_gen_ipgen_StreamingFIFO_rtl_21_lv51e197'.
INFO: [IP_Flow 19-1700] Loaded user IP repository '/tmp/finn_dev_emanuel-hernandez/code_gen_ipgen_MVAU_hls_3_b35vdh1n/project_MVAU_hls_3/sol1/impl/ip'.
INFO: [IP_Flow 19-1700] Loaded user IP repository '/tmp/finn_dev_emanuel-hernandez/code_gen_ipgen_StreamingFIFO_rtl_22_byid7tf2'.
INFO: [IP_Flow 19-1700] Loaded user IP repository '/tmp/finn_dev_emanuel-hernandez/code_gen_ipgen_StreamingDataWidthConverter_rtl_9_1ve3wz7j'.
INFO: [IP_Flow 19-1700] Loaded user IP repository '/tmp/finn_dev_emanuel-hernandez/code_gen_ipgen_StreamingFIFO_rtl_23_zfz13eo2'.
INFO: [IP_Flow 19-1700] Loaded user IP repository '/tmp/finn_dev_emanuel-hernandez/code_gen_ipgen_StreamingMaxPool_hls_1_7wwp66zq/project_StreamingMaxPool_hls_1/sol1/impl/ip'.
INFO: [IP_Flow 19-1700] Loaded user IP repository '/tmp/finn_dev_emanuel-hernandez/code_gen_ipgen_StreamingFIFO_rtl_24_z54i444h'.
INFO: [IP_Flow 19-1700] Loaded user IP repository '/tmp/finn_dev_emanuel-hernandez/code_gen_ipgen_StreamingDataWidthConverter_rtl_10_yub6am8x'.
INFO: [IP_Flow 19-1700] Loaded user IP repository '/tmp/finn_dev_emanuel-hernandez/code_gen_ipgen_StreamingFIFO_rtl_25_k4tmsb30'.
INFO: [IP_Flow 19-1700] Loaded user IP repository '/tmp/finn_dev_emanuel-hernandez/code_gen_ipgen_MVAU_hls_4_tmhw3dtv/project_MVAU_hls_4/sol1/impl/ip'.
INFO: [IP_Flow 19-1700] Loaded user IP repository '/tmp/finn_dev_emanuel-hernandez/code_gen_ipgen_StreamingFIFO_rtl_26_8mjg4iui'.
INFO: [IP_Flow 19-1700] Loaded user IP repository '/tmp/finn_dev_emanuel-hernandez/code_gen_ipgen_MVAU_rtl_0_5irei88l'.
INFO: [IP_Flow 19-1700] Loaded user IP repository '/tmp/finn_dev_emanuel-hernandez/code_gen_ipgen_StreamingFIFO_rtl_27_agjbqf20'.
WARNING: [IP_Flow 19-3571] IP 'finn_design_ConvolutionInputGenerator_rtl_3_0' is restricted:
* Detected changes to module reference file(s).
create_bd_cell: Time (s): cpu = 00:00:29 ; elapsed = 00:00:06 . Memory (MB): peak = 1648.617 ; gain = 0.000 ; free physical = 2157 ; free virtual = 14883
# add_files -norecurse /tmp/finn_dev_emanuel-hernandez/code_gen_ipgen_StreamingFIFO_rtl_20_zwdrd7b4/Q_srl.v
# add_files -norecurse /tmp/finn_dev_emanuel-hernandez/code_gen_ipgen_StreamingFIFO_rtl_20_zwdrd7b4/StreamingFIFO_rtl_20.v
# create_bd_cell -type module -reference StreamingFIFO_rtl_20 StreamingFIFO_rtl_20
INFO: [IP_Flow 19-5107] Inferred bus interface 'ap_clk' of definition 'xilinx.com:signal:clock:1.0' (from X_INTERFACE_INFO parameter from HDL file).
INFO: [IP_Flow 19-5107] Inferred bus interface 'ap_clk' of definition 'xilinx.com:signal:clock:1.0' (from 'X_INTERFACE_INFO' attribute).
INFO: [IP_Flow 19-5107] Inferred bus interface 'in0_V' of definition 'xilinx.com:interface:axis:1.0' (from Xilinx Repository).
INFO: [IP_Flow 19-5107] Inferred bus interface 'out_V' of definition 'xilinx.com:interface:axis:1.0' (from Xilinx Repository).
INFO: [IP_Flow 19-5107] Inferred bus interface 'ap_rst_n' of definition 'xilinx.com:signal:reset:1.0' (from Xilinx Repository).
INFO: [IP_Flow 19-4728] Bus Interface 'ap_rst_n': Added interface parameter 'POLARITY' with value 'ACTIVE_LOW'.
INFO: [IP_Flow 19-4728] Bus Interface 'ap_clk': Added interface parameter 'ASSOCIATED_RESET' with value 'ap_rst_n'.
INFO: [IP_Flow 19-4728] Bus Interface 'ap_clk': Added interface parameter 'ASSOCIATED_BUSIF' with value 'in0_V'.
WARNING: [IP_Flow 19-3157] Bus Interface 'ap_rst_n': Bus parameter POLARITY is ACTIVE_LOW but port 'ap_rst_n' is not *resetn - please double check the POLARITY setting.
INFO: [IP_Flow 19-234] Refreshing IP repositories
INFO: [IP_Flow 19-1700] Loaded user IP repository '/home/emanuel-hernandez/finn/finn-rtllib/memstream'.
INFO: [IP_Flow 19-1700] Loaded user IP repository '/tmp/finn_dev_emanuel-hernandez/code_gen_ipgen_StreamingFIFO_rtl_0_2xp77osi'.
INFO: [IP_Flow 19-1700] Loaded user IP repository '/tmp/finn_dev_emanuel-hernandez/code_gen_ipgen_FMPadding_rtl_0_ty50wf7f'.
INFO: [IP_Flow 19-1700] Loaded user IP repository '/tmp/finn_dev_emanuel-hernandez/code_gen_ipgen_StreamingFIFO_rtl_1_m6if6tq1'.
INFO: [IP_Flow 19-1700] Loaded user IP repository '/tmp/finn_dev_emanuel-hernandez/code_gen_ipgen_ConvolutionInputGenerator_rtl_0_czth98kw'.
INFO: [IP_Flow 19-1700] Loaded user IP repository '/tmp/finn_dev_emanuel-hernandez/code_gen_ipgen_StreamingFIFO_rtl_2_q6mksatc'.
INFO: [IP_Flow 19-1700] Loaded user IP repository '/tmp/finn_dev_emanuel-hernandez/code_gen_ipgen_MVAU_hls_0_23yd46c2/project_MVAU_hls_0/sol1/impl/ip'.
INFO: [IP_Flow 19-1700] Loaded user IP repository '/tmp/finn_dev_emanuel-hernandez/code_gen_ipgen_StreamingFIFO_rtl_3_p2hyhro8'.
INFO: [IP_Flow 19-1700] Loaded user IP repository '/tmp/finn_dev_emanuel-hernandez/code_gen_ipgen_StreamingDataWidthConverter_rtl_0_dgprmkiy'.
INFO: [IP_Flow 19-1700] Loaded user IP repository '/tmp/finn_dev_emanuel-hernandez/code_gen_ipgen_StreamingFIFO_rtl_4_lh6tdo7e'.
INFO: [IP_Flow 19-1700] Loaded user IP repository '/tmp/finn_dev_emanuel-hernandez/code_gen_ipgen_FMPadding_rtl_1_xpf90tc3'.
INFO: [IP_Flow 19-1700] Loaded user IP repository '/tmp/finn_dev_emanuel-hernandez/code_gen_ipgen_StreamingFIFO_rtl_5_vvlnqhpy'.
INFO: [IP_Flow 19-1700] Loaded user IP repository '/tmp/finn_dev_emanuel-hernandez/code_gen_ipgen_StreamingDataWidthConverter_rtl_1_jnol8bbv'.
INFO: [IP_Flow 19-1700] Loaded user IP repository '/tmp/finn_dev_emanuel-hernandez/code_gen_ipgen_StreamingFIFO_rtl_6_6f4ornhe'.
INFO: [IP_Flow 19-1700] Loaded user IP repository '/tmp/finn_dev_emanuel-hernandez/code_gen_ipgen_ConvolutionInputGenerator_rtl_1_3gytnw5p'.
INFO: [IP_Flow 19-1700] Loaded user IP repository '/tmp/finn_dev_emanuel-hernandez/code_gen_ipgen_StreamingFIFO_rtl_7_6w23ui98'.
INFO: [IP_Flow 19-1700] Loaded user IP repository '/tmp/finn_dev_emanuel-hernandez/code_gen_ipgen_StreamingDataWidthConverter_rtl_2_sg9hna6v'.
INFO: [IP_Flow 19-1700] Loaded user IP repository '/tmp/finn_dev_emanuel-hernandez/code_gen_ipgen_StreamingFIFO_rtl_8_fgp0hvu1'.
INFO: [IP_Flow 19-1700] Loaded user IP repository '/tmp/finn_dev_emanuel-hernandez/code_gen_ipgen_MVAU_hls_1_juaup5kq/project_MVAU_hls_1/sol1/impl/ip'.
INFO: [IP_Flow 19-1700] Loaded user IP repository '/tmp/finn_dev_emanuel-hernandez/code_gen_ipgen_StreamingFIFO_rtl_9_8p53cw18'.
INFO: [IP_Flow 19-1700] Loaded user IP repository '/tmp/finn_dev_emanuel-hernandez/code_gen_ipgen_StreamingDataWidthConverter_rtl_3_w9ea0x8t'.
INFO: [IP_Flow 19-1700] Loaded user IP repository '/tmp/finn_dev_emanuel-hernandez/code_gen_ipgen_StreamingFIFO_rtl_10_rz1ffexj'.
INFO: [IP_Flow 19-1700] Loaded user IP repository '/tmp/finn_dev_emanuel-hernandez/code_gen_ipgen_StreamingMaxPool_hls_0_u0p0cbhc/project_StreamingMaxPool_hls_0/sol1/impl/ip'.
INFO: [IP_Flow 19-1700] Loaded user IP repository '/tmp/finn_dev_emanuel-hernandez/code_gen_ipgen_StreamingFIFO_rtl_11_9xde0iu_'.
INFO: [IP_Flow 19-1700] Loaded user IP repository '/tmp/finn_dev_emanuel-hernandez/code_gen_ipgen_FMPadding_rtl_2_bfhymavv'.
INFO: [IP_Flow 19-1700] Loaded user IP repository '/tmp/finn_dev_emanuel-hernandez/code_gen_ipgen_StreamingFIFO_rtl_12_l1u5y9oq'.
INFO: [IP_Flow 19-1700] Loaded user IP repository '/tmp/finn_dev_emanuel-hernandez/code_gen_ipgen_StreamingDataWidthConverter_rtl_4_d3noeq7x'.
INFO: [IP_Flow 19-1700] Loaded user IP repository '/tmp/finn_dev_emanuel-hernandez/code_gen_ipgen_StreamingFIFO_rtl_13__5kvrwkr'.
INFO: [IP_Flow 19-1700] Loaded user IP repository '/tmp/finn_dev_emanuel-hernandez/code_gen_ipgen_ConvolutionInputGenerator_rtl_2_dtijaray'.
INFO: [IP_Flow 19-1700] Loaded user IP repository '/tmp/finn_dev_emanuel-hernandez/code_gen_ipgen_StreamingFIFO_rtl_14_90_nfugx'.
INFO: [IP_Flow 19-1700] Loaded user IP repository '/tmp/finn_dev_emanuel-hernandez/code_gen_ipgen_StreamingDataWidthConverter_rtl_5_eg6sc5c7'.
INFO: [IP_Flow 19-1700] Loaded user IP repository '/tmp/finn_dev_emanuel-hernandez/code_gen_ipgen_StreamingFIFO_rtl_15_6k7rpw6a'.
INFO: [IP_Flow 19-1700] Loaded user IP repository '/tmp/finn_dev_emanuel-hernandez/code_gen_ipgen_MVAU_hls_2_c_8z90e9/project_MVAU_hls_2/sol1/impl/ip'.
INFO: [IP_Flow 19-1700] Loaded user IP repository '/tmp/finn_dev_emanuel-hernandez/code_gen_ipgen_StreamingFIFO_rtl_16_dcyfzx2o'.
INFO: [IP_Flow 19-1700] Loaded user IP repository '/tmp/finn_dev_emanuel-hernandez/code_gen_ipgen_StreamingDataWidthConverter_rtl_6_03z4zugl'.
INFO: [IP_Flow 19-1700] Loaded user IP repository '/tmp/finn_dev_emanuel-hernandez/code_gen_ipgen_StreamingFIFO_rtl_17_ml8iegwl'.
INFO: [IP_Flow 19-1700] Loaded user IP repository '/tmp/finn_dev_emanuel-hernandez/code_gen_ipgen_FMPadding_rtl_3_2x9msyqe'.
INFO: [IP_Flow 19-1700] Loaded user IP repository '/tmp/finn_dev_emanuel-hernandez/code_gen_ipgen_StreamingFIFO_rtl_18_0dc9afhr'.
INFO: [IP_Flow 19-1700] Loaded user IP repository '/tmp/finn_dev_emanuel-hernandez/code_gen_ipgen_StreamingDataWidthConverter_rtl_7_4ikvmjoa'.
INFO: [IP_Flow 19-1700] Loaded user IP repository '/tmp/finn_dev_emanuel-hernandez/code_gen_ipgen_StreamingFIFO_rtl_19_dcp13z__'.
INFO: [IP_Flow 19-1700] Loaded user IP repository '/tmp/finn_dev_emanuel-hernandez/code_gen_ipgen_ConvolutionInputGenerator_rtl_3_s53q98tt'.
INFO: [IP_Flow 19-1700] Loaded user IP repository '/tmp/finn_dev_emanuel-hernandez/code_gen_ipgen_StreamingFIFO_rtl_20_zwdrd7b4'.
INFO: [IP_Flow 19-1700] Loaded user IP repository '/tmp/finn_dev_emanuel-hernandez/code_gen_ipgen_StreamingDataWidthConverter_rtl_8_7jr6z08o'.
INFO: [IP_Flow 19-1700] Loaded user IP repository '/tmp/finn_dev_emanuel-hernandez/code_gen_ipgen_StreamingFIFO_rtl_21_lv51e197'.
INFO: [IP_Flow 19-1700] Loaded user IP repository '/tmp/finn_dev_emanuel-hernandez/code_gen_ipgen_MVAU_hls_3_b35vdh1n/project_MVAU_hls_3/sol1/impl/ip'.
INFO: [IP_Flow 19-1700] Loaded user IP repository '/tmp/finn_dev_emanuel-hernandez/code_gen_ipgen_StreamingFIFO_rtl_22_byid7tf2'.
INFO: [IP_Flow 19-1700] Loaded user IP repository '/tmp/finn_dev_emanuel-hernandez/code_gen_ipgen_StreamingDataWidthConverter_rtl_9_1ve3wz7j'.
INFO: [IP_Flow 19-1700] Loaded user IP repository '/tmp/finn_dev_emanuel-hernandez/code_gen_ipgen_StreamingFIFO_rtl_23_zfz13eo2'.
INFO: [IP_Flow 19-1700] Loaded user IP repository '/tmp/finn_dev_emanuel-hernandez/code_gen_ipgen_StreamingMaxPool_hls_1_7wwp66zq/project_StreamingMaxPool_hls_1/sol1/impl/ip'.
INFO: [IP_Flow 19-1700] Loaded user IP repository '/tmp/finn_dev_emanuel-hernandez/code_gen_ipgen_StreamingFIFO_rtl_24_z54i444h'.
INFO: [IP_Flow 19-1700] Loaded user IP repository '/tmp/finn_dev_emanuel-hernandez/code_gen_ipgen_StreamingDataWidthConverter_rtl_10_yub6am8x'.
INFO: [IP_Flow 19-1700] Loaded user IP repository '/tmp/finn_dev_emanuel-hernandez/code_gen_ipgen_StreamingFIFO_rtl_25_k4tmsb30'.
INFO: [IP_Flow 19-1700] Loaded user IP repository '/tmp/finn_dev_emanuel-hernandez/code_gen_ipgen_MVAU_hls_4_tmhw3dtv/project_MVAU_hls_4/sol1/impl/ip'.
INFO: [IP_Flow 19-1700] Loaded user IP repository '/tmp/finn_dev_emanuel-hernandez/code_gen_ipgen_StreamingFIFO_rtl_26_8mjg4iui'.
INFO: [IP_Flow 19-1700] Loaded user IP repository '/tmp/finn_dev_emanuel-hernandez/code_gen_ipgen_MVAU_rtl_0_5irei88l'.
INFO: [IP_Flow 19-1700] Loaded user IP repository '/tmp/finn_dev_emanuel-hernandez/code_gen_ipgen_StreamingFIFO_rtl_27_agjbqf20'.
WARNING: [IP_Flow 19-3571] IP 'finn_design_StreamingFIFO_rtl_20_0' is restricted:
* Detected changes to module reference file(s).
create_bd_cell: Time (s): cpu = 00:00:29 ; elapsed = 00:00:06 . Memory (MB): peak = 1648.617 ; gain = 0.000 ; free physical = 2196 ; free virtual = 14921
# add_files -norecurse /tmp/finn_dev_emanuel-hernandez/code_gen_ipgen_StreamingDataWidthConverter_rtl_8_7jr6z08o/dwc_axi.sv
# add_files -norecurse /tmp/finn_dev_emanuel-hernandez/code_gen_ipgen_StreamingDataWidthConverter_rtl_8_7jr6z08o/dwc.sv
# add_files -norecurse /tmp/finn_dev_emanuel-hernandez/code_gen_ipgen_StreamingDataWidthConverter_rtl_8_7jr6z08o/StreamingDataWidthConverter_rtl_8.v
# create_bd_cell -type module -reference StreamingDataWidthConverter_rtl_8 StreamingDataWidthConverter_rtl_8
INFO: [IP_Flow 19-5107] Inferred bus interface 'ap_clk' of definition 'xilinx.com:signal:clock:1.0' (from X_INTERFACE_INFO parameter from HDL file).
INFO: [IP_Flow 19-5107] Inferred bus interface 'ap_clk' of definition 'xilinx.com:signal:clock:1.0' (from 'X_INTERFACE_INFO' attribute).
INFO: [IP_Flow 19-5107] Inferred bus interface 'in0_V' of definition 'xilinx.com:interface:axis:1.0' (from Xilinx Repository).
INFO: [IP_Flow 19-5107] Inferred bus interface 'out_V' of definition 'xilinx.com:interface:axis:1.0' (from Xilinx Repository).
INFO: [IP_Flow 19-5107] Inferred bus interface 'ap_rst_n' of definition 'xilinx.com:signal:reset:1.0' (from Xilinx Repository).
INFO: [IP_Flow 19-4728] Bus Interface 'ap_rst_n': Added interface parameter 'POLARITY' with value 'ACTIVE_LOW'.
INFO: [IP_Flow 19-4728] Bus Interface 'ap_clk': Added interface parameter 'ASSOCIATED_RESET' with value 'ap_rst_n'.
INFO: [IP_Flow 19-4728] Bus Interface 'ap_clk': Added interface parameter 'ASSOCIATED_BUSIF' with value 'in0_V'.
INFO: [IP_Flow 19-818] Not transferring value dependency attribute "(((spirit:decode(id('MODELPARAM_VALUE.IBITS')) + 7) / 8) * 8)" into user parameter "AXI_IBITS".
INFO: [IP_Flow 19-818] Not transferring value dependency attribute "(((spirit:decode(id('MODELPARAM_VALUE.OBITS')) + 7) / 8) * 8)" into user parameter "AXI_OBITS".
WARNING: [IP_Flow 19-3157] Bus Interface 'ap_rst_n': Bus parameter POLARITY is ACTIVE_LOW but port 'ap_rst_n' is not *resetn - please double check the POLARITY setting.
INFO: [IP_Flow 19-234] Refreshing IP repositories
INFO: [IP_Flow 19-1700] Loaded user IP repository '/home/emanuel-hernandez/finn/finn-rtllib/memstream'.
INFO: [IP_Flow 19-1700] Loaded user IP repository '/tmp/finn_dev_emanuel-hernandez/code_gen_ipgen_StreamingFIFO_rtl_0_2xp77osi'.
INFO: [IP_Flow 19-1700] Loaded user IP repository '/tmp/finn_dev_emanuel-hernandez/code_gen_ipgen_FMPadding_rtl_0_ty50wf7f'.
INFO: [IP_Flow 19-1700] Loaded user IP repository '/tmp/finn_dev_emanuel-hernandez/code_gen_ipgen_StreamingFIFO_rtl_1_m6if6tq1'.
INFO: [IP_Flow 19-1700] Loaded user IP repository '/tmp/finn_dev_emanuel-hernandez/code_gen_ipgen_ConvolutionInputGenerator_rtl_0_czth98kw'.
INFO: [IP_Flow 19-1700] Loaded user IP repository '/tmp/finn_dev_emanuel-hernandez/code_gen_ipgen_StreamingFIFO_rtl_2_q6mksatc'.
INFO: [IP_Flow 19-1700] Loaded user IP repository '/tmp/finn_dev_emanuel-hernandez/code_gen_ipgen_MVAU_hls_0_23yd46c2/project_MVAU_hls_0/sol1/impl/ip'.
INFO: [IP_Flow 19-1700] Loaded user IP repository '/tmp/finn_dev_emanuel-hernandez/code_gen_ipgen_StreamingFIFO_rtl_3_p2hyhro8'.
INFO: [IP_Flow 19-1700] Loaded user IP repository '/tmp/finn_dev_emanuel-hernandez/code_gen_ipgen_StreamingDataWidthConverter_rtl_0_dgprmkiy'.
INFO: [IP_Flow 19-1700] Loaded user IP repository '/tmp/finn_dev_emanuel-hernandez/code_gen_ipgen_StreamingFIFO_rtl_4_lh6tdo7e'.
INFO: [IP_Flow 19-1700] Loaded user IP repository '/tmp/finn_dev_emanuel-hernandez/code_gen_ipgen_FMPadding_rtl_1_xpf90tc3'.
INFO: [IP_Flow 19-1700] Loaded user IP repository '/tmp/finn_dev_emanuel-hernandez/code_gen_ipgen_StreamingFIFO_rtl_5_vvlnqhpy'.
INFO: [IP_Flow 19-1700] Loaded user IP repository '/tmp/finn_dev_emanuel-hernandez/code_gen_ipgen_StreamingDataWidthConverter_rtl_1_jnol8bbv'.
INFO: [IP_Flow 19-1700] Loaded user IP repository '/tmp/finn_dev_emanuel-hernandez/code_gen_ipgen_StreamingFIFO_rtl_6_6f4ornhe'.
INFO: [IP_Flow 19-1700] Loaded user IP repository '/tmp/finn_dev_emanuel-hernandez/code_gen_ipgen_ConvolutionInputGenerator_rtl_1_3gytnw5p'.
INFO: [IP_Flow 19-1700] Loaded user IP repository '/tmp/finn_dev_emanuel-hernandez/code_gen_ipgen_StreamingFIFO_rtl_7_6w23ui98'.
INFO: [IP_Flow 19-1700] Loaded user IP repository '/tmp/finn_dev_emanuel-hernandez/code_gen_ipgen_StreamingDataWidthConverter_rtl_2_sg9hna6v'.
INFO: [IP_Flow 19-1700] Loaded user IP repository '/tmp/finn_dev_emanuel-hernandez/code_gen_ipgen_StreamingFIFO_rtl_8_fgp0hvu1'.
INFO: [IP_Flow 19-1700] Loaded user IP repository '/tmp/finn_dev_emanuel-hernandez/code_gen_ipgen_MVAU_hls_1_juaup5kq/project_MVAU_hls_1/sol1/impl/ip'.
INFO: [IP_Flow 19-1700] Loaded user IP repository '/tmp/finn_dev_emanuel-hernandez/code_gen_ipgen_StreamingFIFO_rtl_9_8p53cw18'.
INFO: [IP_Flow 19-1700] Loaded user IP repository '/tmp/finn_dev_emanuel-hernandez/code_gen_ipgen_StreamingDataWidthConverter_rtl_3_w9ea0x8t'.
INFO: [IP_Flow 19-1700] Loaded user IP repository '/tmp/finn_dev_emanuel-hernandez/code_gen_ipgen_StreamingFIFO_rtl_10_rz1ffexj'.
INFO: [IP_Flow 19-1700] Loaded user IP repository '/tmp/finn_dev_emanuel-hernandez/code_gen_ipgen_StreamingMaxPool_hls_0_u0p0cbhc/project_StreamingMaxPool_hls_0/sol1/impl/ip'.
INFO: [IP_Flow 19-1700] Loaded user IP repository '/tmp/finn_dev_emanuel-hernandez/code_gen_ipgen_StreamingFIFO_rtl_11_9xde0iu_'.
INFO: [IP_Flow 19-1700] Loaded user IP repository '/tmp/finn_dev_emanuel-hernandez/code_gen_ipgen_FMPadding_rtl_2_bfhymavv'.
INFO: [IP_Flow 19-1700] Loaded user IP repository '/tmp/finn_dev_emanuel-hernandez/code_gen_ipgen_StreamingFIFO_rtl_12_l1u5y9oq'.
INFO: [IP_Flow 19-1700] Loaded user IP repository '/tmp/finn_dev_emanuel-hernandez/code_gen_ipgen_StreamingDataWidthConverter_rtl_4_d3noeq7x'.
INFO: [IP_Flow 19-1700] Loaded user IP repository '/tmp/finn_dev_emanuel-hernandez/code_gen_ipgen_StreamingFIFO_rtl_13__5kvrwkr'.
INFO: [IP_Flow 19-1700] Loaded user IP repository '/tmp/finn_dev_emanuel-hernandez/code_gen_ipgen_ConvolutionInputGenerator_rtl_2_dtijaray'.
INFO: [IP_Flow 19-1700] Loaded user IP repository '/tmp/finn_dev_emanuel-hernandez/code_gen_ipgen_StreamingFIFO_rtl_14_90_nfugx'.
INFO: [IP_Flow 19-1700] Loaded user IP repository '/tmp/finn_dev_emanuel-hernandez/code_gen_ipgen_StreamingDataWidthConverter_rtl_5_eg6sc5c7'.
INFO: [IP_Flow 19-1700] Loaded user IP repository '/tmp/finn_dev_emanuel-hernandez/code_gen_ipgen_StreamingFIFO_rtl_15_6k7rpw6a'.
INFO: [IP_Flow 19-1700] Loaded user IP repository '/tmp/finn_dev_emanuel-hernandez/code_gen_ipgen_MVAU_hls_2_c_8z90e9/project_MVAU_hls_2/sol1/impl/ip'.
INFO: [IP_Flow 19-1700] Loaded user IP repository '/tmp/finn_dev_emanuel-hernandez/code_gen_ipgen_StreamingFIFO_rtl_16_dcyfzx2o'.
INFO: [IP_Flow 19-1700] Loaded user IP repository '/tmp/finn_dev_emanuel-hernandez/code_gen_ipgen_StreamingDataWidthConverter_rtl_6_03z4zugl'.
INFO: [IP_Flow 19-1700] Loaded user IP repository '/tmp/finn_dev_emanuel-hernandez/code_gen_ipgen_StreamingFIFO_rtl_17_ml8iegwl'.
INFO: [IP_Flow 19-1700] Loaded user IP repository '/tmp/finn_dev_emanuel-hernandez/code_gen_ipgen_FMPadding_rtl_3_2x9msyqe'.
INFO: [IP_Flow 19-1700] Loaded user IP repository '/tmp/finn_dev_emanuel-hernandez/code_gen_ipgen_StreamingFIFO_rtl_18_0dc9afhr'.
INFO: [IP_Flow 19-1700] Loaded user IP repository '/tmp/finn_dev_emanuel-hernandez/code_gen_ipgen_StreamingDataWidthConverter_rtl_7_4ikvmjoa'.
INFO: [IP_Flow 19-1700] Loaded user IP repository '/tmp/finn_dev_emanuel-hernandez/code_gen_ipgen_StreamingFIFO_rtl_19_dcp13z__'.
INFO: [IP_Flow 19-1700] Loaded user IP repository '/tmp/finn_dev_emanuel-hernandez/code_gen_ipgen_ConvolutionInputGenerator_rtl_3_s53q98tt'.
INFO: [IP_Flow 19-1700] Loaded user IP repository '/tmp/finn_dev_emanuel-hernandez/code_gen_ipgen_StreamingFIFO_rtl_20_zwdrd7b4'.
INFO: [IP_Flow 19-1700] Loaded user IP repository '/tmp/finn_dev_emanuel-hernandez/code_gen_ipgen_StreamingDataWidthConverter_rtl_8_7jr6z08o'.
INFO: [IP_Flow 19-1700] Loaded user IP repository '/tmp/finn_dev_emanuel-hernandez/code_gen_ipgen_StreamingFIFO_rtl_21_lv51e197'.
INFO: [IP_Flow 19-1700] Loaded user IP repository '/tmp/finn_dev_emanuel-hernandez/code_gen_ipgen_MVAU_hls_3_b35vdh1n/project_MVAU_hls_3/sol1/impl/ip'.
INFO: [IP_Flow 19-1700] Loaded user IP repository '/tmp/finn_dev_emanuel-hernandez/code_gen_ipgen_StreamingFIFO_rtl_22_byid7tf2'.
INFO: [IP_Flow 19-1700] Loaded user IP repository '/tmp/finn_dev_emanuel-hernandez/code_gen_ipgen_StreamingDataWidthConverter_rtl_9_1ve3wz7j'.
INFO: [IP_Flow 19-1700] Loaded user IP repository '/tmp/finn_dev_emanuel-hernandez/code_gen_ipgen_StreamingFIFO_rtl_23_zfz13eo2'.
INFO: [IP_Flow 19-1700] Loaded user IP repository '/tmp/finn_dev_emanuel-hernandez/code_gen_ipgen_StreamingMaxPool_hls_1_7wwp66zq/project_StreamingMaxPool_hls_1/sol1/impl/ip'.
INFO: [IP_Flow 19-1700] Loaded user IP repository '/tmp/finn_dev_emanuel-hernandez/code_gen_ipgen_StreamingFIFO_rtl_24_z54i444h'.
INFO: [IP_Flow 19-1700] Loaded user IP repository '/tmp/finn_dev_emanuel-hernandez/code_gen_ipgen_StreamingDataWidthConverter_rtl_10_yub6am8x'.
INFO: [IP_Flow 19-1700] Loaded user IP repository '/tmp/finn_dev_emanuel-hernandez/code_gen_ipgen_StreamingFIFO_rtl_25_k4tmsb30'.
INFO: [IP_Flow 19-1700] Loaded user IP repository '/tmp/finn_dev_emanuel-hernandez/code_gen_ipgen_MVAU_hls_4_tmhw3dtv/project_MVAU_hls_4/sol1/impl/ip'.
INFO: [IP_Flow 19-1700] Loaded user IP repository '/tmp/finn_dev_emanuel-hernandez/code_gen_ipgen_StreamingFIFO_rtl_26_8mjg4iui'.
INFO: [IP_Flow 19-1700] Loaded user IP repository '/tmp/finn_dev_emanuel-hernandez/code_gen_ipgen_MVAU_rtl_0_5irei88l'.
INFO: [IP_Flow 19-1700] Loaded user IP repository '/tmp/finn_dev_emanuel-hernandez/code_gen_ipgen_StreamingFIFO_rtl_27_agjbqf20'.
WARNING: [IP_Flow 19-3571] IP 'finn_design_StreamingDataWidthConverter_rtl_8_0' is restricted:
* Detected changes to module reference file(s).
create_bd_cell: Time (s): cpu = 00:00:29 ; elapsed = 00:00:06 . Memory (MB): peak = 1648.617 ; gain = 0.000 ; free physical = 2213 ; free virtual = 14938
# create_bd_cell -type hier StreamingFIFO_rtl_21
# create_bd_pin -dir I -type clk /StreamingFIFO_rtl_21/ap_clk
# create_bd_pin -dir I -type rst /StreamingFIFO_rtl_21/ap_rst_n
# create_bd_intf_pin -mode Master -vlnv xilinx.com:interface:axis_rtl:1.0 /StreamingFIFO_rtl_21/out_V
# create_bd_intf_pin -mode Slave -vlnv xilinx.com:interface:axis_rtl:1.0 /StreamingFIFO_rtl_21/in0_V
# create_bd_cell -type ip -vlnv xilinx.com:ip:axis_data_fifo:2.0 /StreamingFIFO_rtl_21/fifo
# set_property -dict [list CONFIG.FIFO_DEPTH {1024}] [get_bd_cells /StreamingFIFO_rtl_21/fifo]
# set_property -dict [list CONFIG.FIFO_MEMORY_TYPE {auto}] [get_bd_cells /StreamingFIFO_rtl_21/fifo]
# set_property -dict [list CONFIG.TDATA_NUM_BYTES {9}] [get_bd_cells /StreamingFIFO_rtl_21/fifo]
# connect_bd_intf_net [get_bd_intf_pins StreamingFIFO_rtl_21/fifo/M_AXIS] [get_bd_intf_pins StreamingFIFO_rtl_21/out_V]
# connect_bd_intf_net [get_bd_intf_pins StreamingFIFO_rtl_21/fifo/S_AXIS] [get_bd_intf_pins StreamingFIFO_rtl_21/in0_V]
# connect_bd_net [get_bd_pins StreamingFIFO_rtl_21/ap_rst_n] [get_bd_pins StreamingFIFO_rtl_21/fifo/s_axis_aresetn]
# connect_bd_net [get_bd_pins StreamingFIFO_rtl_21/ap_clk] [get_bd_pins StreamingFIFO_rtl_21/fifo/s_axis_aclk]
# create_bd_cell -type hier MVAU_hls_3
# create_bd_pin -dir I -type clk /MVAU_hls_3/ap_clk
# create_bd_pin -dir I -type rst /MVAU_hls_3/ap_rst_n
# create_bd_intf_pin -mode Master -vlnv xilinx.com:interface:axis_rtl:1.0 /MVAU_hls_3/out_V
# create_bd_intf_pin -mode Slave -vlnv xilinx.com:interface:axis_rtl:1.0 /MVAU_hls_3/in0_V
# create_bd_cell -type ip -vlnv xilinx.com:hls:MVAU_hls_3:1.0 /MVAU_hls_3/MVAU_hls_3
# create_bd_cell -type ip -vlnv amd.com:finn:memstream:1.0 /MVAU_hls_3/MVAU_hls_3_wstrm
# set_property -dict [list CONFIG.DEPTH {1024} CONFIG.WIDTH {144} CONFIG.INIT_FILE {/tmp/finn_dev_emanuel-hernandez/code_gen_ipgen_MVAU_hls_3_b35vdh1n/memblock.dat} CONFIG.RAM_STYLE {auto} ] [get_bd_cells /MVAU_hls_3/MVAU_hls_3_wstrm]
WARNING: [IP_Flow 19-4684] Expected long value for param AXILITE_ADDR_WIDTH but, float/scientific notation value 14.0 is provided. The value is converted to long type(14)
WARNING: [IP_Flow 19-4684] Expected long value for param AXILITE_ADDR_WIDTH but, float/scientific notation value 15.0 is provided. The value is converted to long type(15)
# connect_bd_intf_net [get_bd_intf_pins MVAU_hls_3/MVAU_hls_3_wstrm/m_axis_0] [get_bd_intf_pins MVAU_hls_3/MVAU_hls_3/weights_V]
# connect_bd_net [get_bd_pins MVAU_hls_3/ap_rst_n] [get_bd_pins MVAU_hls_3/MVAU_hls_3_wstrm/ap_rst_n]
# connect_bd_net [get_bd_pins MVAU_hls_3/ap_clk] [get_bd_pins MVAU_hls_3/MVAU_hls_3_wstrm/ap_clk]
# connect_bd_net [get_bd_pins MVAU_hls_3/ap_rst_n] [get_bd_pins MVAU_hls_3/MVAU_hls_3/ap_rst_n]
# connect_bd_net [get_bd_pins MVAU_hls_3/ap_clk] [get_bd_pins MVAU_hls_3/MVAU_hls_3/ap_clk]
# connect_bd_intf_net [get_bd_intf_pins MVAU_hls_3/in0_V] [get_bd_intf_pins MVAU_hls_3/MVAU_hls_3/in0_V]
# connect_bd_intf_net [get_bd_intf_pins MVAU_hls_3/out_V] [get_bd_intf_pins MVAU_hls_3/MVAU_hls_3/out_V]
# save_bd_design
Wrote  : </tmp/finn_dev_emanuel-hernandez/vivado_stitch_proj_pm9ik9x1/finn_vivado_stitch_proj.srcs/sources_1/bd/finn_design/finn_design.bd> 
# add_files -norecurse /tmp/finn_dev_emanuel-hernandez/code_gen_ipgen_StreamingFIFO_rtl_22_byid7tf2/Q_srl.v
# add_files -norecurse /tmp/finn_dev_emanuel-hernandez/code_gen_ipgen_StreamingFIFO_rtl_22_byid7tf2/StreamingFIFO_rtl_22.v
# create_bd_cell -type module -reference StreamingFIFO_rtl_22 StreamingFIFO_rtl_22
INFO: [IP_Flow 19-5107] Inferred bus interface 'ap_clk' of definition 'xilinx.com:signal:clock:1.0' (from X_INTERFACE_INFO parameter from HDL file).
INFO: [IP_Flow 19-5107] Inferred bus interface 'ap_clk' of definition 'xilinx.com:signal:clock:1.0' (from 'X_INTERFACE_INFO' attribute).
INFO: [IP_Flow 19-5107] Inferred bus interface 'in0_V' of definition 'xilinx.com:interface:axis:1.0' (from Xilinx Repository).
INFO: [IP_Flow 19-5107] Inferred bus interface 'out_V' of definition 'xilinx.com:interface:axis:1.0' (from Xilinx Repository).
INFO: [IP_Flow 19-5107] Inferred bus interface 'ap_rst_n' of definition 'xilinx.com:signal:reset:1.0' (from Xilinx Repository).
INFO: [IP_Flow 19-4728] Bus Interface 'ap_rst_n': Added interface parameter 'POLARITY' with value 'ACTIVE_LOW'.
INFO: [IP_Flow 19-4728] Bus Interface 'ap_clk': Added interface parameter 'ASSOCIATED_RESET' with value 'ap_rst_n'.
INFO: [IP_Flow 19-4728] Bus Interface 'ap_clk': Added interface parameter 'ASSOCIATED_BUSIF' with value 'in0_V'.
WARNING: [IP_Flow 19-3157] Bus Interface 'ap_rst_n': Bus parameter POLARITY is ACTIVE_LOW but port 'ap_rst_n' is not *resetn - please double check the POLARITY setting.
INFO: [IP_Flow 19-234] Refreshing IP repositories
INFO: [IP_Flow 19-1700] Loaded user IP repository '/home/emanuel-hernandez/finn/finn-rtllib/memstream'.
INFO: [IP_Flow 19-1700] Loaded user IP repository '/tmp/finn_dev_emanuel-hernandez/code_gen_ipgen_StreamingFIFO_rtl_0_2xp77osi'.
INFO: [IP_Flow 19-1700] Loaded user IP repository '/tmp/finn_dev_emanuel-hernandez/code_gen_ipgen_FMPadding_rtl_0_ty50wf7f'.
INFO: [IP_Flow 19-1700] Loaded user IP repository '/tmp/finn_dev_emanuel-hernandez/code_gen_ipgen_StreamingFIFO_rtl_1_m6if6tq1'.
INFO: [IP_Flow 19-1700] Loaded user IP repository '/tmp/finn_dev_emanuel-hernandez/code_gen_ipgen_ConvolutionInputGenerator_rtl_0_czth98kw'.
INFO: [IP_Flow 19-1700] Loaded user IP repository '/tmp/finn_dev_emanuel-hernandez/code_gen_ipgen_StreamingFIFO_rtl_2_q6mksatc'.
INFO: [IP_Flow 19-1700] Loaded user IP repository '/tmp/finn_dev_emanuel-hernandez/code_gen_ipgen_MVAU_hls_0_23yd46c2/project_MVAU_hls_0/sol1/impl/ip'.
INFO: [IP_Flow 19-1700] Loaded user IP repository '/tmp/finn_dev_emanuel-hernandez/code_gen_ipgen_StreamingFIFO_rtl_3_p2hyhro8'.
INFO: [IP_Flow 19-1700] Loaded user IP repository '/tmp/finn_dev_emanuel-hernandez/code_gen_ipgen_StreamingDataWidthConverter_rtl_0_dgprmkiy'.
INFO: [IP_Flow 19-1700] Loaded user IP repository '/tmp/finn_dev_emanuel-hernandez/code_gen_ipgen_StreamingFIFO_rtl_4_lh6tdo7e'.
INFO: [IP_Flow 19-1700] Loaded user IP repository '/tmp/finn_dev_emanuel-hernandez/code_gen_ipgen_FMPadding_rtl_1_xpf90tc3'.
INFO: [IP_Flow 19-1700] Loaded user IP repository '/tmp/finn_dev_emanuel-hernandez/code_gen_ipgen_StreamingFIFO_rtl_5_vvlnqhpy'.
INFO: [IP_Flow 19-1700] Loaded user IP repository '/tmp/finn_dev_emanuel-hernandez/code_gen_ipgen_StreamingDataWidthConverter_rtl_1_jnol8bbv'.
INFO: [IP_Flow 19-1700] Loaded user IP repository '/tmp/finn_dev_emanuel-hernandez/code_gen_ipgen_StreamingFIFO_rtl_6_6f4ornhe'.
INFO: [IP_Flow 19-1700] Loaded user IP repository '/tmp/finn_dev_emanuel-hernandez/code_gen_ipgen_ConvolutionInputGenerator_rtl_1_3gytnw5p'.
INFO: [IP_Flow 19-1700] Loaded user IP repository '/tmp/finn_dev_emanuel-hernandez/code_gen_ipgen_StreamingFIFO_rtl_7_6w23ui98'.
INFO: [IP_Flow 19-1700] Loaded user IP repository '/tmp/finn_dev_emanuel-hernandez/code_gen_ipgen_StreamingDataWidthConverter_rtl_2_sg9hna6v'.
INFO: [IP_Flow 19-1700] Loaded user IP repository '/tmp/finn_dev_emanuel-hernandez/code_gen_ipgen_StreamingFIFO_rtl_8_fgp0hvu1'.
INFO: [IP_Flow 19-1700] Loaded user IP repository '/tmp/finn_dev_emanuel-hernandez/code_gen_ipgen_MVAU_hls_1_juaup5kq/project_MVAU_hls_1/sol1/impl/ip'.
INFO: [IP_Flow 19-1700] Loaded user IP repository '/tmp/finn_dev_emanuel-hernandez/code_gen_ipgen_StreamingFIFO_rtl_9_8p53cw18'.
INFO: [IP_Flow 19-1700] Loaded user IP repository '/tmp/finn_dev_emanuel-hernandez/code_gen_ipgen_StreamingDataWidthConverter_rtl_3_w9ea0x8t'.
INFO: [IP_Flow 19-1700] Loaded user IP repository '/tmp/finn_dev_emanuel-hernandez/code_gen_ipgen_StreamingFIFO_rtl_10_rz1ffexj'.
INFO: [IP_Flow 19-1700] Loaded user IP repository '/tmp/finn_dev_emanuel-hernandez/code_gen_ipgen_StreamingMaxPool_hls_0_u0p0cbhc/project_StreamingMaxPool_hls_0/sol1/impl/ip'.
INFO: [IP_Flow 19-1700] Loaded user IP repository '/tmp/finn_dev_emanuel-hernandez/code_gen_ipgen_StreamingFIFO_rtl_11_9xde0iu_'.
INFO: [IP_Flow 19-1700] Loaded user IP repository '/tmp/finn_dev_emanuel-hernandez/code_gen_ipgen_FMPadding_rtl_2_bfhymavv'.
INFO: [IP_Flow 19-1700] Loaded user IP repository '/tmp/finn_dev_emanuel-hernandez/code_gen_ipgen_StreamingFIFO_rtl_12_l1u5y9oq'.
INFO: [IP_Flow 19-1700] Loaded user IP repository '/tmp/finn_dev_emanuel-hernandez/code_gen_ipgen_StreamingDataWidthConverter_rtl_4_d3noeq7x'.
INFO: [IP_Flow 19-1700] Loaded user IP repository '/tmp/finn_dev_emanuel-hernandez/code_gen_ipgen_StreamingFIFO_rtl_13__5kvrwkr'.
INFO: [IP_Flow 19-1700] Loaded user IP repository '/tmp/finn_dev_emanuel-hernandez/code_gen_ipgen_ConvolutionInputGenerator_rtl_2_dtijaray'.
INFO: [IP_Flow 19-1700] Loaded user IP repository '/tmp/finn_dev_emanuel-hernandez/code_gen_ipgen_StreamingFIFO_rtl_14_90_nfugx'.
INFO: [IP_Flow 19-1700] Loaded user IP repository '/tmp/finn_dev_emanuel-hernandez/code_gen_ipgen_StreamingDataWidthConverter_rtl_5_eg6sc5c7'.
INFO: [IP_Flow 19-1700] Loaded user IP repository '/tmp/finn_dev_emanuel-hernandez/code_gen_ipgen_StreamingFIFO_rtl_15_6k7rpw6a'.
INFO: [IP_Flow 19-1700] Loaded user IP repository '/tmp/finn_dev_emanuel-hernandez/code_gen_ipgen_MVAU_hls_2_c_8z90e9/project_MVAU_hls_2/sol1/impl/ip'.
INFO: [IP_Flow 19-1700] Loaded user IP repository '/tmp/finn_dev_emanuel-hernandez/code_gen_ipgen_StreamingFIFO_rtl_16_dcyfzx2o'.
INFO: [IP_Flow 19-1700] Loaded user IP repository '/tmp/finn_dev_emanuel-hernandez/code_gen_ipgen_StreamingDataWidthConverter_rtl_6_03z4zugl'.
INFO: [IP_Flow 19-1700] Loaded user IP repository '/tmp/finn_dev_emanuel-hernandez/code_gen_ipgen_StreamingFIFO_rtl_17_ml8iegwl'.
INFO: [IP_Flow 19-1700] Loaded user IP repository '/tmp/finn_dev_emanuel-hernandez/code_gen_ipgen_FMPadding_rtl_3_2x9msyqe'.
INFO: [IP_Flow 19-1700] Loaded user IP repository '/tmp/finn_dev_emanuel-hernandez/code_gen_ipgen_StreamingFIFO_rtl_18_0dc9afhr'.
INFO: [IP_Flow 19-1700] Loaded user IP repository '/tmp/finn_dev_emanuel-hernandez/code_gen_ipgen_StreamingDataWidthConverter_rtl_7_4ikvmjoa'.
INFO: [IP_Flow 19-1700] Loaded user IP repository '/tmp/finn_dev_emanuel-hernandez/code_gen_ipgen_StreamingFIFO_rtl_19_dcp13z__'.
INFO: [IP_Flow 19-1700] Loaded user IP repository '/tmp/finn_dev_emanuel-hernandez/code_gen_ipgen_ConvolutionInputGenerator_rtl_3_s53q98tt'.
INFO: [IP_Flow 19-1700] Loaded user IP repository '/tmp/finn_dev_emanuel-hernandez/code_gen_ipgen_StreamingFIFO_rtl_20_zwdrd7b4'.
INFO: [IP_Flow 19-1700] Loaded user IP repository '/tmp/finn_dev_emanuel-hernandez/code_gen_ipgen_StreamingDataWidthConverter_rtl_8_7jr6z08o'.
INFO: [IP_Flow 19-1700] Loaded user IP repository '/tmp/finn_dev_emanuel-hernandez/code_gen_ipgen_StreamingFIFO_rtl_21_lv51e197'.
INFO: [IP_Flow 19-1700] Loaded user IP repository '/tmp/finn_dev_emanuel-hernandez/code_gen_ipgen_MVAU_hls_3_b35vdh1n/project_MVAU_hls_3/sol1/impl/ip'.
INFO: [IP_Flow 19-1700] Loaded user IP repository '/tmp/finn_dev_emanuel-hernandez/code_gen_ipgen_StreamingFIFO_rtl_22_byid7tf2'.
INFO: [IP_Flow 19-1700] Loaded user IP repository '/tmp/finn_dev_emanuel-hernandez/code_gen_ipgen_StreamingDataWidthConverter_rtl_9_1ve3wz7j'.
INFO: [IP_Flow 19-1700] Loaded user IP repository '/tmp/finn_dev_emanuel-hernandez/code_gen_ipgen_StreamingFIFO_rtl_23_zfz13eo2'.
INFO: [IP_Flow 19-1700] Loaded user IP repository '/tmp/finn_dev_emanuel-hernandez/code_gen_ipgen_StreamingMaxPool_hls_1_7wwp66zq/project_StreamingMaxPool_hls_1/sol1/impl/ip'.
INFO: [IP_Flow 19-1700] Loaded user IP repository '/tmp/finn_dev_emanuel-hernandez/code_gen_ipgen_StreamingFIFO_rtl_24_z54i444h'.
INFO: [IP_Flow 19-1700] Loaded user IP repository '/tmp/finn_dev_emanuel-hernandez/code_gen_ipgen_StreamingDataWidthConverter_rtl_10_yub6am8x'.
INFO: [IP_Flow 19-1700] Loaded user IP repository '/tmp/finn_dev_emanuel-hernandez/code_gen_ipgen_StreamingFIFO_rtl_25_k4tmsb30'.
INFO: [IP_Flow 19-1700] Loaded user IP repository '/tmp/finn_dev_emanuel-hernandez/code_gen_ipgen_MVAU_hls_4_tmhw3dtv/project_MVAU_hls_4/sol1/impl/ip'.
INFO: [IP_Flow 19-1700] Loaded user IP repository '/tmp/finn_dev_emanuel-hernandez/code_gen_ipgen_StreamingFIFO_rtl_26_8mjg4iui'.
INFO: [IP_Flow 19-1700] Loaded user IP repository '/tmp/finn_dev_emanuel-hernandez/code_gen_ipgen_MVAU_rtl_0_5irei88l'.
INFO: [IP_Flow 19-1700] Loaded user IP repository '/tmp/finn_dev_emanuel-hernandez/code_gen_ipgen_StreamingFIFO_rtl_27_agjbqf20'.
WARNING: [IP_Flow 19-3571] IP 'finn_design_StreamingFIFO_rtl_22_0' is restricted:
* Detected changes to module reference file(s).
create_bd_cell: Time (s): cpu = 00:00:39 ; elapsed = 00:00:08 . Memory (MB): peak = 1652.492 ; gain = 3.875 ; free physical = 2309 ; free virtual = 15036
# add_files -norecurse /tmp/finn_dev_emanuel-hernandez/code_gen_ipgen_StreamingDataWidthConverter_rtl_9_1ve3wz7j/dwc_axi.sv
# add_files -norecurse /tmp/finn_dev_emanuel-hernandez/code_gen_ipgen_StreamingDataWidthConverter_rtl_9_1ve3wz7j/dwc.sv
# add_files -norecurse /tmp/finn_dev_emanuel-hernandez/code_gen_ipgen_StreamingDataWidthConverter_rtl_9_1ve3wz7j/StreamingDataWidthConverter_rtl_9.v
# create_bd_cell -type module -reference StreamingDataWidthConverter_rtl_9 StreamingDataWidthConverter_rtl_9
INFO: [IP_Flow 19-5107] Inferred bus interface 'ap_clk' of definition 'xilinx.com:signal:clock:1.0' (from X_INTERFACE_INFO parameter from HDL file).
INFO: [IP_Flow 19-5107] Inferred bus interface 'ap_clk' of definition 'xilinx.com:signal:clock:1.0' (from 'X_INTERFACE_INFO' attribute).
INFO: [IP_Flow 19-5107] Inferred bus interface 'in0_V' of definition 'xilinx.com:interface:axis:1.0' (from Xilinx Repository).
INFO: [IP_Flow 19-5107] Inferred bus interface 'out_V' of definition 'xilinx.com:interface:axis:1.0' (from Xilinx Repository).
INFO: [IP_Flow 19-5107] Inferred bus interface 'ap_rst_n' of definition 'xilinx.com:signal:reset:1.0' (from Xilinx Repository).
INFO: [IP_Flow 19-4728] Bus Interface 'ap_rst_n': Added interface parameter 'POLARITY' with value 'ACTIVE_LOW'.
INFO: [IP_Flow 19-4728] Bus Interface 'ap_clk': Added interface parameter 'ASSOCIATED_RESET' with value 'ap_rst_n'.
INFO: [IP_Flow 19-4728] Bus Interface 'ap_clk': Added interface parameter 'ASSOCIATED_BUSIF' with value 'in0_V'.
INFO: [IP_Flow 19-818] Not transferring value dependency attribute "(((spirit:decode(id('MODELPARAM_VALUE.IBITS')) + 7) / 8) * 8)" into user parameter "AXI_IBITS".
INFO: [IP_Flow 19-818] Not transferring value dependency attribute "(((spirit:decode(id('MODELPARAM_VALUE.OBITS')) + 7) / 8) * 8)" into user parameter "AXI_OBITS".
WARNING: [IP_Flow 19-3157] Bus Interface 'ap_rst_n': Bus parameter POLARITY is ACTIVE_LOW but port 'ap_rst_n' is not *resetn - please double check the POLARITY setting.
INFO: [IP_Flow 19-234] Refreshing IP repositories
INFO: [IP_Flow 19-1700] Loaded user IP repository '/home/emanuel-hernandez/finn/finn-rtllib/memstream'.
INFO: [IP_Flow 19-1700] Loaded user IP repository '/tmp/finn_dev_emanuel-hernandez/code_gen_ipgen_StreamingFIFO_rtl_0_2xp77osi'.
INFO: [IP_Flow 19-1700] Loaded user IP repository '/tmp/finn_dev_emanuel-hernandez/code_gen_ipgen_FMPadding_rtl_0_ty50wf7f'.
INFO: [IP_Flow 19-1700] Loaded user IP repository '/tmp/finn_dev_emanuel-hernandez/code_gen_ipgen_StreamingFIFO_rtl_1_m6if6tq1'.
INFO: [IP_Flow 19-1700] Loaded user IP repository '/tmp/finn_dev_emanuel-hernandez/code_gen_ipgen_ConvolutionInputGenerator_rtl_0_czth98kw'.
INFO: [IP_Flow 19-1700] Loaded user IP repository '/tmp/finn_dev_emanuel-hernandez/code_gen_ipgen_StreamingFIFO_rtl_2_q6mksatc'.
INFO: [IP_Flow 19-1700] Loaded user IP repository '/tmp/finn_dev_emanuel-hernandez/code_gen_ipgen_MVAU_hls_0_23yd46c2/project_MVAU_hls_0/sol1/impl/ip'.
INFO: [IP_Flow 19-1700] Loaded user IP repository '/tmp/finn_dev_emanuel-hernandez/code_gen_ipgen_StreamingFIFO_rtl_3_p2hyhro8'.
INFO: [IP_Flow 19-1700] Loaded user IP repository '/tmp/finn_dev_emanuel-hernandez/code_gen_ipgen_StreamingDataWidthConverter_rtl_0_dgprmkiy'.
INFO: [IP_Flow 19-1700] Loaded user IP repository '/tmp/finn_dev_emanuel-hernandez/code_gen_ipgen_StreamingFIFO_rtl_4_lh6tdo7e'.
INFO: [IP_Flow 19-1700] Loaded user IP repository '/tmp/finn_dev_emanuel-hernandez/code_gen_ipgen_FMPadding_rtl_1_xpf90tc3'.
INFO: [IP_Flow 19-1700] Loaded user IP repository '/tmp/finn_dev_emanuel-hernandez/code_gen_ipgen_StreamingFIFO_rtl_5_vvlnqhpy'.
INFO: [IP_Flow 19-1700] Loaded user IP repository '/tmp/finn_dev_emanuel-hernandez/code_gen_ipgen_StreamingDataWidthConverter_rtl_1_jnol8bbv'.
INFO: [IP_Flow 19-1700] Loaded user IP repository '/tmp/finn_dev_emanuel-hernandez/code_gen_ipgen_StreamingFIFO_rtl_6_6f4ornhe'.
INFO: [IP_Flow 19-1700] Loaded user IP repository '/tmp/finn_dev_emanuel-hernandez/code_gen_ipgen_ConvolutionInputGenerator_rtl_1_3gytnw5p'.
INFO: [IP_Flow 19-1700] Loaded user IP repository '/tmp/finn_dev_emanuel-hernandez/code_gen_ipgen_StreamingFIFO_rtl_7_6w23ui98'.
INFO: [IP_Flow 19-1700] Loaded user IP repository '/tmp/finn_dev_emanuel-hernandez/code_gen_ipgen_StreamingDataWidthConverter_rtl_2_sg9hna6v'.
INFO: [IP_Flow 19-1700] Loaded user IP repository '/tmp/finn_dev_emanuel-hernandez/code_gen_ipgen_StreamingFIFO_rtl_8_fgp0hvu1'.
INFO: [IP_Flow 19-1700] Loaded user IP repository '/tmp/finn_dev_emanuel-hernandez/code_gen_ipgen_MVAU_hls_1_juaup5kq/project_MVAU_hls_1/sol1/impl/ip'.
INFO: [IP_Flow 19-1700] Loaded user IP repository '/tmp/finn_dev_emanuel-hernandez/code_gen_ipgen_StreamingFIFO_rtl_9_8p53cw18'.
INFO: [IP_Flow 19-1700] Loaded user IP repository '/tmp/finn_dev_emanuel-hernandez/code_gen_ipgen_StreamingDataWidthConverter_rtl_3_w9ea0x8t'.
INFO: [IP_Flow 19-1700] Loaded user IP repository '/tmp/finn_dev_emanuel-hernandez/code_gen_ipgen_StreamingFIFO_rtl_10_rz1ffexj'.
INFO: [IP_Flow 19-1700] Loaded user IP repository '/tmp/finn_dev_emanuel-hernandez/code_gen_ipgen_StreamingMaxPool_hls_0_u0p0cbhc/project_StreamingMaxPool_hls_0/sol1/impl/ip'.
INFO: [IP_Flow 19-1700] Loaded user IP repository '/tmp/finn_dev_emanuel-hernandez/code_gen_ipgen_StreamingFIFO_rtl_11_9xde0iu_'.
INFO: [IP_Flow 19-1700] Loaded user IP repository '/tmp/finn_dev_emanuel-hernandez/code_gen_ipgen_FMPadding_rtl_2_bfhymavv'.
INFO: [IP_Flow 19-1700] Loaded user IP repository '/tmp/finn_dev_emanuel-hernandez/code_gen_ipgen_StreamingFIFO_rtl_12_l1u5y9oq'.
INFO: [IP_Flow 19-1700] Loaded user IP repository '/tmp/finn_dev_emanuel-hernandez/code_gen_ipgen_StreamingDataWidthConverter_rtl_4_d3noeq7x'.
INFO: [IP_Flow 19-1700] Loaded user IP repository '/tmp/finn_dev_emanuel-hernandez/code_gen_ipgen_StreamingFIFO_rtl_13__5kvrwkr'.
INFO: [IP_Flow 19-1700] Loaded user IP repository '/tmp/finn_dev_emanuel-hernandez/code_gen_ipgen_ConvolutionInputGenerator_rtl_2_dtijaray'.
INFO: [IP_Flow 19-1700] Loaded user IP repository '/tmp/finn_dev_emanuel-hernandez/code_gen_ipgen_StreamingFIFO_rtl_14_90_nfugx'.
INFO: [IP_Flow 19-1700] Loaded user IP repository '/tmp/finn_dev_emanuel-hernandez/code_gen_ipgen_StreamingDataWidthConverter_rtl_5_eg6sc5c7'.
INFO: [IP_Flow 19-1700] Loaded user IP repository '/tmp/finn_dev_emanuel-hernandez/code_gen_ipgen_StreamingFIFO_rtl_15_6k7rpw6a'.
INFO: [IP_Flow 19-1700] Loaded user IP repository '/tmp/finn_dev_emanuel-hernandez/code_gen_ipgen_MVAU_hls_2_c_8z90e9/project_MVAU_hls_2/sol1/impl/ip'.
INFO: [IP_Flow 19-1700] Loaded user IP repository '/tmp/finn_dev_emanuel-hernandez/code_gen_ipgen_StreamingFIFO_rtl_16_dcyfzx2o'.
INFO: [IP_Flow 19-1700] Loaded user IP repository '/tmp/finn_dev_emanuel-hernandez/code_gen_ipgen_StreamingDataWidthConverter_rtl_6_03z4zugl'.
INFO: [IP_Flow 19-1700] Loaded user IP repository '/tmp/finn_dev_emanuel-hernandez/code_gen_ipgen_StreamingFIFO_rtl_17_ml8iegwl'.
INFO: [IP_Flow 19-1700] Loaded user IP repository '/tmp/finn_dev_emanuel-hernandez/code_gen_ipgen_FMPadding_rtl_3_2x9msyqe'.
INFO: [IP_Flow 19-1700] Loaded user IP repository '/tmp/finn_dev_emanuel-hernandez/code_gen_ipgen_StreamingFIFO_rtl_18_0dc9afhr'.
INFO: [IP_Flow 19-1700] Loaded user IP repository '/tmp/finn_dev_emanuel-hernandez/code_gen_ipgen_StreamingDataWidthConverter_rtl_7_4ikvmjoa'.
INFO: [IP_Flow 19-1700] Loaded user IP repository '/tmp/finn_dev_emanuel-hernandez/code_gen_ipgen_StreamingFIFO_rtl_19_dcp13z__'.
INFO: [IP_Flow 19-1700] Loaded user IP repository '/tmp/finn_dev_emanuel-hernandez/code_gen_ipgen_ConvolutionInputGenerator_rtl_3_s53q98tt'.
INFO: [IP_Flow 19-1700] Loaded user IP repository '/tmp/finn_dev_emanuel-hernandez/code_gen_ipgen_StreamingFIFO_rtl_20_zwdrd7b4'.
INFO: [IP_Flow 19-1700] Loaded user IP repository '/tmp/finn_dev_emanuel-hernandez/code_gen_ipgen_StreamingDataWidthConverter_rtl_8_7jr6z08o'.
INFO: [IP_Flow 19-1700] Loaded user IP repository '/tmp/finn_dev_emanuel-hernandez/code_gen_ipgen_StreamingFIFO_rtl_21_lv51e197'.
INFO: [IP_Flow 19-1700] Loaded user IP repository '/tmp/finn_dev_emanuel-hernandez/code_gen_ipgen_MVAU_hls_3_b35vdh1n/project_MVAU_hls_3/sol1/impl/ip'.
INFO: [IP_Flow 19-1700] Loaded user IP repository '/tmp/finn_dev_emanuel-hernandez/code_gen_ipgen_StreamingFIFO_rtl_22_byid7tf2'.
INFO: [IP_Flow 19-1700] Loaded user IP repository '/tmp/finn_dev_emanuel-hernandez/code_gen_ipgen_StreamingDataWidthConverter_rtl_9_1ve3wz7j'.
INFO: [IP_Flow 19-1700] Loaded user IP repository '/tmp/finn_dev_emanuel-hernandez/code_gen_ipgen_StreamingFIFO_rtl_23_zfz13eo2'.
INFO: [IP_Flow 19-1700] Loaded user IP repository '/tmp/finn_dev_emanuel-hernandez/code_gen_ipgen_StreamingMaxPool_hls_1_7wwp66zq/project_StreamingMaxPool_hls_1/sol1/impl/ip'.
INFO: [IP_Flow 19-1700] Loaded user IP repository '/tmp/finn_dev_emanuel-hernandez/code_gen_ipgen_StreamingFIFO_rtl_24_z54i444h'.
INFO: [IP_Flow 19-1700] Loaded user IP repository '/tmp/finn_dev_emanuel-hernandez/code_gen_ipgen_StreamingDataWidthConverter_rtl_10_yub6am8x'.
INFO: [IP_Flow 19-1700] Loaded user IP repository '/tmp/finn_dev_emanuel-hernandez/code_gen_ipgen_StreamingFIFO_rtl_25_k4tmsb30'.
INFO: [IP_Flow 19-1700] Loaded user IP repository '/tmp/finn_dev_emanuel-hernandez/code_gen_ipgen_MVAU_hls_4_tmhw3dtv/project_MVAU_hls_4/sol1/impl/ip'.
INFO: [IP_Flow 19-1700] Loaded user IP repository '/tmp/finn_dev_emanuel-hernandez/code_gen_ipgen_StreamingFIFO_rtl_26_8mjg4iui'.
INFO: [IP_Flow 19-1700] Loaded user IP repository '/tmp/finn_dev_emanuel-hernandez/code_gen_ipgen_MVAU_rtl_0_5irei88l'.
INFO: [IP_Flow 19-1700] Loaded user IP repository '/tmp/finn_dev_emanuel-hernandez/code_gen_ipgen_StreamingFIFO_rtl_27_agjbqf20'.
WARNING: [IP_Flow 19-3571] IP 'finn_design_StreamingDataWidthConverter_rtl_9_0' is restricted:
* Detected changes to module reference file(s).
create_bd_cell: Time (s): cpu = 00:00:39 ; elapsed = 00:00:09 . Memory (MB): peak = 1722.461 ; gain = 69.969 ; free physical = 2158 ; free virtual = 14884
# add_files -norecurse /tmp/finn_dev_emanuel-hernandez/code_gen_ipgen_StreamingFIFO_rtl_23_zfz13eo2/Q_srl.v
# add_files -norecurse /tmp/finn_dev_emanuel-hernandez/code_gen_ipgen_StreamingFIFO_rtl_23_zfz13eo2/StreamingFIFO_rtl_23.v
# create_bd_cell -type module -reference StreamingFIFO_rtl_23 StreamingFIFO_rtl_23
INFO: [IP_Flow 19-5107] Inferred bus interface 'ap_clk' of definition 'xilinx.com:signal:clock:1.0' (from X_INTERFACE_INFO parameter from HDL file).
INFO: [IP_Flow 19-5107] Inferred bus interface 'ap_clk' of definition 'xilinx.com:signal:clock:1.0' (from 'X_INTERFACE_INFO' attribute).
INFO: [IP_Flow 19-5107] Inferred bus interface 'in0_V' of definition 'xilinx.com:interface:axis:1.0' (from Xilinx Repository).
INFO: [IP_Flow 19-5107] Inferred bus interface 'out_V' of definition 'xilinx.com:interface:axis:1.0' (from Xilinx Repository).
INFO: [IP_Flow 19-5107] Inferred bus interface 'ap_rst_n' of definition 'xilinx.com:signal:reset:1.0' (from Xilinx Repository).
INFO: [IP_Flow 19-4728] Bus Interface 'ap_rst_n': Added interface parameter 'POLARITY' with value 'ACTIVE_LOW'.
INFO: [IP_Flow 19-4728] Bus Interface 'ap_clk': Added interface parameter 'ASSOCIATED_RESET' with value 'ap_rst_n'.
INFO: [IP_Flow 19-4728] Bus Interface 'ap_clk': Added interface parameter 'ASSOCIATED_BUSIF' with value 'in0_V'.
WARNING: [IP_Flow 19-3157] Bus Interface 'ap_rst_n': Bus parameter POLARITY is ACTIVE_LOW but port 'ap_rst_n' is not *resetn - please double check the POLARITY setting.
INFO: [IP_Flow 19-234] Refreshing IP repositories
INFO: [IP_Flow 19-1700] Loaded user IP repository '/home/emanuel-hernandez/finn/finn-rtllib/memstream'.
INFO: [IP_Flow 19-1700] Loaded user IP repository '/tmp/finn_dev_emanuel-hernandez/code_gen_ipgen_StreamingFIFO_rtl_0_2xp77osi'.
INFO: [IP_Flow 19-1700] Loaded user IP repository '/tmp/finn_dev_emanuel-hernandez/code_gen_ipgen_FMPadding_rtl_0_ty50wf7f'.
INFO: [IP_Flow 19-1700] Loaded user IP repository '/tmp/finn_dev_emanuel-hernandez/code_gen_ipgen_StreamingFIFO_rtl_1_m6if6tq1'.
INFO: [IP_Flow 19-1700] Loaded user IP repository '/tmp/finn_dev_emanuel-hernandez/code_gen_ipgen_ConvolutionInputGenerator_rtl_0_czth98kw'.
INFO: [IP_Flow 19-1700] Loaded user IP repository '/tmp/finn_dev_emanuel-hernandez/code_gen_ipgen_StreamingFIFO_rtl_2_q6mksatc'.
INFO: [IP_Flow 19-1700] Loaded user IP repository '/tmp/finn_dev_emanuel-hernandez/code_gen_ipgen_MVAU_hls_0_23yd46c2/project_MVAU_hls_0/sol1/impl/ip'.
INFO: [IP_Flow 19-1700] Loaded user IP repository '/tmp/finn_dev_emanuel-hernandez/code_gen_ipgen_StreamingFIFO_rtl_3_p2hyhro8'.
INFO: [IP_Flow 19-1700] Loaded user IP repository '/tmp/finn_dev_emanuel-hernandez/code_gen_ipgen_StreamingDataWidthConverter_rtl_0_dgprmkiy'.
INFO: [IP_Flow 19-1700] Loaded user IP repository '/tmp/finn_dev_emanuel-hernandez/code_gen_ipgen_StreamingFIFO_rtl_4_lh6tdo7e'.
INFO: [IP_Flow 19-1700] Loaded user IP repository '/tmp/finn_dev_emanuel-hernandez/code_gen_ipgen_FMPadding_rtl_1_xpf90tc3'.
INFO: [IP_Flow 19-1700] Loaded user IP repository '/tmp/finn_dev_emanuel-hernandez/code_gen_ipgen_StreamingFIFO_rtl_5_vvlnqhpy'.
INFO: [IP_Flow 19-1700] Loaded user IP repository '/tmp/finn_dev_emanuel-hernandez/code_gen_ipgen_StreamingDataWidthConverter_rtl_1_jnol8bbv'.
INFO: [IP_Flow 19-1700] Loaded user IP repository '/tmp/finn_dev_emanuel-hernandez/code_gen_ipgen_StreamingFIFO_rtl_6_6f4ornhe'.
INFO: [IP_Flow 19-1700] Loaded user IP repository '/tmp/finn_dev_emanuel-hernandez/code_gen_ipgen_ConvolutionInputGenerator_rtl_1_3gytnw5p'.
INFO: [IP_Flow 19-1700] Loaded user IP repository '/tmp/finn_dev_emanuel-hernandez/code_gen_ipgen_StreamingFIFO_rtl_7_6w23ui98'.
INFO: [IP_Flow 19-1700] Loaded user IP repository '/tmp/finn_dev_emanuel-hernandez/code_gen_ipgen_StreamingDataWidthConverter_rtl_2_sg9hna6v'.
INFO: [IP_Flow 19-1700] Loaded user IP repository '/tmp/finn_dev_emanuel-hernandez/code_gen_ipgen_StreamingFIFO_rtl_8_fgp0hvu1'.
INFO: [IP_Flow 19-1700] Loaded user IP repository '/tmp/finn_dev_emanuel-hernandez/code_gen_ipgen_MVAU_hls_1_juaup5kq/project_MVAU_hls_1/sol1/impl/ip'.
INFO: [IP_Flow 19-1700] Loaded user IP repository '/tmp/finn_dev_emanuel-hernandez/code_gen_ipgen_StreamingFIFO_rtl_9_8p53cw18'.
INFO: [IP_Flow 19-1700] Loaded user IP repository '/tmp/finn_dev_emanuel-hernandez/code_gen_ipgen_StreamingDataWidthConverter_rtl_3_w9ea0x8t'.
INFO: [IP_Flow 19-1700] Loaded user IP repository '/tmp/finn_dev_emanuel-hernandez/code_gen_ipgen_StreamingFIFO_rtl_10_rz1ffexj'.
INFO: [IP_Flow 19-1700] Loaded user IP repository '/tmp/finn_dev_emanuel-hernandez/code_gen_ipgen_StreamingMaxPool_hls_0_u0p0cbhc/project_StreamingMaxPool_hls_0/sol1/impl/ip'.
INFO: [IP_Flow 19-1700] Loaded user IP repository '/tmp/finn_dev_emanuel-hernandez/code_gen_ipgen_StreamingFIFO_rtl_11_9xde0iu_'.
INFO: [IP_Flow 19-1700] Loaded user IP repository '/tmp/finn_dev_emanuel-hernandez/code_gen_ipgen_FMPadding_rtl_2_bfhymavv'.
INFO: [IP_Flow 19-1700] Loaded user IP repository '/tmp/finn_dev_emanuel-hernandez/code_gen_ipgen_StreamingFIFO_rtl_12_l1u5y9oq'.
INFO: [IP_Flow 19-1700] Loaded user IP repository '/tmp/finn_dev_emanuel-hernandez/code_gen_ipgen_StreamingDataWidthConverter_rtl_4_d3noeq7x'.
INFO: [IP_Flow 19-1700] Loaded user IP repository '/tmp/finn_dev_emanuel-hernandez/code_gen_ipgen_StreamingFIFO_rtl_13__5kvrwkr'.
INFO: [IP_Flow 19-1700] Loaded user IP repository '/tmp/finn_dev_emanuel-hernandez/code_gen_ipgen_ConvolutionInputGenerator_rtl_2_dtijaray'.
INFO: [IP_Flow 19-1700] Loaded user IP repository '/tmp/finn_dev_emanuel-hernandez/code_gen_ipgen_StreamingFIFO_rtl_14_90_nfugx'.
INFO: [IP_Flow 19-1700] Loaded user IP repository '/tmp/finn_dev_emanuel-hernandez/code_gen_ipgen_StreamingDataWidthConverter_rtl_5_eg6sc5c7'.
INFO: [IP_Flow 19-1700] Loaded user IP repository '/tmp/finn_dev_emanuel-hernandez/code_gen_ipgen_StreamingFIFO_rtl_15_6k7rpw6a'.
INFO: [IP_Flow 19-1700] Loaded user IP repository '/tmp/finn_dev_emanuel-hernandez/code_gen_ipgen_MVAU_hls_2_c_8z90e9/project_MVAU_hls_2/sol1/impl/ip'.
INFO: [IP_Flow 19-1700] Loaded user IP repository '/tmp/finn_dev_emanuel-hernandez/code_gen_ipgen_StreamingFIFO_rtl_16_dcyfzx2o'.
INFO: [IP_Flow 19-1700] Loaded user IP repository '/tmp/finn_dev_emanuel-hernandez/code_gen_ipgen_StreamingDataWidthConverter_rtl_6_03z4zugl'.
INFO: [IP_Flow 19-1700] Loaded user IP repository '/tmp/finn_dev_emanuel-hernandez/code_gen_ipgen_StreamingFIFO_rtl_17_ml8iegwl'.
INFO: [IP_Flow 19-1700] Loaded user IP repository '/tmp/finn_dev_emanuel-hernandez/code_gen_ipgen_FMPadding_rtl_3_2x9msyqe'.
INFO: [IP_Flow 19-1700] Loaded user IP repository '/tmp/finn_dev_emanuel-hernandez/code_gen_ipgen_StreamingFIFO_rtl_18_0dc9afhr'.
INFO: [IP_Flow 19-1700] Loaded user IP repository '/tmp/finn_dev_emanuel-hernandez/code_gen_ipgen_StreamingDataWidthConverter_rtl_7_4ikvmjoa'.
INFO: [IP_Flow 19-1700] Loaded user IP repository '/tmp/finn_dev_emanuel-hernandez/code_gen_ipgen_StreamingFIFO_rtl_19_dcp13z__'.
INFO: [IP_Flow 19-1700] Loaded user IP repository '/tmp/finn_dev_emanuel-hernandez/code_gen_ipgen_ConvolutionInputGenerator_rtl_3_s53q98tt'.
INFO: [IP_Flow 19-1700] Loaded user IP repository '/tmp/finn_dev_emanuel-hernandez/code_gen_ipgen_StreamingFIFO_rtl_20_zwdrd7b4'.
INFO: [IP_Flow 19-1700] Loaded user IP repository '/tmp/finn_dev_emanuel-hernandez/code_gen_ipgen_StreamingDataWidthConverter_rtl_8_7jr6z08o'.
INFO: [IP_Flow 19-1700] Loaded user IP repository '/tmp/finn_dev_emanuel-hernandez/code_gen_ipgen_StreamingFIFO_rtl_21_lv51e197'.
INFO: [IP_Flow 19-1700] Loaded user IP repository '/tmp/finn_dev_emanuel-hernandez/code_gen_ipgen_MVAU_hls_3_b35vdh1n/project_MVAU_hls_3/sol1/impl/ip'.
INFO: [IP_Flow 19-1700] Loaded user IP repository '/tmp/finn_dev_emanuel-hernandez/code_gen_ipgen_StreamingFIFO_rtl_22_byid7tf2'.
INFO: [IP_Flow 19-1700] Loaded user IP repository '/tmp/finn_dev_emanuel-hernandez/code_gen_ipgen_StreamingDataWidthConverter_rtl_9_1ve3wz7j'.
INFO: [IP_Flow 19-1700] Loaded user IP repository '/tmp/finn_dev_emanuel-hernandez/code_gen_ipgen_StreamingFIFO_rtl_23_zfz13eo2'.
INFO: [IP_Flow 19-1700] Loaded user IP repository '/tmp/finn_dev_emanuel-hernandez/code_gen_ipgen_StreamingMaxPool_hls_1_7wwp66zq/project_StreamingMaxPool_hls_1/sol1/impl/ip'.
INFO: [IP_Flow 19-1700] Loaded user IP repository '/tmp/finn_dev_emanuel-hernandez/code_gen_ipgen_StreamingFIFO_rtl_24_z54i444h'.
INFO: [IP_Flow 19-1700] Loaded user IP repository '/tmp/finn_dev_emanuel-hernandez/code_gen_ipgen_StreamingDataWidthConverter_rtl_10_yub6am8x'.
INFO: [IP_Flow 19-1700] Loaded user IP repository '/tmp/finn_dev_emanuel-hernandez/code_gen_ipgen_StreamingFIFO_rtl_25_k4tmsb30'.
INFO: [IP_Flow 19-1700] Loaded user IP repository '/tmp/finn_dev_emanuel-hernandez/code_gen_ipgen_MVAU_hls_4_tmhw3dtv/project_MVAU_hls_4/sol1/impl/ip'.
INFO: [IP_Flow 19-1700] Loaded user IP repository '/tmp/finn_dev_emanuel-hernandez/code_gen_ipgen_StreamingFIFO_rtl_26_8mjg4iui'.
INFO: [IP_Flow 19-1700] Loaded user IP repository '/tmp/finn_dev_emanuel-hernandez/code_gen_ipgen_MVAU_rtl_0_5irei88l'.
INFO: [IP_Flow 19-1700] Loaded user IP repository '/tmp/finn_dev_emanuel-hernandez/code_gen_ipgen_StreamingFIFO_rtl_27_agjbqf20'.
WARNING: [IP_Flow 19-3571] IP 'finn_design_StreamingFIFO_rtl_23_0' is restricted:
* Detected changes to module reference file(s).
create_bd_cell: Time (s): cpu = 00:00:41 ; elapsed = 00:00:08 . Memory (MB): peak = 1722.461 ; gain = 0.000 ; free physical = 2176 ; free virtual = 14903
# create_bd_cell -type ip -vlnv xilinx.com:hls:StreamingMaxPool_hls_1:1.0 StreamingMaxPool_hls_1
# add_files -norecurse /tmp/finn_dev_emanuel-hernandez/code_gen_ipgen_StreamingFIFO_rtl_24_z54i444h/Q_srl.v
# add_files -norecurse /tmp/finn_dev_emanuel-hernandez/code_gen_ipgen_StreamingFIFO_rtl_24_z54i444h/StreamingFIFO_rtl_24.v
# create_bd_cell -type module -reference StreamingFIFO_rtl_24 StreamingFIFO_rtl_24
INFO: [IP_Flow 19-5107] Inferred bus interface 'ap_clk' of definition 'xilinx.com:signal:clock:1.0' (from X_INTERFACE_INFO parameter from HDL file).
INFO: [IP_Flow 19-5107] Inferred bus interface 'ap_clk' of definition 'xilinx.com:signal:clock:1.0' (from 'X_INTERFACE_INFO' attribute).
INFO: [IP_Flow 19-5107] Inferred bus interface 'in0_V' of definition 'xilinx.com:interface:axis:1.0' (from Xilinx Repository).
INFO: [IP_Flow 19-5107] Inferred bus interface 'out_V' of definition 'xilinx.com:interface:axis:1.0' (from Xilinx Repository).
INFO: [IP_Flow 19-5107] Inferred bus interface 'ap_rst_n' of definition 'xilinx.com:signal:reset:1.0' (from Xilinx Repository).
INFO: [IP_Flow 19-4728] Bus Interface 'ap_rst_n': Added interface parameter 'POLARITY' with value 'ACTIVE_LOW'.
INFO: [IP_Flow 19-4728] Bus Interface 'ap_clk': Added interface parameter 'ASSOCIATED_RESET' with value 'ap_rst_n'.
INFO: [IP_Flow 19-4728] Bus Interface 'ap_clk': Added interface parameter 'ASSOCIATED_BUSIF' with value 'in0_V'.
WARNING: [IP_Flow 19-3157] Bus Interface 'ap_rst_n': Bus parameter POLARITY is ACTIVE_LOW but port 'ap_rst_n' is not *resetn - please double check the POLARITY setting.
INFO: [IP_Flow 19-234] Refreshing IP repositories
INFO: [IP_Flow 19-1700] Loaded user IP repository '/home/emanuel-hernandez/finn/finn-rtllib/memstream'.
INFO: [IP_Flow 19-1700] Loaded user IP repository '/tmp/finn_dev_emanuel-hernandez/code_gen_ipgen_StreamingFIFO_rtl_0_2xp77osi'.
INFO: [IP_Flow 19-1700] Loaded user IP repository '/tmp/finn_dev_emanuel-hernandez/code_gen_ipgen_FMPadding_rtl_0_ty50wf7f'.
INFO: [IP_Flow 19-1700] Loaded user IP repository '/tmp/finn_dev_emanuel-hernandez/code_gen_ipgen_StreamingFIFO_rtl_1_m6if6tq1'.
INFO: [IP_Flow 19-1700] Loaded user IP repository '/tmp/finn_dev_emanuel-hernandez/code_gen_ipgen_ConvolutionInputGenerator_rtl_0_czth98kw'.
INFO: [IP_Flow 19-1700] Loaded user IP repository '/tmp/finn_dev_emanuel-hernandez/code_gen_ipgen_StreamingFIFO_rtl_2_q6mksatc'.
INFO: [IP_Flow 19-1700] Loaded user IP repository '/tmp/finn_dev_emanuel-hernandez/code_gen_ipgen_MVAU_hls_0_23yd46c2/project_MVAU_hls_0/sol1/impl/ip'.
INFO: [IP_Flow 19-1700] Loaded user IP repository '/tmp/finn_dev_emanuel-hernandez/code_gen_ipgen_StreamingFIFO_rtl_3_p2hyhro8'.
INFO: [IP_Flow 19-1700] Loaded user IP repository '/tmp/finn_dev_emanuel-hernandez/code_gen_ipgen_StreamingDataWidthConverter_rtl_0_dgprmkiy'.
INFO: [IP_Flow 19-1700] Loaded user IP repository '/tmp/finn_dev_emanuel-hernandez/code_gen_ipgen_StreamingFIFO_rtl_4_lh6tdo7e'.
INFO: [IP_Flow 19-1700] Loaded user IP repository '/tmp/finn_dev_emanuel-hernandez/code_gen_ipgen_FMPadding_rtl_1_xpf90tc3'.
INFO: [IP_Flow 19-1700] Loaded user IP repository '/tmp/finn_dev_emanuel-hernandez/code_gen_ipgen_StreamingFIFO_rtl_5_vvlnqhpy'.
INFO: [IP_Flow 19-1700] Loaded user IP repository '/tmp/finn_dev_emanuel-hernandez/code_gen_ipgen_StreamingDataWidthConverter_rtl_1_jnol8bbv'.
INFO: [IP_Flow 19-1700] Loaded user IP repository '/tmp/finn_dev_emanuel-hernandez/code_gen_ipgen_StreamingFIFO_rtl_6_6f4ornhe'.
INFO: [IP_Flow 19-1700] Loaded user IP repository '/tmp/finn_dev_emanuel-hernandez/code_gen_ipgen_ConvolutionInputGenerator_rtl_1_3gytnw5p'.
INFO: [IP_Flow 19-1700] Loaded user IP repository '/tmp/finn_dev_emanuel-hernandez/code_gen_ipgen_StreamingFIFO_rtl_7_6w23ui98'.
INFO: [IP_Flow 19-1700] Loaded user IP repository '/tmp/finn_dev_emanuel-hernandez/code_gen_ipgen_StreamingDataWidthConverter_rtl_2_sg9hna6v'.
INFO: [IP_Flow 19-1700] Loaded user IP repository '/tmp/finn_dev_emanuel-hernandez/code_gen_ipgen_StreamingFIFO_rtl_8_fgp0hvu1'.
INFO: [IP_Flow 19-1700] Loaded user IP repository '/tmp/finn_dev_emanuel-hernandez/code_gen_ipgen_MVAU_hls_1_juaup5kq/project_MVAU_hls_1/sol1/impl/ip'.
INFO: [IP_Flow 19-1700] Loaded user IP repository '/tmp/finn_dev_emanuel-hernandez/code_gen_ipgen_StreamingFIFO_rtl_9_8p53cw18'.
INFO: [IP_Flow 19-1700] Loaded user IP repository '/tmp/finn_dev_emanuel-hernandez/code_gen_ipgen_StreamingDataWidthConverter_rtl_3_w9ea0x8t'.
INFO: [IP_Flow 19-1700] Loaded user IP repository '/tmp/finn_dev_emanuel-hernandez/code_gen_ipgen_StreamingFIFO_rtl_10_rz1ffexj'.
INFO: [IP_Flow 19-1700] Loaded user IP repository '/tmp/finn_dev_emanuel-hernandez/code_gen_ipgen_StreamingMaxPool_hls_0_u0p0cbhc/project_StreamingMaxPool_hls_0/sol1/impl/ip'.
INFO: [IP_Flow 19-1700] Loaded user IP repository '/tmp/finn_dev_emanuel-hernandez/code_gen_ipgen_StreamingFIFO_rtl_11_9xde0iu_'.
INFO: [IP_Flow 19-1700] Loaded user IP repository '/tmp/finn_dev_emanuel-hernandez/code_gen_ipgen_FMPadding_rtl_2_bfhymavv'.
INFO: [IP_Flow 19-1700] Loaded user IP repository '/tmp/finn_dev_emanuel-hernandez/code_gen_ipgen_StreamingFIFO_rtl_12_l1u5y9oq'.
INFO: [IP_Flow 19-1700] Loaded user IP repository '/tmp/finn_dev_emanuel-hernandez/code_gen_ipgen_StreamingDataWidthConverter_rtl_4_d3noeq7x'.
INFO: [IP_Flow 19-1700] Loaded user IP repository '/tmp/finn_dev_emanuel-hernandez/code_gen_ipgen_StreamingFIFO_rtl_13__5kvrwkr'.
INFO: [IP_Flow 19-1700] Loaded user IP repository '/tmp/finn_dev_emanuel-hernandez/code_gen_ipgen_ConvolutionInputGenerator_rtl_2_dtijaray'.
INFO: [IP_Flow 19-1700] Loaded user IP repository '/tmp/finn_dev_emanuel-hernandez/code_gen_ipgen_StreamingFIFO_rtl_14_90_nfugx'.
INFO: [IP_Flow 19-1700] Loaded user IP repository '/tmp/finn_dev_emanuel-hernandez/code_gen_ipgen_StreamingDataWidthConverter_rtl_5_eg6sc5c7'.
INFO: [IP_Flow 19-1700] Loaded user IP repository '/tmp/finn_dev_emanuel-hernandez/code_gen_ipgen_StreamingFIFO_rtl_15_6k7rpw6a'.
INFO: [IP_Flow 19-1700] Loaded user IP repository '/tmp/finn_dev_emanuel-hernandez/code_gen_ipgen_MVAU_hls_2_c_8z90e9/project_MVAU_hls_2/sol1/impl/ip'.
INFO: [IP_Flow 19-1700] Loaded user IP repository '/tmp/finn_dev_emanuel-hernandez/code_gen_ipgen_StreamingFIFO_rtl_16_dcyfzx2o'.
INFO: [IP_Flow 19-1700] Loaded user IP repository '/tmp/finn_dev_emanuel-hernandez/code_gen_ipgen_StreamingDataWidthConverter_rtl_6_03z4zugl'.
INFO: [IP_Flow 19-1700] Loaded user IP repository '/tmp/finn_dev_emanuel-hernandez/code_gen_ipgen_StreamingFIFO_rtl_17_ml8iegwl'.
INFO: [IP_Flow 19-1700] Loaded user IP repository '/tmp/finn_dev_emanuel-hernandez/code_gen_ipgen_FMPadding_rtl_3_2x9msyqe'.
INFO: [IP_Flow 19-1700] Loaded user IP repository '/tmp/finn_dev_emanuel-hernandez/code_gen_ipgen_StreamingFIFO_rtl_18_0dc9afhr'.
INFO: [IP_Flow 19-1700] Loaded user IP repository '/tmp/finn_dev_emanuel-hernandez/code_gen_ipgen_StreamingDataWidthConverter_rtl_7_4ikvmjoa'.
INFO: [IP_Flow 19-1700] Loaded user IP repository '/tmp/finn_dev_emanuel-hernandez/code_gen_ipgen_StreamingFIFO_rtl_19_dcp13z__'.
INFO: [IP_Flow 19-1700] Loaded user IP repository '/tmp/finn_dev_emanuel-hernandez/code_gen_ipgen_ConvolutionInputGenerator_rtl_3_s53q98tt'.
INFO: [IP_Flow 19-1700] Loaded user IP repository '/tmp/finn_dev_emanuel-hernandez/code_gen_ipgen_StreamingFIFO_rtl_20_zwdrd7b4'.
INFO: [IP_Flow 19-1700] Loaded user IP repository '/tmp/finn_dev_emanuel-hernandez/code_gen_ipgen_StreamingDataWidthConverter_rtl_8_7jr6z08o'.
INFO: [IP_Flow 19-1700] Loaded user IP repository '/tmp/finn_dev_emanuel-hernandez/code_gen_ipgen_StreamingFIFO_rtl_21_lv51e197'.
INFO: [IP_Flow 19-1700] Loaded user IP repository '/tmp/finn_dev_emanuel-hernandez/code_gen_ipgen_MVAU_hls_3_b35vdh1n/project_MVAU_hls_3/sol1/impl/ip'.
INFO: [IP_Flow 19-1700] Loaded user IP repository '/tmp/finn_dev_emanuel-hernandez/code_gen_ipgen_StreamingFIFO_rtl_22_byid7tf2'.
INFO: [IP_Flow 19-1700] Loaded user IP repository '/tmp/finn_dev_emanuel-hernandez/code_gen_ipgen_StreamingDataWidthConverter_rtl_9_1ve3wz7j'.
INFO: [IP_Flow 19-1700] Loaded user IP repository '/tmp/finn_dev_emanuel-hernandez/code_gen_ipgen_StreamingFIFO_rtl_23_zfz13eo2'.
INFO: [IP_Flow 19-1700] Loaded user IP repository '/tmp/finn_dev_emanuel-hernandez/code_gen_ipgen_StreamingMaxPool_hls_1_7wwp66zq/project_StreamingMaxPool_hls_1/sol1/impl/ip'.
INFO: [IP_Flow 19-1700] Loaded user IP repository '/tmp/finn_dev_emanuel-hernandez/code_gen_ipgen_StreamingFIFO_rtl_24_z54i444h'.
INFO: [IP_Flow 19-1700] Loaded user IP repository '/tmp/finn_dev_emanuel-hernandez/code_gen_ipgen_StreamingDataWidthConverter_rtl_10_yub6am8x'.
INFO: [IP_Flow 19-1700] Loaded user IP repository '/tmp/finn_dev_emanuel-hernandez/code_gen_ipgen_StreamingFIFO_rtl_25_k4tmsb30'.
INFO: [IP_Flow 19-1700] Loaded user IP repository '/tmp/finn_dev_emanuel-hernandez/code_gen_ipgen_MVAU_hls_4_tmhw3dtv/project_MVAU_hls_4/sol1/impl/ip'.
INFO: [IP_Flow 19-1700] Loaded user IP repository '/tmp/finn_dev_emanuel-hernandez/code_gen_ipgen_StreamingFIFO_rtl_26_8mjg4iui'.
INFO: [IP_Flow 19-1700] Loaded user IP repository '/tmp/finn_dev_emanuel-hernandez/code_gen_ipgen_MVAU_rtl_0_5irei88l'.
INFO: [IP_Flow 19-1700] Loaded user IP repository '/tmp/finn_dev_emanuel-hernandez/code_gen_ipgen_StreamingFIFO_rtl_27_agjbqf20'.
WARNING: [IP_Flow 19-3571] IP 'finn_design_StreamingFIFO_rtl_24_0' is restricted:
* Detected changes to module reference file(s).
create_bd_cell: Time (s): cpu = 00:00:40 ; elapsed = 00:00:09 . Memory (MB): peak = 1733.441 ; gain = 10.980 ; free physical = 2216 ; free virtual = 14943
# add_files -norecurse /tmp/finn_dev_emanuel-hernandez/code_gen_ipgen_StreamingDataWidthConverter_rtl_10_yub6am8x/dwc_axi.sv
# add_files -norecurse /tmp/finn_dev_emanuel-hernandez/code_gen_ipgen_StreamingDataWidthConverter_rtl_10_yub6am8x/dwc.sv
# add_files -norecurse /tmp/finn_dev_emanuel-hernandez/code_gen_ipgen_StreamingDataWidthConverter_rtl_10_yub6am8x/StreamingDataWidthConverter_rtl_10.v
# create_bd_cell -type module -reference StreamingDataWidthConverter_rtl_10 StreamingDataWidthConverter_rtl_10
INFO: [IP_Flow 19-5107] Inferred bus interface 'ap_clk' of definition 'xilinx.com:signal:clock:1.0' (from X_INTERFACE_INFO parameter from HDL file).
INFO: [IP_Flow 19-5107] Inferred bus interface 'ap_clk' of definition 'xilinx.com:signal:clock:1.0' (from 'X_INTERFACE_INFO' attribute).
INFO: [IP_Flow 19-5107] Inferred bus interface 'in0_V' of definition 'xilinx.com:interface:axis:1.0' (from Xilinx Repository).
INFO: [IP_Flow 19-5107] Inferred bus interface 'out_V' of definition 'xilinx.com:interface:axis:1.0' (from Xilinx Repository).
INFO: [IP_Flow 19-5107] Inferred bus interface 'ap_rst_n' of definition 'xilinx.com:signal:reset:1.0' (from Xilinx Repository).
INFO: [IP_Flow 19-4728] Bus Interface 'ap_rst_n': Added interface parameter 'POLARITY' with value 'ACTIVE_LOW'.
INFO: [IP_Flow 19-4728] Bus Interface 'ap_clk': Added interface parameter 'ASSOCIATED_RESET' with value 'ap_rst_n'.
INFO: [IP_Flow 19-4728] Bus Interface 'ap_clk': Added interface parameter 'ASSOCIATED_BUSIF' with value 'in0_V'.
INFO: [IP_Flow 19-818] Not transferring value dependency attribute "(((spirit:decode(id('MODELPARAM_VALUE.IBITS')) + 7) / 8) * 8)" into user parameter "AXI_IBITS".
INFO: [IP_Flow 19-818] Not transferring value dependency attribute "(((spirit:decode(id('MODELPARAM_VALUE.OBITS')) + 7) / 8) * 8)" into user parameter "AXI_OBITS".
WARNING: [IP_Flow 19-3157] Bus Interface 'ap_rst_n': Bus parameter POLARITY is ACTIVE_LOW but port 'ap_rst_n' is not *resetn - please double check the POLARITY setting.
INFO: [IP_Flow 19-234] Refreshing IP repositories
INFO: [IP_Flow 19-1700] Loaded user IP repository '/home/emanuel-hernandez/finn/finn-rtllib/memstream'.
INFO: [IP_Flow 19-1700] Loaded user IP repository '/tmp/finn_dev_emanuel-hernandez/code_gen_ipgen_StreamingFIFO_rtl_0_2xp77osi'.
INFO: [IP_Flow 19-1700] Loaded user IP repository '/tmp/finn_dev_emanuel-hernandez/code_gen_ipgen_FMPadding_rtl_0_ty50wf7f'.
INFO: [IP_Flow 19-1700] Loaded user IP repository '/tmp/finn_dev_emanuel-hernandez/code_gen_ipgen_StreamingFIFO_rtl_1_m6if6tq1'.
INFO: [IP_Flow 19-1700] Loaded user IP repository '/tmp/finn_dev_emanuel-hernandez/code_gen_ipgen_ConvolutionInputGenerator_rtl_0_czth98kw'.
INFO: [IP_Flow 19-1700] Loaded user IP repository '/tmp/finn_dev_emanuel-hernandez/code_gen_ipgen_StreamingFIFO_rtl_2_q6mksatc'.
INFO: [IP_Flow 19-1700] Loaded user IP repository '/tmp/finn_dev_emanuel-hernandez/code_gen_ipgen_MVAU_hls_0_23yd46c2/project_MVAU_hls_0/sol1/impl/ip'.
INFO: [IP_Flow 19-1700] Loaded user IP repository '/tmp/finn_dev_emanuel-hernandez/code_gen_ipgen_StreamingFIFO_rtl_3_p2hyhro8'.
INFO: [IP_Flow 19-1700] Loaded user IP repository '/tmp/finn_dev_emanuel-hernandez/code_gen_ipgen_StreamingDataWidthConverter_rtl_0_dgprmkiy'.
INFO: [IP_Flow 19-1700] Loaded user IP repository '/tmp/finn_dev_emanuel-hernandez/code_gen_ipgen_StreamingFIFO_rtl_4_lh6tdo7e'.
INFO: [IP_Flow 19-1700] Loaded user IP repository '/tmp/finn_dev_emanuel-hernandez/code_gen_ipgen_FMPadding_rtl_1_xpf90tc3'.
INFO: [IP_Flow 19-1700] Loaded user IP repository '/tmp/finn_dev_emanuel-hernandez/code_gen_ipgen_StreamingFIFO_rtl_5_vvlnqhpy'.
INFO: [IP_Flow 19-1700] Loaded user IP repository '/tmp/finn_dev_emanuel-hernandez/code_gen_ipgen_StreamingDataWidthConverter_rtl_1_jnol8bbv'.
INFO: [IP_Flow 19-1700] Loaded user IP repository '/tmp/finn_dev_emanuel-hernandez/code_gen_ipgen_StreamingFIFO_rtl_6_6f4ornhe'.
INFO: [IP_Flow 19-1700] Loaded user IP repository '/tmp/finn_dev_emanuel-hernandez/code_gen_ipgen_ConvolutionInputGenerator_rtl_1_3gytnw5p'.
INFO: [IP_Flow 19-1700] Loaded user IP repository '/tmp/finn_dev_emanuel-hernandez/code_gen_ipgen_StreamingFIFO_rtl_7_6w23ui98'.
INFO: [IP_Flow 19-1700] Loaded user IP repository '/tmp/finn_dev_emanuel-hernandez/code_gen_ipgen_StreamingDataWidthConverter_rtl_2_sg9hna6v'.
INFO: [IP_Flow 19-1700] Loaded user IP repository '/tmp/finn_dev_emanuel-hernandez/code_gen_ipgen_StreamingFIFO_rtl_8_fgp0hvu1'.
INFO: [IP_Flow 19-1700] Loaded user IP repository '/tmp/finn_dev_emanuel-hernandez/code_gen_ipgen_MVAU_hls_1_juaup5kq/project_MVAU_hls_1/sol1/impl/ip'.
INFO: [IP_Flow 19-1700] Loaded user IP repository '/tmp/finn_dev_emanuel-hernandez/code_gen_ipgen_StreamingFIFO_rtl_9_8p53cw18'.
INFO: [IP_Flow 19-1700] Loaded user IP repository '/tmp/finn_dev_emanuel-hernandez/code_gen_ipgen_StreamingDataWidthConverter_rtl_3_w9ea0x8t'.
INFO: [IP_Flow 19-1700] Loaded user IP repository '/tmp/finn_dev_emanuel-hernandez/code_gen_ipgen_StreamingFIFO_rtl_10_rz1ffexj'.
INFO: [IP_Flow 19-1700] Loaded user IP repository '/tmp/finn_dev_emanuel-hernandez/code_gen_ipgen_StreamingMaxPool_hls_0_u0p0cbhc/project_StreamingMaxPool_hls_0/sol1/impl/ip'.
INFO: [IP_Flow 19-1700] Loaded user IP repository '/tmp/finn_dev_emanuel-hernandez/code_gen_ipgen_StreamingFIFO_rtl_11_9xde0iu_'.
INFO: [IP_Flow 19-1700] Loaded user IP repository '/tmp/finn_dev_emanuel-hernandez/code_gen_ipgen_FMPadding_rtl_2_bfhymavv'.
INFO: [IP_Flow 19-1700] Loaded user IP repository '/tmp/finn_dev_emanuel-hernandez/code_gen_ipgen_StreamingFIFO_rtl_12_l1u5y9oq'.
INFO: [IP_Flow 19-1700] Loaded user IP repository '/tmp/finn_dev_emanuel-hernandez/code_gen_ipgen_StreamingDataWidthConverter_rtl_4_d3noeq7x'.
INFO: [IP_Flow 19-1700] Loaded user IP repository '/tmp/finn_dev_emanuel-hernandez/code_gen_ipgen_StreamingFIFO_rtl_13__5kvrwkr'.
INFO: [IP_Flow 19-1700] Loaded user IP repository '/tmp/finn_dev_emanuel-hernandez/code_gen_ipgen_ConvolutionInputGenerator_rtl_2_dtijaray'.
INFO: [IP_Flow 19-1700] Loaded user IP repository '/tmp/finn_dev_emanuel-hernandez/code_gen_ipgen_StreamingFIFO_rtl_14_90_nfugx'.
INFO: [IP_Flow 19-1700] Loaded user IP repository '/tmp/finn_dev_emanuel-hernandez/code_gen_ipgen_StreamingDataWidthConverter_rtl_5_eg6sc5c7'.
INFO: [IP_Flow 19-1700] Loaded user IP repository '/tmp/finn_dev_emanuel-hernandez/code_gen_ipgen_StreamingFIFO_rtl_15_6k7rpw6a'.
INFO: [IP_Flow 19-1700] Loaded user IP repository '/tmp/finn_dev_emanuel-hernandez/code_gen_ipgen_MVAU_hls_2_c_8z90e9/project_MVAU_hls_2/sol1/impl/ip'.
INFO: [IP_Flow 19-1700] Loaded user IP repository '/tmp/finn_dev_emanuel-hernandez/code_gen_ipgen_StreamingFIFO_rtl_16_dcyfzx2o'.
INFO: [IP_Flow 19-1700] Loaded user IP repository '/tmp/finn_dev_emanuel-hernandez/code_gen_ipgen_StreamingDataWidthConverter_rtl_6_03z4zugl'.
INFO: [IP_Flow 19-1700] Loaded user IP repository '/tmp/finn_dev_emanuel-hernandez/code_gen_ipgen_StreamingFIFO_rtl_17_ml8iegwl'.
INFO: [IP_Flow 19-1700] Loaded user IP repository '/tmp/finn_dev_emanuel-hernandez/code_gen_ipgen_FMPadding_rtl_3_2x9msyqe'.
INFO: [IP_Flow 19-1700] Loaded user IP repository '/tmp/finn_dev_emanuel-hernandez/code_gen_ipgen_StreamingFIFO_rtl_18_0dc9afhr'.
INFO: [IP_Flow 19-1700] Loaded user IP repository '/tmp/finn_dev_emanuel-hernandez/code_gen_ipgen_StreamingDataWidthConverter_rtl_7_4ikvmjoa'.
INFO: [IP_Flow 19-1700] Loaded user IP repository '/tmp/finn_dev_emanuel-hernandez/code_gen_ipgen_StreamingFIFO_rtl_19_dcp13z__'.
INFO: [IP_Flow 19-1700] Loaded user IP repository '/tmp/finn_dev_emanuel-hernandez/code_gen_ipgen_ConvolutionInputGenerator_rtl_3_s53q98tt'.
INFO: [IP_Flow 19-1700] Loaded user IP repository '/tmp/finn_dev_emanuel-hernandez/code_gen_ipgen_StreamingFIFO_rtl_20_zwdrd7b4'.
INFO: [IP_Flow 19-1700] Loaded user IP repository '/tmp/finn_dev_emanuel-hernandez/code_gen_ipgen_StreamingDataWidthConverter_rtl_8_7jr6z08o'.
INFO: [IP_Flow 19-1700] Loaded user IP repository '/tmp/finn_dev_emanuel-hernandez/code_gen_ipgen_StreamingFIFO_rtl_21_lv51e197'.
INFO: [IP_Flow 19-1700] Loaded user IP repository '/tmp/finn_dev_emanuel-hernandez/code_gen_ipgen_MVAU_hls_3_b35vdh1n/project_MVAU_hls_3/sol1/impl/ip'.
INFO: [IP_Flow 19-1700] Loaded user IP repository '/tmp/finn_dev_emanuel-hernandez/code_gen_ipgen_StreamingFIFO_rtl_22_byid7tf2'.
INFO: [IP_Flow 19-1700] Loaded user IP repository '/tmp/finn_dev_emanuel-hernandez/code_gen_ipgen_StreamingDataWidthConverter_rtl_9_1ve3wz7j'.
INFO: [IP_Flow 19-1700] Loaded user IP repository '/tmp/finn_dev_emanuel-hernandez/code_gen_ipgen_StreamingFIFO_rtl_23_zfz13eo2'.
INFO: [IP_Flow 19-1700] Loaded user IP repository '/tmp/finn_dev_emanuel-hernandez/code_gen_ipgen_StreamingMaxPool_hls_1_7wwp66zq/project_StreamingMaxPool_hls_1/sol1/impl/ip'.
INFO: [IP_Flow 19-1700] Loaded user IP repository '/tmp/finn_dev_emanuel-hernandez/code_gen_ipgen_StreamingFIFO_rtl_24_z54i444h'.
INFO: [IP_Flow 19-1700] Loaded user IP repository '/tmp/finn_dev_emanuel-hernandez/code_gen_ipgen_StreamingDataWidthConverter_rtl_10_yub6am8x'.
INFO: [IP_Flow 19-1700] Loaded user IP repository '/tmp/finn_dev_emanuel-hernandez/code_gen_ipgen_StreamingFIFO_rtl_25_k4tmsb30'.
INFO: [IP_Flow 19-1700] Loaded user IP repository '/tmp/finn_dev_emanuel-hernandez/code_gen_ipgen_MVAU_hls_4_tmhw3dtv/project_MVAU_hls_4/sol1/impl/ip'.
INFO: [IP_Flow 19-1700] Loaded user IP repository '/tmp/finn_dev_emanuel-hernandez/code_gen_ipgen_StreamingFIFO_rtl_26_8mjg4iui'.
INFO: [IP_Flow 19-1700] Loaded user IP repository '/tmp/finn_dev_emanuel-hernandez/code_gen_ipgen_MVAU_rtl_0_5irei88l'.
INFO: [IP_Flow 19-1700] Loaded user IP repository '/tmp/finn_dev_emanuel-hernandez/code_gen_ipgen_StreamingFIFO_rtl_27_agjbqf20'.
WARNING: [IP_Flow 19-3571] IP 'finn_design_StreamingDataWidthConverter_rtl_10_0' is restricted:
* Detected changes to module reference file(s).
create_bd_cell: Time (s): cpu = 00:00:39 ; elapsed = 00:00:08 . Memory (MB): peak = 1733.441 ; gain = 0.000 ; free physical = 2216 ; free virtual = 14951
# add_files -norecurse /tmp/finn_dev_emanuel-hernandez/code_gen_ipgen_StreamingFIFO_rtl_25_k4tmsb30/Q_srl.v
# add_files -norecurse /tmp/finn_dev_emanuel-hernandez/code_gen_ipgen_StreamingFIFO_rtl_25_k4tmsb30/StreamingFIFO_rtl_25.v
# create_bd_cell -type module -reference StreamingFIFO_rtl_25 StreamingFIFO_rtl_25
INFO: [IP_Flow 19-5107] Inferred bus interface 'ap_clk' of definition 'xilinx.com:signal:clock:1.0' (from X_INTERFACE_INFO parameter from HDL file).
INFO: [IP_Flow 19-5107] Inferred bus interface 'ap_clk' of definition 'xilinx.com:signal:clock:1.0' (from 'X_INTERFACE_INFO' attribute).
INFO: [IP_Flow 19-5107] Inferred bus interface 'in0_V' of definition 'xilinx.com:interface:axis:1.0' (from Xilinx Repository).
INFO: [IP_Flow 19-5107] Inferred bus interface 'out_V' of definition 'xilinx.com:interface:axis:1.0' (from Xilinx Repository).
INFO: [IP_Flow 19-5107] Inferred bus interface 'ap_rst_n' of definition 'xilinx.com:signal:reset:1.0' (from Xilinx Repository).
INFO: [IP_Flow 19-4728] Bus Interface 'ap_rst_n': Added interface parameter 'POLARITY' with value 'ACTIVE_LOW'.
INFO: [IP_Flow 19-4728] Bus Interface 'ap_clk': Added interface parameter 'ASSOCIATED_RESET' with value 'ap_rst_n'.
INFO: [IP_Flow 19-4728] Bus Interface 'ap_clk': Added interface parameter 'ASSOCIATED_BUSIF' with value 'in0_V'.
WARNING: [IP_Flow 19-3157] Bus Interface 'ap_rst_n': Bus parameter POLARITY is ACTIVE_LOW but port 'ap_rst_n' is not *resetn - please double check the POLARITY setting.
INFO: [IP_Flow 19-234] Refreshing IP repositories
INFO: [IP_Flow 19-1700] Loaded user IP repository '/home/emanuel-hernandez/finn/finn-rtllib/memstream'.
INFO: [IP_Flow 19-1700] Loaded user IP repository '/tmp/finn_dev_emanuel-hernandez/code_gen_ipgen_StreamingFIFO_rtl_0_2xp77osi'.
INFO: [IP_Flow 19-1700] Loaded user IP repository '/tmp/finn_dev_emanuel-hernandez/code_gen_ipgen_FMPadding_rtl_0_ty50wf7f'.
INFO: [IP_Flow 19-1700] Loaded user IP repository '/tmp/finn_dev_emanuel-hernandez/code_gen_ipgen_StreamingFIFO_rtl_1_m6if6tq1'.
INFO: [IP_Flow 19-1700] Loaded user IP repository '/tmp/finn_dev_emanuel-hernandez/code_gen_ipgen_ConvolutionInputGenerator_rtl_0_czth98kw'.
INFO: [IP_Flow 19-1700] Loaded user IP repository '/tmp/finn_dev_emanuel-hernandez/code_gen_ipgen_StreamingFIFO_rtl_2_q6mksatc'.
INFO: [IP_Flow 19-1700] Loaded user IP repository '/tmp/finn_dev_emanuel-hernandez/code_gen_ipgen_MVAU_hls_0_23yd46c2/project_MVAU_hls_0/sol1/impl/ip'.
INFO: [IP_Flow 19-1700] Loaded user IP repository '/tmp/finn_dev_emanuel-hernandez/code_gen_ipgen_StreamingFIFO_rtl_3_p2hyhro8'.
INFO: [IP_Flow 19-1700] Loaded user IP repository '/tmp/finn_dev_emanuel-hernandez/code_gen_ipgen_StreamingDataWidthConverter_rtl_0_dgprmkiy'.
INFO: [IP_Flow 19-1700] Loaded user IP repository '/tmp/finn_dev_emanuel-hernandez/code_gen_ipgen_StreamingFIFO_rtl_4_lh6tdo7e'.
INFO: [IP_Flow 19-1700] Loaded user IP repository '/tmp/finn_dev_emanuel-hernandez/code_gen_ipgen_FMPadding_rtl_1_xpf90tc3'.
INFO: [IP_Flow 19-1700] Loaded user IP repository '/tmp/finn_dev_emanuel-hernandez/code_gen_ipgen_StreamingFIFO_rtl_5_vvlnqhpy'.
INFO: [IP_Flow 19-1700] Loaded user IP repository '/tmp/finn_dev_emanuel-hernandez/code_gen_ipgen_StreamingDataWidthConverter_rtl_1_jnol8bbv'.
INFO: [IP_Flow 19-1700] Loaded user IP repository '/tmp/finn_dev_emanuel-hernandez/code_gen_ipgen_StreamingFIFO_rtl_6_6f4ornhe'.
INFO: [IP_Flow 19-1700] Loaded user IP repository '/tmp/finn_dev_emanuel-hernandez/code_gen_ipgen_ConvolutionInputGenerator_rtl_1_3gytnw5p'.
INFO: [IP_Flow 19-1700] Loaded user IP repository '/tmp/finn_dev_emanuel-hernandez/code_gen_ipgen_StreamingFIFO_rtl_7_6w23ui98'.
INFO: [IP_Flow 19-1700] Loaded user IP repository '/tmp/finn_dev_emanuel-hernandez/code_gen_ipgen_StreamingDataWidthConverter_rtl_2_sg9hna6v'.
INFO: [IP_Flow 19-1700] Loaded user IP repository '/tmp/finn_dev_emanuel-hernandez/code_gen_ipgen_StreamingFIFO_rtl_8_fgp0hvu1'.
INFO: [IP_Flow 19-1700] Loaded user IP repository '/tmp/finn_dev_emanuel-hernandez/code_gen_ipgen_MVAU_hls_1_juaup5kq/project_MVAU_hls_1/sol1/impl/ip'.
INFO: [IP_Flow 19-1700] Loaded user IP repository '/tmp/finn_dev_emanuel-hernandez/code_gen_ipgen_StreamingFIFO_rtl_9_8p53cw18'.
INFO: [IP_Flow 19-1700] Loaded user IP repository '/tmp/finn_dev_emanuel-hernandez/code_gen_ipgen_StreamingDataWidthConverter_rtl_3_w9ea0x8t'.
INFO: [IP_Flow 19-1700] Loaded user IP repository '/tmp/finn_dev_emanuel-hernandez/code_gen_ipgen_StreamingFIFO_rtl_10_rz1ffexj'.
INFO: [IP_Flow 19-1700] Loaded user IP repository '/tmp/finn_dev_emanuel-hernandez/code_gen_ipgen_StreamingMaxPool_hls_0_u0p0cbhc/project_StreamingMaxPool_hls_0/sol1/impl/ip'.
INFO: [IP_Flow 19-1700] Loaded user IP repository '/tmp/finn_dev_emanuel-hernandez/code_gen_ipgen_StreamingFIFO_rtl_11_9xde0iu_'.
INFO: [IP_Flow 19-1700] Loaded user IP repository '/tmp/finn_dev_emanuel-hernandez/code_gen_ipgen_FMPadding_rtl_2_bfhymavv'.
INFO: [IP_Flow 19-1700] Loaded user IP repository '/tmp/finn_dev_emanuel-hernandez/code_gen_ipgen_StreamingFIFO_rtl_12_l1u5y9oq'.
INFO: [IP_Flow 19-1700] Loaded user IP repository '/tmp/finn_dev_emanuel-hernandez/code_gen_ipgen_StreamingDataWidthConverter_rtl_4_d3noeq7x'.
INFO: [IP_Flow 19-1700] Loaded user IP repository '/tmp/finn_dev_emanuel-hernandez/code_gen_ipgen_StreamingFIFO_rtl_13__5kvrwkr'.
INFO: [IP_Flow 19-1700] Loaded user IP repository '/tmp/finn_dev_emanuel-hernandez/code_gen_ipgen_ConvolutionInputGenerator_rtl_2_dtijaray'.
INFO: [IP_Flow 19-1700] Loaded user IP repository '/tmp/finn_dev_emanuel-hernandez/code_gen_ipgen_StreamingFIFO_rtl_14_90_nfugx'.
INFO: [IP_Flow 19-1700] Loaded user IP repository '/tmp/finn_dev_emanuel-hernandez/code_gen_ipgen_StreamingDataWidthConverter_rtl_5_eg6sc5c7'.
INFO: [IP_Flow 19-1700] Loaded user IP repository '/tmp/finn_dev_emanuel-hernandez/code_gen_ipgen_StreamingFIFO_rtl_15_6k7rpw6a'.
INFO: [IP_Flow 19-1700] Loaded user IP repository '/tmp/finn_dev_emanuel-hernandez/code_gen_ipgen_MVAU_hls_2_c_8z90e9/project_MVAU_hls_2/sol1/impl/ip'.
INFO: [IP_Flow 19-1700] Loaded user IP repository '/tmp/finn_dev_emanuel-hernandez/code_gen_ipgen_StreamingFIFO_rtl_16_dcyfzx2o'.
INFO: [IP_Flow 19-1700] Loaded user IP repository '/tmp/finn_dev_emanuel-hernandez/code_gen_ipgen_StreamingDataWidthConverter_rtl_6_03z4zugl'.
INFO: [IP_Flow 19-1700] Loaded user IP repository '/tmp/finn_dev_emanuel-hernandez/code_gen_ipgen_StreamingFIFO_rtl_17_ml8iegwl'.
INFO: [IP_Flow 19-1700] Loaded user IP repository '/tmp/finn_dev_emanuel-hernandez/code_gen_ipgen_FMPadding_rtl_3_2x9msyqe'.
INFO: [IP_Flow 19-1700] Loaded user IP repository '/tmp/finn_dev_emanuel-hernandez/code_gen_ipgen_StreamingFIFO_rtl_18_0dc9afhr'.
INFO: [IP_Flow 19-1700] Loaded user IP repository '/tmp/finn_dev_emanuel-hernandez/code_gen_ipgen_StreamingDataWidthConverter_rtl_7_4ikvmjoa'.
INFO: [IP_Flow 19-1700] Loaded user IP repository '/tmp/finn_dev_emanuel-hernandez/code_gen_ipgen_StreamingFIFO_rtl_19_dcp13z__'.
INFO: [IP_Flow 19-1700] Loaded user IP repository '/tmp/finn_dev_emanuel-hernandez/code_gen_ipgen_ConvolutionInputGenerator_rtl_3_s53q98tt'.
INFO: [IP_Flow 19-1700] Loaded user IP repository '/tmp/finn_dev_emanuel-hernandez/code_gen_ipgen_StreamingFIFO_rtl_20_zwdrd7b4'.
INFO: [IP_Flow 19-1700] Loaded user IP repository '/tmp/finn_dev_emanuel-hernandez/code_gen_ipgen_StreamingDataWidthConverter_rtl_8_7jr6z08o'.
INFO: [IP_Flow 19-1700] Loaded user IP repository '/tmp/finn_dev_emanuel-hernandez/code_gen_ipgen_StreamingFIFO_rtl_21_lv51e197'.
INFO: [IP_Flow 19-1700] Loaded user IP repository '/tmp/finn_dev_emanuel-hernandez/code_gen_ipgen_MVAU_hls_3_b35vdh1n/project_MVAU_hls_3/sol1/impl/ip'.
INFO: [IP_Flow 19-1700] Loaded user IP repository '/tmp/finn_dev_emanuel-hernandez/code_gen_ipgen_StreamingFIFO_rtl_22_byid7tf2'.
INFO: [IP_Flow 19-1700] Loaded user IP repository '/tmp/finn_dev_emanuel-hernandez/code_gen_ipgen_StreamingDataWidthConverter_rtl_9_1ve3wz7j'.
INFO: [IP_Flow 19-1700] Loaded user IP repository '/tmp/finn_dev_emanuel-hernandez/code_gen_ipgen_StreamingFIFO_rtl_23_zfz13eo2'.
INFO: [IP_Flow 19-1700] Loaded user IP repository '/tmp/finn_dev_emanuel-hernandez/code_gen_ipgen_StreamingMaxPool_hls_1_7wwp66zq/project_StreamingMaxPool_hls_1/sol1/impl/ip'.
INFO: [IP_Flow 19-1700] Loaded user IP repository '/tmp/finn_dev_emanuel-hernandez/code_gen_ipgen_StreamingFIFO_rtl_24_z54i444h'.
INFO: [IP_Flow 19-1700] Loaded user IP repository '/tmp/finn_dev_emanuel-hernandez/code_gen_ipgen_StreamingDataWidthConverter_rtl_10_yub6am8x'.
INFO: [IP_Flow 19-1700] Loaded user IP repository '/tmp/finn_dev_emanuel-hernandez/code_gen_ipgen_StreamingFIFO_rtl_25_k4tmsb30'.
INFO: [IP_Flow 19-1700] Loaded user IP repository '/tmp/finn_dev_emanuel-hernandez/code_gen_ipgen_MVAU_hls_4_tmhw3dtv/project_MVAU_hls_4/sol1/impl/ip'.
INFO: [IP_Flow 19-1700] Loaded user IP repository '/tmp/finn_dev_emanuel-hernandez/code_gen_ipgen_StreamingFIFO_rtl_26_8mjg4iui'.
INFO: [IP_Flow 19-1700] Loaded user IP repository '/tmp/finn_dev_emanuel-hernandez/code_gen_ipgen_MVAU_rtl_0_5irei88l'.
INFO: [IP_Flow 19-1700] Loaded user IP repository '/tmp/finn_dev_emanuel-hernandez/code_gen_ipgen_StreamingFIFO_rtl_27_agjbqf20'.
WARNING: [IP_Flow 19-3571] IP 'finn_design_StreamingFIFO_rtl_25_0' is restricted:
* Detected changes to module reference file(s).
create_bd_cell: Time (s): cpu = 00:00:41 ; elapsed = 00:00:08 . Memory (MB): peak = 1733.441 ; gain = 0.000 ; free physical = 2230 ; free virtual = 14957
# create_bd_cell -type hier MVAU_hls_4
# create_bd_pin -dir I -type clk /MVAU_hls_4/ap_clk
# create_bd_pin -dir I -type rst /MVAU_hls_4/ap_rst_n
# create_bd_intf_pin -mode Master -vlnv xilinx.com:interface:axis_rtl:1.0 /MVAU_hls_4/out_V
# create_bd_intf_pin -mode Slave -vlnv xilinx.com:interface:axis_rtl:1.0 /MVAU_hls_4/in0_V
# create_bd_cell -type ip -vlnv xilinx.com:hls:MVAU_hls_4:1.0 /MVAU_hls_4/MVAU_hls_4
# create_bd_cell -type ip -vlnv amd.com:finn:memstream:1.0 /MVAU_hls_4/MVAU_hls_4_wstrm
# set_property -dict [list CONFIG.DEPTH {20480} CONFIG.WIDTH {32} CONFIG.INIT_FILE {/tmp/finn_dev_emanuel-hernandez/code_gen_ipgen_MVAU_hls_4_tmhw3dtv/memblock.dat} CONFIG.RAM_STYLE {auto} ] [get_bd_cells /MVAU_hls_4/MVAU_hls_4_wstrm]
WARNING: [IP_Flow 19-4684] Expected long value for param AXILITE_ADDR_WIDTH but, float/scientific notation value 17.0 is provided. The value is converted to long type(17)
# connect_bd_intf_net [get_bd_intf_pins MVAU_hls_4/MVAU_hls_4_wstrm/m_axis_0] [get_bd_intf_pins MVAU_hls_4/MVAU_hls_4/weights_V]
# connect_bd_net [get_bd_pins MVAU_hls_4/ap_rst_n] [get_bd_pins MVAU_hls_4/MVAU_hls_4_wstrm/ap_rst_n]
# connect_bd_net [get_bd_pins MVAU_hls_4/ap_clk] [get_bd_pins MVAU_hls_4/MVAU_hls_4_wstrm/ap_clk]
# connect_bd_net [get_bd_pins MVAU_hls_4/ap_rst_n] [get_bd_pins MVAU_hls_4/MVAU_hls_4/ap_rst_n]
# connect_bd_net [get_bd_pins MVAU_hls_4/ap_clk] [get_bd_pins MVAU_hls_4/MVAU_hls_4/ap_clk]
# connect_bd_intf_net [get_bd_intf_pins MVAU_hls_4/in0_V] [get_bd_intf_pins MVAU_hls_4/MVAU_hls_4/in0_V]
# connect_bd_intf_net [get_bd_intf_pins MVAU_hls_4/out_V] [get_bd_intf_pins MVAU_hls_4/MVAU_hls_4/out_V]
# save_bd_design
Wrote  : </tmp/finn_dev_emanuel-hernandez/vivado_stitch_proj_pm9ik9x1/finn_vivado_stitch_proj.srcs/sources_1/bd/finn_design/finn_design.bd> 
# add_files -norecurse /tmp/finn_dev_emanuel-hernandez/code_gen_ipgen_StreamingFIFO_rtl_26_8mjg4iui/Q_srl.v
# add_files -norecurse /tmp/finn_dev_emanuel-hernandez/code_gen_ipgen_StreamingFIFO_rtl_26_8mjg4iui/StreamingFIFO_rtl_26.v
# create_bd_cell -type module -reference StreamingFIFO_rtl_26 StreamingFIFO_rtl_26
INFO: [IP_Flow 19-5107] Inferred bus interface 'ap_clk' of definition 'xilinx.com:signal:clock:1.0' (from X_INTERFACE_INFO parameter from HDL file).
INFO: [IP_Flow 19-5107] Inferred bus interface 'ap_clk' of definition 'xilinx.com:signal:clock:1.0' (from 'X_INTERFACE_INFO' attribute).
INFO: [IP_Flow 19-5107] Inferred bus interface 'in0_V' of definition 'xilinx.com:interface:axis:1.0' (from Xilinx Repository).
INFO: [IP_Flow 19-5107] Inferred bus interface 'out_V' of definition 'xilinx.com:interface:axis:1.0' (from Xilinx Repository).
INFO: [IP_Flow 19-5107] Inferred bus interface 'ap_rst_n' of definition 'xilinx.com:signal:reset:1.0' (from Xilinx Repository).
INFO: [IP_Flow 19-4728] Bus Interface 'ap_rst_n': Added interface parameter 'POLARITY' with value 'ACTIVE_LOW'.
INFO: [IP_Flow 19-4728] Bus Interface 'ap_clk': Added interface parameter 'ASSOCIATED_RESET' with value 'ap_rst_n'.
INFO: [IP_Flow 19-4728] Bus Interface 'ap_clk': Added interface parameter 'ASSOCIATED_BUSIF' with value 'in0_V'.
WARNING: [IP_Flow 19-3157] Bus Interface 'ap_rst_n': Bus parameter POLARITY is ACTIVE_LOW but port 'ap_rst_n' is not *resetn - please double check the POLARITY setting.
INFO: [IP_Flow 19-234] Refreshing IP repositories
INFO: [IP_Flow 19-1700] Loaded user IP repository '/home/emanuel-hernandez/finn/finn-rtllib/memstream'.
INFO: [IP_Flow 19-1700] Loaded user IP repository '/tmp/finn_dev_emanuel-hernandez/code_gen_ipgen_StreamingFIFO_rtl_0_2xp77osi'.
INFO: [IP_Flow 19-1700] Loaded user IP repository '/tmp/finn_dev_emanuel-hernandez/code_gen_ipgen_FMPadding_rtl_0_ty50wf7f'.
INFO: [IP_Flow 19-1700] Loaded user IP repository '/tmp/finn_dev_emanuel-hernandez/code_gen_ipgen_StreamingFIFO_rtl_1_m6if6tq1'.
INFO: [IP_Flow 19-1700] Loaded user IP repository '/tmp/finn_dev_emanuel-hernandez/code_gen_ipgen_ConvolutionInputGenerator_rtl_0_czth98kw'.
INFO: [IP_Flow 19-1700] Loaded user IP repository '/tmp/finn_dev_emanuel-hernandez/code_gen_ipgen_StreamingFIFO_rtl_2_q6mksatc'.
INFO: [IP_Flow 19-1700] Loaded user IP repository '/tmp/finn_dev_emanuel-hernandez/code_gen_ipgen_MVAU_hls_0_23yd46c2/project_MVAU_hls_0/sol1/impl/ip'.
INFO: [IP_Flow 19-1700] Loaded user IP repository '/tmp/finn_dev_emanuel-hernandez/code_gen_ipgen_StreamingFIFO_rtl_3_p2hyhro8'.
INFO: [IP_Flow 19-1700] Loaded user IP repository '/tmp/finn_dev_emanuel-hernandez/code_gen_ipgen_StreamingDataWidthConverter_rtl_0_dgprmkiy'.
INFO: [IP_Flow 19-1700] Loaded user IP repository '/tmp/finn_dev_emanuel-hernandez/code_gen_ipgen_StreamingFIFO_rtl_4_lh6tdo7e'.
INFO: [IP_Flow 19-1700] Loaded user IP repository '/tmp/finn_dev_emanuel-hernandez/code_gen_ipgen_FMPadding_rtl_1_xpf90tc3'.
INFO: [IP_Flow 19-1700] Loaded user IP repository '/tmp/finn_dev_emanuel-hernandez/code_gen_ipgen_StreamingFIFO_rtl_5_vvlnqhpy'.
INFO: [IP_Flow 19-1700] Loaded user IP repository '/tmp/finn_dev_emanuel-hernandez/code_gen_ipgen_StreamingDataWidthConverter_rtl_1_jnol8bbv'.
INFO: [IP_Flow 19-1700] Loaded user IP repository '/tmp/finn_dev_emanuel-hernandez/code_gen_ipgen_StreamingFIFO_rtl_6_6f4ornhe'.
INFO: [IP_Flow 19-1700] Loaded user IP repository '/tmp/finn_dev_emanuel-hernandez/code_gen_ipgen_ConvolutionInputGenerator_rtl_1_3gytnw5p'.
INFO: [IP_Flow 19-1700] Loaded user IP repository '/tmp/finn_dev_emanuel-hernandez/code_gen_ipgen_StreamingFIFO_rtl_7_6w23ui98'.
INFO: [IP_Flow 19-1700] Loaded user IP repository '/tmp/finn_dev_emanuel-hernandez/code_gen_ipgen_StreamingDataWidthConverter_rtl_2_sg9hna6v'.
INFO: [IP_Flow 19-1700] Loaded user IP repository '/tmp/finn_dev_emanuel-hernandez/code_gen_ipgen_StreamingFIFO_rtl_8_fgp0hvu1'.
INFO: [IP_Flow 19-1700] Loaded user IP repository '/tmp/finn_dev_emanuel-hernandez/code_gen_ipgen_MVAU_hls_1_juaup5kq/project_MVAU_hls_1/sol1/impl/ip'.
INFO: [IP_Flow 19-1700] Loaded user IP repository '/tmp/finn_dev_emanuel-hernandez/code_gen_ipgen_StreamingFIFO_rtl_9_8p53cw18'.
INFO: [IP_Flow 19-1700] Loaded user IP repository '/tmp/finn_dev_emanuel-hernandez/code_gen_ipgen_StreamingDataWidthConverter_rtl_3_w9ea0x8t'.
INFO: [IP_Flow 19-1700] Loaded user IP repository '/tmp/finn_dev_emanuel-hernandez/code_gen_ipgen_StreamingFIFO_rtl_10_rz1ffexj'.
INFO: [IP_Flow 19-1700] Loaded user IP repository '/tmp/finn_dev_emanuel-hernandez/code_gen_ipgen_StreamingMaxPool_hls_0_u0p0cbhc/project_StreamingMaxPool_hls_0/sol1/impl/ip'.
INFO: [IP_Flow 19-1700] Loaded user IP repository '/tmp/finn_dev_emanuel-hernandez/code_gen_ipgen_StreamingFIFO_rtl_11_9xde0iu_'.
INFO: [IP_Flow 19-1700] Loaded user IP repository '/tmp/finn_dev_emanuel-hernandez/code_gen_ipgen_FMPadding_rtl_2_bfhymavv'.
INFO: [IP_Flow 19-1700] Loaded user IP repository '/tmp/finn_dev_emanuel-hernandez/code_gen_ipgen_StreamingFIFO_rtl_12_l1u5y9oq'.
INFO: [IP_Flow 19-1700] Loaded user IP repository '/tmp/finn_dev_emanuel-hernandez/code_gen_ipgen_StreamingDataWidthConverter_rtl_4_d3noeq7x'.
INFO: [IP_Flow 19-1700] Loaded user IP repository '/tmp/finn_dev_emanuel-hernandez/code_gen_ipgen_StreamingFIFO_rtl_13__5kvrwkr'.
INFO: [IP_Flow 19-1700] Loaded user IP repository '/tmp/finn_dev_emanuel-hernandez/code_gen_ipgen_ConvolutionInputGenerator_rtl_2_dtijaray'.
INFO: [IP_Flow 19-1700] Loaded user IP repository '/tmp/finn_dev_emanuel-hernandez/code_gen_ipgen_StreamingFIFO_rtl_14_90_nfugx'.
INFO: [IP_Flow 19-1700] Loaded user IP repository '/tmp/finn_dev_emanuel-hernandez/code_gen_ipgen_StreamingDataWidthConverter_rtl_5_eg6sc5c7'.
INFO: [IP_Flow 19-1700] Loaded user IP repository '/tmp/finn_dev_emanuel-hernandez/code_gen_ipgen_StreamingFIFO_rtl_15_6k7rpw6a'.
INFO: [IP_Flow 19-1700] Loaded user IP repository '/tmp/finn_dev_emanuel-hernandez/code_gen_ipgen_MVAU_hls_2_c_8z90e9/project_MVAU_hls_2/sol1/impl/ip'.
INFO: [IP_Flow 19-1700] Loaded user IP repository '/tmp/finn_dev_emanuel-hernandez/code_gen_ipgen_StreamingFIFO_rtl_16_dcyfzx2o'.
INFO: [IP_Flow 19-1700] Loaded user IP repository '/tmp/finn_dev_emanuel-hernandez/code_gen_ipgen_StreamingDataWidthConverter_rtl_6_03z4zugl'.
INFO: [IP_Flow 19-1700] Loaded user IP repository '/tmp/finn_dev_emanuel-hernandez/code_gen_ipgen_StreamingFIFO_rtl_17_ml8iegwl'.
INFO: [IP_Flow 19-1700] Loaded user IP repository '/tmp/finn_dev_emanuel-hernandez/code_gen_ipgen_FMPadding_rtl_3_2x9msyqe'.
INFO: [IP_Flow 19-1700] Loaded user IP repository '/tmp/finn_dev_emanuel-hernandez/code_gen_ipgen_StreamingFIFO_rtl_18_0dc9afhr'.
INFO: [IP_Flow 19-1700] Loaded user IP repository '/tmp/finn_dev_emanuel-hernandez/code_gen_ipgen_StreamingDataWidthConverter_rtl_7_4ikvmjoa'.
INFO: [IP_Flow 19-1700] Loaded user IP repository '/tmp/finn_dev_emanuel-hernandez/code_gen_ipgen_StreamingFIFO_rtl_19_dcp13z__'.
INFO: [IP_Flow 19-1700] Loaded user IP repository '/tmp/finn_dev_emanuel-hernandez/code_gen_ipgen_ConvolutionInputGenerator_rtl_3_s53q98tt'.
INFO: [IP_Flow 19-1700] Loaded user IP repository '/tmp/finn_dev_emanuel-hernandez/code_gen_ipgen_StreamingFIFO_rtl_20_zwdrd7b4'.
INFO: [IP_Flow 19-1700] Loaded user IP repository '/tmp/finn_dev_emanuel-hernandez/code_gen_ipgen_StreamingDataWidthConverter_rtl_8_7jr6z08o'.
INFO: [IP_Flow 19-1700] Loaded user IP repository '/tmp/finn_dev_emanuel-hernandez/code_gen_ipgen_StreamingFIFO_rtl_21_lv51e197'.
INFO: [IP_Flow 19-1700] Loaded user IP repository '/tmp/finn_dev_emanuel-hernandez/code_gen_ipgen_MVAU_hls_3_b35vdh1n/project_MVAU_hls_3/sol1/impl/ip'.
INFO: [IP_Flow 19-1700] Loaded user IP repository '/tmp/finn_dev_emanuel-hernandez/code_gen_ipgen_StreamingFIFO_rtl_22_byid7tf2'.
INFO: [IP_Flow 19-1700] Loaded user IP repository '/tmp/finn_dev_emanuel-hernandez/code_gen_ipgen_StreamingDataWidthConverter_rtl_9_1ve3wz7j'.
INFO: [IP_Flow 19-1700] Loaded user IP repository '/tmp/finn_dev_emanuel-hernandez/code_gen_ipgen_StreamingFIFO_rtl_23_zfz13eo2'.
INFO: [IP_Flow 19-1700] Loaded user IP repository '/tmp/finn_dev_emanuel-hernandez/code_gen_ipgen_StreamingMaxPool_hls_1_7wwp66zq/project_StreamingMaxPool_hls_1/sol1/impl/ip'.
INFO: [IP_Flow 19-1700] Loaded user IP repository '/tmp/finn_dev_emanuel-hernandez/code_gen_ipgen_StreamingFIFO_rtl_24_z54i444h'.
INFO: [IP_Flow 19-1700] Loaded user IP repository '/tmp/finn_dev_emanuel-hernandez/code_gen_ipgen_StreamingDataWidthConverter_rtl_10_yub6am8x'.
INFO: [IP_Flow 19-1700] Loaded user IP repository '/tmp/finn_dev_emanuel-hernandez/code_gen_ipgen_StreamingFIFO_rtl_25_k4tmsb30'.
INFO: [IP_Flow 19-1700] Loaded user IP repository '/tmp/finn_dev_emanuel-hernandez/code_gen_ipgen_MVAU_hls_4_tmhw3dtv/project_MVAU_hls_4/sol1/impl/ip'.
INFO: [IP_Flow 19-1700] Loaded user IP repository '/tmp/finn_dev_emanuel-hernandez/code_gen_ipgen_StreamingFIFO_rtl_26_8mjg4iui'.
INFO: [IP_Flow 19-1700] Loaded user IP repository '/tmp/finn_dev_emanuel-hernandez/code_gen_ipgen_MVAU_rtl_0_5irei88l'.
INFO: [IP_Flow 19-1700] Loaded user IP repository '/tmp/finn_dev_emanuel-hernandez/code_gen_ipgen_StreamingFIFO_rtl_27_agjbqf20'.
WARNING: [IP_Flow 19-3571] IP 'finn_design_StreamingFIFO_rtl_26_0' is restricted:
* Detected changes to module reference file(s).
create_bd_cell: Time (s): cpu = 00:00:47 ; elapsed = 00:00:10 . Memory (MB): peak = 1790.363 ; gain = 56.922 ; free physical = 2178 ; free virtual = 14906
# create_bd_cell -type hier MVAU_rtl_0
# create_bd_pin -dir I -type clk /MVAU_rtl_0/ap_clk
# create_bd_pin -dir I -type rst /MVAU_rtl_0/ap_rst_n
# create_bd_intf_pin -mode Master -vlnv xilinx.com:interface:axis_rtl:1.0 /MVAU_rtl_0/out_V
# create_bd_intf_pin -mode Slave -vlnv xilinx.com:interface:axis_rtl:1.0 /MVAU_rtl_0/in0_V
# add_files -norecurse /tmp/finn_dev_emanuel-hernandez/code_gen_ipgen_MVAU_rtl_0_5irei88l/MVAU_rtl_0_wrapper.v
# add_files -norecurse /home/emanuel-hernandez/finn/finn-rtllib/mvu/mvu_vvu_axi.sv
# add_files -norecurse /home/emanuel-hernandez/finn/finn-rtllib/mvu/replay_buffer.sv
# add_files -norecurse /home/emanuel-hernandez/finn/finn-rtllib/mvu/mvu_4sx4u.sv
# add_files -norecurse /home/emanuel-hernandez/finn/finn-rtllib/mvu/mvu_vvu_8sx9_dsp58.sv
# add_files -norecurse /home/emanuel-hernandez/finn/finn-rtllib/mvu/mvu_8sx8u_dsp48.sv
# create_bd_cell -type hier -reference MVAU_rtl_0 /MVAU_rtl_0/MVAU_rtl_0
INFO: [BD 41-1695] Exec TCL: Specified '-reference' and/or '-hier' option will be ignored while creating 'hier' cell 'MVAU_rtl_0'.
INFO: [IP_Flow 19-5107] Inferred bus interface 'ap_clk' of definition 'xilinx.com:signal:clock:1.0' (from X_INTERFACE_INFO parameter from HDL file).
INFO: [IP_Flow 19-5107] Inferred bus interface 'ap_clk' of definition 'xilinx.com:signal:clock:1.0' (from 'X_INTERFACE_INFO' attribute).
INFO: [IP_Flow 19-5107] Inferred bus interface 'in0_V' of definition 'xilinx.com:interface:axis:1.0' (from Xilinx Repository).
INFO: [IP_Flow 19-5107] Inferred bus interface 'out_V' of definition 'xilinx.com:interface:axis:1.0' (from Xilinx Repository).
INFO: [IP_Flow 19-5107] Inferred bus interface 'weights_V' of definition 'xilinx.com:interface:axis:1.0' (from Xilinx Repository).
INFO: [IP_Flow 19-5107] Inferred bus interface 'ap_rst_n' of definition 'xilinx.com:signal:reset:1.0' (from Xilinx Repository).
INFO: [IP_Flow 19-4728] Bus Interface 'ap_rst_n': Added interface parameter 'POLARITY' with value 'ACTIVE_LOW'.
INFO: [IP_Flow 19-4728] Bus Interface 'ap_clk': Added interface parameter 'ASSOCIATED_RESET' with value 'ap_rst_n'.
INFO: [IP_Flow 19-4728] Bus Interface 'ap_clk': Added interface parameter 'ASSOCIATED_BUSIF' with value 'weights_V'.
INFO: [IP_Flow 19-818] Not transferring value dependency attribute "(((((spirit:decode(id('MODELPARAM_VALUE.PE')) * spirit:decode(id('MODELPARAM_VALUE.SIMD'))) * spirit:decode(id('MODELPARAM_VALUE.WEIGHT_WIDTH'))) + 7) / 8) * 8)" into user parameter "WEIGHT_STREAM_WIDTH_BA".
INFO: [IP_Flow 19-818] Not transferring value dependency attribute "(((((((spirit:decode(id('MODELPARAM_VALUE.IS_MVU')) = 1) ? 1 : spirit:decode(id('MODELPARAM_VALUE.PE'))) * spirit:decode(id('MODELPARAM_VALUE.SIMD'))) * spirit:decode(id('MODELPARAM_VALUE.ACTIVATION_WIDTH'))) + 7) / 8) * 8)" into user parameter "INPUT_STREAM_WIDTH_BA".
INFO: [IP_Flow 19-818] Not transferring value dependency attribute "((((spirit:decode(id('MODELPARAM_VALUE.PE')) * spirit:decode(id('MODELPARAM_VALUE.ACCU_WIDTH'))) + 7) / 8) * 8)" into user parameter "OUTPUT_STREAM_WIDTH_BA".
WARNING: [IP_Flow 19-3157] Bus Interface 'ap_rst_n': Bus parameter POLARITY is ACTIVE_LOW but port 'ap_rst_n' is not *resetn - please double check the POLARITY setting.
INFO: [IP_Flow 19-234] Refreshing IP repositories
INFO: [IP_Flow 19-1700] Loaded user IP repository '/home/emanuel-hernandez/finn/finn-rtllib/memstream'.
INFO: [IP_Flow 19-1700] Loaded user IP repository '/tmp/finn_dev_emanuel-hernandez/code_gen_ipgen_StreamingFIFO_rtl_0_2xp77osi'.
INFO: [IP_Flow 19-1700] Loaded user IP repository '/tmp/finn_dev_emanuel-hernandez/code_gen_ipgen_FMPadding_rtl_0_ty50wf7f'.
INFO: [IP_Flow 19-1700] Loaded user IP repository '/tmp/finn_dev_emanuel-hernandez/code_gen_ipgen_StreamingFIFO_rtl_1_m6if6tq1'.
INFO: [IP_Flow 19-1700] Loaded user IP repository '/tmp/finn_dev_emanuel-hernandez/code_gen_ipgen_ConvolutionInputGenerator_rtl_0_czth98kw'.
INFO: [IP_Flow 19-1700] Loaded user IP repository '/tmp/finn_dev_emanuel-hernandez/code_gen_ipgen_StreamingFIFO_rtl_2_q6mksatc'.
INFO: [IP_Flow 19-1700] Loaded user IP repository '/tmp/finn_dev_emanuel-hernandez/code_gen_ipgen_MVAU_hls_0_23yd46c2/project_MVAU_hls_0/sol1/impl/ip'.
INFO: [IP_Flow 19-1700] Loaded user IP repository '/tmp/finn_dev_emanuel-hernandez/code_gen_ipgen_StreamingFIFO_rtl_3_p2hyhro8'.
INFO: [IP_Flow 19-1700] Loaded user IP repository '/tmp/finn_dev_emanuel-hernandez/code_gen_ipgen_StreamingDataWidthConverter_rtl_0_dgprmkiy'.
INFO: [IP_Flow 19-1700] Loaded user IP repository '/tmp/finn_dev_emanuel-hernandez/code_gen_ipgen_StreamingFIFO_rtl_4_lh6tdo7e'.
INFO: [IP_Flow 19-1700] Loaded user IP repository '/tmp/finn_dev_emanuel-hernandez/code_gen_ipgen_FMPadding_rtl_1_xpf90tc3'.
INFO: [IP_Flow 19-1700] Loaded user IP repository '/tmp/finn_dev_emanuel-hernandez/code_gen_ipgen_StreamingFIFO_rtl_5_vvlnqhpy'.
INFO: [IP_Flow 19-1700] Loaded user IP repository '/tmp/finn_dev_emanuel-hernandez/code_gen_ipgen_StreamingDataWidthConverter_rtl_1_jnol8bbv'.
INFO: [IP_Flow 19-1700] Loaded user IP repository '/tmp/finn_dev_emanuel-hernandez/code_gen_ipgen_StreamingFIFO_rtl_6_6f4ornhe'.
INFO: [IP_Flow 19-1700] Loaded user IP repository '/tmp/finn_dev_emanuel-hernandez/code_gen_ipgen_ConvolutionInputGenerator_rtl_1_3gytnw5p'.
INFO: [IP_Flow 19-1700] Loaded user IP repository '/tmp/finn_dev_emanuel-hernandez/code_gen_ipgen_StreamingFIFO_rtl_7_6w23ui98'.
INFO: [IP_Flow 19-1700] Loaded user IP repository '/tmp/finn_dev_emanuel-hernandez/code_gen_ipgen_StreamingDataWidthConverter_rtl_2_sg9hna6v'.
INFO: [IP_Flow 19-1700] Loaded user IP repository '/tmp/finn_dev_emanuel-hernandez/code_gen_ipgen_StreamingFIFO_rtl_8_fgp0hvu1'.
INFO: [IP_Flow 19-1700] Loaded user IP repository '/tmp/finn_dev_emanuel-hernandez/code_gen_ipgen_MVAU_hls_1_juaup5kq/project_MVAU_hls_1/sol1/impl/ip'.
INFO: [IP_Flow 19-1700] Loaded user IP repository '/tmp/finn_dev_emanuel-hernandez/code_gen_ipgen_StreamingFIFO_rtl_9_8p53cw18'.
INFO: [IP_Flow 19-1700] Loaded user IP repository '/tmp/finn_dev_emanuel-hernandez/code_gen_ipgen_StreamingDataWidthConverter_rtl_3_w9ea0x8t'.
INFO: [IP_Flow 19-1700] Loaded user IP repository '/tmp/finn_dev_emanuel-hernandez/code_gen_ipgen_StreamingFIFO_rtl_10_rz1ffexj'.
INFO: [IP_Flow 19-1700] Loaded user IP repository '/tmp/finn_dev_emanuel-hernandez/code_gen_ipgen_StreamingMaxPool_hls_0_u0p0cbhc/project_StreamingMaxPool_hls_0/sol1/impl/ip'.
INFO: [IP_Flow 19-1700] Loaded user IP repository '/tmp/finn_dev_emanuel-hernandez/code_gen_ipgen_StreamingFIFO_rtl_11_9xde0iu_'.
INFO: [IP_Flow 19-1700] Loaded user IP repository '/tmp/finn_dev_emanuel-hernandez/code_gen_ipgen_FMPadding_rtl_2_bfhymavv'.
INFO: [IP_Flow 19-1700] Loaded user IP repository '/tmp/finn_dev_emanuel-hernandez/code_gen_ipgen_StreamingFIFO_rtl_12_l1u5y9oq'.
INFO: [IP_Flow 19-1700] Loaded user IP repository '/tmp/finn_dev_emanuel-hernandez/code_gen_ipgen_StreamingDataWidthConverter_rtl_4_d3noeq7x'.
INFO: [IP_Flow 19-1700] Loaded user IP repository '/tmp/finn_dev_emanuel-hernandez/code_gen_ipgen_StreamingFIFO_rtl_13__5kvrwkr'.
INFO: [IP_Flow 19-1700] Loaded user IP repository '/tmp/finn_dev_emanuel-hernandez/code_gen_ipgen_ConvolutionInputGenerator_rtl_2_dtijaray'.
INFO: [IP_Flow 19-1700] Loaded user IP repository '/tmp/finn_dev_emanuel-hernandez/code_gen_ipgen_StreamingFIFO_rtl_14_90_nfugx'.
INFO: [IP_Flow 19-1700] Loaded user IP repository '/tmp/finn_dev_emanuel-hernandez/code_gen_ipgen_StreamingDataWidthConverter_rtl_5_eg6sc5c7'.
INFO: [IP_Flow 19-1700] Loaded user IP repository '/tmp/finn_dev_emanuel-hernandez/code_gen_ipgen_StreamingFIFO_rtl_15_6k7rpw6a'.
INFO: [IP_Flow 19-1700] Loaded user IP repository '/tmp/finn_dev_emanuel-hernandez/code_gen_ipgen_MVAU_hls_2_c_8z90e9/project_MVAU_hls_2/sol1/impl/ip'.
INFO: [IP_Flow 19-1700] Loaded user IP repository '/tmp/finn_dev_emanuel-hernandez/code_gen_ipgen_StreamingFIFO_rtl_16_dcyfzx2o'.
INFO: [IP_Flow 19-1700] Loaded user IP repository '/tmp/finn_dev_emanuel-hernandez/code_gen_ipgen_StreamingDataWidthConverter_rtl_6_03z4zugl'.
INFO: [IP_Flow 19-1700] Loaded user IP repository '/tmp/finn_dev_emanuel-hernandez/code_gen_ipgen_StreamingFIFO_rtl_17_ml8iegwl'.
INFO: [IP_Flow 19-1700] Loaded user IP repository '/tmp/finn_dev_emanuel-hernandez/code_gen_ipgen_FMPadding_rtl_3_2x9msyqe'.
INFO: [IP_Flow 19-1700] Loaded user IP repository '/tmp/finn_dev_emanuel-hernandez/code_gen_ipgen_StreamingFIFO_rtl_18_0dc9afhr'.
INFO: [IP_Flow 19-1700] Loaded user IP repository '/tmp/finn_dev_emanuel-hernandez/code_gen_ipgen_StreamingDataWidthConverter_rtl_7_4ikvmjoa'.
INFO: [IP_Flow 19-1700] Loaded user IP repository '/tmp/finn_dev_emanuel-hernandez/code_gen_ipgen_StreamingFIFO_rtl_19_dcp13z__'.
INFO: [IP_Flow 19-1700] Loaded user IP repository '/tmp/finn_dev_emanuel-hernandez/code_gen_ipgen_ConvolutionInputGenerator_rtl_3_s53q98tt'.
INFO: [IP_Flow 19-1700] Loaded user IP repository '/tmp/finn_dev_emanuel-hernandez/code_gen_ipgen_StreamingFIFO_rtl_20_zwdrd7b4'.
INFO: [IP_Flow 19-1700] Loaded user IP repository '/tmp/finn_dev_emanuel-hernandez/code_gen_ipgen_StreamingDataWidthConverter_rtl_8_7jr6z08o'.
INFO: [IP_Flow 19-1700] Loaded user IP repository '/tmp/finn_dev_emanuel-hernandez/code_gen_ipgen_StreamingFIFO_rtl_21_lv51e197'.
INFO: [IP_Flow 19-1700] Loaded user IP repository '/tmp/finn_dev_emanuel-hernandez/code_gen_ipgen_MVAU_hls_3_b35vdh1n/project_MVAU_hls_3/sol1/impl/ip'.
INFO: [IP_Flow 19-1700] Loaded user IP repository '/tmp/finn_dev_emanuel-hernandez/code_gen_ipgen_StreamingFIFO_rtl_22_byid7tf2'.
INFO: [IP_Flow 19-1700] Loaded user IP repository '/tmp/finn_dev_emanuel-hernandez/code_gen_ipgen_StreamingDataWidthConverter_rtl_9_1ve3wz7j'.
INFO: [IP_Flow 19-1700] Loaded user IP repository '/tmp/finn_dev_emanuel-hernandez/code_gen_ipgen_StreamingFIFO_rtl_23_zfz13eo2'.
INFO: [IP_Flow 19-1700] Loaded user IP repository '/tmp/finn_dev_emanuel-hernandez/code_gen_ipgen_StreamingMaxPool_hls_1_7wwp66zq/project_StreamingMaxPool_hls_1/sol1/impl/ip'.
INFO: [IP_Flow 19-1700] Loaded user IP repository '/tmp/finn_dev_emanuel-hernandez/code_gen_ipgen_StreamingFIFO_rtl_24_z54i444h'.
INFO: [IP_Flow 19-1700] Loaded user IP repository '/tmp/finn_dev_emanuel-hernandez/code_gen_ipgen_StreamingDataWidthConverter_rtl_10_yub6am8x'.
INFO: [IP_Flow 19-1700] Loaded user IP repository '/tmp/finn_dev_emanuel-hernandez/code_gen_ipgen_StreamingFIFO_rtl_25_k4tmsb30'.
INFO: [IP_Flow 19-1700] Loaded user IP repository '/tmp/finn_dev_emanuel-hernandez/code_gen_ipgen_MVAU_hls_4_tmhw3dtv/project_MVAU_hls_4/sol1/impl/ip'.
INFO: [IP_Flow 19-1700] Loaded user IP repository '/tmp/finn_dev_emanuel-hernandez/code_gen_ipgen_StreamingFIFO_rtl_26_8mjg4iui'.
INFO: [IP_Flow 19-1700] Loaded user IP repository '/tmp/finn_dev_emanuel-hernandez/code_gen_ipgen_MVAU_rtl_0_5irei88l'.
INFO: [IP_Flow 19-1700] Loaded user IP repository '/tmp/finn_dev_emanuel-hernandez/code_gen_ipgen_StreamingFIFO_rtl_27_agjbqf20'.
WARNING: [IP_Flow 19-3571] IP 'finn_design_MVAU_rtl_0_0' is restricted:
* Detected changes to module reference file(s).
create_bd_cell: Time (s): cpu = 00:00:47 ; elapsed = 00:00:10 . Memory (MB): peak = 1790.363 ; gain = 0.000 ; free physical = 2241 ; free virtual = 14969
# create_bd_cell -type ip -vlnv amd.com:finn:memstream:1.0 /MVAU_rtl_0/MVAU_rtl_0_wstrm
# set_property -dict [list CONFIG.DEPTH {320} CONFIG.WIDTH {8} CONFIG.INIT_FILE {/tmp/finn_dev_emanuel-hernandez/code_gen_ipgen_MVAU_rtl_0_5irei88l/memblock.dat} CONFIG.RAM_STYLE {auto} ] [get_bd_cells /MVAU_rtl_0/MVAU_rtl_0_wstrm]
WARNING: [IP_Flow 19-4684] Expected long value for param AXILITE_ADDR_WIDTH but, float/scientific notation value 11.0 is provided. The value is converted to long type(11)
WARNING: [IP_Flow 19-4684] Expected long value for param AXILITE_ADDR_WIDTH but, float/scientific notation value 11.0 is provided. The value is converted to long type(11)
# connect_bd_intf_net [get_bd_intf_pins MVAU_rtl_0/MVAU_rtl_0_wstrm/m_axis_0] [get_bd_intf_pins MVAU_rtl_0/MVAU_rtl_0/weights_V]
# connect_bd_net [get_bd_pins MVAU_rtl_0/ap_rst_n] [get_bd_pins MVAU_rtl_0/MVAU_rtl_0_wstrm/ap_rst_n]
# connect_bd_net [get_bd_pins MVAU_rtl_0/ap_clk] [get_bd_pins MVAU_rtl_0/MVAU_rtl_0_wstrm/ap_clk]
# connect_bd_net [get_bd_pins MVAU_rtl_0/ap_rst_n] [get_bd_pins MVAU_rtl_0/MVAU_rtl_0/ap_rst_n]
# connect_bd_net [get_bd_pins MVAU_rtl_0/ap_clk] [get_bd_pins MVAU_rtl_0/MVAU_rtl_0/ap_clk]
# connect_bd_intf_net [get_bd_intf_pins MVAU_rtl_0/in0_V] [get_bd_intf_pins MVAU_rtl_0/MVAU_rtl_0/in0_V]
# connect_bd_intf_net [get_bd_intf_pins MVAU_rtl_0/out_V] [get_bd_intf_pins MVAU_rtl_0/MVAU_rtl_0/out_V]
# save_bd_design
Wrote  : </tmp/finn_dev_emanuel-hernandez/vivado_stitch_proj_pm9ik9x1/finn_vivado_stitch_proj.srcs/sources_1/bd/finn_design/finn_design.bd> 
# add_files -norecurse /tmp/finn_dev_emanuel-hernandez/code_gen_ipgen_StreamingFIFO_rtl_27_agjbqf20/Q_srl.v
# add_files -norecurse /tmp/finn_dev_emanuel-hernandez/code_gen_ipgen_StreamingFIFO_rtl_27_agjbqf20/StreamingFIFO_rtl_27.v
# create_bd_cell -type module -reference StreamingFIFO_rtl_27 StreamingFIFO_rtl_27
INFO: [IP_Flow 19-5107] Inferred bus interface 'ap_clk' of definition 'xilinx.com:signal:clock:1.0' (from X_INTERFACE_INFO parameter from HDL file).
INFO: [IP_Flow 19-5107] Inferred bus interface 'ap_clk' of definition 'xilinx.com:signal:clock:1.0' (from 'X_INTERFACE_INFO' attribute).
INFO: [IP_Flow 19-5107] Inferred bus interface 'in0_V' of definition 'xilinx.com:interface:axis:1.0' (from Xilinx Repository).
INFO: [IP_Flow 19-5107] Inferred bus interface 'out_V' of definition 'xilinx.com:interface:axis:1.0' (from Xilinx Repository).
INFO: [IP_Flow 19-5107] Inferred bus interface 'ap_rst_n' of definition 'xilinx.com:signal:reset:1.0' (from Xilinx Repository).
INFO: [IP_Flow 19-4728] Bus Interface 'ap_rst_n': Added interface parameter 'POLARITY' with value 'ACTIVE_LOW'.
INFO: [IP_Flow 19-4728] Bus Interface 'ap_clk': Added interface parameter 'ASSOCIATED_RESET' with value 'ap_rst_n'.
INFO: [IP_Flow 19-4728] Bus Interface 'ap_clk': Added interface parameter 'ASSOCIATED_BUSIF' with value 'in0_V'.
WARNING: [IP_Flow 19-3157] Bus Interface 'ap_rst_n': Bus parameter POLARITY is ACTIVE_LOW but port 'ap_rst_n' is not *resetn - please double check the POLARITY setting.
INFO: [IP_Flow 19-234] Refreshing IP repositories
INFO: [IP_Flow 19-1700] Loaded user IP repository '/home/emanuel-hernandez/finn/finn-rtllib/memstream'.
INFO: [IP_Flow 19-1700] Loaded user IP repository '/tmp/finn_dev_emanuel-hernandez/code_gen_ipgen_StreamingFIFO_rtl_0_2xp77osi'.
INFO: [IP_Flow 19-1700] Loaded user IP repository '/tmp/finn_dev_emanuel-hernandez/code_gen_ipgen_FMPadding_rtl_0_ty50wf7f'.
INFO: [IP_Flow 19-1700] Loaded user IP repository '/tmp/finn_dev_emanuel-hernandez/code_gen_ipgen_StreamingFIFO_rtl_1_m6if6tq1'.
INFO: [IP_Flow 19-1700] Loaded user IP repository '/tmp/finn_dev_emanuel-hernandez/code_gen_ipgen_ConvolutionInputGenerator_rtl_0_czth98kw'.
INFO: [IP_Flow 19-1700] Loaded user IP repository '/tmp/finn_dev_emanuel-hernandez/code_gen_ipgen_StreamingFIFO_rtl_2_q6mksatc'.
INFO: [IP_Flow 19-1700] Loaded user IP repository '/tmp/finn_dev_emanuel-hernandez/code_gen_ipgen_MVAU_hls_0_23yd46c2/project_MVAU_hls_0/sol1/impl/ip'.
INFO: [IP_Flow 19-1700] Loaded user IP repository '/tmp/finn_dev_emanuel-hernandez/code_gen_ipgen_StreamingFIFO_rtl_3_p2hyhro8'.
INFO: [IP_Flow 19-1700] Loaded user IP repository '/tmp/finn_dev_emanuel-hernandez/code_gen_ipgen_StreamingDataWidthConverter_rtl_0_dgprmkiy'.
INFO: [IP_Flow 19-1700] Loaded user IP repository '/tmp/finn_dev_emanuel-hernandez/code_gen_ipgen_StreamingFIFO_rtl_4_lh6tdo7e'.
INFO: [IP_Flow 19-1700] Loaded user IP repository '/tmp/finn_dev_emanuel-hernandez/code_gen_ipgen_FMPadding_rtl_1_xpf90tc3'.
INFO: [IP_Flow 19-1700] Loaded user IP repository '/tmp/finn_dev_emanuel-hernandez/code_gen_ipgen_StreamingFIFO_rtl_5_vvlnqhpy'.
INFO: [IP_Flow 19-1700] Loaded user IP repository '/tmp/finn_dev_emanuel-hernandez/code_gen_ipgen_StreamingDataWidthConverter_rtl_1_jnol8bbv'.
INFO: [IP_Flow 19-1700] Loaded user IP repository '/tmp/finn_dev_emanuel-hernandez/code_gen_ipgen_StreamingFIFO_rtl_6_6f4ornhe'.
INFO: [IP_Flow 19-1700] Loaded user IP repository '/tmp/finn_dev_emanuel-hernandez/code_gen_ipgen_ConvolutionInputGenerator_rtl_1_3gytnw5p'.
INFO: [IP_Flow 19-1700] Loaded user IP repository '/tmp/finn_dev_emanuel-hernandez/code_gen_ipgen_StreamingFIFO_rtl_7_6w23ui98'.
INFO: [IP_Flow 19-1700] Loaded user IP repository '/tmp/finn_dev_emanuel-hernandez/code_gen_ipgen_StreamingDataWidthConverter_rtl_2_sg9hna6v'.
INFO: [IP_Flow 19-1700] Loaded user IP repository '/tmp/finn_dev_emanuel-hernandez/code_gen_ipgen_StreamingFIFO_rtl_8_fgp0hvu1'.
INFO: [IP_Flow 19-1700] Loaded user IP repository '/tmp/finn_dev_emanuel-hernandez/code_gen_ipgen_MVAU_hls_1_juaup5kq/project_MVAU_hls_1/sol1/impl/ip'.
INFO: [IP_Flow 19-1700] Loaded user IP repository '/tmp/finn_dev_emanuel-hernandez/code_gen_ipgen_StreamingFIFO_rtl_9_8p53cw18'.
INFO: [IP_Flow 19-1700] Loaded user IP repository '/tmp/finn_dev_emanuel-hernandez/code_gen_ipgen_StreamingDataWidthConverter_rtl_3_w9ea0x8t'.
INFO: [IP_Flow 19-1700] Loaded user IP repository '/tmp/finn_dev_emanuel-hernandez/code_gen_ipgen_StreamingFIFO_rtl_10_rz1ffexj'.
INFO: [IP_Flow 19-1700] Loaded user IP repository '/tmp/finn_dev_emanuel-hernandez/code_gen_ipgen_StreamingMaxPool_hls_0_u0p0cbhc/project_StreamingMaxPool_hls_0/sol1/impl/ip'.
INFO: [IP_Flow 19-1700] Loaded user IP repository '/tmp/finn_dev_emanuel-hernandez/code_gen_ipgen_StreamingFIFO_rtl_11_9xde0iu_'.
INFO: [IP_Flow 19-1700] Loaded user IP repository '/tmp/finn_dev_emanuel-hernandez/code_gen_ipgen_FMPadding_rtl_2_bfhymavv'.
INFO: [IP_Flow 19-1700] Loaded user IP repository '/tmp/finn_dev_emanuel-hernandez/code_gen_ipgen_StreamingFIFO_rtl_12_l1u5y9oq'.
INFO: [IP_Flow 19-1700] Loaded user IP repository '/tmp/finn_dev_emanuel-hernandez/code_gen_ipgen_StreamingDataWidthConverter_rtl_4_d3noeq7x'.
INFO: [IP_Flow 19-1700] Loaded user IP repository '/tmp/finn_dev_emanuel-hernandez/code_gen_ipgen_StreamingFIFO_rtl_13__5kvrwkr'.
INFO: [IP_Flow 19-1700] Loaded user IP repository '/tmp/finn_dev_emanuel-hernandez/code_gen_ipgen_ConvolutionInputGenerator_rtl_2_dtijaray'.
INFO: [IP_Flow 19-1700] Loaded user IP repository '/tmp/finn_dev_emanuel-hernandez/code_gen_ipgen_StreamingFIFO_rtl_14_90_nfugx'.
INFO: [IP_Flow 19-1700] Loaded user IP repository '/tmp/finn_dev_emanuel-hernandez/code_gen_ipgen_StreamingDataWidthConverter_rtl_5_eg6sc5c7'.
INFO: [IP_Flow 19-1700] Loaded user IP repository '/tmp/finn_dev_emanuel-hernandez/code_gen_ipgen_StreamingFIFO_rtl_15_6k7rpw6a'.
INFO: [IP_Flow 19-1700] Loaded user IP repository '/tmp/finn_dev_emanuel-hernandez/code_gen_ipgen_MVAU_hls_2_c_8z90e9/project_MVAU_hls_2/sol1/impl/ip'.
INFO: [IP_Flow 19-1700] Loaded user IP repository '/tmp/finn_dev_emanuel-hernandez/code_gen_ipgen_StreamingFIFO_rtl_16_dcyfzx2o'.
INFO: [IP_Flow 19-1700] Loaded user IP repository '/tmp/finn_dev_emanuel-hernandez/code_gen_ipgen_StreamingDataWidthConverter_rtl_6_03z4zugl'.
INFO: [IP_Flow 19-1700] Loaded user IP repository '/tmp/finn_dev_emanuel-hernandez/code_gen_ipgen_StreamingFIFO_rtl_17_ml8iegwl'.
INFO: [IP_Flow 19-1700] Loaded user IP repository '/tmp/finn_dev_emanuel-hernandez/code_gen_ipgen_FMPadding_rtl_3_2x9msyqe'.
INFO: [IP_Flow 19-1700] Loaded user IP repository '/tmp/finn_dev_emanuel-hernandez/code_gen_ipgen_StreamingFIFO_rtl_18_0dc9afhr'.
INFO: [IP_Flow 19-1700] Loaded user IP repository '/tmp/finn_dev_emanuel-hernandez/code_gen_ipgen_StreamingDataWidthConverter_rtl_7_4ikvmjoa'.
INFO: [IP_Flow 19-1700] Loaded user IP repository '/tmp/finn_dev_emanuel-hernandez/code_gen_ipgen_StreamingFIFO_rtl_19_dcp13z__'.
INFO: [IP_Flow 19-1700] Loaded user IP repository '/tmp/finn_dev_emanuel-hernandez/code_gen_ipgen_ConvolutionInputGenerator_rtl_3_s53q98tt'.
INFO: [IP_Flow 19-1700] Loaded user IP repository '/tmp/finn_dev_emanuel-hernandez/code_gen_ipgen_StreamingFIFO_rtl_20_zwdrd7b4'.
INFO: [IP_Flow 19-1700] Loaded user IP repository '/tmp/finn_dev_emanuel-hernandez/code_gen_ipgen_StreamingDataWidthConverter_rtl_8_7jr6z08o'.
INFO: [IP_Flow 19-1700] Loaded user IP repository '/tmp/finn_dev_emanuel-hernandez/code_gen_ipgen_StreamingFIFO_rtl_21_lv51e197'.
INFO: [IP_Flow 19-1700] Loaded user IP repository '/tmp/finn_dev_emanuel-hernandez/code_gen_ipgen_MVAU_hls_3_b35vdh1n/project_MVAU_hls_3/sol1/impl/ip'.
INFO: [IP_Flow 19-1700] Loaded user IP repository '/tmp/finn_dev_emanuel-hernandez/code_gen_ipgen_StreamingFIFO_rtl_22_byid7tf2'.
INFO: [IP_Flow 19-1700] Loaded user IP repository '/tmp/finn_dev_emanuel-hernandez/code_gen_ipgen_StreamingDataWidthConverter_rtl_9_1ve3wz7j'.
INFO: [IP_Flow 19-1700] Loaded user IP repository '/tmp/finn_dev_emanuel-hernandez/code_gen_ipgen_StreamingFIFO_rtl_23_zfz13eo2'.
INFO: [IP_Flow 19-1700] Loaded user IP repository '/tmp/finn_dev_emanuel-hernandez/code_gen_ipgen_StreamingMaxPool_hls_1_7wwp66zq/project_StreamingMaxPool_hls_1/sol1/impl/ip'.
INFO: [IP_Flow 19-1700] Loaded user IP repository '/tmp/finn_dev_emanuel-hernandez/code_gen_ipgen_StreamingFIFO_rtl_24_z54i444h'.
INFO: [IP_Flow 19-1700] Loaded user IP repository '/tmp/finn_dev_emanuel-hernandez/code_gen_ipgen_StreamingDataWidthConverter_rtl_10_yub6am8x'.
INFO: [IP_Flow 19-1700] Loaded user IP repository '/tmp/finn_dev_emanuel-hernandez/code_gen_ipgen_StreamingFIFO_rtl_25_k4tmsb30'.
INFO: [IP_Flow 19-1700] Loaded user IP repository '/tmp/finn_dev_emanuel-hernandez/code_gen_ipgen_MVAU_hls_4_tmhw3dtv/project_MVAU_hls_4/sol1/impl/ip'.
INFO: [IP_Flow 19-1700] Loaded user IP repository '/tmp/finn_dev_emanuel-hernandez/code_gen_ipgen_StreamingFIFO_rtl_26_8mjg4iui'.
INFO: [IP_Flow 19-1700] Loaded user IP repository '/tmp/finn_dev_emanuel-hernandez/code_gen_ipgen_MVAU_rtl_0_5irei88l'.
INFO: [IP_Flow 19-1700] Loaded user IP repository '/tmp/finn_dev_emanuel-hernandez/code_gen_ipgen_StreamingFIFO_rtl_27_agjbqf20'.
WARNING: [IP_Flow 19-3571] IP 'finn_design_StreamingFIFO_rtl_27_0' is restricted:
* Detected changes to module reference file(s).
create_bd_cell: Time (s): cpu = 00:00:50 ; elapsed = 00:00:11 . Memory (MB): peak = 1796.301 ; gain = 5.938 ; free physical = 2179 ; free virtual = 14907
# make_bd_pins_external [get_bd_pins StreamingFIFO_rtl_0/ap_clk]
# set_property name ap_clk [get_bd_ports ap_clk_0]
# make_bd_pins_external [get_bd_pins StreamingFIFO_rtl_0/ap_rst_n]
# set_property name ap_rst_n [get_bd_ports ap_rst_n_0]
# connect_bd_net [get_bd_ports ap_rst_n] [get_bd_pins FMPadding_rtl_0/ap_rst_n]
# connect_bd_net [get_bd_ports ap_clk] [get_bd_pins FMPadding_rtl_0/ap_clk]
# connect_bd_intf_net [get_bd_intf_pins StreamingFIFO_rtl_0/out_V] [get_bd_intf_pins FMPadding_rtl_0/in0_V]
# connect_bd_net [get_bd_ports ap_rst_n] [get_bd_pins StreamingFIFO_rtl_1/ap_rst_n]
# connect_bd_net [get_bd_ports ap_clk] [get_bd_pins StreamingFIFO_rtl_1/ap_clk]
# connect_bd_intf_net [get_bd_intf_pins FMPadding_rtl_0/out_V] [get_bd_intf_pins StreamingFIFO_rtl_1/in0_V]
# connect_bd_net [get_bd_ports ap_rst_n] [get_bd_pins ConvolutionInputGenerator_rtl_0/ap_rst_n]
# connect_bd_net [get_bd_ports ap_clk] [get_bd_pins ConvolutionInputGenerator_rtl_0/ap_clk]
# connect_bd_intf_net [get_bd_intf_pins StreamingFIFO_rtl_1/out_V] [get_bd_intf_pins ConvolutionInputGenerator_rtl_0/in0_V]
# connect_bd_net [get_bd_ports ap_rst_n] [get_bd_pins StreamingFIFO_rtl_2/ap_rst_n]
# connect_bd_net [get_bd_ports ap_clk] [get_bd_pins StreamingFIFO_rtl_2/ap_clk]
# connect_bd_intf_net [get_bd_intf_pins ConvolutionInputGenerator_rtl_0/out_V] [get_bd_intf_pins StreamingFIFO_rtl_2/in0_V]
# connect_bd_net [get_bd_ports ap_rst_n] [get_bd_pins MVAU_hls_0/ap_rst_n]
# connect_bd_net [get_bd_ports ap_clk] [get_bd_pins MVAU_hls_0/ap_clk]
# connect_bd_intf_net [get_bd_intf_pins StreamingFIFO_rtl_2/out_V] [get_bd_intf_pins MVAU_hls_0/in0_V]
# connect_bd_net [get_bd_ports ap_rst_n] [get_bd_pins StreamingFIFO_rtl_3/ap_rst_n]
# connect_bd_net [get_bd_ports ap_clk] [get_bd_pins StreamingFIFO_rtl_3/ap_clk]
# connect_bd_intf_net [get_bd_intf_pins MVAU_hls_0/out_V] [get_bd_intf_pins StreamingFIFO_rtl_3/in0_V]
# connect_bd_net [get_bd_ports ap_rst_n] [get_bd_pins StreamingDataWidthConverter_rtl_0/ap_rst_n]
# connect_bd_net [get_bd_ports ap_clk] [get_bd_pins StreamingDataWidthConverter_rtl_0/ap_clk]
# connect_bd_intf_net [get_bd_intf_pins StreamingFIFO_rtl_3/out_V] [get_bd_intf_pins StreamingDataWidthConverter_rtl_0/in0_V]
# connect_bd_net [get_bd_ports ap_rst_n] [get_bd_pins StreamingFIFO_rtl_4/ap_rst_n]
# connect_bd_net [get_bd_ports ap_clk] [get_bd_pins StreamingFIFO_rtl_4/ap_clk]
# connect_bd_intf_net [get_bd_intf_pins StreamingDataWidthConverter_rtl_0/out_V] [get_bd_intf_pins StreamingFIFO_rtl_4/in0_V]
# connect_bd_net [get_bd_ports ap_rst_n] [get_bd_pins FMPadding_rtl_1/ap_rst_n]
# connect_bd_net [get_bd_ports ap_clk] [get_bd_pins FMPadding_rtl_1/ap_clk]
# connect_bd_intf_net [get_bd_intf_pins StreamingFIFO_rtl_4/out_V] [get_bd_intf_pins FMPadding_rtl_1/in0_V]
# connect_bd_net [get_bd_ports ap_rst_n] [get_bd_pins StreamingFIFO_rtl_5/ap_rst_n]
# connect_bd_net [get_bd_ports ap_clk] [get_bd_pins StreamingFIFO_rtl_5/ap_clk]
# connect_bd_intf_net [get_bd_intf_pins FMPadding_rtl_1/out_V] [get_bd_intf_pins StreamingFIFO_rtl_5/in0_V]
# connect_bd_net [get_bd_ports ap_rst_n] [get_bd_pins StreamingDataWidthConverter_rtl_1/ap_rst_n]
# connect_bd_net [get_bd_ports ap_clk] [get_bd_pins StreamingDataWidthConverter_rtl_1/ap_clk]
# connect_bd_intf_net [get_bd_intf_pins StreamingFIFO_rtl_5/out_V] [get_bd_intf_pins StreamingDataWidthConverter_rtl_1/in0_V]
# connect_bd_net [get_bd_ports ap_rst_n] [get_bd_pins StreamingFIFO_rtl_6/ap_rst_n]
# connect_bd_net [get_bd_ports ap_clk] [get_bd_pins StreamingFIFO_rtl_6/ap_clk]
# connect_bd_intf_net [get_bd_intf_pins StreamingDataWidthConverter_rtl_1/out_V] [get_bd_intf_pins StreamingFIFO_rtl_6/in0_V]
# connect_bd_net [get_bd_ports ap_rst_n] [get_bd_pins ConvolutionInputGenerator_rtl_1/ap_rst_n]
# connect_bd_net [get_bd_ports ap_clk] [get_bd_pins ConvolutionInputGenerator_rtl_1/ap_clk]
# connect_bd_intf_net [get_bd_intf_pins StreamingFIFO_rtl_6/out_V] [get_bd_intf_pins ConvolutionInputGenerator_rtl_1/in0_V]
# connect_bd_net [get_bd_ports ap_rst_n] [get_bd_pins StreamingFIFO_rtl_7/ap_rst_n]
# connect_bd_net [get_bd_ports ap_clk] [get_bd_pins StreamingFIFO_rtl_7/ap_clk]
# connect_bd_intf_net [get_bd_intf_pins ConvolutionInputGenerator_rtl_1/out_V] [get_bd_intf_pins StreamingFIFO_rtl_7/in0_V]
# connect_bd_net [get_bd_ports ap_rst_n] [get_bd_pins StreamingDataWidthConverter_rtl_2/ap_rst_n]
# connect_bd_net [get_bd_ports ap_clk] [get_bd_pins StreamingDataWidthConverter_rtl_2/ap_clk]
# connect_bd_intf_net [get_bd_intf_pins StreamingFIFO_rtl_7/out_V] [get_bd_intf_pins StreamingDataWidthConverter_rtl_2/in0_V]
# connect_bd_net [get_bd_ports ap_rst_n] [get_bd_pins StreamingFIFO_rtl_8/ap_rst_n]
# connect_bd_net [get_bd_ports ap_clk] [get_bd_pins StreamingFIFO_rtl_8/ap_clk]
# connect_bd_intf_net [get_bd_intf_pins StreamingDataWidthConverter_rtl_2/out_V] [get_bd_intf_pins StreamingFIFO_rtl_8/in0_V]
# connect_bd_net [get_bd_ports ap_rst_n] [get_bd_pins MVAU_hls_1/ap_rst_n]
# connect_bd_net [get_bd_ports ap_clk] [get_bd_pins MVAU_hls_1/ap_clk]
# connect_bd_intf_net [get_bd_intf_pins StreamingFIFO_rtl_8/out_V] [get_bd_intf_pins MVAU_hls_1/in0_V]
# connect_bd_net [get_bd_ports ap_rst_n] [get_bd_pins StreamingFIFO_rtl_9/ap_rst_n]
# connect_bd_net [get_bd_ports ap_clk] [get_bd_pins StreamingFIFO_rtl_9/ap_clk]
# connect_bd_intf_net [get_bd_intf_pins MVAU_hls_1/out_V] [get_bd_intf_pins StreamingFIFO_rtl_9/in0_V]
# connect_bd_net [get_bd_ports ap_rst_n] [get_bd_pins StreamingDataWidthConverter_rtl_3/ap_rst_n]
# connect_bd_net [get_bd_ports ap_clk] [get_bd_pins StreamingDataWidthConverter_rtl_3/ap_clk]
# connect_bd_intf_net [get_bd_intf_pins StreamingFIFO_rtl_9/out_V] [get_bd_intf_pins StreamingDataWidthConverter_rtl_3/in0_V]
# connect_bd_net [get_bd_ports ap_rst_n] [get_bd_pins StreamingFIFO_rtl_10/ap_rst_n]
# connect_bd_net [get_bd_ports ap_clk] [get_bd_pins StreamingFIFO_rtl_10/ap_clk]
# connect_bd_intf_net [get_bd_intf_pins StreamingDataWidthConverter_rtl_3/out_V] [get_bd_intf_pins StreamingFIFO_rtl_10/in0_V]
# connect_bd_net [get_bd_ports ap_rst_n] [get_bd_pins StreamingMaxPool_hls_0/ap_rst_n]
# connect_bd_net [get_bd_ports ap_clk] [get_bd_pins StreamingMaxPool_hls_0/ap_clk]
# connect_bd_intf_net [get_bd_intf_pins StreamingFIFO_rtl_10/out_V] [get_bd_intf_pins StreamingMaxPool_hls_0/in0_V]
# connect_bd_net [get_bd_ports ap_rst_n] [get_bd_pins StreamingFIFO_rtl_11/ap_rst_n]
# connect_bd_net [get_bd_ports ap_clk] [get_bd_pins StreamingFIFO_rtl_11/ap_clk]
# connect_bd_intf_net [get_bd_intf_pins StreamingMaxPool_hls_0/out_V] [get_bd_intf_pins StreamingFIFO_rtl_11/in0_V]
# connect_bd_net [get_bd_ports ap_rst_n] [get_bd_pins FMPadding_rtl_2/ap_rst_n]
# connect_bd_net [get_bd_ports ap_clk] [get_bd_pins FMPadding_rtl_2/ap_clk]
# connect_bd_intf_net [get_bd_intf_pins StreamingFIFO_rtl_11/out_V] [get_bd_intf_pins FMPadding_rtl_2/in0_V]
# connect_bd_net [get_bd_ports ap_rst_n] [get_bd_pins StreamingFIFO_rtl_12/ap_rst_n]
# connect_bd_net [get_bd_ports ap_clk] [get_bd_pins StreamingFIFO_rtl_12/ap_clk]
# connect_bd_intf_net [get_bd_intf_pins FMPadding_rtl_2/out_V] [get_bd_intf_pins StreamingFIFO_rtl_12/in0_V]
# connect_bd_net [get_bd_ports ap_rst_n] [get_bd_pins StreamingDataWidthConverter_rtl_4/ap_rst_n]
# connect_bd_net [get_bd_ports ap_clk] [get_bd_pins StreamingDataWidthConverter_rtl_4/ap_clk]
# connect_bd_intf_net [get_bd_intf_pins StreamingFIFO_rtl_12/out_V] [get_bd_intf_pins StreamingDataWidthConverter_rtl_4/in0_V]
# connect_bd_net [get_bd_ports ap_rst_n] [get_bd_pins StreamingFIFO_rtl_13/ap_rst_n]
# connect_bd_net [get_bd_ports ap_clk] [get_bd_pins StreamingFIFO_rtl_13/ap_clk]
# connect_bd_intf_net [get_bd_intf_pins StreamingDataWidthConverter_rtl_4/out_V] [get_bd_intf_pins StreamingFIFO_rtl_13/in0_V]
# connect_bd_net [get_bd_ports ap_rst_n] [get_bd_pins ConvolutionInputGenerator_rtl_2/ap_rst_n]
# connect_bd_net [get_bd_ports ap_clk] [get_bd_pins ConvolutionInputGenerator_rtl_2/ap_clk]
# connect_bd_intf_net [get_bd_intf_pins StreamingFIFO_rtl_13/out_V] [get_bd_intf_pins ConvolutionInputGenerator_rtl_2/in0_V]
# connect_bd_net [get_bd_ports ap_rst_n] [get_bd_pins StreamingFIFO_rtl_14/ap_rst_n]
# connect_bd_net [get_bd_ports ap_clk] [get_bd_pins StreamingFIFO_rtl_14/ap_clk]
# connect_bd_intf_net [get_bd_intf_pins ConvolutionInputGenerator_rtl_2/out_V] [get_bd_intf_pins StreamingFIFO_rtl_14/in0_V]
# connect_bd_net [get_bd_ports ap_rst_n] [get_bd_pins StreamingDataWidthConverter_rtl_5/ap_rst_n]
# connect_bd_net [get_bd_ports ap_clk] [get_bd_pins StreamingDataWidthConverter_rtl_5/ap_clk]
# connect_bd_intf_net [get_bd_intf_pins StreamingFIFO_rtl_14/out_V] [get_bd_intf_pins StreamingDataWidthConverter_rtl_5/in0_V]
# connect_bd_net [get_bd_ports ap_rst_n] [get_bd_pins StreamingFIFO_rtl_15/ap_rst_n]
# connect_bd_net [get_bd_ports ap_clk] [get_bd_pins StreamingFIFO_rtl_15/ap_clk]
# connect_bd_intf_net [get_bd_intf_pins StreamingDataWidthConverter_rtl_5/out_V] [get_bd_intf_pins StreamingFIFO_rtl_15/in0_V]
# connect_bd_net [get_bd_ports ap_rst_n] [get_bd_pins MVAU_hls_2/ap_rst_n]
# connect_bd_net [get_bd_ports ap_clk] [get_bd_pins MVAU_hls_2/ap_clk]
# connect_bd_intf_net [get_bd_intf_pins StreamingFIFO_rtl_15/out_V] [get_bd_intf_pins MVAU_hls_2/in0_V]
# connect_bd_net [get_bd_ports ap_rst_n] [get_bd_pins StreamingFIFO_rtl_16/ap_rst_n]
# connect_bd_net [get_bd_ports ap_clk] [get_bd_pins StreamingFIFO_rtl_16/ap_clk]
# connect_bd_intf_net [get_bd_intf_pins MVAU_hls_2/out_V] [get_bd_intf_pins StreamingFIFO_rtl_16/in0_V]
# connect_bd_net [get_bd_ports ap_rst_n] [get_bd_pins StreamingDataWidthConverter_rtl_6/ap_rst_n]
# connect_bd_net [get_bd_ports ap_clk] [get_bd_pins StreamingDataWidthConverter_rtl_6/ap_clk]
# connect_bd_intf_net [get_bd_intf_pins StreamingFIFO_rtl_16/out_V] [get_bd_intf_pins StreamingDataWidthConverter_rtl_6/in0_V]
# connect_bd_net [get_bd_ports ap_rst_n] [get_bd_pins StreamingFIFO_rtl_17/ap_rst_n]
# connect_bd_net [get_bd_ports ap_clk] [get_bd_pins StreamingFIFO_rtl_17/ap_clk]
# connect_bd_intf_net [get_bd_intf_pins StreamingDataWidthConverter_rtl_6/out_V] [get_bd_intf_pins StreamingFIFO_rtl_17/in0_V]
# connect_bd_net [get_bd_ports ap_rst_n] [get_bd_pins FMPadding_rtl_3/ap_rst_n]
# connect_bd_net [get_bd_ports ap_clk] [get_bd_pins FMPadding_rtl_3/ap_clk]
# connect_bd_intf_net [get_bd_intf_pins StreamingFIFO_rtl_17/out_V] [get_bd_intf_pins FMPadding_rtl_3/in0_V]
# connect_bd_net [get_bd_ports ap_rst_n] [get_bd_pins StreamingFIFO_rtl_18/ap_rst_n]
# connect_bd_net [get_bd_ports ap_clk] [get_bd_pins StreamingFIFO_rtl_18/ap_clk]
# connect_bd_intf_net [get_bd_intf_pins FMPadding_rtl_3/out_V] [get_bd_intf_pins StreamingFIFO_rtl_18/in0_V]
# connect_bd_net [get_bd_ports ap_rst_n] [get_bd_pins StreamingDataWidthConverter_rtl_7/ap_rst_n]
# connect_bd_net [get_bd_ports ap_clk] [get_bd_pins StreamingDataWidthConverter_rtl_7/ap_clk]
# connect_bd_intf_net [get_bd_intf_pins StreamingFIFO_rtl_18/out_V] [get_bd_intf_pins StreamingDataWidthConverter_rtl_7/in0_V]
# connect_bd_net [get_bd_ports ap_rst_n] [get_bd_pins StreamingFIFO_rtl_19/ap_rst_n]
# connect_bd_net [get_bd_ports ap_clk] [get_bd_pins StreamingFIFO_rtl_19/ap_clk]
# connect_bd_intf_net [get_bd_intf_pins StreamingDataWidthConverter_rtl_7/out_V] [get_bd_intf_pins StreamingFIFO_rtl_19/in0_V]
# connect_bd_net [get_bd_ports ap_rst_n] [get_bd_pins ConvolutionInputGenerator_rtl_3/ap_rst_n]
# connect_bd_net [get_bd_ports ap_clk] [get_bd_pins ConvolutionInputGenerator_rtl_3/ap_clk]
# connect_bd_intf_net [get_bd_intf_pins StreamingFIFO_rtl_19/out_V] [get_bd_intf_pins ConvolutionInputGenerator_rtl_3/in0_V]
# connect_bd_net [get_bd_ports ap_rst_n] [get_bd_pins StreamingFIFO_rtl_20/ap_rst_n]
# connect_bd_net [get_bd_ports ap_clk] [get_bd_pins StreamingFIFO_rtl_20/ap_clk]
# connect_bd_intf_net [get_bd_intf_pins ConvolutionInputGenerator_rtl_3/out_V] [get_bd_intf_pins StreamingFIFO_rtl_20/in0_V]
# connect_bd_net [get_bd_ports ap_rst_n] [get_bd_pins StreamingDataWidthConverter_rtl_8/ap_rst_n]
# connect_bd_net [get_bd_ports ap_clk] [get_bd_pins StreamingDataWidthConverter_rtl_8/ap_clk]
# connect_bd_intf_net [get_bd_intf_pins StreamingFIFO_rtl_20/out_V] [get_bd_intf_pins StreamingDataWidthConverter_rtl_8/in0_V]
# connect_bd_net [get_bd_ports ap_rst_n] [get_bd_pins StreamingFIFO_rtl_21/ap_rst_n]
# connect_bd_net [get_bd_ports ap_clk] [get_bd_pins StreamingFIFO_rtl_21/ap_clk]
# connect_bd_intf_net [get_bd_intf_pins StreamingDataWidthConverter_rtl_8/out_V] [get_bd_intf_pins StreamingFIFO_rtl_21/in0_V]
# connect_bd_net [get_bd_ports ap_rst_n] [get_bd_pins MVAU_hls_3/ap_rst_n]
# connect_bd_net [get_bd_ports ap_clk] [get_bd_pins MVAU_hls_3/ap_clk]
# connect_bd_intf_net [get_bd_intf_pins StreamingFIFO_rtl_21/out_V] [get_bd_intf_pins MVAU_hls_3/in0_V]
# connect_bd_net [get_bd_ports ap_rst_n] [get_bd_pins StreamingFIFO_rtl_22/ap_rst_n]
# connect_bd_net [get_bd_ports ap_clk] [get_bd_pins StreamingFIFO_rtl_22/ap_clk]
# connect_bd_intf_net [get_bd_intf_pins MVAU_hls_3/out_V] [get_bd_intf_pins StreamingFIFO_rtl_22/in0_V]
# connect_bd_net [get_bd_ports ap_rst_n] [get_bd_pins StreamingDataWidthConverter_rtl_9/ap_rst_n]
# connect_bd_net [get_bd_ports ap_clk] [get_bd_pins StreamingDataWidthConverter_rtl_9/ap_clk]
# connect_bd_intf_net [get_bd_intf_pins StreamingFIFO_rtl_22/out_V] [get_bd_intf_pins StreamingDataWidthConverter_rtl_9/in0_V]
# connect_bd_net [get_bd_ports ap_rst_n] [get_bd_pins StreamingFIFO_rtl_23/ap_rst_n]
# connect_bd_net [get_bd_ports ap_clk] [get_bd_pins StreamingFIFO_rtl_23/ap_clk]
# connect_bd_intf_net [get_bd_intf_pins StreamingDataWidthConverter_rtl_9/out_V] [get_bd_intf_pins StreamingFIFO_rtl_23/in0_V]
# connect_bd_net [get_bd_ports ap_rst_n] [get_bd_pins StreamingMaxPool_hls_1/ap_rst_n]
# connect_bd_net [get_bd_ports ap_clk] [get_bd_pins StreamingMaxPool_hls_1/ap_clk]
# connect_bd_intf_net [get_bd_intf_pins StreamingFIFO_rtl_23/out_V] [get_bd_intf_pins StreamingMaxPool_hls_1/in0_V]
# connect_bd_net [get_bd_ports ap_rst_n] [get_bd_pins StreamingFIFO_rtl_24/ap_rst_n]
# connect_bd_net [get_bd_ports ap_clk] [get_bd_pins StreamingFIFO_rtl_24/ap_clk]
# connect_bd_intf_net [get_bd_intf_pins StreamingMaxPool_hls_1/out_V] [get_bd_intf_pins StreamingFIFO_rtl_24/in0_V]
# connect_bd_net [get_bd_ports ap_rst_n] [get_bd_pins StreamingDataWidthConverter_rtl_10/ap_rst_n]
# connect_bd_net [get_bd_ports ap_clk] [get_bd_pins StreamingDataWidthConverter_rtl_10/ap_clk]
# connect_bd_intf_net [get_bd_intf_pins StreamingFIFO_rtl_24/out_V] [get_bd_intf_pins StreamingDataWidthConverter_rtl_10/in0_V]
# connect_bd_net [get_bd_ports ap_rst_n] [get_bd_pins StreamingFIFO_rtl_25/ap_rst_n]
# connect_bd_net [get_bd_ports ap_clk] [get_bd_pins StreamingFIFO_rtl_25/ap_clk]
# connect_bd_intf_net [get_bd_intf_pins StreamingDataWidthConverter_rtl_10/out_V] [get_bd_intf_pins StreamingFIFO_rtl_25/in0_V]
# connect_bd_net [get_bd_ports ap_rst_n] [get_bd_pins MVAU_hls_4/ap_rst_n]
# connect_bd_net [get_bd_ports ap_clk] [get_bd_pins MVAU_hls_4/ap_clk]
# connect_bd_intf_net [get_bd_intf_pins StreamingFIFO_rtl_25/out_V] [get_bd_intf_pins MVAU_hls_4/in0_V]
# connect_bd_net [get_bd_ports ap_rst_n] [get_bd_pins StreamingFIFO_rtl_26/ap_rst_n]
# connect_bd_net [get_bd_ports ap_clk] [get_bd_pins StreamingFIFO_rtl_26/ap_clk]
# connect_bd_intf_net [get_bd_intf_pins MVAU_hls_4/out_V] [get_bd_intf_pins StreamingFIFO_rtl_26/in0_V]
# connect_bd_net [get_bd_ports ap_rst_n] [get_bd_pins MVAU_rtl_0/ap_rst_n]
# connect_bd_net [get_bd_ports ap_clk] [get_bd_pins MVAU_rtl_0/ap_clk]
# connect_bd_intf_net [get_bd_intf_pins StreamingFIFO_rtl_26/out_V] [get_bd_intf_pins MVAU_rtl_0/in0_V]
# connect_bd_net [get_bd_ports ap_rst_n] [get_bd_pins StreamingFIFO_rtl_27/ap_rst_n]
# connect_bd_net [get_bd_ports ap_clk] [get_bd_pins StreamingFIFO_rtl_27/ap_clk]
# connect_bd_intf_net [get_bd_intf_pins MVAU_rtl_0/out_V] [get_bd_intf_pins StreamingFIFO_rtl_27/in0_V]
# make_bd_intf_pins_external [get_bd_intf_pins StreamingFIFO_rtl_0/in0_V]
# set_property name s_axis_0 [get_bd_intf_ports in0_V_0]
# make_bd_intf_pins_external [get_bd_intf_pins StreamingFIFO_rtl_27/out_V]
# set_property name m_axis_0 [get_bd_intf_ports out_V_0]
# set_property CONFIG.FREQ_HZ 200000000 [get_bd_ports /ap_clk]
# validate_bd_design
WARNING: [BD 41-927] Following properties on pin /MVAU_hls_0/MVAU_hls_0_wstrm/ap_clk have been updated from connected ip, but BD cell '/MVAU_hls_0/MVAU_hls_0_wstrm' does not accept parameter changes, so they may not be synchronized with cell properties:
	FREQ_HZ = 200000000 
Please resolve any mismatches by directly setting properties on BD cell </MVAU_hls_0/MVAU_hls_0_wstrm> to completely resolve these warnings.
WARNING: [BD 41-927] Following properties on pin /MVAU_hls_1/MVAU_hls_1_wstrm/ap_clk have been updated from connected ip, but BD cell '/MVAU_hls_1/MVAU_hls_1_wstrm' does not accept parameter changes, so they may not be synchronized with cell properties:
	FREQ_HZ = 200000000 
Please resolve any mismatches by directly setting properties on BD cell </MVAU_hls_1/MVAU_hls_1_wstrm> to completely resolve these warnings.
WARNING: [BD 41-927] Following properties on pin /MVAU_hls_2/MVAU_hls_2_wstrm/ap_clk have been updated from connected ip, but BD cell '/MVAU_hls_2/MVAU_hls_2_wstrm' does not accept parameter changes, so they may not be synchronized with cell properties:
	FREQ_HZ = 200000000 
Please resolve any mismatches by directly setting properties on BD cell </MVAU_hls_2/MVAU_hls_2_wstrm> to completely resolve these warnings.
WARNING: [BD 41-927] Following properties on pin /MVAU_hls_3/MVAU_hls_3_wstrm/ap_clk have been updated from connected ip, but BD cell '/MVAU_hls_3/MVAU_hls_3_wstrm' does not accept parameter changes, so they may not be synchronized with cell properties:
	FREQ_HZ = 200000000 
Please resolve any mismatches by directly setting properties on BD cell </MVAU_hls_3/MVAU_hls_3_wstrm> to completely resolve these warnings.
WARNING: [BD 41-927] Following properties on pin /MVAU_hls_4/MVAU_hls_4_wstrm/ap_clk have been updated from connected ip, but BD cell '/MVAU_hls_4/MVAU_hls_4_wstrm' does not accept parameter changes, so they may not be synchronized with cell properties:
	FREQ_HZ = 200000000 
Please resolve any mismatches by directly setting properties on BD cell </MVAU_hls_4/MVAU_hls_4_wstrm> to completely resolve these warnings.
WARNING: [BD 41-927] Following properties on pin /MVAU_rtl_0/MVAU_rtl_0_wstrm/ap_clk have been updated from connected ip, but BD cell '/MVAU_rtl_0/MVAU_rtl_0_wstrm' does not accept parameter changes, so they may not be synchronized with cell properties:
	FREQ_HZ = 200000000 
Please resolve any mismatches by directly setting properties on BD cell </MVAU_rtl_0/MVAU_rtl_0_wstrm> to completely resolve these warnings.
# save_bd_design
Wrote  : </tmp/finn_dev_emanuel-hernandez/vivado_stitch_proj_pm9ik9x1/finn_vivado_stitch_proj.srcs/sources_1/bd/finn_design/finn_design.bd> 
# make_wrapper -files [get_files /tmp/finn_dev_emanuel-hernandez/vivado_stitch_proj_pm9ik9x1/finn_vivado_stitch_proj.srcs/sources_1/bd/finn_design/finn_design.bd] -top
INFO: [BD 41-1662] The design 'finn_design.bd' is already validated. Therefore parameter propagation will not be re-run.
Verilog Output written to : /tmp/finn_dev_emanuel-hernandez/vivado_stitch_proj_pm9ik9x1/finn_vivado_stitch_proj.gen/sources_1/bd/finn_design/synth/finn_design.v
Verilog Output written to : /tmp/finn_dev_emanuel-hernandez/vivado_stitch_proj_pm9ik9x1/finn_vivado_stitch_proj.gen/sources_1/bd/finn_design/sim/finn_design.v
Verilog Output written to : /tmp/finn_dev_emanuel-hernandez/vivado_stitch_proj_pm9ik9x1/finn_vivado_stitch_proj.gen/sources_1/bd/finn_design/hdl/finn_design_wrapper.v
# add_files -norecurse /tmp/finn_dev_emanuel-hernandez/vivado_stitch_proj_pm9ik9x1/finn_vivado_stitch_proj.srcs/sources_1/bd/finn_design/hdl/finn_design_wrapper.v
INFO: [Project 1-1716] Could not find the wrapper file /tmp/finn_dev_emanuel-hernandez/vivado_stitch_proj_pm9ik9x1/finn_vivado_stitch_proj.srcs/sources_1/bd/finn_design/hdl/finn_design_wrapper.v, checking in project .gen location instead.
INFO: [Vivado 12-12390] Found file /tmp/finn_dev_emanuel-hernandez/vivado_stitch_proj_pm9ik9x1/finn_vivado_stitch_proj.gen/sources_1/bd/finn_design/hdl/finn_design_wrapper.v, adding it to Project
# set_property top finn_design_wrapper [current_fileset]
# ipx::package_project -root_dir /tmp/finn_dev_emanuel-hernandez/vivado_stitch_proj_pm9ik9x1/ip -vendor xilinx_finn -library finn -taxonomy /UserIP -module finn_design -import_files
INFO: [BD 41-1662] The design 'finn_design.bd' is already validated. Therefore parameter propagation will not be re-run.
Verilog Output written to : /tmp/finn_dev_emanuel-hernandez/vivado_stitch_proj_pm9ik9x1/finn_vivado_stitch_proj.gen/sources_1/bd/finn_design/synth/finn_design.v
Verilog Output written to : /tmp/finn_dev_emanuel-hernandez/vivado_stitch_proj_pm9ik9x1/finn_vivado_stitch_proj.gen/sources_1/bd/finn_design/sim/finn_design.v
Verilog Output written to : /tmp/finn_dev_emanuel-hernandez/vivado_stitch_proj_pm9ik9x1/finn_vivado_stitch_proj.gen/sources_1/bd/finn_design/hdl/finn_design_wrapper.v
INFO: [BD 41-1029] Generation completed for the IP Integrator block StreamingFIFO_rtl_0 .
INFO: [BD 41-1029] Generation completed for the IP Integrator block FMPadding_rtl_0 .
INFO: [BD 41-1029] Generation completed for the IP Integrator block StreamingFIFO_rtl_1/fifo .
INFO: [BD 41-1029] Generation completed for the IP Integrator block ConvolutionInputGenerator_rtl_0 .
INFO: [BD 41-1029] Generation completed for the IP Integrator block StreamingFIFO_rtl_2/fifo .
INFO: [BD 41-1029] Generation completed for the IP Integrator block MVAU_hls_0/MVAU_hls_0 .
INFO: [BD 41-1029] Generation completed for the IP Integrator block MVAU_hls_0/MVAU_hls_0_wstrm .
INFO: [BD 41-1029] Generation completed for the IP Integrator block StreamingFIFO_rtl_3 .
INFO: [BD 41-1029] Generation completed for the IP Integrator block StreamingDataWidthConverter_rtl_0 .
INFO: [BD 41-1029] Generation completed for the IP Integrator block StreamingFIFO_rtl_4 .
INFO: [BD 41-1029] Generation completed for the IP Integrator block FMPadding_rtl_1 .
INFO: [BD 41-1029] Generation completed for the IP Integrator block StreamingFIFO_rtl_5 .
INFO: [BD 41-1029] Generation completed for the IP Integrator block StreamingDataWidthConverter_rtl_1 .
INFO: [BD 41-1029] Generation completed for the IP Integrator block StreamingFIFO_rtl_6/fifo .
INFO: [BD 41-1029] Generation completed for the IP Integrator block ConvolutionInputGenerator_rtl_1 .
INFO: [BD 41-1029] Generation completed for the IP Integrator block StreamingFIFO_rtl_7 .
INFO: [BD 41-1029] Generation completed for the IP Integrator block StreamingDataWidthConverter_rtl_2 .
INFO: [BD 41-1029] Generation completed for the IP Integrator block StreamingFIFO_rtl_8 .
INFO: [BD 41-1029] Generation completed for the IP Integrator block MVAU_hls_1/MVAU_hls_1 .
INFO: [BD 41-1029] Generation completed for the IP Integrator block MVAU_hls_1/MVAU_hls_1_wstrm .
INFO: [BD 41-1029] Generation completed for the IP Integrator block StreamingFIFO_rtl_9 .
INFO: [BD 41-1029] Generation completed for the IP Integrator block StreamingDataWidthConverter_rtl_3 .
INFO: [BD 41-1029] Generation completed for the IP Integrator block StreamingFIFO_rtl_10 .
INFO: [BD 41-1029] Generation completed for the IP Integrator block StreamingMaxPool_hls_0 .
INFO: [BD 41-1029] Generation completed for the IP Integrator block StreamingFIFO_rtl_11 .
INFO: [BD 41-1029] Generation completed for the IP Integrator block FMPadding_rtl_2 .
INFO: [BD 41-1029] Generation completed for the IP Integrator block StreamingFIFO_rtl_12 .
INFO: [BD 41-1029] Generation completed for the IP Integrator block StreamingDataWidthConverter_rtl_4 .
INFO: [BD 41-1029] Generation completed for the IP Integrator block StreamingFIFO_rtl_13/fifo .
INFO: [BD 41-1029] Generation completed for the IP Integrator block ConvolutionInputGenerator_rtl_2 .
INFO: [BD 41-1029] Generation completed for the IP Integrator block StreamingFIFO_rtl_14 .
INFO: [BD 41-1029] Generation completed for the IP Integrator block StreamingDataWidthConverter_rtl_5 .
INFO: [BD 41-1029] Generation completed for the IP Integrator block StreamingFIFO_rtl_15/fifo .
INFO: [BD 41-1029] Generation completed for the IP Integrator block MVAU_hls_2/MVAU_hls_2 .
INFO: [BD 41-1029] Generation completed for the IP Integrator block MVAU_hls_2/MVAU_hls_2_wstrm .
INFO: [BD 41-1029] Generation completed for the IP Integrator block StreamingFIFO_rtl_16 .
INFO: [BD 41-1029] Generation completed for the IP Integrator block StreamingDataWidthConverter_rtl_6 .
INFO: [BD 41-1029] Generation completed for the IP Integrator block StreamingFIFO_rtl_17 .
INFO: [BD 41-1029] Generation completed for the IP Integrator block FMPadding_rtl_3 .
INFO: [BD 41-1029] Generation completed for the IP Integrator block StreamingFIFO_rtl_18 .
INFO: [BD 41-1029] Generation completed for the IP Integrator block StreamingDataWidthConverter_rtl_7 .
INFO: [BD 41-1029] Generation completed for the IP Integrator block StreamingFIFO_rtl_19/fifo .
INFO: [BD 41-1029] Generation completed for the IP Integrator block ConvolutionInputGenerator_rtl_3 .
INFO: [BD 41-1029] Generation completed for the IP Integrator block StreamingFIFO_rtl_20 .
INFO: [BD 41-1029] Generation completed for the IP Integrator block StreamingDataWidthConverter_rtl_8 .
INFO: [BD 41-1029] Generation completed for the IP Integrator block StreamingFIFO_rtl_21/fifo .
INFO: [BD 41-1029] Generation completed for the IP Integrator block MVAU_hls_3/MVAU_hls_3 .
INFO: [BD 41-1029] Generation completed for the IP Integrator block MVAU_hls_3/MVAU_hls_3_wstrm .
INFO: [BD 41-1029] Generation completed for the IP Integrator block StreamingFIFO_rtl_22 .
INFO: [BD 41-1029] Generation completed for the IP Integrator block StreamingDataWidthConverter_rtl_9 .
INFO: [BD 41-1029] Generation completed for the IP Integrator block StreamingFIFO_rtl_23 .
INFO: [BD 41-1029] Generation completed for the IP Integrator block StreamingMaxPool_hls_1 .
INFO: [BD 41-1029] Generation completed for the IP Integrator block StreamingFIFO_rtl_24 .
INFO: [BD 41-1029] Generation completed for the IP Integrator block StreamingDataWidthConverter_rtl_10 .
INFO: [BD 41-1029] Generation completed for the IP Integrator block StreamingFIFO_rtl_25 .
INFO: [BD 41-1029] Generation completed for the IP Integrator block MVAU_hls_4/MVAU_hls_4 .
INFO: [BD 41-1029] Generation completed for the IP Integrator block MVAU_hls_4/MVAU_hls_4_wstrm .
INFO: [BD 41-1029] Generation completed for the IP Integrator block StreamingFIFO_rtl_26 .
INFO: [BD 41-1029] Generation completed for the IP Integrator block MVAU_rtl_0/MVAU_rtl_0 .
INFO: [BD 41-1029] Generation completed for the IP Integrator block MVAU_rtl_0/MVAU_rtl_0_wstrm .
INFO: [BD 41-1029] Generation completed for the IP Integrator block StreamingFIFO_rtl_27 .
Exporting to file /tmp/finn_dev_emanuel-hernandez/vivado_stitch_proj_pm9ik9x1/finn_vivado_stitch_proj.gen/sources_1/bd/finn_design/hw_handoff/finn_design.hwh
Generated Hardware Definition File /tmp/finn_dev_emanuel-hernandez/vivado_stitch_proj_pm9ik9x1/finn_vivado_stitch_proj.gen/sources_1/bd/finn_design/synth/finn_design.hwdef
INFO: [IP_Flow 19-5654] Module 'finn_design' uses SystemVerilog sources with a Verilog top file. These SystemVerilog files will not be analysed by the packager.
CRITICAL WARNING: [IP_Flow 19-5234] Found an invalid attribute: 'Misformed interface info attr: xilinx.com:interface:axis:1.0 m_axis_0'
CRITICAL WARNING: [IP_Flow 19-5234] Found an invalid attribute: 'Misformed interface info attr: xilinx.com:interface:axis:1.0 m_axis_0'
CRITICAL WARNING: [IP_Flow 19-5234] Found an invalid attribute: 'Misformed interface info attr: xilinx.com:interface:axis:1.0 m_axis_0'
CRITICAL WARNING: [IP_Flow 19-5234] Found an invalid attribute: 'Misformed interface info attr: xilinx.com:interface:axis:1.0 s_axis_0'
CRITICAL WARNING: [IP_Flow 19-5234] Found an invalid attribute: 'Misformed interface info attr: xilinx.com:interface:axis:1.0 s_axis_0'
CRITICAL WARNING: [IP_Flow 19-5234] Found an invalid attribute: 'Misformed interface info attr: xilinx.com:interface:axis:1.0 s_axis_0'
INFO: [IP_Flow 19-7067] Note that bus interface 's_axis_0' has a fixed FREQ_HZ of '200000000'. This value will be respected whenever this IP is instantiated in IP Integrator.
INFO: [IP_Flow 19-7067] Note that bus interface 'm_axis_0' has a fixed FREQ_HZ of '200000000'. This value will be respected whenever this IP is instantiated in IP Integrator.
INFO: [IP_Flow 19-7067] Note that bus interface 'CLK.AP_CLK' has a fixed FREQ_HZ of '200000000'. This value will be respected whenever this IP is instantiated in IP Integrator.
WARNING: [IP_Flow 19-3157] Bus Interface 'RST.AP_RST_N': Bus parameter POLARITY is ACTIVE_LOW but port 'ap_rst_n' is not *resetn - please double check the POLARITY setting.
INFO: [IP_Flow 19-2181] Payment Required is not set for this core.
INFO: [IP_Flow 19-2187] The Product Guide file is missing.
# set_property ipi_drc {ignore_freq_hz true} [ipx::current_core]
# ipx::remove_segment -quiet m_axi_gmem0:APERTURE_0 [ipx::get_address_spaces m_axi_gmem0 -of_objects [ipx::current_core]]
# set_property core_revision 2 [ipx::find_open_core xilinx_finn:finn:finn_design:1.0]
# ipx::create_xgui_files [ipx::find_open_core xilinx_finn:finn:finn_design:1.0]
# set_property value_resolve_type user [ipx::get_bus_parameters -of [ipx::get_bus_interfaces -of [ipx::current_core ]]]
# set core [ipx::current_core]
# file copy -force data ip/
# set file_group [ipx::add_file_group -type software_driver {} $core]
# set_property type mdd       [ipx::add_file data/finn_design.mdd $file_group]
# set_property type tclSource [ipx::add_file data/finn_design.tcl $file_group]
# set impl_files [ipx::get_file_groups xilinx_implementation -of $core]
# foreach xci [ipx::get_files -of $impl_files {*.xci}] {
#     ipx::remove_file [get_property NAME $xci] $impl_files
# }
WARNING: [BD 5-233] No interface ports matched 'get_bd_intf_ports -filter CONFIG.PROTOCOL==AXI4LITE'
# foreach port [get_bd_intf_ports -filter {CONFIG.PROTOCOL==AXI4LITE}] {
#     set pin $port
#     set awidth ""
#     while { $awidth == "" } {
#         set pins [get_bd_intf_pins -of [get_bd_intf_nets -boundary_type lower -of $pin]]
#         set kill [lsearch $pins $pin]
#         if { $kill >= 0 } { set pins [lreplace $pins $kill $kill] }
#         if { [llength $pins] != 1 } { break }
#         set pin [lindex $pins 0]
#         set awidth [get_property CONFIG.ADDR_WIDTH $pin]
#     }
#     if { $awidth == "" } {
#        puts "CRITICAL WARNING: Unable to construct address map for $port."
#     } {
#        set range [expr 2**$awidth]
#        set range [expr $range < 4096 ? 4096 : $range]
#        puts "INFO: Building address map for $port: 0+:$range"
#        set name [get_property NAME $port]
#        set addr_block [ipx::add_address_block Reg0 [ipx::add_memory_map $name $core]]
#        set_property range $range $addr_block
#        set_property slave_memory_map_ref $name [ipx::get_bus_interfaces $name -of $core]
#     }
# }
# ipx::update_checksums $core
# ipx::save_core $core
# file rename -force ip/component.xml ip/component.bak
# set ifile [open ip/component.bak r]
# set ofile [open ip/component.xml w]
# set buf [list]
# set kill 0
# while { [eof $ifile] != 1 } {
#     gets $ifile line
#     if { [string match {*<spirit:fileSet>*} $line] == 1 } {
#         foreach l $buf { puts $ofile $l }
#         set buf [list $line]
#     } elseif { [llength $buf] > 0 } {
#         lappend buf $line
# 
#         if { [string match {*</spirit:fileSet>*} $line] == 1 } {
#             if { $kill == 0 } { foreach l $buf { puts $ofile $l } }
#             set buf [list]
#             set kill 0
#         } elseif { [string match {*<xilinx:subCoreRef>*} $line] == 1 } {
#             set kill 1
#         }
#     } else {
#         puts $ofile $line
#     }
# }
# close $ifile
# close $ofile
# set all_v_files [get_files -filter {USED_IN_SYNTHESIS == 1 && (FILE_TYPE == Verilog || FILE_TYPE == SystemVerilog || FILE_TYPE =="Verilog Header")}]
# set fp [open /tmp/finn_dev_emanuel-hernandez/vivado_stitch_proj_pm9ik9x1/all_verilog_srcs.txt w]
# foreach vf $all_v_files {puts $fp $vf}
# close $fp
INFO: [Common 17-206] Exiting Vivado at Sat Apr 18 20:45:31 2026...
