{
  "loss": [
    1.1161444187164307,
    0.9180740118026733,
    0.8186308741569519,
    0.8035238981246948,
    0.772290050983429,
    0.7144247889518738,
    0.7619675397872925,
    0.6981871724128723,
    0.6906073093414307,
    0.6944743990898132,
    0.6915430426597595,
    0.6480328440666199,
    0.6694895029067993,
    0.6778762340545654
  ],
  "accuracy": [
    0.6710183024406433,
    0.7097476124763489,
    0.722802460193634,
    0.7332463264465332,
    0.7380330562591553,
    0.7471714615821838,
    0.7349869608879089,
    0.7597911357879639,
    0.755004346370697,
    0.7593559622764587,
    0.7641427516937256,
    0.7658833861351013,
    0.7554395198822021,
    0.7606614232063293
  ],
  "val_loss": [
    1.0798619985580444,
    0.8096596598625183,
    0.8864891529083252,
    0.6298415660858154,
    0.9738054275512695,
    1.167573094367981,
    0.73065584897995,
    0.7113561034202576,
    0.762857973575592,
    0.732536792755127,
    0.7840350866317749,
    0.783645510673523,
    0.8594100475311279,
    0.7440565228462219
  ],
  "val_accuracy": [
    0.7154471278190613,
    0.7560975551605225,
    0.7581300735473633,
    0.8089430928230286,
    0.7479674816131592,
    0.6951219439506531,
    0.7743902206420898,
    0.7357723712921143,
    0.7337398529052734,
    0.7459349632263184,
    0.7398374080657959,
    0.75,
    0.7215447425842285,
    0.7581300735473633
  ]
}