{
  "loss": [
    0.6739147901535034,
    0.4200763702392578,
    0.30978769063949585,
    0.3035583794116974,
    0.2760266363620758,
    0.28213509917259216,
    0.23536080121994019,
    0.22618739306926727,
    0.22832611203193665,
    0.2310909479856491,
    0.21060393750667572,
    0.21266019344329834,
    0.21235822141170502,
    0.23280584812164307,
    0.2040960192680359,
    0.2042887657880783,
    0.2029518187046051
  ],
  "accuracy": [
    0.770235002040863,
    0.8489991426467896,
    0.8846823573112488,
    0.8916448950767517,
    0.89991295337677,
    0.9012184739112854,
    0.9164490699768066,
    0.9225413203239441,
    0.9251523017883301,
    0.9147084355354309,
    0.924717128276825,
    0.924717128276825,
    0.9295039176940918,
    0.9129678010940552,
    0.9273281097412109,
    0.9277632832527161,
    0.9264577627182007
  ],
  "val_loss": [
    1.8304927349090576,
    0.28586941957473755,
    0.307574987411499,
    0.9742217063903809,
    0.7151247262954712,
    0.19362714886665344,
    0.1320928931236267,
    0.35850006341934204,
    0.44123053550720215,
    0.6495940685272217,
    0.2575450539588928,
    1.2835201025009155,
    0.3183560371398926,
    1.098349690437317,
    0.16956466436386108,
    0.8649823665618896,
    0.3418998122215271
  ],
  "val_accuracy": [
    0.5813007950782776,
    0.8983739614486694,
    0.880081295967102,
    0.7378048896789551,
    0.8130081295967102,
    0.9308943152427673,
    0.9512194991111755,
    0.8821138143539429,
    0.8597561120986938,
    0.8130081295967102,
    0.9024389982223511,
    0.6890243887901306,
    0.8902438879013062,
    0.7052845358848572,
    0.9390243887901306,
    0.7703251838684082,
    0.8841463327407837
  ]
}