[2026-04-21 23:55:00,942] Running step: step_qonnx_to_finn [1/18]
[2026-04-21 23:55:00,961] /home/emanuel-hernandez/finn/deps/qonnx/src/qonnx/transformation/gemm_to_matmul.py:57: UserWarning: The GemmToMatMul transformation only offers explicit support for version 9 of the Gemm node, but the ONNX version of the supplied model is 14. Thus the transformation may fail or return incomplete results.
[2026-04-21 23:55:00,961]   warnings.warn(
[2026-04-21 23:55:01,029] Running step: step_tidy_up [2/18]
[2026-04-21 23:55:01,045] Running step: step_streamline [3/18]
[2026-04-21 23:55:01,414] /home/emanuel-hernandez/finn/deps/qonnx/src/qonnx/transformation/infer_data_layouts.py:136: UserWarning: Assuming 2D input is NC
[2026-04-21 23:55:01,414]   warnings.warn("Assuming 2D input is NC")
[2026-04-21 23:55:01,416] Running step: step_convert_to_hw [4/18]
[2026-04-21 23:55:01,422] Running step: step_create_dataflow_partition [5/18]
[2026-04-21 23:55:01,425] Running step: step_specialize_layers [6/18]
[2026-04-21 23:55:01,427] Running step: step_target_fps_parallelization [7/18]
[2026-04-21 23:55:01,430] Running step: step_apply_folding_config [8/18]
[2026-04-21 23:55:01,430] Running step: step_minimize_bit_width [9/18]
[2026-04-21 23:55:01,440] Running step: step_generate_estimate_reports [10/18]
[2026-04-21 23:55:01,446] Running step: step_hw_codegen [11/18]
[2026-04-21 23:55:04,204] Running step: step_hw_ipgen [12/18]
[2026-04-21 23:55:45,173] Running step: step_set_fifo_depths [13/18]
[2026-04-21 23:55:45,181] /home/emanuel-hernandez/finn/src/finn/transformation/fpgadataflow/prepare_ip.py:56: UserWarning: Using pre-existing code for MVAU_hls_0
[2026-04-21 23:55:45,181]   warnings.warn("Using pre-existing code for %s" % node.name)
[2026-04-21 23:55:45,181] /home/emanuel-hernandez/finn/src/finn/transformation/fpgadataflow/prepare_ip.py:56: UserWarning: Using pre-existing code for MVAU_hls_1
[2026-04-21 23:55:45,181]   warnings.warn("Using pre-existing code for %s" % node.name)
[2026-04-21 23:55:45,182] /home/emanuel-hernandez/finn/src/finn/transformation/fpgadataflow/prepare_ip.py:56: UserWarning: Using pre-existing code for MVAU_rtl_0
[2026-04-21 23:55:45,182]   warnings.warn("Using pre-existing code for %s" % node.name)
[2026-04-21 23:55:45,231] /home/emanuel-hernandez/finn/src/finn/transformation/fpgadataflow/hlssynth_ip.py:74: UserWarning: Using pre-existing IP for MVAU_hls_1
[2026-04-21 23:55:45,231]   warnings.warn("Using pre-existing IP for %s" % node.name)
[2026-04-21 23:55:45,232] /home/emanuel-hernandez/finn/src/finn/transformation/fpgadataflow/hlssynth_ip.py:74: UserWarning: Using pre-existing IP for MVAU_hls_0
[2026-04-21 23:55:45,232]   warnings.warn("Using pre-existing IP for %s" % node.name)
[2026-04-21 23:56:11,425] %Warning-PINMISSING: /tmp/finn_dev_emanuel-hernandez/vivado_stitch_proj__kre6k2s/finn_design_wrapper.v:10908:34: Cell has missing pin: 'awready'
[2026-04-21 23:56:11,425] 10908 |   finn_design_MVAU_hls_0_wstrm_0 MVAU_hls_0_wstrm
[2026-04-21 23:56:11,425]       |                                  ^~~~~~~~~~~~~~~~
[2026-04-21 23:56:11,425]                      ... For warning description see https://verilator.org/warn/PINMISSING?v=4.224
[2026-04-21 23:56:11,425]                      ... Use "/* verilator lint_off PINMISSING */" and lint_on around source to disable this message.
[2026-04-21 23:56:11,425] %Warning-PINMISSING: /tmp/finn_dev_emanuel-hernandez/vivado_stitch_proj__kre6k2s/finn_design_wrapper.v:10908:34: Cell has missing pin: 'wready'
[2026-04-21 23:56:11,425] 10908 |   finn_design_MVAU_hls_0_wstrm_0 MVAU_hls_0_wstrm
[2026-04-21 23:56:11,425]       |                                  ^~~~~~~~~~~~~~~~
[2026-04-21 23:56:11,425] %Warning-PINMISSING: /tmp/finn_dev_emanuel-hernandez/vivado_stitch_proj__kre6k2s/finn_design_wrapper.v:10908:34: Cell has missing pin: 'bvalid'
[2026-04-21 23:56:11,425] 10908 |   finn_design_MVAU_hls_0_wstrm_0 MVAU_hls_0_wstrm
[2026-04-21 23:56:11,425]       |                                  ^~~~~~~~~~~~~~~~
[2026-04-21 23:56:11,425] %Warning-PINMISSING: /tmp/finn_dev_emanuel-hernandez/vivado_stitch_proj__kre6k2s/finn_design_wrapper.v:10908:34: Cell has missing pin: 'bresp'
[2026-04-21 23:56:11,425] 10908 |   finn_design_MVAU_hls_0_wstrm_0 MVAU_hls_0_wstrm
[2026-04-21 23:56:11,425]       |                                  ^~~~~~~~~~~~~~~~
[2026-04-21 23:56:11,425] %Warning-PINMISSING: /tmp/finn_dev_emanuel-hernandez/vivado_stitch_proj__kre6k2s/finn_design_wrapper.v:10908:34: Cell has missing pin: 'arready'
[2026-04-21 23:56:11,425] 10908 |   finn_design_MVAU_hls_0_wstrm_0 MVAU_hls_0_wstrm
[2026-04-21 23:56:11,425]       |                                  ^~~~~~~~~~~~~~~~
[2026-04-21 23:56:11,425] %Warning-PINMISSING: /tmp/finn_dev_emanuel-hernandez/vivado_stitch_proj__kre6k2s/finn_design_wrapper.v:10908:34: Cell has missing pin: 'rvalid'
[2026-04-21 23:56:11,425] 10908 |   finn_design_MVAU_hls_0_wstrm_0 MVAU_hls_0_wstrm
[2026-04-21 23:56:11,425]       |                                  ^~~~~~~~~~~~~~~~
[2026-04-21 23:56:11,425] %Warning-PINMISSING: /tmp/finn_dev_emanuel-hernandez/vivado_stitch_proj__kre6k2s/finn_design_wrapper.v:10908:34: Cell has missing pin: 'rresp'
[2026-04-21 23:56:11,425] 10908 |   finn_design_MVAU_hls_0_wstrm_0 MVAU_hls_0_wstrm
[2026-04-21 23:56:11,425]       |                                  ^~~~~~~~~~~~~~~~
[2026-04-21 23:56:11,425] %Warning-PINMISSING: /tmp/finn_dev_emanuel-hernandez/vivado_stitch_proj__kre6k2s/finn_design_wrapper.v:10908:34: Cell has missing pin: 'rdata'
[2026-04-21 23:56:11,425] 10908 |   finn_design_MVAU_hls_0_wstrm_0 MVAU_hls_0_wstrm
[2026-04-21 23:56:11,425]       |                                  ^~~~~~~~~~~~~~~~
[2026-04-21 23:56:11,425] %Warning-PINMISSING: /tmp/finn_dev_emanuel-hernandez/vivado_stitch_proj__kre6k2s/finn_design_wrapper.v:10977:34: Cell has missing pin: 'awready'
[2026-04-21 23:56:11,425] 10977 |   finn_design_MVAU_hls_1_wstrm_0 MVAU_hls_1_wstrm
[2026-04-21 23:56:11,425]       |                                  ^~~~~~~~~~~~~~~~
[2026-04-21 23:56:11,425] %Warning-PINMISSING: /tmp/finn_dev_emanuel-hernandez/vivado_stitch_proj__kre6k2s/finn_design_wrapper.v:10977:34: Cell has missing pin: 'wready'
[2026-04-21 23:56:11,425] 10977 |   finn_design_MVAU_hls_1_wstrm_0 MVAU_hls_1_wstrm
[2026-04-21 23:56:11,425]       |                                  ^~~~~~~~~~~~~~~~
[2026-04-21 23:56:11,425] %Warning-PINMISSING: /tmp/finn_dev_emanuel-hernandez/vivado_stitch_proj__kre6k2s/finn_design_wrapper.v:10977:34: Cell has missing pin: 'bvalid'
[2026-04-21 23:56:11,425] 10977 |   finn_design_MVAU_hls_1_wstrm_0 MVAU_hls_1_wstrm
[2026-04-21 23:56:11,425]       |                                  ^~~~~~~~~~~~~~~~
[2026-04-21 23:56:11,425] %Warning-PINMISSING: /tmp/finn_dev_emanuel-hernandez/vivado_stitch_proj__kre6k2s/finn_design_wrapper.v:10977:34: Cell has missing pin: 'bresp'
[2026-04-21 23:56:11,425] 10977 |   finn_design_MVAU_hls_1_wstrm_0 MVAU_hls_1_wstrm
[2026-04-21 23:56:11,425]       |                                  ^~~~~~~~~~~~~~~~
[2026-04-21 23:56:11,425] %Warning-PINMISSING: /tmp/finn_dev_emanuel-hernandez/vivado_stitch_proj__kre6k2s/finn_design_wrapper.v:10977:34: Cell has missing pin: 'arready'
[2026-04-21 23:56:11,425] 10977 |   finn_design_MVAU_hls_1_wstrm_0 MVAU_hls_1_wstrm
[2026-04-21 23:56:11,425]       |                                  ^~~~~~~~~~~~~~~~
[2026-04-21 23:56:11,426] %Warning-PINMISSING: /tmp/finn_dev_emanuel-hernandez/vivado_stitch_proj__kre6k2s/finn_design_wrapper.v:10977:34: Cell has missing pin: 'rvalid'
[2026-04-21 23:56:11,426] 10977 |   finn_design_MVAU_hls_1_wstrm_0 MVAU_hls_1_wstrm
[2026-04-21 23:56:11,426]       |                                  ^~~~~~~~~~~~~~~~
[2026-04-21 23:56:11,426] %Warning-PINMISSING: /tmp/finn_dev_emanuel-hernandez/vivado_stitch_proj__kre6k2s/finn_design_wrapper.v:10977:34: Cell has missing pin: 'rresp'
[2026-04-21 23:56:11,426] 10977 |   finn_design_MVAU_hls_1_wstrm_0 MVAU_hls_1_wstrm
[2026-04-21 23:56:11,426]       |                                  ^~~~~~~~~~~~~~~~
[2026-04-21 23:56:11,426] %Warning-PINMISSING: /tmp/finn_dev_emanuel-hernandez/vivado_stitch_proj__kre6k2s/finn_design_wrapper.v:10977:34: Cell has missing pin: 'rdata'
[2026-04-21 23:56:11,426] 10977 |   finn_design_MVAU_hls_1_wstrm_0 MVAU_hls_1_wstrm
[2026-04-21 23:56:11,426]       |                                  ^~~~~~~~~~~~~~~~
[2026-04-21 23:56:11,426] %Warning-PINMISSING: /tmp/finn_dev_emanuel-hernandez/vivado_stitch_proj__kre6k2s/finn_design_wrapper.v:11046:34: Cell has missing pin: 'awready'
[2026-04-21 23:56:11,426] 11046 |   finn_design_MVAU_rtl_0_wstrm_0 MVAU_rtl_0_wstrm
[2026-04-21 23:56:11,426]       |                                  ^~~~~~~~~~~~~~~~
[2026-04-21 23:56:11,426] %Warning-PINMISSING: /tmp/finn_dev_emanuel-hernandez/vivado_stitch_proj__kre6k2s/finn_design_wrapper.v:11046:34: Cell has missing pin: 'wready'
[2026-04-21 23:56:11,426] 11046 |   finn_design_MVAU_rtl_0_wstrm_0 MVAU_rtl_0_wstrm
[2026-04-21 23:56:11,426]       |                                  ^~~~~~~~~~~~~~~~
[2026-04-21 23:56:11,426] %Warning-PINMISSING: /tmp/finn_dev_emanuel-hernandez/vivado_stitch_proj__kre6k2s/finn_design_wrapper.v:11046:34: Cell has missing pin: 'bvalid'
[2026-04-21 23:56:11,426] 11046 |   finn_design_MVAU_rtl_0_wstrm_0 MVAU_rtl_0_wstrm
[2026-04-21 23:56:11,426]       |                                  ^~~~~~~~~~~~~~~~
[2026-04-21 23:56:11,426] %Warning-PINMISSING: /tmp/finn_dev_emanuel-hernandez/vivado_stitch_proj__kre6k2s/finn_design_wrapper.v:11046:34: Cell has missing pin: 'bresp'
[2026-04-21 23:56:11,426] 11046 |   finn_design_MVAU_rtl_0_wstrm_0 MVAU_rtl_0_wstrm
[2026-04-21 23:56:11,426]       |                                  ^~~~~~~~~~~~~~~~
[2026-04-21 23:56:11,426] %Warning-PINMISSING: /tmp/finn_dev_emanuel-hernandez/vivado_stitch_proj__kre6k2s/finn_design_wrapper.v:11046:34: Cell has missing pin: 'arready'
[2026-04-21 23:56:11,426] 11046 |   finn_design_MVAU_rtl_0_wstrm_0 MVAU_rtl_0_wstrm
[2026-04-21 23:56:11,426]       |                                  ^~~~~~~~~~~~~~~~
[2026-04-21 23:56:11,426] %Warning-PINMISSING: /tmp/finn_dev_emanuel-hernandez/vivado_stitch_proj__kre6k2s/finn_design_wrapper.v:11046:34: Cell has missing pin: 'rvalid'
[2026-04-21 23:56:11,426] 11046 |   finn_design_MVAU_rtl_0_wstrm_0 MVAU_rtl_0_wstrm
[2026-04-21 23:56:11,426]       |                                  ^~~~~~~~~~~~~~~~
[2026-04-21 23:56:11,426] %Warning-PINMISSING: /tmp/finn_dev_emanuel-hernandez/vivado_stitch_proj__kre6k2s/finn_design_wrapper.v:11046:34: Cell has missing pin: 'rresp'
[2026-04-21 23:56:11,426] 11046 |   finn_design_MVAU_rtl_0_wstrm_0 MVAU_rtl_0_wstrm
[2026-04-21 23:56:11,426]       |                                  ^~~~~~~~~~~~~~~~
[2026-04-21 23:56:11,426] %Warning-PINMISSING: /tmp/finn_dev_emanuel-hernandez/vivado_stitch_proj__kre6k2s/finn_design_wrapper.v:11046:34: Cell has missing pin: 'rdata'
[2026-04-21 23:56:11,426] 11046 |   finn_design_MVAU_rtl_0_wstrm_0 MVAU_rtl_0_wstrm
[2026-04-21 23:56:11,426]       |                                  ^~~~~~~~~~~~~~~~
[2026-04-21 23:56:11,426] %Warning-PINMISSING: /tmp/finn_dev_emanuel-hernandez/vivado_stitch_proj__kre6k2s/finn_design_wrapper.v:11162:37: Cell has missing pin: 'count'
[2026-04-21 23:56:11,426] 11162 |   finn_design_StreamingFIFO_rtl_0_0 StreamingFIFO_rtl_0
[2026-04-21 23:56:11,426]       |                                     ^~~~~~~~~~~~~~~~~~~
[2026-04-21 23:56:11,426] %Warning-PINMISSING: /tmp/finn_dev_emanuel-hernandez/vivado_stitch_proj__kre6k2s/finn_design_wrapper.v:11172:37: Cell has missing pin: 'count'
[2026-04-21 23:56:11,426] 11172 |   finn_design_StreamingFIFO_rtl_1_0 StreamingFIFO_rtl_1
[2026-04-21 23:56:11,426]       |                                     ^~~~~~~~~~~~~~~~~~~
[2026-04-21 23:56:11,426] %Warning-PINMISSING: /tmp/finn_dev_emanuel-hernandez/vivado_stitch_proj__kre6k2s/finn_design_wrapper.v:11182:37: Cell has missing pin: 'count'
[2026-04-21 23:56:11,426] 11182 |   finn_design_StreamingFIFO_rtl_2_0 StreamingFIFO_rtl_2
[2026-04-21 23:56:11,426]       |                                     ^~~~~~~~~~~~~~~~~~~
[2026-04-21 23:56:11,426] %Warning-PINMISSING: /tmp/finn_dev_emanuel-hernandez/vivado_stitch_proj__kre6k2s/finn_design_wrapper.v:11192:37: Cell has missing pin: 'count'
[2026-04-21 23:56:11,426] 11192 |   finn_design_StreamingFIFO_rtl_3_0 StreamingFIFO_rtl_3
[2026-04-21 23:56:11,426]       |                                     ^~~~~~~~~~~~~~~~~~~
[2026-04-21 23:56:11,426] %Warning-TIMESCALEMOD: /home/emanuel-hernandez/finn/finn-rtllib/swg/swg_pkg.sv:32:9: Timescale missing on this module as other modules have it (IEEE 1800-2017 3.14.2.3)
[2026-04-21 23:56:11,426]    32 | package swg;
[2026-04-21 23:56:11,426]       |         ^~~
[2026-04-21 23:56:11,426]                        /tmp/finn_dev_emanuel-hernandez/vivado_stitch_proj__kre6k2s/finn_design_wrapper.v:919:8: ... Location of module with timescale
[2026-04-21 23:56:11,426]   919 | module MVAU_hls_1_Matrix_Vector_Activate_Stream_Batch_p_ZL7threshs_8_ROM_AUTO_1R (
[2026-04-21 23:56:11,426]       |        ^~~~~~~~~~~~~~~~~~~~~~~~~~~~~~~~~~~~~~~~~~~~~~~~~~~~~~~~~~~~~~~~~~~~~~~~~
[2026-04-21 23:56:11,426] %Warning-TIMESCALEMOD: /tmp/finn_dev_emanuel-hernandez/vivado_stitch_proj__kre6k2s/finn_design_wrapper.v:37:8: Timescale missing on this module as other modules have it (IEEE 1800-2017 3.14.2.3)
[2026-04-21 23:56:11,426]    37 | module mvu_8sx8u_dsp48 #(
[2026-04-21 23:56:11,426]       |        ^~~~~~~~~~~~~~~
[2026-04-21 23:56:11,426]                        /tmp/finn_dev_emanuel-hernandez/vivado_stitch_proj__kre6k2s/finn_design_wrapper.v:919:8: ... Location of module with timescale
[2026-04-21 23:56:11,426]   919 | module MVAU_hls_1_Matrix_Vector_Activate_Stream_Batch_p_ZL7threshs_8_ROM_AUTO_1R (
[2026-04-21 23:56:11,426]       |        ^~~~~~~~~~~~~~~~~~~~~~~~~~~~~~~~~~~~~~~~~~~~~~~~~~~~~~~~~~~~~~~~~~~~~~~~~
[2026-04-21 23:56:11,426] %Warning-TIMESCALEMOD: /tmp/finn_dev_emanuel-hernandez/vivado_stitch_proj__kre6k2s/finn_design_wrapper.v:612:8: Timescale missing on this module as other modules have it (IEEE 1800-2017 3.14.2.3)
[2026-04-21 23:56:11,426]   612 | module finn_design_MVAU_hls_0_wstrm_0 (
[2026-04-21 23:56:11,426]       |        ^~~~~~~~~~~~~~~~~~~~~~~~~~~~~~
[2026-04-21 23:56:11,426]                        /tmp/finn_dev_emanuel-hernandez/vivado_stitch_proj__kre6k2s/finn_design_wrapper.v:919:8: ... Location of module with timescale
[2026-04-21 23:56:11,426]   919 | module MVAU_hls_1_Matrix_Vector_Activate_Stream_Batch_p_ZL7threshs_8_ROM_AUTO_1R (
[2026-04-21 23:56:11,426]       |        ^~~~~~~~~~~~~~~~~~~~~~~~~~~~~~~~~~~~~~~~~~~~~~~~~~~~~~~~~~~~~~~~~~~~~~~~~
[2026-04-21 23:56:11,426] %Warning-TIMESCALEMOD: /tmp/finn_dev_emanuel-hernandez/vivado_stitch_proj__kre6k2s/finn_design_wrapper.v:786:8: Timescale missing on this module as other modules have it (IEEE 1800-2017 3.14.2.3)
[2026-04-21 23:56:11,426]   786 | module finn_design_StreamingFIFO_rtl_0_0 (
[2026-04-21 23:56:11,426]       |        ^~~~~~~~~~~~~~~~~~~~~~~~~~~~~~~~~
[2026-04-21 23:56:11,426]                        /tmp/finn_dev_emanuel-hernandez/vivado_stitch_proj__kre6k2s/finn_design_wrapper.v:919:8: ... Location of module with timescale
[2026-04-21 23:56:11,426]   919 | module MVAU_hls_1_Matrix_Vector_Activate_Stream_Batch_p_ZL7threshs_8_ROM_AUTO_1R (
[2026-04-21 23:56:11,426]       |        ^~~~~~~~~~~~~~~~~~~~~~~~~~~~~~~~~~~~~~~~~~~~~~~~~~~~~~~~~~~~~~~~~~~~~~~~~
[2026-04-21 23:56:11,426] %Warning-TIMESCALEMOD: /tmp/finn_dev_emanuel-hernandez/vivado_stitch_proj__kre6k2s/finn_design_wrapper.v:869:8: Timescale missing on this module as other modules have it (IEEE 1800-2017 3.14.2.3)
[2026-04-21 23:56:11,426]   869 | module StreamingFIFO_rtl_2(
[2026-04-21 23:56:11,426]       |        ^~~~~~~~~~~~~~~~~~~
[2026-04-21 23:56:11,426]                        /tmp/finn_dev_emanuel-hernandez/vivado_stitch_proj__kre6k2s/finn_design_wrapper.v:919:8: ... Location of module with timescale
[2026-04-21 23:56:11,426]   919 | module MVAU_hls_1_Matrix_Vector_Activate_Stream_Batch_p_ZL7threshs_8_ROM_AUTO_1R (
[2026-04-21 23:56:11,426]       |        ^~~~~~~~~~~~~~~~~~~~~~~~~~~~~~~~~~~~~~~~~~~~~~~~~~~~~~~~~~~~~~~~~~~~~~~~~
[2026-04-21 23:56:11,426] %Warning-WIDTH: /tmp/finn_dev_emanuel-hernandez/vivado_stitch_proj__kre6k2s/finn_design_wrapper.v:1298:21: Operator VAR 'SIMD_UNEVEN' expects 1 bits on the Initial value, but Initial value's MODDIV generates 32 bits.
[2026-04-21 23:56:11,426]                                                                                                          : ... In instance finn_design_wrapper.finn_design_i.MVAU_rtl_0.MVAU_rtl_0.inst.inst
[2026-04-21 23:56:11,426]  1298 |  localparam bit     SIMD_UNEVEN = SIMD % 2
[2026-04-21 23:56:11,426]       |                     ^~~~~~~~~~~
[2026-04-21 23:56:11,426] %Warning-WIDTH: /tmp/finn_dev_emanuel-hernandez/vivado_stitch_proj__kre6k2s/finn_design_wrapper.v:1415:69: Operator ADD expects 32 bits on the LHS, but LHS's VARREF 'PUMPED_COMPUTE' generates 1 bits.
[2026-04-21 23:56:11,426]                                                                                                          : ... In instance finn_design_wrapper.finn_design_i.MVAU_rtl_0.MVAU_rtl_0.inst.inst
[2026-04-21 23:56:11,426]  1415 |   localparam int unsigned  DSP_SIMD = EFFECTIVE_SIMD/(PUMPED_COMPUTE+1);
[2026-04-21 23:56:11,426]       |                                                                     ^
[2026-04-21 23:56:11,426] %Warning-WIDTH: /tmp/finn_dev_emanuel-hernandez/vivado_stitch_proj__kre6k2s/finn_design_wrapper.v:1527:3: Operator GENCASE expects 144 bits on the Case expression, but Case expression's VARREF 'COMPUTE_CORE' generates 136 bits.
[2026-04-21 23:56:11,426]                                                                                                         : ... In instance finn_design_wrapper.finn_design_i.MVAU_rtl_0.MVAU_rtl_0.inst.inst
[2026-04-21 23:56:11,426]  1527 |   case(COMPUTE_CORE)
[2026-04-21 23:56:11,426]       |   ^~~~
[2026-04-21 23:56:11,426] %Warning-WIDTH: /tmp/finn_dev_emanuel-hernandez/vivado_stitch_proj__kre6k2s/finn_design_wrapper.v:15049:11: Operator ASSIGNW expects 27 bits on the Assign RHS, but Assign RHS's SIGNED generates 4 bits.
[2026-04-21 23:56:11,426]                                                                                                           : ... In instance finn_design_wrapper.finn_design_i.MVAU_hls_0.MVAU_hls_0.inst.grp_Matrix_Vector_Activate_Stream_Batch_fu_60.mac_muladd_4s_4s_16s_16_4_1_U9.MVAU_hls_0_mac_muladd_4s_4s_16s_16_4_1_DSP48_2_U
[2026-04-21 23:56:11,426] 15049 | assign a  = $signed(in0);
[2026-04-21 23:56:11,426]       |           ^
[2026-04-21 23:56:11,426] %Warning-WIDTH: /tmp/finn_dev_emanuel-hernandez/vivado_stitch_proj__kre6k2s/finn_design_wrapper.v:15050:11: Operator ASSIGNW expects 18 bits on the Assign RHS, but Assign RHS's SIGNED generates 4 bits.
[2026-04-21 23:56:11,426]                                                                                                           : ... In instance finn_design_wrapper.finn_design_i.MVAU_hls_0.MVAU_hls_0.inst.grp_Matrix_Vector_Activate_Stream_Batch_fu_60.mac_muladd_4s_4s_16s_16_4_1_U9.MVAU_hls_0_mac_muladd_4s_4s_16s_16_4_1_DSP48_2_U
[2026-04-21 23:56:11,426] 15050 | assign b  = $signed(in1);
[2026-04-21 23:56:11,426]       |           ^
[2026-04-21 23:56:11,426] %Warning-WIDTH: /tmp/finn_dev_emanuel-hernandez/vivado_stitch_proj__kre6k2s/finn_design_wrapper.v:15051:11: Operator ASSIGNW expects 48 bits on the Assign RHS, but Assign RHS's SIGNED generates 16 bits.
[2026-04-21 23:56:11,426]                                                                                                           : ... In instance finn_design_wrapper.finn_design_i.MVAU_hls_0.MVAU_hls_0.inst.grp_Matrix_Vector_Activate_Stream_Batch_fu_60.mac_muladd_4s_4s_16s_16_4_1_U9.MVAU_hls_0_mac_muladd_4s_4s_16s_16_4_1_DSP48_2_U
[2026-04-21 23:56:11,426] 15051 | assign c  = $signed(in2);
[2026-04-21 23:56:11,426]       |           ^
[2026-04-21 23:56:11,426] %Warning-WIDTH: /tmp/finn_dev_emanuel-hernandez/vivado_stitch_proj__kre6k2s/finn_design_wrapper.v:15054:19: Operator ADD expects 48 bits on the LHS, but LHS's VARREF 'm_reg' generates 45 bits.
[2026-04-21 23:56:11,426]                                                                                                           : ... In instance finn_design_wrapper.finn_design_i.MVAU_hls_0.MVAU_hls_0.inst.grp_Matrix_Vector_Activate_Stream_Batch_fu_60.mac_muladd_4s_4s_16s_16_4_1_U9.MVAU_hls_0_mac_muladd_4s_4s_16s_16_4_1_DSP48_2_U
[2026-04-21 23:56:11,426] 15054 | assign p  = m_reg + c;
[2026-04-21 23:56:11,426]       |                   ^
[2026-04-21 23:56:11,426] %Warning-WIDTH: /tmp/finn_dev_emanuel-hernandez/vivado_stitch_proj__kre6k2s/finn_design_wrapper.v:15065:13: Operator ASSIGNW expects 16 bits on the Assign RHS, but Assign RHS's VARREF 'p_reg' generates 48 bits.
[2026-04-21 23:56:11,426]                                                                                                           : ... In instance finn_design_wrapper.finn_design_i.MVAU_hls_0.MVAU_hls_0.inst.grp_Matrix_Vector_Activate_Stream_Batch_fu_60.mac_muladd_4s_4s_16s_16_4_1_U9.MVAU_hls_0_mac_muladd_4s_4s_16s_16_4_1_DSP48_2_U
[2026-04-21 23:56:11,426] 15065 | assign dout = p_reg;
[2026-04-21 23:56:11,426]       |             ^
[2026-04-21 23:56:11,426] %Warning-WIDTH: /tmp/finn_dev_emanuel-hernandez/vivado_stitch_proj__kre6k2s/finn_design_wrapper.v:14443:11: Operator ASSIGNW expects 27 bits on the Assign RHS, but Assign RHS's UNSIGNED generates 4 bits.
[2026-04-21 23:56:11,426]                                                                                                           : ... In instance finn_design_wrapper.finn_design_i.MVAU_hls_1.MVAU_hls_1.inst.grp_Matrix_Vector_Activate_Stream_Batch_fu_60.mac_muladd_4ns_4s_13s_13_4_1_U2.MVAU_hls_1_mac_muladd_4ns_4s_13s_13_4_1_DSP48_0_U
[2026-04-21 23:56:11,426] 14443 | assign a  = $unsigned(in0);
[2026-04-21 23:56:11,426]       |           ^
[2026-04-21 23:56:11,426] %Warning-WIDTH: /tmp/finn_dev_emanuel-hernandez/vivado_stitch_proj__kre6k2s/finn_design_wrapper.v:14444:11: Operator ASSIGNW expects 18 bits on the Assign RHS, but Assign RHS's SIGNED generates 4 bits.
[2026-04-21 23:56:11,426]                                                                                                           : ... In instance finn_design_wrapper.finn_design_i.MVAU_hls_1.MVAU_hls_1.inst.grp_Matrix_Vector_Activate_Stream_Batch_fu_60.mac_muladd_4ns_4s_13s_13_4_1_U2.MVAU_hls_1_mac_muladd_4ns_4s_13s_13_4_1_DSP48_0_U
[2026-04-21 23:56:11,426] 14444 | assign b  = $signed(in1);
[2026-04-21 23:56:11,427]       |           ^
[2026-04-21 23:56:11,427] %Warning-WIDTH: /tmp/finn_dev_emanuel-hernandez/vivado_stitch_proj__kre6k2s/finn_design_wrapper.v:14445:11: Operator ASSIGNW expects 48 bits on the Assign RHS, but Assign RHS's SIGNED generates 13 bits.
[2026-04-21 23:56:11,427]                                                                                                           : ... In instance finn_design_wrapper.finn_design_i.MVAU_hls_1.MVAU_hls_1.inst.grp_Matrix_Vector_Activate_Stream_Batch_fu_60.mac_muladd_4ns_4s_13s_13_4_1_U2.MVAU_hls_1_mac_muladd_4ns_4s_13s_13_4_1_DSP48_0_U
[2026-04-21 23:56:11,427] 14445 | assign c  = $signed(in2);
[2026-04-21 23:56:11,427]       |           ^
[2026-04-21 23:56:11,427] %Warning-WIDTH: /tmp/finn_dev_emanuel-hernandez/vivado_stitch_proj__kre6k2s/finn_design_wrapper.v:14448:19: Operator ADD expects 48 bits on the LHS, but LHS's VARREF 'm_reg' generates 45 bits.
[2026-04-21 23:56:11,427]                                                                                                           : ... In instance finn_design_wrapper.finn_design_i.MVAU_hls_1.MVAU_hls_1.inst.grp_Matrix_Vector_Activate_Stream_Batch_fu_60.mac_muladd_4ns_4s_13s_13_4_1_U2.MVAU_hls_1_mac_muladd_4ns_4s_13s_13_4_1_DSP48_0_U
[2026-04-21 23:56:11,427] 14448 | assign p  = m_reg + c;
[2026-04-21 23:56:11,427]       |                   ^
[2026-04-21 23:56:11,427] %Warning-WIDTH: /tmp/finn_dev_emanuel-hernandez/vivado_stitch_proj__kre6k2s/finn_design_wrapper.v:14459:13: Operator ASSIGNW expects 13 bits on the Assign RHS, but Assign RHS's VARREF 'p_reg' generates 48 bits.
[2026-04-21 23:56:11,427]                                                                                                           : ... In instance finn_design_wrapper.finn_design_i.MVAU_hls_1.MVAU_hls_1.inst.grp_Matrix_Vector_Activate_Stream_Batch_fu_60.mac_muladd_4ns_4s_13s_13_4_1_U2.MVAU_hls_1_mac_muladd_4ns_4s_13s_13_4_1_DSP48_0_U
[2026-04-21 23:56:11,427] 14459 | assign dout = p_reg;
[2026-04-21 23:56:11,427]       |             ^
[2026-04-21 23:56:11,427] %Warning-WIDTH: /tmp/finn_dev_emanuel-hernandez/vivado_stitch_proj__kre6k2s/finn_design_wrapper.v:9902:11: Operator ASSIGNW expects 27 bits on the Assign RHS, but Assign RHS's SIGNED generates 4 bits.
[2026-04-21 23:56:11,427]                                                                                                          : ... In instance finn_design_wrapper.finn_design_i.MVAU_hls_0.MVAU_hls_0.inst.grp_Matrix_Vector_Activate_Stream_Batch_fu_60.mac_muladd_4s_4s_9s_9_4_1_U8.MVAU_hls_0_mac_muladd_4s_4s_9s_9_4_1_DSP48_1_U
[2026-04-21 23:56:11,427]  9902 | assign a  = $signed(in0);
[2026-04-21 23:56:11,427]       |           ^
[2026-04-21 23:56:11,427] %Warning-WIDTH: /tmp/finn_dev_emanuel-hernandez/vivado_stitch_proj__kre6k2s/finn_design_wrapper.v:9903:11: Operator ASSIGNW expects 18 bits on the Assign RHS, but Assign RHS's SIGNED generates 4 bits.
[2026-04-21 23:56:11,427]                                                                                                          : ... In instance finn_design_wrapper.finn_design_i.MVAU_hls_0.MVAU_hls_0.inst.grp_Matrix_Vector_Activate_Stream_Batch_fu_60.mac_muladd_4s_4s_9s_9_4_1_U8.MVAU_hls_0_mac_muladd_4s_4s_9s_9_4_1_DSP48_1_U
[2026-04-21 23:56:11,427]  9903 | assign b  = $signed(in1);
[2026-04-21 23:56:11,427]       |           ^
[2026-04-21 23:56:11,427] %Warning-WIDTH: /tmp/finn_dev_emanuel-hernandez/vivado_stitch_proj__kre6k2s/finn_design_wrapper.v:9904:11: Operator ASSIGNW expects 48 bits on the Assign RHS, but Assign RHS's SIGNED generates 9 bits.
[2026-04-21 23:56:11,427]                                                                                                          : ... In instance finn_design_wrapper.finn_design_i.MVAU_hls_0.MVAU_hls_0.inst.grp_Matrix_Vector_Activate_Stream_Batch_fu_60.mac_muladd_4s_4s_9s_9_4_1_U8.MVAU_hls_0_mac_muladd_4s_4s_9s_9_4_1_DSP48_1_U
[2026-04-21 23:56:11,427]  9904 | assign c  = $signed(in2);
[2026-04-21 23:56:11,427]       |           ^
[2026-04-21 23:56:11,427] %Warning-WIDTH: /tmp/finn_dev_emanuel-hernandez/vivado_stitch_proj__kre6k2s/finn_design_wrapper.v:9907:19: Operator ADD expects 48 bits on the LHS, but LHS's VARREF 'm_reg' generates 45 bits.
[2026-04-21 23:56:11,427]                                                                                                          : ... In instance finn_design_wrapper.finn_design_i.MVAU_hls_0.MVAU_hls_0.inst.grp_Matrix_Vector_Activate_Stream_Batch_fu_60.mac_muladd_4s_4s_9s_9_4_1_U8.MVAU_hls_0_mac_muladd_4s_4s_9s_9_4_1_DSP48_1_U
[2026-04-21 23:56:11,427]  9907 | assign p  = m_reg + c;
[2026-04-21 23:56:11,427]       |                   ^
[2026-04-21 23:56:11,427] %Warning-WIDTH: /tmp/finn_dev_emanuel-hernandez/vivado_stitch_proj__kre6k2s/finn_design_wrapper.v:9918:13: Operator ASSIGNW expects 9 bits on the Assign RHS, but Assign RHS's VARREF 'p_reg' generates 48 bits.
[2026-04-21 23:56:11,427]                                                                                                          : ... In instance finn_design_wrapper.finn_design_i.MVAU_hls_0.MVAU_hls_0.inst.grp_Matrix_Vector_Activate_Stream_Batch_fu_60.mac_muladd_4s_4s_9s_9_4_1_U8.MVAU_hls_0_mac_muladd_4s_4s_9s_9_4_1_DSP48_1_U
[2026-04-21 23:56:11,427]  9918 | assign dout = p_reg;
[2026-04-21 23:56:11,427]       |             ^
[2026-04-21 23:56:11,427] %Warning-WIDTH: /tmp/finn_dev_emanuel-hernandez/vivado_stitch_proj__kre6k2s/finn_design_wrapper.v:3792:11: Operator ASSIGNW expects 27 bits on the Assign RHS, but Assign RHS's SIGNED generates 4 bits.
[2026-04-21 23:56:11,427]                                                                                                          : ... In instance finn_design_wrapper.finn_design_i.MVAU_hls_0.MVAU_hls_0.inst.grp_Matrix_Vector_Activate_Stream_Batch_fu_60.mac_muladd_4s_4s_8s_9_4_1_U5.MVAU_hls_0_mac_muladd_4s_4s_8s_9_4_1_DSP48_0_U
[2026-04-21 23:56:11,427]  3792 | assign a  = $signed(in0);
[2026-04-21 23:56:11,427]       |           ^
[2026-04-21 23:56:11,427] %Warning-WIDTH: /tmp/finn_dev_emanuel-hernandez/vivado_stitch_proj__kre6k2s/finn_design_wrapper.v:3793:11: Operator ASSIGNW expects 18 bits on the Assign RHS, but Assign RHS's SIGNED generates 4 bits.
[2026-04-21 23:56:11,427]                                                                                                          : ... In instance finn_design_wrapper.finn_design_i.MVAU_hls_0.MVAU_hls_0.inst.grp_Matrix_Vector_Activate_Stream_Batch_fu_60.mac_muladd_4s_4s_8s_9_4_1_U5.MVAU_hls_0_mac_muladd_4s_4s_8s_9_4_1_DSP48_0_U
[2026-04-21 23:56:11,427]  3793 | assign b  = $signed(in1);
[2026-04-21 23:56:11,427]       |           ^
[2026-04-21 23:56:11,427] %Warning-WIDTH: /tmp/finn_dev_emanuel-hernandez/vivado_stitch_proj__kre6k2s/finn_design_wrapper.v:3794:11: Operator ASSIGNW expects 48 bits on the Assign RHS, but Assign RHS's SIGNED generates 8 bits.
[2026-04-21 23:56:11,427]                                                                                                          : ... In instance finn_design_wrapper.finn_design_i.MVAU_hls_0.MVAU_hls_0.inst.grp_Matrix_Vector_Activate_Stream_Batch_fu_60.mac_muladd_4s_4s_8s_9_4_1_U5.MVAU_hls_0_mac_muladd_4s_4s_8s_9_4_1_DSP48_0_U
[2026-04-21 23:56:11,427]  3794 | assign c  = $signed(in2);
[2026-04-21 23:56:11,427]       |           ^
[2026-04-21 23:56:11,427] %Warning-WIDTH: /tmp/finn_dev_emanuel-hernandez/vivado_stitch_proj__kre6k2s/finn_design_wrapper.v:3797:19: Operator ADD expects 48 bits on the LHS, but LHS's VARREF 'm_reg' generates 45 bits.
[2026-04-21 23:56:11,427]                                                                                                          : ... In instance finn_design_wrapper.finn_design_i.MVAU_hls_0.MVAU_hls_0.inst.grp_Matrix_Vector_Activate_Stream_Batch_fu_60.mac_muladd_4s_4s_8s_9_4_1_U5.MVAU_hls_0_mac_muladd_4s_4s_8s_9_4_1_DSP48_0_U
[2026-04-21 23:56:11,427]  3797 | assign p  = m_reg + c;
[2026-04-21 23:56:11,427]       |                   ^
[2026-04-21 23:56:11,427] %Warning-WIDTH: /tmp/finn_dev_emanuel-hernandez/vivado_stitch_proj__kre6k2s/finn_design_wrapper.v:3808:13: Operator ASSIGNW expects 9 bits on the Assign RHS, but Assign RHS's VARREF 'p_reg' generates 48 bits.
[2026-04-21 23:56:11,427]                                                                                                          : ... In instance finn_design_wrapper.finn_design_i.MVAU_hls_0.MVAU_hls_0.inst.grp_Matrix_Vector_Activate_Stream_Batch_fu_60.mac_muladd_4s_4s_8s_9_4_1_U5.MVAU_hls_0_mac_muladd_4s_4s_8s_9_4_1_DSP48_0_U
[2026-04-21 23:56:11,427]  3808 | assign dout = p_reg;
[2026-04-21 23:56:11,427]       |             ^
[2026-04-21 23:56:11,427] %Warning-UNPACKED: /tmp/finn_dev_emanuel-hernandez/vivado_stitch_proj__kre6k2s/finn_design_wrapper.v:1112:10: Unsupported: Unpacked struct/union
[2026-04-21 23:56:11,427]                                                                                                             : ... In instance finn_design_wrapper.finn_design_i.MVAU_rtl_0.MVAU_rtl_0_wstrm.inst.core.mem
[2026-04-21 23:56:11,427]  1112 |  typedef struct {
[2026-04-21 23:56:11,427]       |          ^~~~~~
[2026-04-21 23:56:11,427] %Warning-WIDTH: /tmp/finn_dev_emanuel-hernandez/vivado_stitch_proj__kre6k2s/finn_design_wrapper.v:1135:36: Operator ADD expects 32 bits on the LHS, but LHS's SEL generates 10 bits.
[2026-04-21 23:56:11,427]                                                                                                          : ... In instance finn_design_wrapper.finn_design_i.MVAU_rtl_0.MVAU_rtl_0_wstrm.inst.core.mem
[2026-04-21 23:56:11,427]  1135 |   assign ptr_nxt.val = ptr_eff.val + (config_ce? 0 : !ptr_eff.lst? 1 : WRAP_INC);
[2026-04-21 23:56:11,427]       |                                    ^
[2026-04-21 23:56:11,427] %Warning-WIDTH: /tmp/finn_dev_emanuel-hernandez/vivado_stitch_proj__kre6k2s/finn_design_wrapper.v:1135:22: Operator ASSIGNW expects 10 bits on the Assign RHS, but Assign RHS's ADD generates 32 bits.
[2026-04-21 23:56:11,427]                                                                                                          : ... In instance finn_design_wrapper.finn_design_i.MVAU_rtl_0.MVAU_rtl_0_wstrm.inst.core.mem
[2026-04-21 23:56:11,427]  1135 |   assign ptr_nxt.val = ptr_eff.val + (config_ce? 0 : !ptr_eff.lst? 1 : WRAP_INC);
[2026-04-21 23:56:11,427]       |                      ^
[2026-04-21 23:56:11,427] %Warning-WIDTH: /tmp/finn_dev_emanuel-hernandez/vivado_stitch_proj__kre6k2s/finn_design_wrapper.v:1140:20: Operator EQ expects 32 bits on the LHS, but LHS's SEL generates 10 bits.
[2026-04-21 23:56:11,427]                                                                                                          : ... In instance finn_design_wrapper.finn_design_i.MVAU_rtl_0.MVAU_rtl_0_wstrm.inst.core.mem
[2026-04-21 23:56:11,427]  1140 |        ptr_eff.val == DEPTH-2;
[2026-04-21 23:56:11,427]       |                    ^~
[2026-04-21 23:56:11,427] %Warning-WIDTH: /tmp/finn_dev_emanuel-hernandez/vivado_stitch_proj__kre6k2s/finn_design_wrapper.v:1163:19: Operator PATMEMBER expects 10 bits on the Pattern value, but Pattern value's VARREF 'config_address' generates 32 bits.
[2026-04-21 23:56:11,427]                                                                                                          : ... In instance finn_design_wrapper.finn_design_i.MVAU_rtl_0.MVAU_rtl_0_wstrm.inst.core.mem
[2026-04-21 23:56:11,427]  1163 |      Ptr[1] <= '{ val: config_address, lst: 'x };
[2026-04-21 23:56:11,427]       |                   ^~~
[2026-04-21 23:56:11,427] %Warning-WIDTH: /tmp/finn_dev_emanuel-hernandez/vivado_stitch_proj__kre6k2s/finn_design_wrapper.v:14971:27: Operator ASSIGNW expects 32 bits on the Assign RHS, but Assign RHS's VARREF 'ip_rdata' generates 8 bits.
[2026-04-21 23:56:11,427]                                                                                                           : ... In instance finn_design_wrapper.finn_design_i.MVAU_rtl_0.MVAU_rtl_0_wstrm.inst.core.config_if
[2026-04-21 23:56:11,427] 14971 |     assign internal_rdata = ip_rdata;
[2026-04-21 23:56:11,427]       |                           ^
[2026-04-21 23:56:11,427] %Warning-LITENDIAN: /tmp/finn_dev_emanuel-hernandez/vivado_stitch_proj__kre6k2s/finn_design_wrapper.v:12371:8: Little bit endian vector: left < right of bit range: [1:5]
[2026-04-21 23:56:11,427]                                                                                                              : ... In instance finn_design_wrapper.finn_design_i.MVAU_rtl_0.MVAU_rtl_0.inst.inst.blkDsp.genblk2.core
[2026-04-21 23:56:11,427] 12371 |  logic [1:5] L = '0;
[2026-04-21 23:56:11,427]       |        ^
[2026-04-21 23:56:11,427] %Warning-WIDTH: /tmp/finn_dev_emanuel-hernandez/vivado_stitch_proj__kre6k2s/finn_design_wrapper.v:12422:18: Operator ASSIGN expects 3 bits on the Assign RHS, but Assign RHS's ARRAYSEL generates 4 bits.
[2026-04-21 23:56:11,427]                                                                                                           : ... In instance finn_design_wrapper.finn_design_i.MVAU_rtl_0.MVAU_rtl_0.inst.inst.blkDsp.genblk2.core
[2026-04-21 23:56:11,427] 12422 |       dd[ofs+:3] = ww[pe];
[2026-04-21 23:56:11,427]       |                  ^
[2026-04-21 23:56:11,427] %Warning-WIDTH: /tmp/finn_dev_emanuel-hernandez/vivado_stitch_proj__kre6k2s/finn_design_wrapper.v:12455:29: Operator SUB expects 30 bits on the LHS, but LHS's VARREF 'dd' generates 27 bits.
[2026-04-21 23:56:11,427]                                                                                                           : ... In instance finn_design_wrapper.finn_design_i.MVAU_rtl_0.MVAU_rtl_0.inst.inst.blkDsp.genblk2.core
[2026-04-21 23:56:11,427] 12455 |      else if(en)  AD1 <= dd - aa;
[2026-04-21 23:56:11,427]       |                             ^
[2026-04-21 23:56:11,427] %Warning-WIDTH: /tmp/finn_dev_emanuel-hernandez/vivado_stitch_proj__kre6k2s/finn_design_wrapper.v:12455:23: Operator ASSIGNDLY expects 27 bits on the Assign RHS, but Assign RHS's SUB generates 30 bits.
[2026-04-21 23:56:11,427]                                                                                                           : ... In instance finn_design_wrapper.finn_design_i.MVAU_rtl_0.MVAU_rtl_0.inst.inst.blkDsp.genblk2.core
[2026-04-21 23:56:11,427] 12455 |      else if(en)  AD1 <= dd - aa;
[2026-04-21 23:56:11,427]       |                       ^~
[2026-04-21 23:56:11,427] %Warning-WIDTH: /tmp/finn_dev_emanuel-hernandez/vivado_stitch_proj__kre6k2s/finn_design_wrapper.v:12473:28: Operator ADD expects 48 bits on the LHS, but LHS's VARREF 'M2' generates 46 bits.
[2026-04-21 23:56:11,427]                                                                                                           : ... In instance finn_design_wrapper.finn_design_i.MVAU_rtl_0.MVAU_rtl_0.inst.inst.blkDsp.genblk2.core
[2026-04-21 23:56:11,427] 12473 |      else if(en)  P3 <= M2 + (L[3]? 0 : P3);
[2026-04-21 23:56:11,427]       |                            ^
[2026-04-21 23:56:11,427] %Warning-WIDTH: /tmp/finn_dev_emanuel-hernandez/vivado_stitch_proj__kre6k2s/finn_design_wrapper.v:12828:20: Operator SUB expects 16 bits on the RHS, but RHS's ARRAYSEL generates 10 bits.
[2026-04-21 23:56:11,427]                                                                                                           : ... In instance finn_design_wrapper.finn_design_i.MVAU_rtl_0.MVAU_rtl_0.inst.inst.blkDsp.genblk2.core
[2026-04-21 23:56:11,427] 12828 |     Res5[3] <= up4 - hi4[2];
[2026-04-21 23:56:11,427]       |                    ^
[2026-04-21 23:56:11,427] %Warning-WIDTH: /tmp/finn_dev_emanuel-hernandez/vivado_stitch_proj__kre6k2s/finn_design_wrapper.v:12829:59: Operator ADD expects 17 bits on the RHS, but RHS's SIGNED generates 9 bits.
[2026-04-21 23:56:11,427]                                                                                                           : ... In instance finn_design_wrapper.finn_design_i.MVAU_rtl_0.MVAU_rtl_0.inst.inst.blkDsp.genblk2.core
[2026-04-21 23:56:11,427] 12829 |     Res5[2] <= $signed({ hi4[2], {(lo_width(2)){1'b0}} }) + $signed({ 1'b0, lo4[2] }) - hi4[1];
[2026-04-21 23:56:11,427]       |                                                           ^
[2026-04-21 23:56:11,427] %Warning-WIDTH: /tmp/finn_dev_emanuel-hernandez/vivado_stitch_proj__kre6k2s/finn_design_wrapper.v:12829:87: Operator SUB expects 17 bits on the RHS, but RHS's ARRAYSEL generates 10 bits.
[2026-04-21 23:56:11,427]                                                                                                           : ... In instance finn_design_wrapper.finn_design_i.MVAU_rtl_0.MVAU_rtl_0.inst.inst.blkDsp.genblk2.core
[2026-04-21 23:56:11,427] 12829 |     Res5[2] <= $signed({ hi4[2], {(lo_width(2)){1'b0}} }) + $signed({ 1'b0, lo4[2] }) - hi4[1];
[2026-04-21 23:56:11,427]       |                                                                                       ^
[2026-04-21 23:56:11,427] %Warning-WIDTH: /tmp/finn_dev_emanuel-hernandez/vivado_stitch_proj__kre6k2s/finn_design_wrapper.v:12829:13: Operator ASSIGNDLY expects 16 bits on the Assign RHS, but Assign RHS's SUB generates 17 bits.
[2026-04-21 23:56:11,427]                                                                                                           : ... In instance finn_design_wrapper.finn_design_i.MVAU_rtl_0.MVAU_rtl_0.inst.inst.blkDsp.genblk2.core
[2026-04-21 23:56:11,427] 12829 |     Res5[2] <= $signed({ hi4[2], {(lo_width(2)){1'b0}} }) + $signed({ 1'b0, lo4[2] }) - hi4[1];
[2026-04-21 23:56:11,427]       |             ^~
[2026-04-21 23:56:11,427] %Warning-WIDTH: /tmp/finn_dev_emanuel-hernandez/vivado_stitch_proj__kre6k2s/finn_design_wrapper.v:12830:59: Operator ADD expects 18 bits on the RHS, but RHS's SIGNED generates 9 bits.
[2026-04-21 23:56:11,427]                                                                                                           : ... In instance finn_design_wrapper.finn_design_i.MVAU_rtl_0.MVAU_rtl_0.inst.inst.blkDsp.genblk2.core
[2026-04-21 23:56:11,427] 12830 |     Res5[1] <= $signed({ hi4[1], {(lo_width(1)){1'b0}} }) + $signed({ 1'b0, lo4[1] }) - hi4[0];
[2026-04-21 23:56:11,427]       |                                                           ^
[2026-04-21 23:56:11,427] %Warning-WIDTH: /tmp/finn_dev_emanuel-hernandez/vivado_stitch_proj__kre6k2s/finn_design_wrapper.v:12830:87: Operator SUB expects 18 bits on the RHS, but RHS's ARRAYSEL generates 10 bits.
[2026-04-21 23:56:11,427]                                                                                                           : ... In instance finn_design_wrapper.finn_design_i.MVAU_rtl_0.MVAU_rtl_0.inst.inst.blkDsp.genblk2.core
[2026-04-21 23:56:11,427] 12830 |     Res5[1] <= $signed({ hi4[1], {(lo_width(1)){1'b0}} }) + $signed({ 1'b0, lo4[1] }) - hi4[0];
[2026-04-21 23:56:11,427]       |                                                                                       ^
[2026-04-21 23:56:11,427] %Warning-WIDTH: /tmp/finn_dev_emanuel-hernandez/vivado_stitch_proj__kre6k2s/finn_design_wrapper.v:12830:13: Operator ASSIGNDLY expects 16 bits on the Assign RHS, but Assign RHS's SUB generates 18 bits.
[2026-04-21 23:56:11,427]                                                                                                           : ... In instance finn_design_wrapper.finn_design_i.MVAU_rtl_0.MVAU_rtl_0.inst.inst.blkDsp.genblk2.core
[2026-04-21 23:56:11,427] 12830 |     Res5[1] <= $signed({ hi4[1], {(lo_width(1)){1'b0}} }) + $signed({ 1'b0, lo4[1] }) - hi4[0];
[2026-04-21 23:56:11,427]       |             ^~
[2026-04-21 23:56:11,427] %Warning-WIDTH: /tmp/finn_dev_emanuel-hernandez/vivado_stitch_proj__kre6k2s/finn_design_wrapper.v:12831:59: Operator ADD expects 18 bits on the RHS, but RHS's SIGNED generates 9 bits.
[2026-04-21 23:56:11,427]                                                                                                           : ... In instance finn_design_wrapper.finn_design_i.MVAU_rtl_0.MVAU_rtl_0.inst.inst.blkDsp.genblk2.core
[2026-04-21 23:56:11,428] 12831 |     Res5[0] <= $signed({ hi4[0], {(lo_width(0)){1'b0}} }) + $signed({ 1'b0, lo4[0] });
[2026-04-21 23:56:11,428]       |                                                           ^
[2026-04-21 23:56:11,428] %Warning-WIDTH: /tmp/finn_dev_emanuel-hernandez/vivado_stitch_proj__kre6k2s/finn_design_wrapper.v:12831:13: Operator ASSIGNDLY expects 16 bits on the Assign RHS, but Assign RHS's ADD generates 18 bits.
[2026-04-21 23:56:11,428]                                                                                                           : ... In instance finn_design_wrapper.finn_design_i.MVAU_rtl_0.MVAU_rtl_0.inst.inst.blkDsp.genblk2.core
[2026-04-21 23:56:11,428] 12831 |     Res5[0] <= $signed({ hi4[0], {(lo_width(0)){1'b0}} }) + $signed({ 1'b0, lo4[0] });
[2026-04-21 23:56:11,428]       |             ^~
[2026-04-21 23:56:11,428] %Warning-WIDTH: /tmp/finn_dev_emanuel-hernandez/vivado_stitch_proj__kre6k2s/finn_design_wrapper.v:2666:20: Operator ADD expects 32 bits on the LHS, but LHS's VARREF 'Count' generates 6 bits.
[2026-04-21 23:56:11,428]                                                                                                          : ... In instance finn_design_wrapper.finn_design_i.MVAU_rtl_0.MVAU_rtl_0.inst.inst.activation_replay
[2026-04-21 23:56:11,428]  2666 |     Count <= Count + (Last? 2**$clog2(LEN)-LEN+1 : 1);
[2026-04-21 23:56:11,428]       |                    ^
[2026-04-21 23:56:11,428] %Warning-WIDTH: /tmp/finn_dev_emanuel-hernandez/vivado_stitch_proj__kre6k2s/finn_design_wrapper.v:2666:11: Operator ASSIGNDLY expects 6 bits on the Assign RHS, but Assign RHS's ADD generates 32 bits.
[2026-04-21 23:56:11,428]                                                                                                          : ... In instance finn_design_wrapper.finn_design_i.MVAU_rtl_0.MVAU_rtl_0.inst.inst.activation_replay
[2026-04-21 23:56:11,428]  2666 |     Count <= Count + (Last? 2**$clog2(LEN)-LEN+1 : 1);
[2026-04-21 23:56:11,428]       |           ^~
[2026-04-21 23:56:11,428] %Warning-WIDTH: /tmp/finn_dev_emanuel-hernandez/vivado_stitch_proj__kre6k2s/finn_design_wrapper.v:2667:26: Operator NOT expects 32 bits on the LHS, but LHS's VARREF 'Count' generates 6 bits.
[2026-04-21 23:56:11,428]                                                                                                          : ... In instance finn_design_wrapper.finn_design_i.MVAU_rtl_0.MVAU_rtl_0.inst.inst.activation_replay
[2026-04-21 23:56:11,428]  2667 |     Last  <= (((LEN-2) & ~Count) == 0) && ((LEN&1) || !Last);
[2026-04-21 23:56:11,428]       |                          ^
[2026-04-21 23:56:11,428] %Warning-WIDTH: /tmp/finn_dev_emanuel-hernandez/vivado_stitch_proj__kre6k2s/finn_design_wrapper.v:2667:52: Logical operator LOGOR expects 1 bit on the LHS, but LHS's AND generates 32 bits.
[2026-04-21 23:56:11,428]                                                                                                          : ... In instance finn_design_wrapper.finn_design_i.MVAU_rtl_0.MVAU_rtl_0.inst.inst.activation_replay
[2026-04-21 23:56:11,428]  2667 |     Last  <= (((LEN-2) & ~Count) == 0) && ((LEN&1) || !Last);
[2026-04-21 23:56:11,428]       |                                                    ^~
[2026-04-21 23:56:11,428] %Warning-WIDTH: /tmp/finn_dev_emanuel-hernandez/vivado_stitch_proj__kre6k2s/finn_design_wrapper.v:2696:23: Operator ADD expects 32 bits on the LHS, but LHS's VARREF 'RepCnt' generates 4 bits.
[2026-04-21 23:56:11,428]                                                                                                          : ... In instance finn_design_wrapper.finn_design_i.MVAU_rtl_0.MVAU_rtl_0.inst.inst.activation_replay
[2026-04-21 23:56:11,428]  2696 |      RepCnt <= RepCnt + (RepLst? 2**$clog2(REP)-REP+1 : 1);
[2026-04-21 23:56:11,428]       |                       ^
[2026-04-21 23:56:11,428] %Warning-WIDTH: /tmp/finn_dev_emanuel-hernandez/vivado_stitch_proj__kre6k2s/finn_design_wrapper.v:2696:13: Operator ASSIGNDLY expects 4 bits on the Assign RHS, but Assign RHS's ADD generates 32 bits.
[2026-04-21 23:56:11,428]                                                                                                          : ... In instance finn_design_wrapper.finn_design_i.MVAU_rtl_0.MVAU_rtl_0.inst.inst.activation_replay
[2026-04-21 23:56:11,428]  2696 |      RepCnt <= RepCnt + (RepLst? 2**$clog2(REP)-REP+1 : 1);
[2026-04-21 23:56:11,428]       |             ^~
[2026-04-21 23:56:11,428] %Warning-WIDTH: /tmp/finn_dev_emanuel-hernandez/vivado_stitch_proj__kre6k2s/finn_design_wrapper.v:2697:28: Operator NOT expects 32 bits on the LHS, but LHS's VARREF 'RepCnt' generates 4 bits.
[2026-04-21 23:56:11,428]                                                                                                          : ... In instance finn_design_wrapper.finn_design_i.MVAU_rtl_0.MVAU_rtl_0.inst.inst.activation_replay
[2026-04-21 23:56:11,428]  2697 |      RepLst <= (((REP-2) & ~RepCnt) == 0) && ((REP&1) || !RepLst);
[2026-04-21 23:56:11,428]       |                            ^
[2026-04-21 23:56:11,428] %Warning-WIDTH: /tmp/finn_dev_emanuel-hernandez/vivado_stitch_proj__kre6k2s/finn_design_wrapper.v:2697:55: Logical operator LOGOR expects 1 bit on the LHS, but LHS's AND generates 32 bits.
[2026-04-21 23:56:11,428]                                                                                                          : ... In instance finn_design_wrapper.finn_design_i.MVAU_rtl_0.MVAU_rtl_0.inst.inst.activation_replay
[2026-04-21 23:56:11,428]  2697 |      RepLst <= (((REP-2) & ~RepCnt) == 0) && ((REP&1) || !RepLst);
[2026-04-21 23:56:11,428]       |                                                       ^~
[2026-04-21 23:56:11,428] %Warning-WIDTH: /tmp/finn_dev_emanuel-hernandez/vivado_stitch_proj__kre6k2s/finn_design_wrapper.v:2731:17: Logical operator LOGNOT expects 1 bit on the LHS, but LHS's SHIFTR generates 7 bits.
[2026-04-21 23:56:11,428]                                                                                                          : ... In instance finn_design_wrapper.finn_design_i.MVAU_rtl_0.MVAU_rtl_0.inst.inst.activation_replay
[2026-04-21 23:56:11,428]  2731 |   assign irdy = !((WP-FP) >> AWIDTH);
[2026-04-21 23:56:11,428]       |                 ^
[2026-04-21 23:56:11,428] %Warning-WIDTH: /tmp/finn_dev_emanuel-hernandez/vivado_stitch_proj__kre6k2s/finn_design_wrapper.v:2757:16: Operator ADD expects 32 bits on the LHS, but LHS's VARREF 'RP' generates 7 bits.
[2026-04-21 23:56:11,428]                                                                                                          : ... In instance finn_design_wrapper.finn_design_i.MVAU_rtl_0.MVAU_rtl_0.inst.inst.activation_replay
[2026-04-21 23:56:11,428]  2757 |       RP <= RP + (rewind? 2**(AWIDTH+1)-LEN+1 : 1);
[2026-04-21 23:56:11,428]       |                ^
[2026-04-21 23:56:11,428] %Warning-WIDTH: /tmp/finn_dev_emanuel-hernandez/vivado_stitch_proj__kre6k2s/finn_design_wrapper.v:2757:10: Operator ASSIGNDLY expects 7 bits on the Assign RHS, but Assign RHS's ADD generates 32 bits.
[2026-04-21 23:56:11,428]                                                                                                          : ... In instance finn_design_wrapper.finn_design_i.MVAU_rtl_0.MVAU_rtl_0.inst.inst.activation_replay
[2026-04-21 23:56:11,428]  2757 |       RP <= RP + (rewind? 2**(AWIDTH+1)-LEN+1 : 1);
[2026-04-21 23:56:11,428]       |          ^~
[2026-04-21 23:56:11,428] %Warning-WIDTH: /tmp/finn_dev_emanuel-hernandez/vivado_stitch_proj__kre6k2s/finn_design_wrapper.v:2758:16: Operator ADD expects 7 bits on the RHS, but RHS's VARREF 'last_rep' generates 1 bits.
[2026-04-21 23:56:11,428]                                                                                                          : ... In instance finn_design_wrapper.finn_design_i.MVAU_rtl_0.MVAU_rtl_0.inst.inst.activation_replay
[2026-04-21 23:56:11,428]  2758 |       FP <= FP + last_rep;
[2026-04-21 23:56:11,428]       |                ^
[2026-04-21 23:56:11,428] %Warning-WIDTH: /tmp/finn_dev_emanuel-hernandez/vivado_stitch_proj__kre6k2s/finn_design_wrapper.v:1135:36: Operator ADD expects 32 bits on the LHS, but LHS's SEL generates 13 bits.
[2026-04-21 23:56:11,428]                                                                                                          : ... In instance finn_design_wrapper.finn_design_i.MVAU_hls_1.MVAU_hls_1_wstrm.inst.core.mem
[2026-04-21 23:56:11,428]  1135 |   assign ptr_nxt.val = ptr_eff.val + (config_ce? 0 : !ptr_eff.lst? 1 : WRAP_INC);
[2026-04-21 23:56:11,428]       |                                    ^
[2026-04-21 23:56:11,428] %Warning-WIDTH: /tmp/finn_dev_emanuel-hernandez/vivado_stitch_proj__kre6k2s/finn_design_wrapper.v:1135:22: Operator ASSIGNW expects 13 bits on the Assign RHS, but Assign RHS's ADD generates 32 bits.
[2026-04-21 23:56:11,428]                                                                                                          : ... In instance finn_design_wrapper.finn_design_i.MVAU_hls_1.MVAU_hls_1_wstrm.inst.core.mem
[2026-04-21 23:56:11,428]  1135 |   assign ptr_nxt.val = ptr_eff.val + (config_ce? 0 : !ptr_eff.lst? 1 : WRAP_INC);
[2026-04-21 23:56:11,428]       |                      ^
[2026-04-21 23:56:11,428] %Warning-WIDTH: /tmp/finn_dev_emanuel-hernandez/vivado_stitch_proj__kre6k2s/finn_design_wrapper.v:1140:20: Operator EQ expects 32 bits on the LHS, but LHS's SEL generates 13 bits.
[2026-04-21 23:56:11,428]                                                                                                          : ... In instance finn_design_wrapper.finn_design_i.MVAU_hls_1.MVAU_hls_1_wstrm.inst.core.mem
[2026-04-21 23:56:11,428]  1140 |        ptr_eff.val == DEPTH-2;
[2026-04-21 23:56:11,428]       |                    ^~
[2026-04-21 23:56:11,428] %Warning-WIDTH: /tmp/finn_dev_emanuel-hernandez/vivado_stitch_proj__kre6k2s/finn_design_wrapper.v:1163:19: Operator PATMEMBER expects 13 bits on the Pattern value, but Pattern value's VARREF 'config_address' generates 32 bits.
[2026-04-21 23:56:11,428]                                                                                                          : ... In instance finn_design_wrapper.finn_design_i.MVAU_hls_1.MVAU_hls_1_wstrm.inst.core.mem
[2026-04-21 23:56:11,428]  1163 |      Ptr[1] <= '{ val: config_address, lst: 'x };
[2026-04-21 23:56:11,428]       |                   ^~~
[2026-04-21 23:56:11,428] %Warning-WIDTH: /tmp/finn_dev_emanuel-hernandez/vivado_stitch_proj__kre6k2s/finn_design_wrapper.v:1135:36: Operator ADD expects 32 bits on the LHS, but LHS's SEL generates 14 bits.
[2026-04-21 23:56:11,428]                                                                                                          : ... In instance finn_design_wrapper.finn_design_i.MVAU_hls_0.MVAU_hls_0_wstrm.inst.core.mem
[2026-04-21 23:56:11,428]  1135 |   assign ptr_nxt.val = ptr_eff.val + (config_ce? 0 : !ptr_eff.lst? 1 : WRAP_INC);
[2026-04-21 23:56:11,428]       |                                    ^
[2026-04-21 23:56:11,428] %Warning-WIDTH: /tmp/finn_dev_emanuel-hernandez/vivado_stitch_proj__kre6k2s/finn_design_wrapper.v:1135:22: Operator ASSIGNW expects 14 bits on the Assign RHS, but Assign RHS's ADD generates 32 bits.
[2026-04-21 23:56:11,428]                                                                                                          : ... In instance finn_design_wrapper.finn_design_i.MVAU_hls_0.MVAU_hls_0_wstrm.inst.core.mem
[2026-04-21 23:56:11,428]  1135 |   assign ptr_nxt.val = ptr_eff.val + (config_ce? 0 : !ptr_eff.lst? 1 : WRAP_INC);
[2026-04-21 23:56:11,428]       |                      ^
[2026-04-21 23:56:11,428] %Warning-WIDTH: /tmp/finn_dev_emanuel-hernandez/vivado_stitch_proj__kre6k2s/finn_design_wrapper.v:1140:20: Operator EQ expects 32 bits on the LHS, but LHS's SEL generates 14 bits.
[2026-04-21 23:56:11,428]                                                                                                          : ... In instance finn_design_wrapper.finn_design_i.MVAU_hls_0.MVAU_hls_0_wstrm.inst.core.mem
[2026-04-21 23:56:11,428]  1140 |        ptr_eff.val == DEPTH-2;
[2026-04-21 23:56:11,428]       |                    ^~
[2026-04-21 23:56:11,428] %Warning-WIDTH: /tmp/finn_dev_emanuel-hernandez/vivado_stitch_proj__kre6k2s/finn_design_wrapper.v:1163:19: Operator PATMEMBER expects 14 bits on the Pattern value, but Pattern value's VARREF 'config_address' generates 32 bits.
[2026-04-21 23:56:11,428]                                                                                                          : ... In instance finn_design_wrapper.finn_design_i.MVAU_hls_0.MVAU_hls_0_wstrm.inst.core.mem
[2026-04-21 23:56:11,428]  1163 |      Ptr[1] <= '{ val: config_address, lst: 'x };
[2026-04-21 23:56:11,428]       |                   ^~~
[2026-04-21 23:56:11,428] %Warning-WIDTH: /tmp/finn_dev_emanuel-hernandez/vivado_stitch_proj__kre6k2s/finn_design_wrapper.v:14977:27: Operator ASSIGNW expects 32 bits on the Assign RHS, but Assign RHS's SHIFTR generates 40 bits.
[2026-04-21 23:56:11,428]                                                                                                           : ... In instance finn_design_wrapper.finn_design_i.MVAU_hls_0.MVAU_hls_0_wstrm.inst.core.config_if
[2026-04-21 23:56:11,428] 14977 |     assign internal_rdata = ip_rdata >> (internal_rfold*DATA_WIDTH);
[2026-04-21 23:56:11,428]       |                           ^
[2026-04-21 23:56:11,428] %Warning-STMTDLY: /tmp/finn_dev_emanuel-hernandez/vivado_stitch_proj__kre6k2s/finn_design_wrapper.v:15827:2: Unsupported: Ignoring delay on this delayed statement.
[2026-04-21 23:56:11,428]                                                                                                            : ... In instance finn_design_wrapper.finn_design_i.MVAU_hls_1.MVAU_hls_1.inst.grp_Matrix_Vector_Activate_Stream_Batch_fu_60.flow_control_loop_pipe_sequential_init_U
[2026-04-21 23:56:11,428] 15827 | #0 ap_loop_init_int = 1'b1;
[2026-04-21 23:56:11,428]       |  ^
[2026-04-21 23:56:11,428] %Warning-STMTDLY: /tmp/finn_dev_emanuel-hernandez/vivado_stitch_proj__kre6k2s/finn_design_wrapper.v:15828:2: Unsupported: Ignoring delay on this delayed statement.
[2026-04-21 23:56:11,428]                                                                                                            : ... In instance finn_design_wrapper.finn_design_i.MVAU_hls_1.MVAU_hls_1.inst.grp_Matrix_Vector_Activate_Stream_Batch_fu_60.flow_control_loop_pipe_sequential_init_U
[2026-04-21 23:56:11,428] 15828 | #0 ap_done_cache = 1'b0;
[2026-04-21 23:56:11,428]       |  ^
[2026-04-21 23:56:11,428] %Warning-STMTDLY: /tmp/finn_dev_emanuel-hernandez/vivado_stitch_proj__kre6k2s/finn_design_wrapper.v:2323:2: Unsupported: Ignoring delay on this delayed statement.
[2026-04-21 23:56:11,428]                                                                                                           : ... In instance finn_design_wrapper.finn_design_i.MVAU_hls_0.MVAU_hls_0.inst.grp_Matrix_Vector_Activate_Stream_Batch_fu_60.flow_control_loop_pipe_sequential_init_U
[2026-04-21 23:56:11,428]  2323 | #0 ap_loop_init_int = 1'b1;
[2026-04-21 23:56:11,428]       |  ^
[2026-04-21 23:56:11,428] %Warning-STMTDLY: /tmp/finn_dev_emanuel-hernandez/vivado_stitch_proj__kre6k2s/finn_design_wrapper.v:2324:2: Unsupported: Ignoring delay on this delayed statement.
[2026-04-21 23:56:11,428]                                                                                                           : ... In instance finn_design_wrapper.finn_design_i.MVAU_hls_0.MVAU_hls_0.inst.grp_Matrix_Vector_Activate_Stream_Batch_fu_60.flow_control_loop_pipe_sequential_init_U
[2026-04-21 23:56:11,428]  2324 | #0 ap_done_cache = 1'b0;
[2026-04-21 23:56:11,428]       |  ^
[2026-04-21 23:56:11,428] %Warning-WIDTH: /tmp/finn_dev_emanuel-hernandez/vivado_stitch_proj__kre6k2s/finn_design_wrapper.v:14307:4: Output port connection 'ip_addr' expects 12 bits on the pin connection, but pin connection's VARREF 'config_address' generates 32 bits.
[2026-04-21 23:56:11,428]                                                                                                          : ... In instance finn_design_wrapper.finn_design_i.MVAU_rtl_0.MVAU_rtl_0_wstrm.inst.core
[2026-04-21 23:56:11,428] 14307 |   .ip_addr(config_address),
[2026-04-21 23:56:11,428]       |    ^~~~~~~
[2026-04-21 23:56:11,428] %Warning-WIDTH: /tmp/finn_dev_emanuel-hernandez/vivado_stitch_proj__kre6k2s/finn_design_wrapper.v:1336:75: Operator EQ expects 144 bits on the LHS, but LHS's VARREF 'COMPUTE_CORE' generates 136 bits.
[2026-04-21 23:56:11,428]                                                                                                          : ... In instance finn_design_wrapper.finn_design_i.MVAU_rtl_0.MVAU_rtl_0.inst.inst
[2026-04-21 23:56:11,428]  1336 |    if (!(SIGNED_ACTIVATIONS == 1 && ACTIVATION_WIDTH == 9 && COMPUTE_CORE == "mvu_vvu_8sx9_dsp58")) begin
[2026-04-21 23:56:11,428]       |                                                                           ^~
[2026-04-21 23:56:11,428] %Warning-WIDTH: /tmp/finn_dev_emanuel-hernandez/vivado_stitch_proj__kre6k2s/finn_design_wrapper.v:1341:20: Operator EQ expects 144 bits on the LHS, but LHS's VARREF 'COMPUTE_CORE' generates 136 bits.
[2026-04-21 23:56:11,428]                                                                                                          : ... In instance finn_design_wrapper.finn_design_i.MVAU_rtl_0.MVAU_rtl_0.inst.inst
[2026-04-21 23:56:11,428]  1341 |   if (COMPUTE_CORE == "mvu_vvu_8sx9_dsp58") begin
[2026-04-21 23:56:11,428]       |                    ^~
[2026-04-21 23:56:11,428] %Warning-WIDTH: /tmp/finn_dev_emanuel-hernandez/vivado_stitch_proj__kre6k2s/finn_design_wrapper.v:1351:21: Operator NEQ expects 144 bits on the LHS, but LHS's VARREF 'COMPUTE_CORE' generates 136 bits.
[2026-04-21 23:56:11,428]                                                                                                          : ... In instance finn_design_wrapper.finn_design_i.MVAU_rtl_0.MVAU_rtl_0.inst.inst
[2026-04-21 23:56:11,428]  1351 |    if (COMPUTE_CORE != "mvu_vvu_8sx9_dsp58" && COMPUTE_CORE != "mvu_vvu_lut") begin
[2026-04-21 23:56:11,428]       |                     ^~
[2026-04-21 23:56:11,429] %Warning-WIDTH: /tmp/finn_dev_emanuel-hernandez/vivado_stitch_proj__kre6k2s/finn_design_wrapper.v:1383:24: Operator ASSIGNW expects 4 bits on the Assign RHS, but Assign RHS's VARREF 's_axis_weights_tdata' generates 8 bits.
[2026-04-21 23:56:11,429]                                                                                                          : ... In instance finn_design_wrapper.finn_design_i.MVAU_rtl_0.MVAU_rtl_0.inst.inst
[2026-04-21 23:56:11,429]  1383 |  uwire  mvu_w_t  mvu_w = s_axis_weights_tdata;
[2026-04-21 23:56:11,429]       |                        ^
[2026-04-21 23:56:11,429] %Warning-WIDTH: /tmp/finn_dev_emanuel-hernandez/vivado_stitch_proj__kre6k2s/finn_design_wrapper.v:14307:4: Output port connection 'ip_addr' expects 15 bits on the pin connection, but pin connection's VARREF 'config_address' generates 32 bits.
[2026-04-21 23:56:11,429]                                                                                                          : ... In instance finn_design_wrapper.finn_design_i.MVAU_hls_1.MVAU_hls_1_wstrm.inst.core
[2026-04-21 23:56:11,429] 14307 |   .ip_addr(config_address),
[2026-04-21 23:56:11,429]       |    ^~~~~~~
[2026-04-21 23:56:11,429] %Warning-WIDTH: /tmp/finn_dev_emanuel-hernandez/vivado_stitch_proj__kre6k2s/finn_design_wrapper.v:14307:4: Output port connection 'ip_addr' expects 17 bits on the pin connection, but pin connection's VARREF 'config_address' generates 32 bits.
[2026-04-21 23:56:11,429]                                                                                                          : ... In instance finn_design_wrapper.finn_design_i.MVAU_hls_0.MVAU_hls_0_wstrm.inst.core
[2026-04-21 23:56:11,429] 14307 |   .ip_addr(config_address),
[2026-04-21 23:56:11,429]       |    ^~~~~~~
[2026-04-21 23:56:11,429] %Warning-STMTDLY: /tmp/finn_dev_emanuel-hernandez/vivado_stitch_proj__kre6k2s/finn_design_wrapper.v:7215:2: Unsupported: Ignoring delay on this delayed statement.
[2026-04-21 23:56:11,429]                                                                                                           : ... In instance finn_design_wrapper.finn_design_i.MVAU_hls_1.MVAU_hls_1.inst.grp_Matrix_Vector_Activate_Stream_Batch_fu_60
[2026-04-21 23:56:11,429]  7215 | #0 ap_CS_iter0_fsm = 1'd1;
[2026-04-21 23:56:11,429]       |  ^
[2026-04-21 23:56:11,429] %Warning-STMTDLY: /tmp/finn_dev_emanuel-hernandez/vivado_stitch_proj__kre6k2s/finn_design_wrapper.v:7216:2: Unsupported: Ignoring delay on this delayed statement.
[2026-04-21 23:56:11,429]                                                                                                           : ... In instance finn_design_wrapper.finn_design_i.MVAU_hls_1.MVAU_hls_1.inst.grp_Matrix_Vector_Activate_Stream_Batch_fu_60
[2026-04-21 23:56:11,429]  7216 | #0 ap_CS_iter1_fsm = 2'd1;
[2026-04-21 23:56:11,429]       |  ^
[2026-04-21 23:56:11,429] %Warning-STMTDLY: /tmp/finn_dev_emanuel-hernandez/vivado_stitch_proj__kre6k2s/finn_design_wrapper.v:7217:2: Unsupported: Ignoring delay on this delayed statement.
[2026-04-21 23:56:11,429]                                                                                                           : ... In instance finn_design_wrapper.finn_design_i.MVAU_hls_1.MVAU_hls_1.inst.grp_Matrix_Vector_Activate_Stream_Batch_fu_60
[2026-04-21 23:56:11,429]  7217 | #0 ap_CS_iter2_fsm = 2'd1;
[2026-04-21 23:56:11,429]       |  ^
[2026-04-21 23:56:11,429] %Warning-STMTDLY: /tmp/finn_dev_emanuel-hernandez/vivado_stitch_proj__kre6k2s/finn_design_wrapper.v:7218:2: Unsupported: Ignoring delay on this delayed statement.
[2026-04-21 23:56:11,429]                                                                                                           : ... In instance finn_design_wrapper.finn_design_i.MVAU_hls_1.MVAU_hls_1.inst.grp_Matrix_Vector_Activate_Stream_Batch_fu_60
[2026-04-21 23:56:11,429]  7218 | #0 ap_CS_iter3_fsm = 2'd1;
[2026-04-21 23:56:11,429]       |  ^
[2026-04-21 23:56:11,429] %Warning-STMTDLY: /tmp/finn_dev_emanuel-hernandez/vivado_stitch_proj__kre6k2s/finn_design_wrapper.v:7219:2: Unsupported: Ignoring delay on this delayed statement.
[2026-04-21 23:56:11,429]                                                                                                           : ... In instance finn_design_wrapper.finn_design_i.MVAU_hls_1.MVAU_hls_1.inst.grp_Matrix_Vector_Activate_Stream_Batch_fu_60
[2026-04-21 23:56:11,429]  7219 | #0 ap_CS_iter4_fsm = 2'd1;
[2026-04-21 23:56:11,429]       |  ^
[2026-04-21 23:56:11,429] %Warning-STMTDLY: /tmp/finn_dev_emanuel-hernandez/vivado_stitch_proj__kre6k2s/finn_design_wrapper.v:7220:2: Unsupported: Ignoring delay on this delayed statement.
[2026-04-21 23:56:11,429]                                                                                                           : ... In instance finn_design_wrapper.finn_design_i.MVAU_hls_1.MVAU_hls_1.inst.grp_Matrix_Vector_Activate_Stream_Batch_fu_60
[2026-04-21 23:56:11,429]  7220 | #0 ap_done_reg = 1'b0;
[2026-04-21 23:56:11,429]       |  ^
[2026-04-21 23:56:11,429] %Warning-WIDTH: /tmp/finn_dev_emanuel-hernandez/vivado_stitch_proj__kre6k2s/finn_design_wrapper.v:8915:29: Operator ASSIGN expects 1 bits on the Assign RHS, but Assign RHS's CONST '?32?bxxxxxxxxxxxxxxxxxxxxxxxxxxxxxxxx' generates 32 bits.
[2026-04-21 23:56:11,429]                                                                                                          : ... In instance finn_design_wrapper.finn_design_i.MVAU_hls_1.MVAU_hls_1.inst.grp_Matrix_Vector_Activate_Stream_Batch_fu_60
[2026-04-21 23:56:11,429]  8915 |             ap_NS_iter0_fsm = 'bx;
[2026-04-21 23:56:11,429]       |                             ^
[2026-04-21 23:56:11,429] %Warning-WIDTH: /tmp/finn_dev_emanuel-hernandez/vivado_stitch_proj__kre6k2s/finn_design_wrapper.v:8939:29: Operator ASSIGN expects 2 bits on the Assign RHS, but Assign RHS's CONST '?32?bxxxxxxxxxxxxxxxxxxxxxxxxxxxxxxxx' generates 32 bits.
[2026-04-21 23:56:11,429]                                                                                                          : ... In instance finn_design_wrapper.finn_design_i.MVAU_hls_1.MVAU_hls_1.inst.grp_Matrix_Vector_Activate_Stream_Batch_fu_60
[2026-04-21 23:56:11,429]  8939 |             ap_NS_iter1_fsm = 'bx;
[2026-04-21 23:56:11,429]       |                             ^
[2026-04-21 23:56:11,429] %Warning-WIDTH: /tmp/finn_dev_emanuel-hernandez/vivado_stitch_proj__kre6k2s/finn_design_wrapper.v:8963:29: Operator ASSIGN expects 2 bits on the Assign RHS, but Assign RHS's CONST '?32?bxxxxxxxxxxxxxxxxxxxxxxxxxxxxxxxx' generates 32 bits.
[2026-04-21 23:56:11,429]                                                                                                          : ... In instance finn_design_wrapper.finn_design_i.MVAU_hls_1.MVAU_hls_1.inst.grp_Matrix_Vector_Activate_Stream_Batch_fu_60
[2026-04-21 23:56:11,429]  8963 |             ap_NS_iter2_fsm = 'bx;
[2026-04-21 23:56:11,429]       |                             ^
[2026-04-21 23:56:11,429] %Warning-WIDTH: /tmp/finn_dev_emanuel-hernandez/vivado_stitch_proj__kre6k2s/finn_design_wrapper.v:8987:29: Operator ASSIGN expects 2 bits on the Assign RHS, but Assign RHS's CONST '?32?bxxxxxxxxxxxxxxxxxxxxxxxxxxxxxxxx' generates 32 bits.
[2026-04-21 23:56:11,429]                                                                                                          : ... In instance finn_design_wrapper.finn_design_i.MVAU_hls_1.MVAU_hls_1.inst.grp_Matrix_Vector_Activate_Stream_Batch_fu_60
[2026-04-21 23:56:11,429]  8987 |             ap_NS_iter3_fsm = 'bx;
[2026-04-21 23:56:11,429]       |                             ^
[2026-04-21 23:56:11,429] %Warning-WIDTH: /tmp/finn_dev_emanuel-hernandez/vivado_stitch_proj__kre6k2s/finn_design_wrapper.v:9011:29: Operator ASSIGN expects 2 bits on the Assign RHS, but Assign RHS's CONST '?32?bxxxxxxxxxxxxxxxxxxxxxxxxxxxxxxxx' generates 32 bits.
[2026-04-21 23:56:11,429]                                                                                                          : ... In instance finn_design_wrapper.finn_design_i.MVAU_hls_1.MVAU_hls_1.inst.grp_Matrix_Vector_Activate_Stream_Batch_fu_60
[2026-04-21 23:56:11,429]  9011 |             ap_NS_iter4_fsm = 'bx;
[2026-04-21 23:56:11,429]       |                             ^
[2026-04-21 23:56:11,429] %Warning-WIDTH: /tmp/finn_dev_emanuel-hernandez/vivado_stitch_proj__kre6k2s/finn_design_wrapper.v:9090:47: Operator ASSIGNW expects 4 bits on the Assign RHS, but Assign RHS's CONST '?32?bxxxxxxxxxxxxxxxxxxxxxxxxxxxxxxxx' generates 32 bits.
[2026-04-21 23:56:11,429]                                                                                                          : ... In instance finn_design_wrapper.finn_design_i.MVAU_hls_1.MVAU_hls_1.inst.grp_Matrix_Vector_Activate_Stream_Batch_fu_60
[2026-04-21 23:56:11,429]  9090 | assign ap_phi_reg_pp0_iter0_inElem_1_reg_1080 = 'bx;
[2026-04-21 23:56:11,429]       |                                               ^
[2026-04-21 23:56:11,429] %Warning-WIDTH: /tmp/finn_dev_emanuel-hernandez/vivado_stitch_proj__kre6k2s/finn_design_wrapper.v:9100:23: Operator ASSIGNW expects 4 bits on the Assign RHS, but Assign RHS's VARREF 'grp_fu_2944_p00' generates 8 bits.
[2026-04-21 23:56:11,429]                                                                                                          : ... In instance finn_design_wrapper.finn_design_i.MVAU_hls_1.MVAU_hls_1.inst.grp_Matrix_Vector_Activate_Stream_Batch_fu_60
[2026-04-21 23:56:11,429]  9100 | assign grp_fu_2944_p0 = grp_fu_2944_p00;
[2026-04-21 23:56:11,429]       |                       ^
[2026-04-21 23:56:11,429] %Warning-WIDTH: /tmp/finn_dev_emanuel-hernandez/vivado_stitch_proj__kre6k2s/finn_design_wrapper.v:9102:24: Operator ASSIGNW expects 8 bits on the Assign RHS, but Assign RHS's VARREF 'ap_phi_mux_inElem_1_phi_fu_1083_p4' generates 4 bits.
[2026-04-21 23:56:11,429]                                                                                                          : ... In instance finn_design_wrapper.finn_design_i.MVAU_hls_1.MVAU_hls_1.inst.grp_Matrix_Vector_Activate_Stream_Batch_fu_60
[2026-04-21 23:56:11,429]  9102 | assign grp_fu_2944_p00 = ap_phi_mux_inElem_1_phi_fu_1083_p4;
[2026-04-21 23:56:11,429]       |                        ^
[2026-04-21 23:56:11,429] %Warning-WIDTH: /tmp/finn_dev_emanuel-hernandez/vivado_stitch_proj__kre6k2s/finn_design_wrapper.v:9152:30: Operator ASSIGNW expects 64 bits on the Assign RHS, but Assign RHS's VARREF 'nf_2_reg_3764_pp0_iter2_reg' generates 32 bits.
[2026-04-21 23:56:11,429]                                                                                                          : ... In instance finn_design_wrapper.finn_design_i.MVAU_hls_1.MVAU_hls_1.inst.grp_Matrix_Vector_Activate_Stream_Batch_fu_60
[2026-04-21 23:56:11,429]  9152 | assign idxprom2_i_fu_2508_p1 = nf_2_reg_3764_pp0_iter2_reg;
[2026-04-21 23:56:11,429]       |                              ^
[2026-04-21 23:56:11,429] %Warning-WIDTH: /tmp/finn_dev_emanuel-hernandez/vivado_stitch_proj__kre6k2s/finn_design_wrapper.v:9160:20: Operator ASSIGNW expects 8 bits on the Assign RHS, but Assign RHS's VARREF 'result_V_2_fu_2929_p2' generates 4 bits.
[2026-04-21 23:56:11,429]                                                                                                          : ... In instance finn_design_wrapper.finn_design_i.MVAU_hls_1.MVAU_hls_1.inst.grp_Matrix_Vector_Activate_Stream_Batch_fu_60
[2026-04-21 23:56:11,429]  9160 | assign out_V_TDATA = result_V_2_fu_2929_p2;
[2026-04-21 23:56:11,429]       |                    ^
[2026-04-21 23:56:11,429] %Warning-WIDTH: /tmp/finn_dev_emanuel-hernandez/vivado_stitch_proj__kre6k2s/finn_design_wrapper.v:9162:32: Operator ASSIGNW expects 6 bits on the Assign RHS, but Assign RHS's VARREF 'idxprom2_i_fu_2508_p1' generates 64 bits.
[2026-04-21 23:56:11,429]                                                                                                          : ... In instance finn_design_wrapper.finn_design_i.MVAU_hls_1.MVAU_hls_1.inst.grp_Matrix_Vector_Activate_Stream_Batch_fu_60
[2026-04-21 23:56:11,429]  9162 | assign p_ZL7threshs_0_address0 = idxprom2_i_fu_2508_p1;
[2026-04-21 23:56:11,429]       |                                ^
[2026-04-21 23:56:11,429] %Warning-WIDTH: /tmp/finn_dev_emanuel-hernandez/vivado_stitch_proj__kre6k2s/finn_design_wrapper.v:9164:33: Operator ASSIGNW expects 6 bits on the Assign RHS, but Assign RHS's VARREF 'idxprom2_i_fu_2508_p1' generates 64 bits.
[2026-04-21 23:56:11,429]                                                                                                          : ... In instance finn_design_wrapper.finn_design_i.MVAU_hls_1.MVAU_hls_1.inst.grp_Matrix_Vector_Activate_Stream_Batch_fu_60
[2026-04-21 23:56:11,429]  9164 | assign p_ZL7threshs_10_address0 = idxprom2_i_fu_2508_p1;
[2026-04-21 23:56:11,429]       |                                 ^
[2026-04-21 23:56:11,429] %Warning-WIDTH: /tmp/finn_dev_emanuel-hernandez/vivado_stitch_proj__kre6k2s/finn_design_wrapper.v:9166:33: Operator ASSIGNW expects 6 bits on the Assign RHS, but Assign RHS's VARREF 'idxprom2_i_fu_2508_p1' generates 64 bits.
[2026-04-21 23:56:11,429]                                                                                                          : ... In instance finn_design_wrapper.finn_design_i.MVAU_hls_1.MVAU_hls_1.inst.grp_Matrix_Vector_Activate_Stream_Batch_fu_60
[2026-04-21 23:56:11,429]  9166 | assign p_ZL7threshs_11_address0 = idxprom2_i_fu_2508_p1;
[2026-04-21 23:56:11,429]       |                                 ^
[2026-04-21 23:56:11,429] %Warning-WIDTH: /tmp/finn_dev_emanuel-hernandez/vivado_stitch_proj__kre6k2s/finn_design_wrapper.v:9168:33: Operator ASSIGNW expects 6 bits on the Assign RHS, but Assign RHS's VARREF 'idxprom2_i_fu_2508_p1' generates 64 bits.
[2026-04-21 23:56:11,429]                                                                                                          : ... In instance finn_design_wrapper.finn_design_i.MVAU_hls_1.MVAU_hls_1.inst.grp_Matrix_Vector_Activate_Stream_Batch_fu_60
[2026-04-21 23:56:11,429]  9168 | assign p_ZL7threshs_12_address0 = idxprom2_i_fu_2508_p1;
[2026-04-21 23:56:11,429]       |                                 ^
[2026-04-21 23:56:11,429] %Warning-WIDTH: /tmp/finn_dev_emanuel-hernandez/vivado_stitch_proj__kre6k2s/finn_design_wrapper.v:9170:33: Operator ASSIGNW expects 6 bits on the Assign RHS, but Assign RHS's VARREF 'idxprom2_i_fu_2508_p1' generates 64 bits.
[2026-04-21 23:56:11,429]                                                                                                          : ... In instance finn_design_wrapper.finn_design_i.MVAU_hls_1.MVAU_hls_1.inst.grp_Matrix_Vector_Activate_Stream_Batch_fu_60
[2026-04-21 23:56:11,429]  9170 | assign p_ZL7threshs_13_address0 = idxprom2_i_fu_2508_p1;
[2026-04-21 23:56:11,429]       |                                 ^
[2026-04-21 23:56:11,429] %Warning-WIDTH: /tmp/finn_dev_emanuel-hernandez/vivado_stitch_proj__kre6k2s/finn_design_wrapper.v:9172:33: Operator ASSIGNW expects 6 bits on the Assign RHS, but Assign RHS's VARREF 'idxprom2_i_fu_2508_p1' generates 64 bits.
[2026-04-21 23:56:11,429]                                                                                                          : ... In instance finn_design_wrapper.finn_design_i.MVAU_hls_1.MVAU_hls_1.inst.grp_Matrix_Vector_Activate_Stream_Batch_fu_60
[2026-04-21 23:56:11,429]  9172 | assign p_ZL7threshs_14_address0 = idxprom2_i_fu_2508_p1;
[2026-04-21 23:56:11,429]       |                                 ^
[2026-04-21 23:56:11,429] %Warning-WIDTH: /tmp/finn_dev_emanuel-hernandez/vivado_stitch_proj__kre6k2s/finn_design_wrapper.v:9174:32: Operator ASSIGNW expects 6 bits on the Assign RHS, but Assign RHS's VARREF 'idxprom2_i_fu_2508_p1' generates 64 bits.
[2026-04-21 23:56:11,429]                                                                                                          : ... In instance finn_design_wrapper.finn_design_i.MVAU_hls_1.MVAU_hls_1.inst.grp_Matrix_Vector_Activate_Stream_Batch_fu_60
[2026-04-21 23:56:11,429]  9174 | assign p_ZL7threshs_1_address0 = idxprom2_i_fu_2508_p1;
[2026-04-21 23:56:11,429]       |                                ^
[2026-04-21 23:56:11,429] %Warning-WIDTH: /tmp/finn_dev_emanuel-hernandez/vivado_stitch_proj__kre6k2s/finn_design_wrapper.v:9176:32: Operator ASSIGNW expects 6 bits on the Assign RHS, but Assign RHS's VARREF 'idxprom2_i_fu_2508_p1' generates 64 bits.
[2026-04-21 23:56:11,429]                                                                                                          : ... In instance finn_design_wrapper.finn_design_i.MVAU_hls_1.MVAU_hls_1.inst.grp_Matrix_Vector_Activate_Stream_Batch_fu_60
[2026-04-21 23:56:11,429]  9176 | assign p_ZL7threshs_2_address0 = idxprom2_i_fu_2508_p1;
[2026-04-21 23:56:11,429]       |                                ^
[2026-04-21 23:56:11,429] %Warning-WIDTH: /tmp/finn_dev_emanuel-hernandez/vivado_stitch_proj__kre6k2s/finn_design_wrapper.v:9178:32: Operator ASSIGNW expects 6 bits on the Assign RHS, but Assign RHS's VARREF 'idxprom2_i_fu_2508_p1' generates 64 bits.
[2026-04-21 23:56:11,429]                                                                                                          : ... In instance finn_design_wrapper.finn_design_i.MVAU_hls_1.MVAU_hls_1.inst.grp_Matrix_Vector_Activate_Stream_Batch_fu_60
[2026-04-21 23:56:11,429]  9178 | assign p_ZL7threshs_3_address0 = idxprom2_i_fu_2508_p1;
[2026-04-21 23:56:11,430]       |                                ^
[2026-04-21 23:56:11,430] %Warning-WIDTH: /tmp/finn_dev_emanuel-hernandez/vivado_stitch_proj__kre6k2s/finn_design_wrapper.v:9180:32: Operator ASSIGNW expects 6 bits on the Assign RHS, but Assign RHS's VARREF 'idxprom2_i_fu_2508_p1' generates 64 bits.
[2026-04-21 23:56:11,430]                                                                                                          : ... In instance finn_design_wrapper.finn_design_i.MVAU_hls_1.MVAU_hls_1.inst.grp_Matrix_Vector_Activate_Stream_Batch_fu_60
[2026-04-21 23:56:11,430]  9180 | assign p_ZL7threshs_4_address0 = idxprom2_i_fu_2508_p1;
[2026-04-21 23:56:11,430]       |                                ^
[2026-04-21 23:56:11,430] %Warning-WIDTH: /tmp/finn_dev_emanuel-hernandez/vivado_stitch_proj__kre6k2s/finn_design_wrapper.v:9182:32: Operator ASSIGNW expects 6 bits on the Assign RHS, but Assign RHS's VARREF 'idxprom2_i_fu_2508_p1' generates 64 bits.
[2026-04-21 23:56:11,430]                                                                                                          : ... In instance finn_design_wrapper.finn_design_i.MVAU_hls_1.MVAU_hls_1.inst.grp_Matrix_Vector_Activate_Stream_Batch_fu_60
[2026-04-21 23:56:11,430]  9182 | assign p_ZL7threshs_5_address0 = idxprom2_i_fu_2508_p1;
[2026-04-21 23:56:11,430]       |                                ^
[2026-04-21 23:56:11,430] %Warning-WIDTH: /tmp/finn_dev_emanuel-hernandez/vivado_stitch_proj__kre6k2s/finn_design_wrapper.v:9184:32: Operator ASSIGNW expects 6 bits on the Assign RHS, but Assign RHS's VARREF 'idxprom2_i_fu_2508_p1' generates 64 bits.
[2026-04-21 23:56:11,430]                                                                                                          : ... In instance finn_design_wrapper.finn_design_i.MVAU_hls_1.MVAU_hls_1.inst.grp_Matrix_Vector_Activate_Stream_Batch_fu_60
[2026-04-21 23:56:11,430]  9184 | assign p_ZL7threshs_6_address0 = idxprom2_i_fu_2508_p1;
[2026-04-21 23:56:11,430]       |                                ^
[2026-04-21 23:56:11,430] %Warning-WIDTH: /tmp/finn_dev_emanuel-hernandez/vivado_stitch_proj__kre6k2s/finn_design_wrapper.v:9186:32: Operator ASSIGNW expects 6 bits on the Assign RHS, but Assign RHS's VARREF 'idxprom2_i_fu_2508_p1' generates 64 bits.
[2026-04-21 23:56:11,430]                                                                                                          : ... In instance finn_design_wrapper.finn_design_i.MVAU_hls_1.MVAU_hls_1.inst.grp_Matrix_Vector_Activate_Stream_Batch_fu_60
[2026-04-21 23:56:11,430]  9186 | assign p_ZL7threshs_7_address0 = idxprom2_i_fu_2508_p1;
[2026-04-21 23:56:11,430]       |                                ^
[2026-04-21 23:56:11,430] %Warning-WIDTH: /tmp/finn_dev_emanuel-hernandez/vivado_stitch_proj__kre6k2s/finn_design_wrapper.v:9188:32: Operator ASSIGNW expects 6 bits on the Assign RHS, but Assign RHS's VARREF 'idxprom2_i_fu_2508_p1' generates 64 bits.
[2026-04-21 23:56:11,430]                                                                                                          : ... In instance finn_design_wrapper.finn_design_i.MVAU_hls_1.MVAU_hls_1.inst.grp_Matrix_Vector_Activate_Stream_Batch_fu_60
[2026-04-21 23:56:11,430]  9188 | assign p_ZL7threshs_8_address0 = idxprom2_i_fu_2508_p1;
[2026-04-21 23:56:11,430]       |                                ^
[2026-04-21 23:56:11,430] %Warning-WIDTH: /tmp/finn_dev_emanuel-hernandez/vivado_stitch_proj__kre6k2s/finn_design_wrapper.v:9190:32: Operator ASSIGNW expects 6 bits on the Assign RHS, but Assign RHS's VARREF 'idxprom2_i_fu_2508_p1' generates 64 bits.
[2026-04-21 23:56:11,430]                                                                                                          : ... In instance finn_design_wrapper.finn_design_i.MVAU_hls_1.MVAU_hls_1.inst.grp_Matrix_Vector_Activate_Stream_Batch_fu_60
[2026-04-21 23:56:11,430]  9190 | assign p_ZL7threshs_9_address0 = idxprom2_i_fu_2508_p1;
[2026-04-21 23:56:11,430]       |                                ^
[2026-04-21 23:56:11,430] %Warning-WIDTH: /tmp/finn_dev_emanuel-hernandez/vivado_stitch_proj__kre6k2s/finn_design_wrapper.v:9196:33: Operator ASSIGNW expects 13 bits on the Assign RHS, but Assign RHS's SIGNED generates 9 bits.
[2026-04-21 23:56:11,430]                                                                                                          : ... In instance finn_design_wrapper.finn_design_i.MVAU_hls_1.MVAU_hls_1.inst.grp_Matrix_Vector_Activate_Stream_Batch_fu_60
[2026-04-21 23:56:11,430]  9196 | assign sext_ln1039_1_fu_2545_p1 = $signed(p_ZL7threshs_1_q0);
[2026-04-21 23:56:11,430]       |                                 ^
[2026-04-21 23:56:11,430] %Warning-WIDTH: /tmp/finn_dev_emanuel-hernandez/vivado_stitch_proj__kre6k2s/finn_design_wrapper.v:9198:33: Operator ASSIGNW expects 13 bits on the Assign RHS, but Assign RHS's SIGNED generates 9 bits.
[2026-04-21 23:56:11,430]                                                                                                          : ... In instance finn_design_wrapper.finn_design_i.MVAU_hls_1.MVAU_hls_1.inst.grp_Matrix_Vector_Activate_Stream_Batch_fu_60
[2026-04-21 23:56:11,430]  9198 | assign sext_ln1039_2_fu_2564_p1 = $signed(p_ZL7threshs_2_q0);
[2026-04-21 23:56:11,430]       |                                 ^
[2026-04-21 23:56:11,430] %Warning-WIDTH: /tmp/finn_dev_emanuel-hernandez/vivado_stitch_proj__kre6k2s/finn_design_wrapper.v:9200:33: Operator ASSIGNW expects 13 bits on the Assign RHS, but Assign RHS's SIGNED generates 9 bits.
[2026-04-21 23:56:11,430]                                                                                                          : ... In instance finn_design_wrapper.finn_design_i.MVAU_hls_1.MVAU_hls_1.inst.grp_Matrix_Vector_Activate_Stream_Batch_fu_60
[2026-04-21 23:56:11,430]  9200 | assign sext_ln1039_3_fu_2583_p1 = $signed(p_ZL7threshs_3_q0);
[2026-04-21 23:56:11,430]       |                                 ^
[2026-04-21 23:56:11,430] %Warning-WIDTH: /tmp/finn_dev_emanuel-hernandez/vivado_stitch_proj__kre6k2s/finn_design_wrapper.v:9202:33: Operator ASSIGNW expects 13 bits on the Assign RHS, but Assign RHS's SIGNED generates 10 bits.
[2026-04-21 23:56:11,430]                                                                                                          : ... In instance finn_design_wrapper.finn_design_i.MVAU_hls_1.MVAU_hls_1.inst.grp_Matrix_Vector_Activate_Stream_Batch_fu_60
[2026-04-21 23:56:11,430]  9202 | assign sext_ln1039_4_fu_2602_p1 = $signed(p_ZL7threshs_4_q0);
[2026-04-21 23:56:11,430]       |                                 ^
[2026-04-21 23:56:11,430] %Warning-WIDTH: /tmp/finn_dev_emanuel-hernandez/vivado_stitch_proj__kre6k2s/finn_design_wrapper.v:9204:33: Operator ASSIGNW expects 13 bits on the Assign RHS, but Assign RHS's SIGNED generates 10 bits.
[2026-04-21 23:56:11,430]                                                                                                          : ... In instance finn_design_wrapper.finn_design_i.MVAU_hls_1.MVAU_hls_1.inst.grp_Matrix_Vector_Activate_Stream_Batch_fu_60
[2026-04-21 23:56:11,430]  9204 | assign sext_ln1039_5_fu_2621_p1 = $signed(p_ZL7threshs_5_q0);
[2026-04-21 23:56:11,430]       |                                 ^
[2026-04-21 23:56:11,430] %Warning-WIDTH: /tmp/finn_dev_emanuel-hernandez/vivado_stitch_proj__kre6k2s/finn_design_wrapper.v:9206:33: Operator ASSIGNW expects 13 bits on the Assign RHS, but Assign RHS's SIGNED generates 10 bits.
[2026-04-21 23:56:11,430]                                                                                                          : ... In instance finn_design_wrapper.finn_design_i.MVAU_hls_1.MVAU_hls_1.inst.grp_Matrix_Vector_Activate_Stream_Batch_fu_60
[2026-04-21 23:56:11,430]  9206 | assign sext_ln1039_6_fu_2640_p1 = $signed(p_ZL7threshs_6_q0);
[2026-04-21 23:56:11,430]       |                                 ^
[2026-04-21 23:56:11,430] %Warning-WIDTH: /tmp/finn_dev_emanuel-hernandez/vivado_stitch_proj__kre6k2s/finn_design_wrapper.v:9208:31: Operator ASSIGNW expects 13 bits on the Assign RHS, but Assign RHS's SIGNED generates 9 bits.
[2026-04-21 23:56:11,430]                                                                                                          : ... In instance finn_design_wrapper.finn_design_i.MVAU_hls_1.MVAU_hls_1.inst.grp_Matrix_Vector_Activate_Stream_Batch_fu_60
[2026-04-21 23:56:11,430]  9208 | assign sext_ln1039_fu_2526_p1 = $signed(p_ZL7threshs_0_q0);
[2026-04-21 23:56:11,430]       |                               ^
[2026-04-21 23:56:11,430] %Warning-WIDTH: /tmp/finn_dev_emanuel-hernandez/vivado_stitch_proj__kre6k2s/finn_design_wrapper.v:9244:33: Operator ASSIGNW expects 13 bits on the Assign RHS, but Assign RHS's VARREF 'p_ZL7threshs_8_q0' generates 9 bits.
[2026-04-21 23:56:11,430]                                                                                                          : ... In instance finn_design_wrapper.finn_design_i.MVAU_hls_1.MVAU_hls_1.inst.grp_Matrix_Vector_Activate_Stream_Batch_fu_60
[2026-04-21 23:56:11,430]  9244 | assign zext_ln1039_1_fu_2678_p1 = p_ZL7threshs_8_q0;
[2026-04-21 23:56:11,430]       |                                 ^
[2026-04-21 23:56:11,430] %Warning-WIDTH: /tmp/finn_dev_emanuel-hernandez/vivado_stitch_proj__kre6k2s/finn_design_wrapper.v:9246:33: Operator ASSIGNW expects 13 bits on the Assign RHS, but Assign RHS's VARREF 'p_ZL7threshs_9_q0' generates 9 bits.
[2026-04-21 23:56:11,430]                                                                                                          : ... In instance finn_design_wrapper.finn_design_i.MVAU_hls_1.MVAU_hls_1.inst.grp_Matrix_Vector_Activate_Stream_Batch_fu_60
[2026-04-21 23:56:11,430]  9246 | assign zext_ln1039_2_fu_2697_p1 = p_ZL7threshs_9_q0;
[2026-04-21 23:56:11,430]       |                                 ^
[2026-04-21 23:56:11,430] %Warning-WIDTH: /tmp/finn_dev_emanuel-hernandez/vivado_stitch_proj__kre6k2s/finn_design_wrapper.v:9248:33: Operator ASSIGNW expects 13 bits on the Assign RHS, but Assign RHS's VARREF 'p_ZL7threshs_10_q0' generates 9 bits.
[2026-04-21 23:56:11,430]                                                                                                          : ... In instance finn_design_wrapper.finn_design_i.MVAU_hls_1.MVAU_hls_1.inst.grp_Matrix_Vector_Activate_Stream_Batch_fu_60
[2026-04-21 23:56:11,430]  9248 | assign zext_ln1039_3_fu_2716_p1 = p_ZL7threshs_10_q0;
[2026-04-21 23:56:11,430]       |                                 ^
[2026-04-21 23:56:11,430] %Warning-WIDTH: /tmp/finn_dev_emanuel-hernandez/vivado_stitch_proj__kre6k2s/finn_design_wrapper.v:9250:33: Operator ASSIGNW expects 13 bits on the Assign RHS, but Assign RHS's VARREF 'p_ZL7threshs_11_q0' generates 9 bits.
[2026-04-21 23:56:11,430]                                                                                                          : ... In instance finn_design_wrapper.finn_design_i.MVAU_hls_1.MVAU_hls_1.inst.grp_Matrix_Vector_Activate_Stream_Batch_fu_60
[2026-04-21 23:56:11,430]  9250 | assign zext_ln1039_4_fu_2735_p1 = p_ZL7threshs_11_q0;
[2026-04-21 23:56:11,430]       |                                 ^
[2026-04-21 23:56:11,430] %Warning-WIDTH: /tmp/finn_dev_emanuel-hernandez/vivado_stitch_proj__kre6k2s/finn_design_wrapper.v:9252:33: Operator ASSIGNW expects 13 bits on the Assign RHS, but Assign RHS's VARREF 'p_ZL7threshs_12_q0' generates 10 bits.
[2026-04-21 23:56:11,430]                                                                                                          : ... In instance finn_design_wrapper.finn_design_i.MVAU_hls_1.MVAU_hls_1.inst.grp_Matrix_Vector_Activate_Stream_Batch_fu_60
[2026-04-21 23:56:11,430]  9252 | assign zext_ln1039_5_fu_2754_p1 = p_ZL7threshs_12_q0;
[2026-04-21 23:56:11,430]       |                                 ^
[2026-04-21 23:56:11,430] %Warning-WIDTH: /tmp/finn_dev_emanuel-hernandez/vivado_stitch_proj__kre6k2s/finn_design_wrapper.v:9254:33: Operator ASSIGNW expects 13 bits on the Assign RHS, but Assign RHS's VARREF 'p_ZL7threshs_13_q0' generates 10 bits.
[2026-04-21 23:56:11,430]                                                                                                          : ... In instance finn_design_wrapper.finn_design_i.MVAU_hls_1.MVAU_hls_1.inst.grp_Matrix_Vector_Activate_Stream_Batch_fu_60
[2026-04-21 23:56:11,430]  9254 | assign zext_ln1039_6_fu_2773_p1 = p_ZL7threshs_13_q0;
[2026-04-21 23:56:11,430]       |                                 ^
[2026-04-21 23:56:11,430] %Warning-WIDTH: /tmp/finn_dev_emanuel-hernandez/vivado_stitch_proj__kre6k2s/finn_design_wrapper.v:9256:33: Operator ASSIGNW expects 13 bits on the Assign RHS, but Assign RHS's VARREF 'p_ZL7threshs_14_q0' generates 10 bits.
[2026-04-21 23:56:11,430]                                                                                                          : ... In instance finn_design_wrapper.finn_design_i.MVAU_hls_1.MVAU_hls_1.inst.grp_Matrix_Vector_Activate_Stream_Batch_fu_60
[2026-04-21 23:56:11,430]  9256 | assign zext_ln1039_7_fu_2792_p1 = p_ZL7threshs_14_q0;
[2026-04-21 23:56:11,430]       |                                 ^
[2026-04-21 23:56:11,430] %Warning-WIDTH: /tmp/finn_dev_emanuel-hernandez/vivado_stitch_proj__kre6k2s/finn_design_wrapper.v:9258:31: Operator ASSIGNW expects 13 bits on the Assign RHS, but Assign RHS's VARREF 'p_ZL7threshs_7_q0' generates 9 bits.
[2026-04-21 23:56:11,430]                                                                                                          : ... In instance finn_design_wrapper.finn_design_i.MVAU_hls_1.MVAU_hls_1.inst.grp_Matrix_Vector_Activate_Stream_Batch_fu_60
[2026-04-21 23:56:11,430]  9258 | assign zext_ln1039_fu_2659_p1 = p_ZL7threshs_7_q0;
[2026-04-21 23:56:11,430]       |                               ^
[2026-04-21 23:56:11,430] %Warning-WIDTH: /tmp/finn_dev_emanuel-hernandez/vivado_stitch_proj__kre6k2s/finn_design_wrapper.v:9260:30: Operator ASSIGNW expects 2 bits on the Assign RHS, but Assign RHS's VARREF 'result_V_fu_2535_p2' generates 1 bits.
[2026-04-21 23:56:11,430]                                                                                                          : ... In instance finn_design_wrapper.finn_design_i.MVAU_hls_1.MVAU_hls_1.inst.grp_Matrix_Vector_Activate_Stream_Batch_fu_60
[2026-04-21 23:56:11,430]  9260 | assign zext_ln215_fu_2541_p1 = result_V_fu_2535_p2;
[2026-04-21 23:56:11,430]       |                              ^
[2026-04-21 23:56:11,430] %Warning-WIDTH: /tmp/finn_dev_emanuel-hernandez/vivado_stitch_proj__kre6k2s/finn_design_wrapper.v:9262:33: Operator ASSIGNW expects 2 bits on the Assign RHS, but Assign RHS's VARREF 'xor_ln1039_10_fu_2744_p2' generates 1 bits.
[2026-04-21 23:56:11,430]                                                                                                          : ... In instance finn_design_wrapper.finn_design_i.MVAU_hls_1.MVAU_hls_1.inst.grp_Matrix_Vector_Activate_Stream_Batch_fu_60
[2026-04-21 23:56:11,430]  9262 | assign zext_ln218_10_fu_2750_p1 = xor_ln1039_10_fu_2744_p2;
[2026-04-21 23:56:11,430]       |                                 ^
[2026-04-21 23:56:11,430] %Warning-WIDTH: /tmp/finn_dev_emanuel-hernandez/vivado_stitch_proj__kre6k2s/finn_design_wrapper.v:9264:33: Operator ASSIGNW expects 2 bits on the Assign RHS, but Assign RHS's VARREF 'xor_ln1039_11_fu_2763_p2' generates 1 bits.
[2026-04-21 23:56:11,431]                                                                                                          : ... In instance finn_design_wrapper.finn_design_i.MVAU_hls_1.MVAU_hls_1.inst.grp_Matrix_Vector_Activate_Stream_Batch_fu_60
[2026-04-21 23:56:11,431]  9264 | assign zext_ln218_11_fu_2769_p1 = xor_ln1039_11_fu_2763_p2;
[2026-04-21 23:56:11,431]       |                                 ^
[2026-04-21 23:56:11,431] %Warning-WIDTH: /tmp/finn_dev_emanuel-hernandez/vivado_stitch_proj__kre6k2s/finn_design_wrapper.v:9266:33: Operator ASSIGNW expects 2 bits on the Assign RHS, but Assign RHS's VARREF 'xor_ln1039_12_fu_2782_p2' generates 1 bits.
[2026-04-21 23:56:11,431]                                                                                                          : ... In instance finn_design_wrapper.finn_design_i.MVAU_hls_1.MVAU_hls_1.inst.grp_Matrix_Vector_Activate_Stream_Batch_fu_60
[2026-04-21 23:56:11,431]  9266 | assign zext_ln218_12_fu_2788_p1 = xor_ln1039_12_fu_2782_p2;
[2026-04-21 23:56:11,431]       |                                 ^
[2026-04-21 23:56:11,431] %Warning-WIDTH: /tmp/finn_dev_emanuel-hernandez/vivado_stitch_proj__kre6k2s/finn_design_wrapper.v:9268:32: Operator ASSIGNW expects 2 bits on the Assign RHS, but Assign RHS's VARREF 'xor_ln1039_1_fu_2573_p2' generates 1 bits.
[2026-04-21 23:56:11,431]                                                                                                          : ... In instance finn_design_wrapper.finn_design_i.MVAU_hls_1.MVAU_hls_1.inst.grp_Matrix_Vector_Activate_Stream_Batch_fu_60
[2026-04-21 23:56:11,431]  9268 | assign zext_ln218_1_fu_2579_p1 = xor_ln1039_1_fu_2573_p2;
[2026-04-21 23:56:11,431]       |                                ^
[2026-04-21 23:56:11,431] %Warning-WIDTH: /tmp/finn_dev_emanuel-hernandez/vivado_stitch_proj__kre6k2s/finn_design_wrapper.v:9270:32: Operator ASSIGNW expects 2 bits on the Assign RHS, but Assign RHS's VARREF 'xor_ln1039_2_fu_2592_p2' generates 1 bits.
[2026-04-21 23:56:11,431]                                                                                                          : ... In instance finn_design_wrapper.finn_design_i.MVAU_hls_1.MVAU_hls_1.inst.grp_Matrix_Vector_Activate_Stream_Batch_fu_60
[2026-04-21 23:56:11,431]  9270 | assign zext_ln218_2_fu_2598_p1 = xor_ln1039_2_fu_2592_p2;
[2026-04-21 23:56:11,431]       |                                ^
[2026-04-21 23:56:11,431] %Warning-WIDTH: /tmp/finn_dev_emanuel-hernandez/vivado_stitch_proj__kre6k2s/finn_design_wrapper.v:9272:32: Operator ASSIGNW expects 2 bits on the Assign RHS, but Assign RHS's VARREF 'xor_ln1039_3_fu_2611_p2' generates 1 bits.
[2026-04-21 23:56:11,431]                                                                                                          : ... In instance finn_design_wrapper.finn_design_i.MVAU_hls_1.MVAU_hls_1.inst.grp_Matrix_Vector_Activate_Stream_Batch_fu_60
[2026-04-21 23:56:11,431]  9272 | assign zext_ln218_3_fu_2617_p1 = xor_ln1039_3_fu_2611_p2;
[2026-04-21 23:56:11,431]       |                                ^
[2026-04-21 23:56:11,431] %Warning-WIDTH: /tmp/finn_dev_emanuel-hernandez/vivado_stitch_proj__kre6k2s/finn_design_wrapper.v:9274:32: Operator ASSIGNW expects 2 bits on the Assign RHS, but Assign RHS's VARREF 'xor_ln1039_4_fu_2630_p2' generates 1 bits.
[2026-04-21 23:56:11,431]                                                                                                          : ... In instance finn_design_wrapper.finn_design_i.MVAU_hls_1.MVAU_hls_1.inst.grp_Matrix_Vector_Activate_Stream_Batch_fu_60
[2026-04-21 23:56:11,431]  9274 | assign zext_ln218_4_fu_2636_p1 = xor_ln1039_4_fu_2630_p2;
[2026-04-21 23:56:11,431]       |                                ^
[2026-04-21 23:56:11,431] %Warning-WIDTH: /tmp/finn_dev_emanuel-hernandez/vivado_stitch_proj__kre6k2s/finn_design_wrapper.v:9276:32: Operator ASSIGNW expects 2 bits on the Assign RHS, but Assign RHS's VARREF 'xor_ln1039_5_fu_2649_p2' generates 1 bits.
[2026-04-21 23:56:11,431]                                                                                                          : ... In instance finn_design_wrapper.finn_design_i.MVAU_hls_1.MVAU_hls_1.inst.grp_Matrix_Vector_Activate_Stream_Batch_fu_60
[2026-04-21 23:56:11,431]  9276 | assign zext_ln218_5_fu_2655_p1 = xor_ln1039_5_fu_2649_p2;
[2026-04-21 23:56:11,431]       |                                ^
[2026-04-21 23:56:11,431] %Warning-WIDTH: /tmp/finn_dev_emanuel-hernandez/vivado_stitch_proj__kre6k2s/finn_design_wrapper.v:9278:32: Operator ASSIGNW expects 2 bits on the Assign RHS, but Assign RHS's VARREF 'xor_ln1039_6_fu_2668_p2' generates 1 bits.
[2026-04-21 23:56:11,431]                                                                                                          : ... In instance finn_design_wrapper.finn_design_i.MVAU_hls_1.MVAU_hls_1.inst.grp_Matrix_Vector_Activate_Stream_Batch_fu_60
[2026-04-21 23:56:11,431]  9278 | assign zext_ln218_6_fu_2674_p1 = xor_ln1039_6_fu_2668_p2;
[2026-04-21 23:56:11,431]       |                                ^
[2026-04-21 23:56:11,431] %Warning-WIDTH: /tmp/finn_dev_emanuel-hernandez/vivado_stitch_proj__kre6k2s/finn_design_wrapper.v:9280:32: Operator ASSIGNW expects 2 bits on the Assign RHS, but Assign RHS's VARREF 'xor_ln1039_7_fu_2687_p2' generates 1 bits.
[2026-04-21 23:56:11,431]                                                                                                          : ... In instance finn_design_wrapper.finn_design_i.MVAU_hls_1.MVAU_hls_1.inst.grp_Matrix_Vector_Activate_Stream_Batch_fu_60
[2026-04-21 23:56:11,431]  9280 | assign zext_ln218_7_fu_2693_p1 = xor_ln1039_7_fu_2687_p2;
[2026-04-21 23:56:11,431]       |                                ^
[2026-04-21 23:56:11,431] %Warning-WIDTH: /tmp/finn_dev_emanuel-hernandez/vivado_stitch_proj__kre6k2s/finn_design_wrapper.v:9282:32: Operator ASSIGNW expects 2 bits on the Assign RHS, but Assign RHS's VARREF 'xor_ln1039_8_fu_2706_p2' generates 1 bits.
[2026-04-21 23:56:11,431]                                                                                                          : ... In instance finn_design_wrapper.finn_design_i.MVAU_hls_1.MVAU_hls_1.inst.grp_Matrix_Vector_Activate_Stream_Batch_fu_60
[2026-04-21 23:56:11,431]  9282 | assign zext_ln218_8_fu_2712_p1 = xor_ln1039_8_fu_2706_p2;
[2026-04-21 23:56:11,431]       |                                ^
[2026-04-21 23:56:11,431] %Warning-WIDTH: /tmp/finn_dev_emanuel-hernandez/vivado_stitch_proj__kre6k2s/finn_design_wrapper.v:9284:32: Operator ASSIGNW expects 2 bits on the Assign RHS, but Assign RHS's VARREF 'xor_ln1039_9_fu_2725_p2' generates 1 bits.
[2026-04-21 23:56:11,431]                                                                                                          : ... In instance finn_design_wrapper.finn_design_i.MVAU_hls_1.MVAU_hls_1.inst.grp_Matrix_Vector_Activate_Stream_Batch_fu_60
[2026-04-21 23:56:11,431]  9284 | assign zext_ln218_9_fu_2731_p1 = xor_ln1039_9_fu_2725_p2;
[2026-04-21 23:56:11,431]       |                                ^
[2026-04-21 23:56:11,431] %Warning-WIDTH: /tmp/finn_dev_emanuel-hernandez/vivado_stitch_proj__kre6k2s/finn_design_wrapper.v:9286:30: Operator ASSIGNW expects 2 bits on the Assign RHS, but Assign RHS's VARREF 'xor_ln1039_fu_2554_p2' generates 1 bits.
[2026-04-21 23:56:11,431]                                                                                                          : ... In instance finn_design_wrapper.finn_design_i.MVAU_hls_1.MVAU_hls_1.inst.grp_Matrix_Vector_Activate_Stream_Batch_fu_60
[2026-04-21 23:56:11,431]  9286 | assign zext_ln218_fu_2560_p1 = xor_ln1039_fu_2554_p2;
[2026-04-21 23:56:11,431]       |                              ^
[2026-04-21 23:56:11,431] %Warning-WIDTH: /tmp/finn_dev_emanuel-hernandez/vivado_stitch_proj__kre6k2s/finn_design_wrapper.v:9288:33: Operator ASSIGNW expects 4 bits on the Assign RHS, but Assign RHS's VARREF 'add_ln840_12_fu_2913_p2' generates 3 bits.
[2026-04-21 23:56:11,431]                                                                                                          : ... In instance finn_design_wrapper.finn_design_i.MVAU_hls_1.MVAU_hls_1.inst.grp_Matrix_Vector_Activate_Stream_Batch_fu_60
[2026-04-21 23:56:11,431]  9288 | assign zext_ln840_10_fu_2919_p1 = add_ln840_12_fu_2913_p2;
[2026-04-21 23:56:11,431]       |                                 ^
[2026-04-21 23:56:11,431] %Warning-WIDTH: /tmp/finn_dev_emanuel-hernandez/vivado_stitch_proj__kre6k2s/finn_design_wrapper.v:9290:32: Operator ASSIGNW expects 3 bits on the Assign RHS, but Assign RHS's VARREF 'add_ln840_2_fu_2817_p2' generates 2 bits.
[2026-04-21 23:56:11,431]                                                                                                          : ... In instance finn_design_wrapper.finn_design_i.MVAU_hls_1.MVAU_hls_1.inst.grp_Matrix_Vector_Activate_Stream_Batch_fu_60
[2026-04-21 23:56:11,431]  9290 | assign zext_ln840_1_fu_2823_p1 = add_ln840_2_fu_2817_p2;
[2026-04-21 23:56:11,431]       |                                ^
[2026-04-21 23:56:11,431] %Warning-WIDTH: /tmp/finn_dev_emanuel-hernandez/vivado_stitch_proj__kre6k2s/finn_design_wrapper.v:9292:32: Operator ASSIGNW expects 3 bits on the Assign RHS, but Assign RHS's VARREF 'add_ln840_3_fu_2827_p2' generates 2 bits.
[2026-04-21 23:56:11,431]                                                                                                          : ... In instance finn_design_wrapper.finn_design_i.MVAU_hls_1.MVAU_hls_1.inst.grp_Matrix_Vector_Activate_Stream_Batch_fu_60
[2026-04-21 23:56:11,431]  9292 | assign zext_ln840_2_fu_2833_p1 = add_ln840_3_fu_2827_p2;
[2026-04-21 23:56:11,431]       |                                ^
[2026-04-21 23:56:11,431] %Warning-WIDTH: /tmp/finn_dev_emanuel-hernandez/vivado_stitch_proj__kre6k2s/finn_design_wrapper.v:9294:32: Operator ASSIGNW expects 3 bits on the Assign RHS, but Assign RHS's VARREF 'add_ln840_4_fu_2837_p2' generates 2 bits.
[2026-04-21 23:56:11,431]                                                                                                          : ... In instance finn_design_wrapper.finn_design_i.MVAU_hls_1.MVAU_hls_1.inst.grp_Matrix_Vector_Activate_Stream_Batch_fu_60
[2026-04-21 23:56:11,431]  9294 | assign zext_ln840_3_fu_2843_p1 = add_ln840_4_fu_2837_p2;
[2026-04-21 23:56:11,431]       |                                ^
[2026-04-21 23:56:11,431] %Warning-WIDTH: /tmp/finn_dev_emanuel-hernandez/vivado_stitch_proj__kre6k2s/finn_design_wrapper.v:9296:32: Operator ASSIGNW expects 4 bits on the Assign RHS, but Assign RHS's VARREF 'add_ln840_6_fu_2853_p2' generates 3 bits.
[2026-04-21 23:56:11,431]                                                                                                          : ... In instance finn_design_wrapper.finn_design_i.MVAU_hls_1.MVAU_hls_1.inst.grp_Matrix_Vector_Activate_Stream_Batch_fu_60
[2026-04-21 23:56:11,431]  9296 | assign zext_ln840_4_fu_2859_p1 = add_ln840_6_fu_2853_p2;
[2026-04-21 23:56:11,431]       |                                ^
[2026-04-21 23:56:11,431] %Warning-WIDTH: /tmp/finn_dev_emanuel-hernandez/vivado_stitch_proj__kre6k2s/finn_design_wrapper.v:9298:32: Operator ASSIGNW expects 3 bits on the Assign RHS, but Assign RHS's VARREF 'add_ln840_7_fu_2863_p2' generates 2 bits.
[2026-04-21 23:56:11,431]                                                                                                          : ... In instance finn_design_wrapper.finn_design_i.MVAU_hls_1.MVAU_hls_1.inst.grp_Matrix_Vector_Activate_Stream_Batch_fu_60
[2026-04-21 23:56:11,431]  9298 | assign zext_ln840_5_fu_2869_p1 = add_ln840_7_fu_2863_p2;
[2026-04-21 23:56:11,431]       |                                ^
[2026-04-21 23:56:11,431] %Warning-WIDTH: /tmp/finn_dev_emanuel-hernandez/vivado_stitch_proj__kre6k2s/finn_design_wrapper.v:9300:32: Operator ASSIGNW expects 3 bits on the Assign RHS, but Assign RHS's VARREF 'add_ln840_8_fu_2873_p2' generates 2 bits.
[2026-04-21 23:56:11,431]                                                                                                          : ... In instance finn_design_wrapper.finn_design_i.MVAU_hls_1.MVAU_hls_1.inst.grp_Matrix_Vector_Activate_Stream_Batch_fu_60
[2026-04-21 23:56:11,431]  9300 | assign zext_ln840_6_fu_2879_p1 = add_ln840_8_fu_2873_p2;
[2026-04-21 23:56:11,431]       |                                ^
[2026-04-21 23:56:11,431] %Warning-WIDTH: /tmp/finn_dev_emanuel-hernandez/vivado_stitch_proj__kre6k2s/finn_design_wrapper.v:9302:32: Operator ASSIGNW expects 4 bits on the Assign RHS, but Assign RHS's VARREF 'add_ln840_9_fu_2883_p2' generates 3 bits.
[2026-04-21 23:56:11,431]                                                                                                          : ... In instance finn_design_wrapper.finn_design_i.MVAU_hls_1.MVAU_hls_1.inst.grp_Matrix_Vector_Activate_Stream_Batch_fu_60
[2026-04-21 23:56:11,431]  9302 | assign zext_ln840_7_fu_2889_p1 = add_ln840_9_fu_2883_p2;
[2026-04-21 23:56:11,431]       |                                ^
[2026-04-21 23:56:11,431] %Warning-WIDTH: /tmp/finn_dev_emanuel-hernandez/vivado_stitch_proj__kre6k2s/finn_design_wrapper.v:9304:32: Operator ASSIGNW expects 3 bits on the Assign RHS, but Assign RHS's VARREF 'add_ln840_10_fu_2893_p2' generates 2 bits.
[2026-04-21 23:56:11,431]                                                                                                          : ... In instance finn_design_wrapper.finn_design_i.MVAU_hls_1.MVAU_hls_1.inst.grp_Matrix_Vector_Activate_Stream_Batch_fu_60
[2026-04-21 23:56:11,431]  9304 | assign zext_ln840_8_fu_2899_p1 = add_ln840_10_fu_2893_p2;
[2026-04-21 23:56:11,431]       |                                ^
[2026-04-21 23:56:11,431] %Warning-WIDTH: /tmp/finn_dev_emanuel-hernandez/vivado_stitch_proj__kre6k2s/finn_design_wrapper.v:9306:32: Operator ASSIGNW expects 3 bits on the Assign RHS, but Assign RHS's VARREF 'add_ln840_11_fu_2903_p2' generates 2 bits.
[2026-04-21 23:56:11,431]                                                                                                          : ... In instance finn_design_wrapper.finn_design_i.MVAU_hls_1.MVAU_hls_1.inst.grp_Matrix_Vector_Activate_Stream_Batch_fu_60
[2026-04-21 23:56:11,431]  9306 | assign zext_ln840_9_fu_2909_p1 = add_ln840_11_fu_2903_p2;
[2026-04-21 23:56:11,431]       |                                ^
[2026-04-21 23:56:11,431] %Warning-WIDTH: /tmp/finn_dev_emanuel-hernandez/vivado_stitch_proj__kre6k2s/finn_design_wrapper.v:9308:30: Operator ASSIGNW expects 2 bits on the Assign RHS, but Assign RHS's VARREF 'xor_ln1039_13_fu_2801_p2' generates 1 bits.
[2026-04-21 23:56:11,431]                                                                                                          : ... In instance finn_design_wrapper.finn_design_i.MVAU_hls_1.MVAU_hls_1.inst.grp_Matrix_Vector_Activate_Stream_Batch_fu_60
[2026-04-21 23:56:11,431]  9308 | assign zext_ln840_fu_2807_p1 = xor_ln1039_13_fu_2801_p2;
[2026-04-21 23:56:11,431]       |                              ^
[2026-04-21 23:56:11,431] %Warning-STMTDLY: /tmp/finn_dev_emanuel-hernandez/vivado_stitch_proj__kre6k2s/finn_design_wrapper.v:4359:2: Unsupported: Ignoring delay on this delayed statement.
[2026-04-21 23:56:11,431]                                                                                                           : ... In instance finn_design_wrapper.finn_design_i.MVAU_hls_0.MVAU_hls_0.inst.grp_Matrix_Vector_Activate_Stream_Batch_fu_60
[2026-04-21 23:56:11,431]  4359 | #0 ap_CS_iter0_fsm = 1'd1;
[2026-04-21 23:56:11,431]       |  ^
[2026-04-21 23:56:11,431] %Warning-STMTDLY: /tmp/finn_dev_emanuel-hernandez/vivado_stitch_proj__kre6k2s/finn_design_wrapper.v:4360:2: Unsupported: Ignoring delay on this delayed statement.
[2026-04-21 23:56:11,432]                                                                                                           : ... In instance finn_design_wrapper.finn_design_i.MVAU_hls_0.MVAU_hls_0.inst.grp_Matrix_Vector_Activate_Stream_Batch_fu_60
[2026-04-21 23:56:11,432]  4360 | #0 ap_CS_iter1_fsm = 2'd1;
[2026-04-21 23:56:11,432]       |  ^
[2026-04-21 23:56:11,432] %Warning-STMTDLY: /tmp/finn_dev_emanuel-hernandez/vivado_stitch_proj__kre6k2s/finn_design_wrapper.v:4361:2: Unsupported: Ignoring delay on this delayed statement.
[2026-04-21 23:56:11,432]                                                                                                           : ... In instance finn_design_wrapper.finn_design_i.MVAU_hls_0.MVAU_hls_0.inst.grp_Matrix_Vector_Activate_Stream_Batch_fu_60
[2026-04-21 23:56:11,432]  4361 | #0 ap_CS_iter2_fsm = 2'd1;
[2026-04-21 23:56:11,432]       |  ^
[2026-04-21 23:56:11,432] %Warning-STMTDLY: /tmp/finn_dev_emanuel-hernandez/vivado_stitch_proj__kre6k2s/finn_design_wrapper.v:4362:2: Unsupported: Ignoring delay on this delayed statement.
[2026-04-21 23:56:11,432]                                                                                                           : ... In instance finn_design_wrapper.finn_design_i.MVAU_hls_0.MVAU_hls_0.inst.grp_Matrix_Vector_Activate_Stream_Batch_fu_60
[2026-04-21 23:56:11,432]  4362 | #0 ap_CS_iter3_fsm = 2'd1;
[2026-04-21 23:56:11,432]       |  ^
[2026-04-21 23:56:11,432] %Warning-STMTDLY: /tmp/finn_dev_emanuel-hernandez/vivado_stitch_proj__kre6k2s/finn_design_wrapper.v:4363:2: Unsupported: Ignoring delay on this delayed statement.
[2026-04-21 23:56:11,432]                                                                                                           : ... In instance finn_design_wrapper.finn_design_i.MVAU_hls_0.MVAU_hls_0.inst.grp_Matrix_Vector_Activate_Stream_Batch_fu_60
[2026-04-21 23:56:11,432]  4363 | #0 ap_CS_iter4_fsm = 2'd1;
[2026-04-21 23:56:11,432]       |  ^
[2026-04-21 23:56:11,432] %Warning-STMTDLY: /tmp/finn_dev_emanuel-hernandez/vivado_stitch_proj__kre6k2s/finn_design_wrapper.v:4364:2: Unsupported: Ignoring delay on this delayed statement.
[2026-04-21 23:56:11,432]                                                                                                           : ... In instance finn_design_wrapper.finn_design_i.MVAU_hls_0.MVAU_hls_0.inst.grp_Matrix_Vector_Activate_Stream_Batch_fu_60
[2026-04-21 23:56:11,432]  4364 | #0 ap_CS_iter5_fsm = 2'd1;
[2026-04-21 23:56:11,432]       |  ^
[2026-04-21 23:56:11,432] %Warning-STMTDLY: /tmp/finn_dev_emanuel-hernandez/vivado_stitch_proj__kre6k2s/finn_design_wrapper.v:4365:2: Unsupported: Ignoring delay on this delayed statement.
[2026-04-21 23:56:11,432]                                                                                                           : ... In instance finn_design_wrapper.finn_design_i.MVAU_hls_0.MVAU_hls_0.inst.grp_Matrix_Vector_Activate_Stream_Batch_fu_60
[2026-04-21 23:56:11,432]  4365 | #0 ap_CS_iter6_fsm = 2'd1;
[2026-04-21 23:56:11,432]       |  ^
[2026-04-21 23:56:11,432] %Warning-STMTDLY: /tmp/finn_dev_emanuel-hernandez/vivado_stitch_proj__kre6k2s/finn_design_wrapper.v:4366:2: Unsupported: Ignoring delay on this delayed statement.
[2026-04-21 23:56:11,432]                                                                                                           : ... In instance finn_design_wrapper.finn_design_i.MVAU_hls_0.MVAU_hls_0.inst.grp_Matrix_Vector_Activate_Stream_Batch_fu_60
[2026-04-21 23:56:11,432]  4366 | #0 ap_done_reg = 1'b0;
[2026-04-21 23:56:11,432]       |  ^
[2026-04-21 23:56:11,432] %Warning-WIDTH: /tmp/finn_dev_emanuel-hernandez/vivado_stitch_proj__kre6k2s/finn_design_wrapper.v:6327:29: Operator ASSIGN expects 1 bits on the Assign RHS, but Assign RHS's CONST '?32?bxxxxxxxxxxxxxxxxxxxxxxxxxxxxxxxx' generates 32 bits.
[2026-04-21 23:56:11,432]                                                                                                          : ... In instance finn_design_wrapper.finn_design_i.MVAU_hls_0.MVAU_hls_0.inst.grp_Matrix_Vector_Activate_Stream_Batch_fu_60
[2026-04-21 23:56:11,432]  6327 |             ap_NS_iter0_fsm = 'bx;
[2026-04-21 23:56:11,432]       |                             ^
[2026-04-21 23:56:11,432] %Warning-WIDTH: /tmp/finn_dev_emanuel-hernandez/vivado_stitch_proj__kre6k2s/finn_design_wrapper.v:6351:29: Operator ASSIGN expects 2 bits on the Assign RHS, but Assign RHS's CONST '?32?bxxxxxxxxxxxxxxxxxxxxxxxxxxxxxxxx' generates 32 bits.
[2026-04-21 23:56:11,432]                                                                                                          : ... In instance finn_design_wrapper.finn_design_i.MVAU_hls_0.MVAU_hls_0.inst.grp_Matrix_Vector_Activate_Stream_Batch_fu_60
[2026-04-21 23:56:11,432]  6351 |             ap_NS_iter1_fsm = 'bx;
[2026-04-21 23:56:11,432]       |                             ^
[2026-04-21 23:56:11,432] %Warning-WIDTH: /tmp/finn_dev_emanuel-hernandez/vivado_stitch_proj__kre6k2s/finn_design_wrapper.v:6375:29: Operator ASSIGN expects 2 bits on the Assign RHS, but Assign RHS's CONST '?32?bxxxxxxxxxxxxxxxxxxxxxxxxxxxxxxxx' generates 32 bits.
[2026-04-21 23:56:11,432]                                                                                                          : ... In instance finn_design_wrapper.finn_design_i.MVAU_hls_0.MVAU_hls_0.inst.grp_Matrix_Vector_Activate_Stream_Batch_fu_60
[2026-04-21 23:56:11,432]  6375 |             ap_NS_iter2_fsm = 'bx;
[2026-04-21 23:56:11,432]       |                             ^
[2026-04-21 23:56:11,432] %Warning-WIDTH: /tmp/finn_dev_emanuel-hernandez/vivado_stitch_proj__kre6k2s/finn_design_wrapper.v:6399:29: Operator ASSIGN expects 2 bits on the Assign RHS, but Assign RHS's CONST '?32?bxxxxxxxxxxxxxxxxxxxxxxxxxxxxxxxx' generates 32 bits.
[2026-04-21 23:56:11,432]                                                                                                          : ... In instance finn_design_wrapper.finn_design_i.MVAU_hls_0.MVAU_hls_0.inst.grp_Matrix_Vector_Activate_Stream_Batch_fu_60
[2026-04-21 23:56:11,432]  6399 |             ap_NS_iter3_fsm = 'bx;
[2026-04-21 23:56:11,432]       |                             ^
[2026-04-21 23:56:11,432] %Warning-WIDTH: /tmp/finn_dev_emanuel-hernandez/vivado_stitch_proj__kre6k2s/finn_design_wrapper.v:6423:29: Operator ASSIGN expects 2 bits on the Assign RHS, but Assign RHS's CONST '?32?bxxxxxxxxxxxxxxxxxxxxxxxxxxxxxxxx' generates 32 bits.
[2026-04-21 23:56:11,432]                                                                                                          : ... In instance finn_design_wrapper.finn_design_i.MVAU_hls_0.MVAU_hls_0.inst.grp_Matrix_Vector_Activate_Stream_Batch_fu_60
[2026-04-21 23:56:11,432]  6423 |             ap_NS_iter4_fsm = 'bx;
[2026-04-21 23:56:11,432]       |                             ^
[2026-04-21 23:56:11,432] %Warning-WIDTH: /tmp/finn_dev_emanuel-hernandez/vivado_stitch_proj__kre6k2s/finn_design_wrapper.v:6447:29: Operator ASSIGN expects 2 bits on the Assign RHS, but Assign RHS's CONST '?32?bxxxxxxxxxxxxxxxxxxxxxxxxxxxxxxxx' generates 32 bits.
[2026-04-21 23:56:11,432]                                                                                                          : ... In instance finn_design_wrapper.finn_design_i.MVAU_hls_0.MVAU_hls_0.inst.grp_Matrix_Vector_Activate_Stream_Batch_fu_60
[2026-04-21 23:56:11,432]  6447 |             ap_NS_iter5_fsm = 'bx;
[2026-04-21 23:56:11,432]       |                             ^
[2026-04-21 23:56:11,432] %Warning-WIDTH: /tmp/finn_dev_emanuel-hernandez/vivado_stitch_proj__kre6k2s/finn_design_wrapper.v:6471:29: Operator ASSIGN expects 2 bits on the Assign RHS, but Assign RHS's CONST '?32?bxxxxxxxxxxxxxxxxxxxxxxxxxxxxxxxx' generates 32 bits.
[2026-04-21 23:56:11,432]                                                                                                          : ... In instance finn_design_wrapper.finn_design_i.MVAU_hls_0.MVAU_hls_0.inst.grp_Matrix_Vector_Activate_Stream_Batch_fu_60
[2026-04-21 23:56:11,432]  6471 |             ap_NS_iter6_fsm = 'bx;
[2026-04-21 23:56:11,432]       |                             ^
[2026-04-21 23:56:11,432] %Warning-WIDTH: /tmp/finn_dev_emanuel-hernandez/vivado_stitch_proj__kre6k2s/finn_design_wrapper.v:6562:49: Unsized constant being X/Z extended to 40 bits: ?32?bxxxxxxxxxxxxxxxxxxxxxxxxxxxxxxxx
[2026-04-21 23:56:11,432]                                                                                                          : ... In instance finn_design_wrapper.finn_design_i.MVAU_hls_0.MVAU_hls_0.inst.grp_Matrix_Vector_Activate_Stream_Batch_fu_60
[2026-04-21 23:56:11,432]  6562 | assign ap_phi_reg_pp0_iter0_inElem_1_reg_1116 = 'bx;
[2026-04-21 23:56:11,432]       |                                                 ^~~
[2026-04-21 23:56:11,432] %Warning-WIDTH: /tmp/finn_dev_emanuel-hernandez/vivado_stitch_proj__kre6k2s/finn_design_wrapper.v:6620:30: Operator ASSIGNW expects 64 bits on the Assign RHS, but Assign RHS's VARREF 'nf_2_reg_4133_pp0_iter3_reg' generates 32 bits.
[2026-04-21 23:56:11,432]                                                                                                          : ... In instance finn_design_wrapper.finn_design_i.MVAU_hls_0.MVAU_hls_0.inst.grp_Matrix_Vector_Activate_Stream_Batch_fu_60
[2026-04-21 23:56:11,432]  6620 | assign idxprom2_i_fu_2810_p1 = nf_2_reg_4133_pp0_iter3_reg;
[2026-04-21 23:56:11,432]       |                              ^
[2026-04-21 23:56:11,432] %Warning-WIDTH: /tmp/finn_dev_emanuel-hernandez/vivado_stitch_proj__kre6k2s/finn_design_wrapper.v:6628:20: Operator ASSIGNW expects 8 bits on the Assign RHS, but Assign RHS's VARREF 'result_V_2_fu_3266_p2' generates 4 bits.
[2026-04-21 23:56:11,432]                                                                                                          : ... In instance finn_design_wrapper.finn_design_i.MVAU_hls_0.MVAU_hls_0.inst.grp_Matrix_Vector_Activate_Stream_Batch_fu_60
[2026-04-21 23:56:11,432]  6628 | assign out_V_TDATA = result_V_2_fu_3266_p2;
[2026-04-21 23:56:11,432]       |                    ^
[2026-04-21 23:56:11,432] %Warning-WIDTH: /tmp/finn_dev_emanuel-hernandez/vivado_stitch_proj__kre6k2s/finn_design_wrapper.v:6630:32: Operator ASSIGNW expects 7 bits on the Assign RHS, but Assign RHS's VARREF 'idxprom2_i_fu_2810_p1' generates 64 bits.
[2026-04-21 23:56:11,432]                                                                                                          : ... In instance finn_design_wrapper.finn_design_i.MVAU_hls_0.MVAU_hls_0.inst.grp_Matrix_Vector_Activate_Stream_Batch_fu_60
[2026-04-21 23:56:11,432]  6630 | assign p_ZL7threshs_0_address0 = idxprom2_i_fu_2810_p1;
[2026-04-21 23:56:11,432]       |                                ^
[2026-04-21 23:56:11,432] %Warning-WIDTH: /tmp/finn_dev_emanuel-hernandez/vivado_stitch_proj__kre6k2s/finn_design_wrapper.v:6632:33: Operator ASSIGNW expects 7 bits on the Assign RHS, but Assign RHS's VARREF 'idxprom2_i_fu_2810_p1' generates 64 bits.
[2026-04-21 23:56:11,432]                                                                                                          : ... In instance finn_design_wrapper.finn_design_i.MVAU_hls_0.MVAU_hls_0.inst.grp_Matrix_Vector_Activate_Stream_Batch_fu_60
[2026-04-21 23:56:11,432]  6632 | assign p_ZL7threshs_10_address0 = idxprom2_i_fu_2810_p1;
[2026-04-21 23:56:11,432]       |                                 ^
[2026-04-21 23:56:11,432] %Warning-WIDTH: /tmp/finn_dev_emanuel-hernandez/vivado_stitch_proj__kre6k2s/finn_design_wrapper.v:6634:33: Operator ASSIGNW expects 7 bits on the Assign RHS, but Assign RHS's VARREF 'idxprom2_i_fu_2810_p1' generates 64 bits.
[2026-04-21 23:56:11,432]                                                                                                          : ... In instance finn_design_wrapper.finn_design_i.MVAU_hls_0.MVAU_hls_0.inst.grp_Matrix_Vector_Activate_Stream_Batch_fu_60
[2026-04-21 23:56:11,432]  6634 | assign p_ZL7threshs_11_address0 = idxprom2_i_fu_2810_p1;
[2026-04-21 23:56:11,432]       |                                 ^
[2026-04-21 23:56:11,432] %Warning-WIDTH: /tmp/finn_dev_emanuel-hernandez/vivado_stitch_proj__kre6k2s/finn_design_wrapper.v:6636:33: Operator ASSIGNW expects 7 bits on the Assign RHS, but Assign RHS's VARREF 'idxprom2_i_fu_2810_p1' generates 64 bits.
[2026-04-21 23:56:11,432]                                                                                                          : ... In instance finn_design_wrapper.finn_design_i.MVAU_hls_0.MVAU_hls_0.inst.grp_Matrix_Vector_Activate_Stream_Batch_fu_60
[2026-04-21 23:56:11,432]  6636 | assign p_ZL7threshs_12_address0 = idxprom2_i_fu_2810_p1;
[2026-04-21 23:56:11,432]       |                                 ^
[2026-04-21 23:56:11,432] %Warning-WIDTH: /tmp/finn_dev_emanuel-hernandez/vivado_stitch_proj__kre6k2s/finn_design_wrapper.v:6638:33: Operator ASSIGNW expects 7 bits on the Assign RHS, but Assign RHS's VARREF 'idxprom2_i_fu_2810_p1' generates 64 bits.
[2026-04-21 23:56:11,432]                                                                                                          : ... In instance finn_design_wrapper.finn_design_i.MVAU_hls_0.MVAU_hls_0.inst.grp_Matrix_Vector_Activate_Stream_Batch_fu_60
[2026-04-21 23:56:11,432]  6638 | assign p_ZL7threshs_13_address0 = idxprom2_i_fu_2810_p1;
[2026-04-21 23:56:11,432]       |                                 ^
[2026-04-21 23:56:11,432] %Warning-WIDTH: /tmp/finn_dev_emanuel-hernandez/vivado_stitch_proj__kre6k2s/finn_design_wrapper.v:6640:33: Operator ASSIGNW expects 7 bits on the Assign RHS, but Assign RHS's VARREF 'idxprom2_i_fu_2810_p1' generates 64 bits.
[2026-04-21 23:56:11,432]                                                                                                          : ... In instance finn_design_wrapper.finn_design_i.MVAU_hls_0.MVAU_hls_0.inst.grp_Matrix_Vector_Activate_Stream_Batch_fu_60
[2026-04-21 23:56:11,432]  6640 | assign p_ZL7threshs_14_address0 = idxprom2_i_fu_2810_p1;
[2026-04-21 23:56:11,432]       |                                 ^
[2026-04-21 23:56:11,432] %Warning-WIDTH: /tmp/finn_dev_emanuel-hernandez/vivado_stitch_proj__kre6k2s/finn_design_wrapper.v:6642:32: Operator ASSIGNW expects 7 bits on the Assign RHS, but Assign RHS's VARREF 'idxprom2_i_fu_2810_p1' generates 64 bits.
[2026-04-21 23:56:11,432]                                                                                                          : ... In instance finn_design_wrapper.finn_design_i.MVAU_hls_0.MVAU_hls_0.inst.grp_Matrix_Vector_Activate_Stream_Batch_fu_60
[2026-04-21 23:56:11,432]  6642 | assign p_ZL7threshs_1_address0 = idxprom2_i_fu_2810_p1;
[2026-04-21 23:56:11,432]       |                                ^
[2026-04-21 23:56:11,432] %Warning-WIDTH: /tmp/finn_dev_emanuel-hernandez/vivado_stitch_proj__kre6k2s/finn_design_wrapper.v:6644:32: Operator ASSIGNW expects 7 bits on the Assign RHS, but Assign RHS's VARREF 'idxprom2_i_fu_2810_p1' generates 64 bits.
[2026-04-21 23:56:11,432]                                                                                                          : ... In instance finn_design_wrapper.finn_design_i.MVAU_hls_0.MVAU_hls_0.inst.grp_Matrix_Vector_Activate_Stream_Batch_fu_60
[2026-04-21 23:56:11,432]  6644 | assign p_ZL7threshs_2_address0 = idxprom2_i_fu_2810_p1;
[2026-04-21 23:56:11,432]       |                                ^
[2026-04-21 23:56:11,432] %Warning-WIDTH: /tmp/finn_dev_emanuel-hernandez/vivado_stitch_proj__kre6k2s/finn_design_wrapper.v:6646:32: Operator ASSIGNW expects 7 bits on the Assign RHS, but Assign RHS's VARREF 'idxprom2_i_fu_2810_p1' generates 64 bits.
[2026-04-21 23:56:11,432]                                                                                                          : ... In instance finn_design_wrapper.finn_design_i.MVAU_hls_0.MVAU_hls_0.inst.grp_Matrix_Vector_Activate_Stream_Batch_fu_60
[2026-04-21 23:56:11,432]  6646 | assign p_ZL7threshs_3_address0 = idxprom2_i_fu_2810_p1;
[2026-04-21 23:56:11,432]       |                                ^
[2026-04-21 23:56:11,432] %Warning-WIDTH: /tmp/finn_dev_emanuel-hernandez/vivado_stitch_proj__kre6k2s/finn_design_wrapper.v:6648:32: Operator ASSIGNW expects 7 bits on the Assign RHS, but Assign RHS's VARREF 'idxprom2_i_fu_2810_p1' generates 64 bits.
[2026-04-21 23:56:11,432]                                                                                                          : ... In instance finn_design_wrapper.finn_design_i.MVAU_hls_0.MVAU_hls_0.inst.grp_Matrix_Vector_Activate_Stream_Batch_fu_60
[2026-04-21 23:56:11,432]  6648 | assign p_ZL7threshs_4_address0 = idxprom2_i_fu_2810_p1;
[2026-04-21 23:56:11,432]       |                                ^
[2026-04-21 23:56:11,432] %Warning-WIDTH: /tmp/finn_dev_emanuel-hernandez/vivado_stitch_proj__kre6k2s/finn_design_wrapper.v:6650:32: Operator ASSIGNW expects 7 bits on the Assign RHS, but Assign RHS's VARREF 'idxprom2_i_fu_2810_p1' generates 64 bits.
[2026-04-21 23:56:11,432]                                                                                                          : ... In instance finn_design_wrapper.finn_design_i.MVAU_hls_0.MVAU_hls_0.inst.grp_Matrix_Vector_Activate_Stream_Batch_fu_60
[2026-04-21 23:56:11,432]  6650 | assign p_ZL7threshs_5_address0 = idxprom2_i_fu_2810_p1;
[2026-04-21 23:56:11,432]       |                                ^
[2026-04-21 23:56:11,432] %Warning-WIDTH: /tmp/finn_dev_emanuel-hernandez/vivado_stitch_proj__kre6k2s/finn_design_wrapper.v:6652:32: Operator ASSIGNW expects 7 bits on the Assign RHS, but Assign RHS's VARREF 'idxprom2_i_fu_2810_p1' generates 64 bits.
[2026-04-21 23:56:11,432]                                                                                                          : ... In instance finn_design_wrapper.finn_design_i.MVAU_hls_0.MVAU_hls_0.inst.grp_Matrix_Vector_Activate_Stream_Batch_fu_60
[2026-04-21 23:56:11,432]  6652 | assign p_ZL7threshs_6_address0 = idxprom2_i_fu_2810_p1;
[2026-04-21 23:56:11,432]       |                                ^
[2026-04-21 23:56:11,432] %Warning-WIDTH: /tmp/finn_dev_emanuel-hernandez/vivado_stitch_proj__kre6k2s/finn_design_wrapper.v:6654:32: Operator ASSIGNW expects 7 bits on the Assign RHS, but Assign RHS's VARREF 'idxprom2_i_fu_2810_p1' generates 64 bits.
[2026-04-21 23:56:11,432]                                                                                                          : ... In instance finn_design_wrapper.finn_design_i.MVAU_hls_0.MVAU_hls_0.inst.grp_Matrix_Vector_Activate_Stream_Batch_fu_60
[2026-04-21 23:56:11,432]  6654 | assign p_ZL7threshs_7_address0 = idxprom2_i_fu_2810_p1;
[2026-04-21 23:56:11,432]       |                                ^
[2026-04-21 23:56:11,432] %Warning-WIDTH: /tmp/finn_dev_emanuel-hernandez/vivado_stitch_proj__kre6k2s/finn_design_wrapper.v:6656:32: Operator ASSIGNW expects 7 bits on the Assign RHS, but Assign RHS's VARREF 'idxprom2_i_fu_2810_p1' generates 64 bits.
[2026-04-21 23:56:11,432]                                                                                                          : ... In instance finn_design_wrapper.finn_design_i.MVAU_hls_0.MVAU_hls_0.inst.grp_Matrix_Vector_Activate_Stream_Batch_fu_60
[2026-04-21 23:56:11,432]  6656 | assign p_ZL7threshs_8_address0 = idxprom2_i_fu_2810_p1;
[2026-04-21 23:56:11,432]       |                                ^
[2026-04-21 23:56:11,432] %Warning-WIDTH: /tmp/finn_dev_emanuel-hernandez/vivado_stitch_proj__kre6k2s/finn_design_wrapper.v:6658:32: Operator ASSIGNW expects 7 bits on the Assign RHS, but Assign RHS's VARREF 'idxprom2_i_fu_2810_p1' generates 64 bits.
[2026-04-21 23:56:11,432]                                                                                                          : ... In instance finn_design_wrapper.finn_design_i.MVAU_hls_0.MVAU_hls_0.inst.grp_Matrix_Vector_Activate_Stream_Batch_fu_60
[2026-04-21 23:56:11,432]  6658 | assign p_ZL7threshs_9_address0 = idxprom2_i_fu_2810_p1;
[2026-04-21 23:56:11,432]       |                                ^
[2026-04-21 23:56:11,432] %Warning-WIDTH: /tmp/finn_dev_emanuel-hernandez/vivado_stitch_proj__kre6k2s/finn_design_wrapper.v:6672:33: Operator ASSIGNW expects 16 bits on the Assign RHS, but Assign RHS's SIGNED generates 10 bits.
[2026-04-21 23:56:11,433]                                                                                                          : ... In instance finn_design_wrapper.finn_design_i.MVAU_hls_0.MVAU_hls_0.inst.grp_Matrix_Vector_Activate_Stream_Batch_fu_60
[2026-04-21 23:56:11,433]  6672 | assign sext_ln1039_1_fu_2868_p1 = $signed(p_ZL7threshs_1_q0);
[2026-04-21 23:56:11,433]       |                                 ^
[2026-04-21 23:56:11,433] %Warning-WIDTH: /tmp/finn_dev_emanuel-hernandez/vivado_stitch_proj__kre6k2s/finn_design_wrapper.v:6674:33: Operator ASSIGNW expects 16 bits on the Assign RHS, but Assign RHS's SIGNED generates 10 bits.
[2026-04-21 23:56:11,433]                                                                                                          : ... In instance finn_design_wrapper.finn_design_i.MVAU_hls_0.MVAU_hls_0.inst.grp_Matrix_Vector_Activate_Stream_Batch_fu_60
[2026-04-21 23:56:11,433]  6674 | assign sext_ln1039_2_fu_2878_p1 = $signed(p_ZL7threshs_2_q0);
[2026-04-21 23:56:11,433]       |                                 ^
[2026-04-21 23:56:11,433] %Warning-WIDTH: /tmp/finn_dev_emanuel-hernandez/vivado_stitch_proj__kre6k2s/finn_design_wrapper.v:6676:33: Operator ASSIGNW expects 16 bits on the Assign RHS, but Assign RHS's SIGNED generates 10 bits.
[2026-04-21 23:56:11,433]                                                                                                          : ... In instance finn_design_wrapper.finn_design_i.MVAU_hls_0.MVAU_hls_0.inst.grp_Matrix_Vector_Activate_Stream_Batch_fu_60
[2026-04-21 23:56:11,433]  6676 | assign sext_ln1039_3_fu_2888_p1 = $signed(p_ZL7threshs_3_q0);
[2026-04-21 23:56:11,433]       |                                 ^
[2026-04-21 23:56:11,433] %Warning-WIDTH: /tmp/finn_dev_emanuel-hernandez/vivado_stitch_proj__kre6k2s/finn_design_wrapper.v:6678:31: Operator ASSIGNW expects 16 bits on the Assign RHS, but Assign RHS's SIGNED generates 10 bits.
[2026-04-21 23:56:11,433]                                                                                                          : ... In instance finn_design_wrapper.finn_design_i.MVAU_hls_0.MVAU_hls_0.inst.grp_Matrix_Vector_Activate_Stream_Batch_fu_60
[2026-04-21 23:56:11,433]  6678 | assign sext_ln1039_fu_2858_p1 = $signed(p_ZL7threshs_0_q0);
[2026-04-21 23:56:11,433]       |                               ^
[2026-04-21 23:56:11,433] %Warning-WIDTH: /tmp/finn_dev_emanuel-hernandez/vivado_stitch_proj__kre6k2s/finn_design_wrapper.v:6680:32: Operator ASSIGNW expects 16 bits on the Assign RHS, but Assign RHS's VARREF 'grp_fu_3319_p3' generates 9 bits.
[2026-04-21 23:56:11,433]                                                                                                          : ... In instance finn_design_wrapper.finn_design_i.MVAU_hls_0.MVAU_hls_0.inst.grp_Matrix_Vector_Activate_Stream_Batch_fu_60
[2026-04-21 23:56:11,433]  6680 | assign sext_ln840_2_fu_2828_p1 = grp_fu_3319_p3;
[2026-04-21 23:56:11,433]       |                                ^
[2026-04-21 23:56:11,433] %Warning-WIDTH: /tmp/finn_dev_emanuel-hernandez/vivado_stitch_proj__kre6k2s/finn_design_wrapper.v:6682:32: Operator ASSIGNW expects 10 bits on the Assign RHS, but Assign RHS's VARREF 'grp_fu_3301_p3' generates 9 bits.
[2026-04-21 23:56:11,433]                                                                                                          : ... In instance finn_design_wrapper.finn_design_i.MVAU_hls_0.MVAU_hls_0.inst.grp_Matrix_Vector_Activate_Stream_Batch_fu_60
[2026-04-21 23:56:11,433]  6682 | assign sext_ln840_3_fu_2836_p1 = grp_fu_3301_p3;
[2026-04-21 23:56:11,433]       |                                ^
[2026-04-21 23:56:11,433] %Warning-WIDTH: /tmp/finn_dev_emanuel-hernandez/vivado_stitch_proj__kre6k2s/finn_design_wrapper.v:6684:32: Operator ASSIGNW expects 10 bits on the Assign RHS, but Assign RHS's VARREF 'grp_fu_3328_p3' generates 9 bits.
[2026-04-21 23:56:11,433]                                                                                                          : ... In instance finn_design_wrapper.finn_design_i.MVAU_hls_0.MVAU_hls_0.inst.grp_Matrix_Vector_Activate_Stream_Batch_fu_60
[2026-04-21 23:56:11,433]  6684 | assign sext_ln840_4_fu_2839_p1 = grp_fu_3328_p3;
[2026-04-21 23:56:11,433]       |                                ^
[2026-04-21 23:56:11,433] %Warning-WIDTH: /tmp/finn_dev_emanuel-hernandez/vivado_stitch_proj__kre6k2s/finn_design_wrapper.v:6686:32: Operator ASSIGNW expects 16 bits on the Assign RHS, but Assign RHS's SIGNED generates 10 bits.
[2026-04-21 23:56:11,433]                                                                                                          : ... In instance finn_design_wrapper.finn_design_i.MVAU_hls_0.MVAU_hls_0.inst.grp_Matrix_Vector_Activate_Stream_Batch_fu_60
[2026-04-21 23:56:11,433]  6686 | assign sext_ln840_5_fu_2848_p1 = $signed(add_ln840_8_fu_2842_p2);
[2026-04-21 23:56:11,433]       |                                ^
[2026-04-21 23:56:11,433] %Warning-WIDTH: /tmp/finn_dev_emanuel-hernandez/vivado_stitch_proj__kre6k2s/finn_design_wrapper.v:6722:34: Operator ASSIGNW expects 16 bits on the Assign RHS, but Assign RHS's VARREF 'p_ZL7threshs_14_q0' generates 10 bits.
[2026-04-21 23:56:11,433]                                                                                                          : ... In instance finn_design_wrapper.finn_design_i.MVAU_hls_0.MVAU_hls_0.inst.grp_Matrix_Vector_Activate_Stream_Batch_fu_60
[2026-04-21 23:56:11,433]  6722 | assign zext_ln1039_10_fu_2998_p1 = p_ZL7threshs_14_q0;
[2026-04-21 23:56:11,433]       |                                  ^
[2026-04-21 23:56:11,433] %Warning-WIDTH: /tmp/finn_dev_emanuel-hernandez/vivado_stitch_proj__kre6k2s/finn_design_wrapper.v:6724:33: Operator ASSIGNW expects 16 bits on the Assign RHS, but Assign RHS's VARREF 'p_ZL7threshs_5_q0' generates 10 bits.
[2026-04-21 23:56:11,433]                                                                                                          : ... In instance finn_design_wrapper.finn_design_i.MVAU_hls_0.MVAU_hls_0.inst.grp_Matrix_Vector_Activate_Stream_Batch_fu_60
[2026-04-21 23:56:11,433]  6724 | assign zext_ln1039_1_fu_2908_p1 = p_ZL7threshs_5_q0;
[2026-04-21 23:56:11,433]       |                                 ^
[2026-04-21 23:56:11,433] %Warning-WIDTH: /tmp/finn_dev_emanuel-hernandez/vivado_stitch_proj__kre6k2s/finn_design_wrapper.v:6726:33: Operator ASSIGNW expects 16 bits on the Assign RHS, but Assign RHS's VARREF 'p_ZL7threshs_6_q0' generates 10 bits.
[2026-04-21 23:56:11,433]                                                                                                          : ... In instance finn_design_wrapper.finn_design_i.MVAU_hls_0.MVAU_hls_0.inst.grp_Matrix_Vector_Activate_Stream_Batch_fu_60
[2026-04-21 23:56:11,433]  6726 | assign zext_ln1039_2_fu_2918_p1 = p_ZL7threshs_6_q0;
[2026-04-21 23:56:11,433]       |                                 ^
[2026-04-21 23:56:11,433] %Warning-WIDTH: /tmp/finn_dev_emanuel-hernandez/vivado_stitch_proj__kre6k2s/finn_design_wrapper.v:6728:33: Operator ASSIGNW expects 16 bits on the Assign RHS, but Assign RHS's VARREF 'p_ZL7threshs_7_q0' generates 10 bits.
[2026-04-21 23:56:11,433]                                                                                                          : ... In instance finn_design_wrapper.finn_design_i.MVAU_hls_0.MVAU_hls_0.inst.grp_Matrix_Vector_Activate_Stream_Batch_fu_60
[2026-04-21 23:56:11,433]  6728 | assign zext_ln1039_3_fu_2928_p1 = p_ZL7threshs_7_q0;
[2026-04-21 23:56:11,433]       |                                 ^
[2026-04-21 23:56:11,433] %Warning-WIDTH: /tmp/finn_dev_emanuel-hernandez/vivado_stitch_proj__kre6k2s/finn_design_wrapper.v:6730:33: Operator ASSIGNW expects 16 bits on the Assign RHS, but Assign RHS's VARREF 'p_ZL7threshs_8_q0' generates 10 bits.
[2026-04-21 23:56:11,433]                                                                                                          : ... In instance finn_design_wrapper.finn_design_i.MVAU_hls_0.MVAU_hls_0.inst.grp_Matrix_Vector_Activate_Stream_Batch_fu_60
[2026-04-21 23:56:11,433]  6730 | assign zext_ln1039_4_fu_2938_p1 = p_ZL7threshs_8_q0;
[2026-04-21 23:56:11,433]       |                                 ^
[2026-04-21 23:56:11,433] %Warning-WIDTH: /tmp/finn_dev_emanuel-hernandez/vivado_stitch_proj__kre6k2s/finn_design_wrapper.v:6732:33: Operator ASSIGNW expects 16 bits on the Assign RHS, but Assign RHS's VARREF 'p_ZL7threshs_9_q0' generates 10 bits.
[2026-04-21 23:56:11,433]                                                                                                          : ... In instance finn_design_wrapper.finn_design_i.MVAU_hls_0.MVAU_hls_0.inst.grp_Matrix_Vector_Activate_Stream_Batch_fu_60
[2026-04-21 23:56:11,433]  6732 | assign zext_ln1039_5_fu_2948_p1 = p_ZL7threshs_9_q0;
[2026-04-21 23:56:11,433]       |                                 ^
[2026-04-21 23:56:11,433] %Warning-WIDTH: /tmp/finn_dev_emanuel-hernandez/vivado_stitch_proj__kre6k2s/finn_design_wrapper.v:6734:33: Operator ASSIGNW expects 16 bits on the Assign RHS, but Assign RHS's VARREF 'p_ZL7threshs_10_q0' generates 10 bits.
[2026-04-21 23:56:11,433]                                                                                                          : ... In instance finn_design_wrapper.finn_design_i.MVAU_hls_0.MVAU_hls_0.inst.grp_Matrix_Vector_Activate_Stream_Batch_fu_60
[2026-04-21 23:56:11,433]  6734 | assign zext_ln1039_6_fu_2958_p1 = p_ZL7threshs_10_q0;
[2026-04-21 23:56:11,433]       |                                 ^
[2026-04-21 23:56:11,433] %Warning-WIDTH: /tmp/finn_dev_emanuel-hernandez/vivado_stitch_proj__kre6k2s/finn_design_wrapper.v:6736:33: Operator ASSIGNW expects 16 bits on the Assign RHS, but Assign RHS's VARREF 'p_ZL7threshs_11_q0' generates 10 bits.
[2026-04-21 23:56:11,433]                                                                                                          : ... In instance finn_design_wrapper.finn_design_i.MVAU_hls_0.MVAU_hls_0.inst.grp_Matrix_Vector_Activate_Stream_Batch_fu_60
[2026-04-21 23:56:11,433]  6736 | assign zext_ln1039_7_fu_2968_p1 = p_ZL7threshs_11_q0;
[2026-04-21 23:56:11,433]       |                                 ^
[2026-04-21 23:56:11,433] %Warning-WIDTH: /tmp/finn_dev_emanuel-hernandez/vivado_stitch_proj__kre6k2s/finn_design_wrapper.v:6738:33: Operator ASSIGNW expects 16 bits on the Assign RHS, but Assign RHS's VARREF 'p_ZL7threshs_12_q0' generates 10 bits.
[2026-04-21 23:56:11,433]                                                                                                          : ... In instance finn_design_wrapper.finn_design_i.MVAU_hls_0.MVAU_hls_0.inst.grp_Matrix_Vector_Activate_Stream_Batch_fu_60
[2026-04-21 23:56:11,433]  6738 | assign zext_ln1039_8_fu_2978_p1 = p_ZL7threshs_12_q0;
[2026-04-21 23:56:11,433]       |                                 ^
[2026-04-21 23:56:11,433] %Warning-WIDTH: /tmp/finn_dev_emanuel-hernandez/vivado_stitch_proj__kre6k2s/finn_design_wrapper.v:6740:33: Operator ASSIGNW expects 16 bits on the Assign RHS, but Assign RHS's VARREF 'p_ZL7threshs_13_q0' generates 10 bits.
[2026-04-21 23:56:11,433]                                                                                                          : ... In instance finn_design_wrapper.finn_design_i.MVAU_hls_0.MVAU_hls_0.inst.grp_Matrix_Vector_Activate_Stream_Batch_fu_60
[2026-04-21 23:56:11,433]  6740 | assign zext_ln1039_9_fu_2988_p1 = p_ZL7threshs_13_q0;
[2026-04-21 23:56:11,433]       |                                 ^
[2026-04-21 23:56:11,433] %Warning-WIDTH: /tmp/finn_dev_emanuel-hernandez/vivado_stitch_proj__kre6k2s/finn_design_wrapper.v:6742:31: Operator ASSIGNW expects 16 bits on the Assign RHS, but Assign RHS's VARREF 'p_ZL7threshs_4_q0' generates 9 bits.
[2026-04-21 23:56:11,433]                                                                                                          : ... In instance finn_design_wrapper.finn_design_i.MVAU_hls_0.MVAU_hls_0.inst.grp_Matrix_Vector_Activate_Stream_Batch_fu_60
[2026-04-21 23:56:11,433]  6742 | assign zext_ln1039_fu_2898_p1 = p_ZL7threshs_4_q0;
[2026-04-21 23:56:11,433]       |                               ^
[2026-04-21 23:56:11,433] %Warning-WIDTH: /tmp/finn_dev_emanuel-hernandez/vivado_stitch_proj__kre6k2s/finn_design_wrapper.v:6744:30: Operator ASSIGNW expects 2 bits on the Assign RHS, but Assign RHS's VARREF 'result_V_fu_3013_p2' generates 1 bits.
[2026-04-21 23:56:11,433]                                                                                                          : ... In instance finn_design_wrapper.finn_design_i.MVAU_hls_0.MVAU_hls_0.inst.grp_Matrix_Vector_Activate_Stream_Batch_fu_60
[2026-04-21 23:56:11,433]  6744 | assign zext_ln215_fu_3018_p1 = result_V_fu_3013_p2;
[2026-04-21 23:56:11,433]       |                              ^
[2026-04-21 23:56:11,433] %Warning-WIDTH: /tmp/finn_dev_emanuel-hernandez/vivado_stitch_proj__kre6k2s/finn_design_wrapper.v:6746:33: Operator ASSIGNW expects 2 bits on the Assign RHS, but Assign RHS's VARREF 'xor_ln1039_10_fu_3112_p2' generates 1 bits.
[2026-04-21 23:56:11,433]                                                                                                          : ... In instance finn_design_wrapper.finn_design_i.MVAU_hls_0.MVAU_hls_0.inst.grp_Matrix_Vector_Activate_Stream_Batch_fu_60
[2026-04-21 23:56:11,433]  6746 | assign zext_ln218_10_fu_3117_p1 = xor_ln1039_10_fu_3112_p2;
[2026-04-21 23:56:11,433]       |                                 ^
[2026-04-21 23:56:11,433] %Warning-WIDTH: /tmp/finn_dev_emanuel-hernandez/vivado_stitch_proj__kre6k2s/finn_design_wrapper.v:6748:33: Operator ASSIGNW expects 2 bits on the Assign RHS, but Assign RHS's VARREF 'xor_ln1039_11_fu_3121_p2' generates 1 bits.
[2026-04-21 23:56:11,433]                                                                                                          : ... In instance finn_design_wrapper.finn_design_i.MVAU_hls_0.MVAU_hls_0.inst.grp_Matrix_Vector_Activate_Stream_Batch_fu_60
[2026-04-21 23:56:11,433]  6748 | assign zext_ln218_11_fu_3126_p1 = xor_ln1039_11_fu_3121_p2;
[2026-04-21 23:56:11,433]       |                                 ^
[2026-04-21 23:56:11,433] %Warning-WIDTH: /tmp/finn_dev_emanuel-hernandez/vivado_stitch_proj__kre6k2s/finn_design_wrapper.v:6750:33: Operator ASSIGNW expects 2 bits on the Assign RHS, but Assign RHS's VARREF 'xor_ln1039_12_fu_3130_p2' generates 1 bits.
[2026-04-21 23:56:11,433]                                                                                                          : ... In instance finn_design_wrapper.finn_design_i.MVAU_hls_0.MVAU_hls_0.inst.grp_Matrix_Vector_Activate_Stream_Batch_fu_60
[2026-04-21 23:56:11,433]  6750 | assign zext_ln218_12_fu_3135_p1 = xor_ln1039_12_fu_3130_p2;
[2026-04-21 23:56:11,433]       |                                 ^
[2026-04-21 23:56:11,433] %Warning-WIDTH: /tmp/finn_dev_emanuel-hernandez/vivado_stitch_proj__kre6k2s/finn_design_wrapper.v:6752:32: Operator ASSIGNW expects 2 bits on the Assign RHS, but Assign RHS's VARREF 'xor_ln1039_1_fu_3031_p2' generates 1 bits.
[2026-04-21 23:56:11,433]                                                                                                          : ... In instance finn_design_wrapper.finn_design_i.MVAU_hls_0.MVAU_hls_0.inst.grp_Matrix_Vector_Activate_Stream_Batch_fu_60
[2026-04-21 23:56:11,433]  6752 | assign zext_ln218_1_fu_3036_p1 = xor_ln1039_1_fu_3031_p2;
[2026-04-21 23:56:11,433]       |                                ^
[2026-04-21 23:56:11,433] %Warning-WIDTH: /tmp/finn_dev_emanuel-hernandez/vivado_stitch_proj__kre6k2s/finn_design_wrapper.v:6754:32: Operator ASSIGNW expects 2 bits on the Assign RHS, but Assign RHS's VARREF 'xor_ln1039_2_fu_3040_p2' generates 1 bits.
[2026-04-21 23:56:11,433]                                                                                                          : ... In instance finn_design_wrapper.finn_design_i.MVAU_hls_0.MVAU_hls_0.inst.grp_Matrix_Vector_Activate_Stream_Batch_fu_60
[2026-04-21 23:56:11,433]  6754 | assign zext_ln218_2_fu_3045_p1 = xor_ln1039_2_fu_3040_p2;
[2026-04-21 23:56:11,433]       |                                ^
[2026-04-21 23:56:11,433] %Warning-WIDTH: /tmp/finn_dev_emanuel-hernandez/vivado_stitch_proj__kre6k2s/finn_design_wrapper.v:6756:32: Operator ASSIGNW expects 2 bits on the Assign RHS, but Assign RHS's VARREF 'xor_ln1039_3_fu_3049_p2' generates 1 bits.
[2026-04-21 23:56:11,433]                                                                                                          : ... In instance finn_design_wrapper.finn_design_i.MVAU_hls_0.MVAU_hls_0.inst.grp_Matrix_Vector_Activate_Stream_Batch_fu_60
[2026-04-21 23:56:11,433]  6756 | assign zext_ln218_3_fu_3054_p1 = xor_ln1039_3_fu_3049_p2;
[2026-04-21 23:56:11,433]       |                                ^
[2026-04-21 23:56:11,433] %Warning-WIDTH: /tmp/finn_dev_emanuel-hernandez/vivado_stitch_proj__kre6k2s/finn_design_wrapper.v:6758:32: Operator ASSIGNW expects 2 bits on the Assign RHS, but Assign RHS's VARREF 'xor_ln1039_4_fu_3058_p2' generates 1 bits.
[2026-04-21 23:56:11,433]                                                                                                          : ... In instance finn_design_wrapper.finn_design_i.MVAU_hls_0.MVAU_hls_0.inst.grp_Matrix_Vector_Activate_Stream_Batch_fu_60
[2026-04-21 23:56:11,433]  6758 | assign zext_ln218_4_fu_3063_p1 = xor_ln1039_4_fu_3058_p2;
[2026-04-21 23:56:11,433]       |                                ^
[2026-04-21 23:56:11,433] %Warning-WIDTH: /tmp/finn_dev_emanuel-hernandez/vivado_stitch_proj__kre6k2s/finn_design_wrapper.v:6760:32: Operator ASSIGNW expects 2 bits on the Assign RHS, but Assign RHS's VARREF 'xor_ln1039_5_fu_3067_p2' generates 1 bits.
[2026-04-21 23:56:11,433]                                                                                                          : ... In instance finn_design_wrapper.finn_design_i.MVAU_hls_0.MVAU_hls_0.inst.grp_Matrix_Vector_Activate_Stream_Batch_fu_60
[2026-04-21 23:56:11,433]  6760 | assign zext_ln218_5_fu_3072_p1 = xor_ln1039_5_fu_3067_p2;
[2026-04-21 23:56:11,433]       |                                ^
[2026-04-21 23:56:11,433] %Warning-WIDTH: /tmp/finn_dev_emanuel-hernandez/vivado_stitch_proj__kre6k2s/finn_design_wrapper.v:6762:32: Operator ASSIGNW expects 2 bits on the Assign RHS, but Assign RHS's VARREF 'xor_ln1039_6_fu_3076_p2' generates 1 bits.
[2026-04-21 23:56:11,433]                                                                                                          : ... In instance finn_design_wrapper.finn_design_i.MVAU_hls_0.MVAU_hls_0.inst.grp_Matrix_Vector_Activate_Stream_Batch_fu_60
[2026-04-21 23:56:11,433]  6762 | assign zext_ln218_6_fu_3081_p1 = xor_ln1039_6_fu_3076_p2;
[2026-04-21 23:56:11,434]       |                                ^
[2026-04-21 23:56:11,434] %Warning-WIDTH: /tmp/finn_dev_emanuel-hernandez/vivado_stitch_proj__kre6k2s/finn_design_wrapper.v:6764:32: Operator ASSIGNW expects 2 bits on the Assign RHS, but Assign RHS's VARREF 'xor_ln1039_7_fu_3085_p2' generates 1 bits.
[2026-04-21 23:56:11,434]                                                                                                          : ... In instance finn_design_wrapper.finn_design_i.MVAU_hls_0.MVAU_hls_0.inst.grp_Matrix_Vector_Activate_Stream_Batch_fu_60
[2026-04-21 23:56:11,434]  6764 | assign zext_ln218_7_fu_3090_p1 = xor_ln1039_7_fu_3085_p2;
[2026-04-21 23:56:11,434]       |                                ^
[2026-04-21 23:56:11,434] %Warning-WIDTH: /tmp/finn_dev_emanuel-hernandez/vivado_stitch_proj__kre6k2s/finn_design_wrapper.v:6766:32: Operator ASSIGNW expects 2 bits on the Assign RHS, but Assign RHS's VARREF 'xor_ln1039_8_fu_3094_p2' generates 1 bits.
[2026-04-21 23:56:11,434]                                                                                                          : ... In instance finn_design_wrapper.finn_design_i.MVAU_hls_0.MVAU_hls_0.inst.grp_Matrix_Vector_Activate_Stream_Batch_fu_60
[2026-04-21 23:56:11,434]  6766 | assign zext_ln218_8_fu_3099_p1 = xor_ln1039_8_fu_3094_p2;
[2026-04-21 23:56:11,434]       |                                ^
[2026-04-21 23:56:11,434] %Warning-WIDTH: /tmp/finn_dev_emanuel-hernandez/vivado_stitch_proj__kre6k2s/finn_design_wrapper.v:6768:32: Operator ASSIGNW expects 2 bits on the Assign RHS, but Assign RHS's VARREF 'xor_ln1039_9_fu_3103_p2' generates 1 bits.
[2026-04-21 23:56:11,434]                                                                                                          : ... In instance finn_design_wrapper.finn_design_i.MVAU_hls_0.MVAU_hls_0.inst.grp_Matrix_Vector_Activate_Stream_Batch_fu_60
[2026-04-21 23:56:11,434]  6768 | assign zext_ln218_9_fu_3108_p1 = xor_ln1039_9_fu_3103_p2;
[2026-04-21 23:56:11,434]       |                                ^
[2026-04-21 23:56:11,434] %Warning-WIDTH: /tmp/finn_dev_emanuel-hernandez/vivado_stitch_proj__kre6k2s/finn_design_wrapper.v:6770:30: Operator ASSIGNW expects 2 bits on the Assign RHS, but Assign RHS's VARREF 'xor_ln1039_fu_3022_p2' generates 1 bits.
[2026-04-21 23:56:11,434]                                                                                                          : ... In instance finn_design_wrapper.finn_design_i.MVAU_hls_0.MVAU_hls_0.inst.grp_Matrix_Vector_Activate_Stream_Batch_fu_60
[2026-04-21 23:56:11,434]  6770 | assign zext_ln218_fu_3027_p1 = xor_ln1039_fu_3022_p2;
[2026-04-21 23:56:11,434]       |                              ^
[2026-04-21 23:56:11,434] %Warning-WIDTH: /tmp/finn_dev_emanuel-hernandez/vivado_stitch_proj__kre6k2s/finn_design_wrapper.v:6772:33: Operator ASSIGNW expects 4 bits on the Assign RHS, but Assign RHS's VARREF 'add_ln840_21_fu_3250_p2' generates 3 bits.
[2026-04-21 23:56:11,434]                                                                                                          : ... In instance finn_design_wrapper.finn_design_i.MVAU_hls_0.MVAU_hls_0.inst.grp_Matrix_Vector_Activate_Stream_Batch_fu_60
[2026-04-21 23:56:11,434]  6772 | assign zext_ln840_10_fu_3256_p1 = add_ln840_21_fu_3250_p2;
[2026-04-21 23:56:11,434]       |                                 ^
[2026-04-21 23:56:11,434] %Warning-WIDTH: /tmp/finn_dev_emanuel-hernandez/vivado_stitch_proj__kre6k2s/finn_design_wrapper.v:6774:32: Operator ASSIGNW expects 3 bits on the Assign RHS, but Assign RHS's VARREF 'add_ln840_11_fu_3154_p2' generates 2 bits.
[2026-04-21 23:56:11,434]                                                                                                          : ... In instance finn_design_wrapper.finn_design_i.MVAU_hls_0.MVAU_hls_0.inst.grp_Matrix_Vector_Activate_Stream_Batch_fu_60
[2026-04-21 23:56:11,434]  6774 | assign zext_ln840_1_fu_3160_p1 = add_ln840_11_fu_3154_p2;
[2026-04-21 23:56:11,434]       |                                ^
[2026-04-21 23:56:11,434] %Warning-WIDTH: /tmp/finn_dev_emanuel-hernandez/vivado_stitch_proj__kre6k2s/finn_design_wrapper.v:6776:32: Operator ASSIGNW expects 3 bits on the Assign RHS, but Assign RHS's VARREF 'add_ln840_12_fu_3164_p2' generates 2 bits.
[2026-04-21 23:56:11,434]                                                                                                          : ... In instance finn_design_wrapper.finn_design_i.MVAU_hls_0.MVAU_hls_0.inst.grp_Matrix_Vector_Activate_Stream_Batch_fu_60
[2026-04-21 23:56:11,434]  6776 | assign zext_ln840_2_fu_3170_p1 = add_ln840_12_fu_3164_p2;
[2026-04-21 23:56:11,434]       |                                ^
[2026-04-21 23:56:11,434] %Warning-WIDTH: /tmp/finn_dev_emanuel-hernandez/vivado_stitch_proj__kre6k2s/finn_design_wrapper.v:6778:32: Operator ASSIGNW expects 3 bits on the Assign RHS, but Assign RHS's VARREF 'add_ln840_13_fu_3174_p2' generates 2 bits.
[2026-04-21 23:56:11,434]                                                                                                          : ... In instance finn_design_wrapper.finn_design_i.MVAU_hls_0.MVAU_hls_0.inst.grp_Matrix_Vector_Activate_Stream_Batch_fu_60
[2026-04-21 23:56:11,434]  6778 | assign zext_ln840_3_fu_3180_p1 = add_ln840_13_fu_3174_p2;
[2026-04-21 23:56:11,434]       |                                ^
[2026-04-21 23:56:11,434] %Warning-WIDTH: /tmp/finn_dev_emanuel-hernandez/vivado_stitch_proj__kre6k2s/finn_design_wrapper.v:6780:32: Operator ASSIGNW expects 4 bits on the Assign RHS, but Assign RHS's VARREF 'add_ln840_15_fu_3190_p2' generates 3 bits.
[2026-04-21 23:56:11,434]                                                                                                          : ... In instance finn_design_wrapper.finn_design_i.MVAU_hls_0.MVAU_hls_0.inst.grp_Matrix_Vector_Activate_Stream_Batch_fu_60
[2026-04-21 23:56:11,434]  6780 | assign zext_ln840_4_fu_3196_p1 = add_ln840_15_fu_3190_p2;
[2026-04-21 23:56:11,434]       |                                ^
[2026-04-21 23:56:11,434] %Warning-WIDTH: /tmp/finn_dev_emanuel-hernandez/vivado_stitch_proj__kre6k2s/finn_design_wrapper.v:6782:32: Operator ASSIGNW expects 3 bits on the Assign RHS, but Assign RHS's VARREF 'add_ln840_16_fu_3200_p2' generates 2 bits.
[2026-04-21 23:56:11,434]                                                                                                          : ... In instance finn_design_wrapper.finn_design_i.MVAU_hls_0.MVAU_hls_0.inst.grp_Matrix_Vector_Activate_Stream_Batch_fu_60
[2026-04-21 23:56:11,434]  6782 | assign zext_ln840_5_fu_3206_p1 = add_ln840_16_fu_3200_p2;
[2026-04-21 23:56:11,434]       |                                ^
[2026-04-21 23:56:11,434] %Warning-WIDTH: /tmp/finn_dev_emanuel-hernandez/vivado_stitch_proj__kre6k2s/finn_design_wrapper.v:6784:32: Operator ASSIGNW expects 3 bits on the Assign RHS, but Assign RHS's VARREF 'add_ln840_17_fu_3210_p2' generates 2 bits.
[2026-04-21 23:56:11,434]                                                                                                          : ... In instance finn_design_wrapper.finn_design_i.MVAU_hls_0.MVAU_hls_0.inst.grp_Matrix_Vector_Activate_Stream_Batch_fu_60
[2026-04-21 23:56:11,434]  6784 | assign zext_ln840_6_fu_3216_p1 = add_ln840_17_fu_3210_p2;
[2026-04-21 23:56:11,434]       |                                ^
[2026-04-21 23:56:11,434] %Warning-WIDTH: /tmp/finn_dev_emanuel-hernandez/vivado_stitch_proj__kre6k2s/finn_design_wrapper.v:6786:32: Operator ASSIGNW expects 4 bits on the Assign RHS, but Assign RHS's VARREF 'add_ln840_18_fu_3220_p2' generates 3 bits.
[2026-04-21 23:56:11,434]                                                                                                          : ... In instance finn_design_wrapper.finn_design_i.MVAU_hls_0.MVAU_hls_0.inst.grp_Matrix_Vector_Activate_Stream_Batch_fu_60
[2026-04-21 23:56:11,434]  6786 | assign zext_ln840_7_fu_3226_p1 = add_ln840_18_fu_3220_p2;
[2026-04-21 23:56:11,434]       |                                ^
[2026-04-21 23:56:11,434] %Warning-WIDTH: /tmp/finn_dev_emanuel-hernandez/vivado_stitch_proj__kre6k2s/finn_design_wrapper.v:6788:32: Operator ASSIGNW expects 3 bits on the Assign RHS, but Assign RHS's VARREF 'add_ln840_19_fu_3230_p2' generates 2 bits.
[2026-04-21 23:56:11,434]                                                                                                          : ... In instance finn_design_wrapper.finn_design_i.MVAU_hls_0.MVAU_hls_0.inst.grp_Matrix_Vector_Activate_Stream_Batch_fu_60
[2026-04-21 23:56:11,434]  6788 | assign zext_ln840_8_fu_3236_p1 = add_ln840_19_fu_3230_p2;
[2026-04-21 23:56:11,434]       |                                ^
[2026-04-21 23:56:11,434] %Warning-WIDTH: /tmp/finn_dev_emanuel-hernandez/vivado_stitch_proj__kre6k2s/finn_design_wrapper.v:6790:32: Operator ASSIGNW expects 3 bits on the Assign RHS, but Assign RHS's VARREF 'add_ln840_20_fu_3240_p2' generates 2 bits.
[2026-04-21 23:56:11,434]                                                                                                          : ... In instance finn_design_wrapper.finn_design_i.MVAU_hls_0.MVAU_hls_0.inst.grp_Matrix_Vector_Activate_Stream_Batch_fu_60
[2026-04-21 23:56:11,434]  6790 | assign zext_ln840_9_fu_3246_p1 = add_ln840_20_fu_3240_p2;
[2026-04-21 23:56:11,434]       |                                ^
[2026-04-21 23:56:11,434] %Warning-WIDTH: /tmp/finn_dev_emanuel-hernandez/vivado_stitch_proj__kre6k2s/finn_design_wrapper.v:6792:30: Operator ASSIGNW expects 2 bits on the Assign RHS, but Assign RHS's VARREF 'xor_ln1039_13_fu_3139_p2' generates 1 bits.
[2026-04-21 23:56:11,434]                                                                                                          : ... In instance finn_design_wrapper.finn_design_i.MVAU_hls_0.MVAU_hls_0.inst.grp_Matrix_Vector_Activate_Stream_Batch_fu_60
[2026-04-21 23:56:11,434]  6792 | assign zext_ln840_fu_3144_p1 = xor_ln1039_13_fu_3139_p2;
[2026-04-21 23:56:11,434]       |                              ^
[2026-04-21 23:56:11,434] %Warning-WIDTH: /tmp/finn_dev_emanuel-hernandez/vivado_stitch_proj__kre6k2s/finn_design_wrapper.v:3640:21: Operator ASSIGNDLY expects 16 bits on the Assign RHS, but Assign RHS's CONST '?32?bxxxxxxxxxxxxxxxxxxxxxxxxxxxxxxxx' generates 32 bits.
[2026-04-21 23:56:11,434]                                                                                                          : ... In instance finn_design_wrapper.finn_design_i.StreamingFIFO_rtl_3.inst.impl
[2026-04-21 23:56:11,434]  3640 |         srlo_       <=  'bx;
[2026-04-21 23:56:11,434]       |                     ^~
[2026-04-21 23:56:11,434] %Warning-WIDTH: /tmp/finn_dev_emanuel-hernandez/vivado_stitch_proj__kre6k2s/finn_design_wrapper.v:3643:21: Operator ASSIGNDLY expects 4 bits on the Assign RHS, but Assign RHS's CONST '?32?bxxxxxxxxxxxxxxxxxxxxxxxxxxxxxxxx' generates 32 bits.
[2026-04-21 23:56:11,434]                                                                                                          : ... In instance finn_design_wrapper.finn_design_i.StreamingFIFO_rtl_3.inst.impl
[2026-04-21 23:56:11,434]  3643 |         addr_       <=  'bx;
[2026-04-21 23:56:11,434]       |                     ^~
[2026-04-21 23:56:11,434] %Warning-WIDTH: /tmp/finn_dev_emanuel-hernandez/vivado_stitch_proj__kre6k2s/finn_design_wrapper.v:3656:16: Operator ASSIGNDLY expects 16 bits on the Assign RHS, but Assign RHS's CONST '?32?bxxxxxxxxxxxxxxxxxxxxxxxxxxxxxxxx' generates 32 bits.
[2026-04-21 23:56:11,434]                                                                                                          : ... In instance finn_design_wrapper.finn_design_i.StreamingFIFO_rtl_3.inst.impl
[2026-04-21 23:56:11,434]  3656 |    srlo_       <= 'bx;
[2026-04-21 23:56:11,434]       |                ^~
[2026-04-21 23:56:11,434] %Warning-WIDTH: /tmp/finn_dev_emanuel-hernandez/vivado_stitch_proj__kre6k2s/finn_design_wrapper.v:3666:16: Operator ASSIGNDLY expects 16 bits on the Assign RHS, but Assign RHS's CONST '?32?bxxxxxxxxxxxxxxxxxxxxxxxxxxxxxxxx' generates 32 bits.
[2026-04-21 23:56:11,434]                                                                                                          : ... In instance finn_design_wrapper.finn_design_i.StreamingFIFO_rtl_3.inst.impl
[2026-04-21 23:56:11,434]  3666 |    srlo_       <= 'bx;
[2026-04-21 23:56:11,434]       |                ^~
[2026-04-21 23:56:11,434] %Warning-WIDTH: /tmp/finn_dev_emanuel-hernandez/vivado_stitch_proj__kre6k2s/finn_design_wrapper.v:3680:16: Operator ASSIGNDLY expects 16 bits on the Assign RHS, but Assign RHS's CONST '?32?bxxxxxxxxxxxxxxxxxxxxxxxxxxxxxxxx' generates 32 bits.
[2026-04-21 23:56:11,434]                                                                                                          : ... In instance finn_design_wrapper.finn_design_i.StreamingFIFO_rtl_3.inst.impl
[2026-04-21 23:56:11,434]  3680 |    srlo_       <= 'bx;
[2026-04-21 23:56:11,434]       |                ^~
[2026-04-21 23:56:11,434] %Warning-WIDTH: /tmp/finn_dev_emanuel-hernandez/vivado_stitch_proj__kre6k2s/finn_design_wrapper.v:3687:16: Operator ASSIGNDLY expects 16 bits on the Assign RHS, but Assign RHS's CONST '?32?bxxxxxxxxxxxxxxxxxxxxxxxxxxxxxxxx' generates 32 bits.
[2026-04-21 23:56:11,434]                                                                                                          : ... In instance finn_design_wrapper.finn_design_i.StreamingFIFO_rtl_3.inst.impl
[2026-04-21 23:56:11,434]  3687 |    srlo_       <= 'bx;
[2026-04-21 23:56:11,434]       |                ^~
[2026-04-21 23:56:11,434] %Warning-WIDTH: /tmp/finn_dev_emanuel-hernandez/vivado_stitch_proj__kre6k2s/finn_design_wrapper.v:3700:16: Operator ASSIGNDLY expects 16 bits on the Assign RHS, but Assign RHS's CONST '?32?bxxxxxxxxxxxxxxxxxxxxxxxxxxxxxxxx' generates 32 bits.
[2026-04-21 23:56:11,434]                                                                                                          : ... In instance finn_design_wrapper.finn_design_i.StreamingFIFO_rtl_3.inst.impl
[2026-04-21 23:56:11,434]  3700 |    srlo_       <= 'bx;
[2026-04-21 23:56:11,434]       |                ^~
[2026-04-21 23:56:11,434] %Warning-WIDTH: /tmp/finn_dev_emanuel-hernandez/vivado_stitch_proj__kre6k2s/finn_design_wrapper.v:3718:16: Operator ASSIGNDLY expects 16 bits on the Assign RHS, but Assign RHS's CONST '?32?bxxxxxxxxxxxxxxxxxxxxxxxxxxxxxxxx' generates 32 bits.
[2026-04-21 23:56:11,434]                                                                                                          : ... In instance finn_design_wrapper.finn_design_i.StreamingFIFO_rtl_3.inst.impl
[2026-04-21 23:56:11,434]  3718 |    srlo_       <= 'bx;
[2026-04-21 23:56:11,434]       |                ^~
[2026-04-21 23:56:11,434] %Warning-WIDTH: /tmp/finn_dev_emanuel-hernandez/vivado_stitch_proj__kre6k2s/finn_design_wrapper.v:3732:16: Operator ASSIGNDLY expects 16 bits on the Assign RHS, but Assign RHS's CONST '?32?bxxxxxxxxxxxxxxxxxxxxxxxxxxxxxxxx' generates 32 bits.
[2026-04-21 23:56:11,434]                                                                                                          : ... In instance finn_design_wrapper.finn_design_i.StreamingFIFO_rtl_3.inst.impl
[2026-04-21 23:56:11,434]  3732 |    srlo_       <= 'bx;
[2026-04-21 23:56:11,434]       |                ^~
[2026-04-21 23:56:11,434] %Warning-WIDTH: /tmp/finn_dev_emanuel-hernandez/vivado_stitch_proj__kre6k2s/finn_design_wrapper.v:3749:16: Operator ASSIGNDLY expects 16 bits on the Assign RHS, but Assign RHS's CONST '?32?bxxxxxxxxxxxxxxxxxxxxxxxxxxxxxxxx' generates 32 bits.
[2026-04-21 23:56:11,435]                                                                                                          : ... In instance finn_design_wrapper.finn_design_i.StreamingFIFO_rtl_3.inst.impl
[2026-04-21 23:56:11,435]  3749 |    srlo_       <=  'bx;
[2026-04-21 23:56:11,435]       |                ^~
[2026-04-21 23:56:11,435] %Warning-WIDTH: /tmp/finn_dev_emanuel-hernandez/vivado_stitch_proj__kre6k2s/finn_design_wrapper.v:3752:16: Operator ASSIGNDLY expects 4 bits on the Assign RHS, but Assign RHS's CONST '?32?bxxxxxxxxxxxxxxxxxxxxxxxxxxxxxxxx' generates 32 bits.
[2026-04-21 23:56:11,435]                                                                                                          : ... In instance finn_design_wrapper.finn_design_i.StreamingFIFO_rtl_3.inst.impl
[2026-04-21 23:56:11,435]  3752 |    addr_       <=  'bx;
[2026-04-21 23:56:11,435]       |                ^~
[2026-04-21 23:56:11,435] %Warning-WIDTH: /tmp/finn_dev_emanuel-hernandez/vivado_stitch_proj__kre6k2s/finn_design_wrapper.v:3575:54: Operator EQ expects 32 or 7 bits on the LHS, but LHS's VARREF 'addr_' generates 6 bits.
[2026-04-21 23:56:11,435]                                                                                                          : ... In instance finn_design_wrapper.finn_design_i.StreamingFIFO_rtl_2.inst.impl
[2026-04-21 23:56:11,435]  3575 |    assign addr_full_ = (state_==state_more) && (addr_==depth-2);
[2026-04-21 23:56:11,435]       |                                                      ^~
[2026-04-21 23:56:11,435] %Warning-WIDTH: /tmp/finn_dev_emanuel-hernandez/vivado_stitch_proj__kre6k2s/finn_design_wrapper.v:3632:10: Operator ASSIGN expects 6 bits on the Assign RHS, but Assign RHS's SUB generates 32 or 7 bits.
[2026-04-21 23:56:11,435]                                                                                                          : ... In instance finn_design_wrapper.finn_design_i.StreamingFIFO_rtl_2.inst.impl
[2026-04-21 23:56:11,435]  3632 |   for (a_=depth-2; a_>0; a_=a_-1) begin
[2026-04-21 23:56:11,435]       |          ^
[2026-04-21 23:56:11,435] %Warning-WIDTH: /tmp/finn_dev_emanuel-hernandez/vivado_stitch_proj__kre6k2s/finn_design_wrapper.v:3640:21: Operator ASSIGNDLY expects 8 bits on the Assign RHS, but Assign RHS's CONST '?32?bxxxxxxxxxxxxxxxxxxxxxxxxxxxxxxxx' generates 32 bits.
[2026-04-21 23:56:11,435]                                                                                                          : ... In instance finn_design_wrapper.finn_design_i.StreamingFIFO_rtl_2.inst.impl
[2026-04-21 23:56:11,435]  3640 |         srlo_       <=  'bx;
[2026-04-21 23:56:11,435]       |                     ^~
[2026-04-21 23:56:11,435] %Warning-WIDTH: /tmp/finn_dev_emanuel-hernandez/vivado_stitch_proj__kre6k2s/finn_design_wrapper.v:3643:21: Operator ASSIGNDLY expects 6 bits on the Assign RHS, but Assign RHS's CONST '?32?bxxxxxxxxxxxxxxxxxxxxxxxxxxxxxxxx' generates 32 bits.
[2026-04-21 23:56:11,435]                                                                                                          : ... In instance finn_design_wrapper.finn_design_i.StreamingFIFO_rtl_2.inst.impl
[2026-04-21 23:56:11,435]  3643 |         addr_       <=  'bx;
[2026-04-21 23:56:11,435]       |                     ^~
[2026-04-21 23:56:11,435] %Warning-WIDTH: /tmp/finn_dev_emanuel-hernandez/vivado_stitch_proj__kre6k2s/finn_design_wrapper.v:3656:16: Operator ASSIGNDLY expects 8 bits on the Assign RHS, but Assign RHS's CONST '?32?bxxxxxxxxxxxxxxxxxxxxxxxxxxxxxxxx' generates 32 bits.
[2026-04-21 23:56:11,435]                                                                                                          : ... In instance finn_design_wrapper.finn_design_i.StreamingFIFO_rtl_2.inst.impl
[2026-04-21 23:56:11,435]  3656 |    srlo_       <= 'bx;
[2026-04-21 23:56:11,435]       |                ^~
[2026-04-21 23:56:11,435] %Warning-WIDTH: /tmp/finn_dev_emanuel-hernandez/vivado_stitch_proj__kre6k2s/finn_design_wrapper.v:3666:16: Operator ASSIGNDLY expects 8 bits on the Assign RHS, but Assign RHS's CONST '?32?bxxxxxxxxxxxxxxxxxxxxxxxxxxxxxxxx' generates 32 bits.
[2026-04-21 23:56:11,435]                                                                                                          : ... In instance finn_design_wrapper.finn_design_i.StreamingFIFO_rtl_2.inst.impl
[2026-04-21 23:56:11,435]  3666 |    srlo_       <= 'bx;
[2026-04-21 23:56:11,435]       |                ^~
[2026-04-21 23:56:11,435] %Warning-WIDTH: /tmp/finn_dev_emanuel-hernandez/vivado_stitch_proj__kre6k2s/finn_design_wrapper.v:3680:16: Operator ASSIGNDLY expects 8 bits on the Assign RHS, but Assign RHS's CONST '?32?bxxxxxxxxxxxxxxxxxxxxxxxxxxxxxxxx' generates 32 bits.
[2026-04-21 23:56:11,435]                                                                                                          : ... In instance finn_design_wrapper.finn_design_i.StreamingFIFO_rtl_2.inst.impl
[2026-04-21 23:56:11,435]  3680 |    srlo_       <= 'bx;
[2026-04-21 23:56:11,435]       |                ^~
[2026-04-21 23:56:11,435] %Warning-WIDTH: /tmp/finn_dev_emanuel-hernandez/vivado_stitch_proj__kre6k2s/finn_design_wrapper.v:3687:16: Operator ASSIGNDLY expects 8 bits on the Assign RHS, but Assign RHS's CONST '?32?bxxxxxxxxxxxxxxxxxxxxxxxxxxxxxxxx' generates 32 bits.
[2026-04-21 23:56:11,435]                                                                                                          : ... In instance finn_design_wrapper.finn_design_i.StreamingFIFO_rtl_2.inst.impl
[2026-04-21 23:56:11,435]  3687 |    srlo_       <= 'bx;
[2026-04-21 23:56:11,435]       |                ^~
[2026-04-21 23:56:11,435] %Warning-WIDTH: /tmp/finn_dev_emanuel-hernandez/vivado_stitch_proj__kre6k2s/finn_design_wrapper.v:3700:16: Operator ASSIGNDLY expects 8 bits on the Assign RHS, but Assign RHS's CONST '?32?bxxxxxxxxxxxxxxxxxxxxxxxxxxxxxxxx' generates 32 bits.
[2026-04-21 23:56:11,435]                                                                                                          : ... In instance finn_design_wrapper.finn_design_i.StreamingFIFO_rtl_2.inst.impl
[2026-04-21 23:56:11,435]  3700 |    srlo_       <= 'bx;
[2026-04-21 23:56:11,435]       |                ^~
[2026-04-21 23:56:11,435] %Warning-WIDTH: /tmp/finn_dev_emanuel-hernandez/vivado_stitch_proj__kre6k2s/finn_design_wrapper.v:3718:16: Operator ASSIGNDLY expects 8 bits on the Assign RHS, but Assign RHS's CONST '?32?bxxxxxxxxxxxxxxxxxxxxxxxxxxxxxxxx' generates 32 bits.
[2026-04-21 23:56:11,435]                                                                                                          : ... In instance finn_design_wrapper.finn_design_i.StreamingFIFO_rtl_2.inst.impl
[2026-04-21 23:56:11,435]  3718 |    srlo_       <= 'bx;
[2026-04-21 23:56:11,435]       |                ^~
[2026-04-21 23:56:11,435] %Warning-WIDTH: /tmp/finn_dev_emanuel-hernandez/vivado_stitch_proj__kre6k2s/finn_design_wrapper.v:3732:16: Operator ASSIGNDLY expects 8 bits on the Assign RHS, but Assign RHS's CONST '?32?bxxxxxxxxxxxxxxxxxxxxxxxxxxxxxxxx' generates 32 bits.
[2026-04-21 23:56:11,435]                                                                                                          : ... In instance finn_design_wrapper.finn_design_i.StreamingFIFO_rtl_2.inst.impl
[2026-04-21 23:56:11,435]  3732 |    srlo_       <= 'bx;
[2026-04-21 23:56:11,435]       |                ^~
[2026-04-21 23:56:11,435] %Warning-WIDTH: /tmp/finn_dev_emanuel-hernandez/vivado_stitch_proj__kre6k2s/finn_design_wrapper.v:3749:16: Operator ASSIGNDLY expects 8 bits on the Assign RHS, but Assign RHS's CONST '?32?bxxxxxxxxxxxxxxxxxxxxxxxxxxxxxxxx' generates 32 bits.
[2026-04-21 23:56:11,435]                                                                                                          : ... In instance finn_design_wrapper.finn_design_i.StreamingFIFO_rtl_2.inst.impl
[2026-04-21 23:56:11,435]  3749 |    srlo_       <=  'bx;
[2026-04-21 23:56:11,435]       |                ^~
[2026-04-21 23:56:11,435] %Warning-WIDTH: /tmp/finn_dev_emanuel-hernandez/vivado_stitch_proj__kre6k2s/finn_design_wrapper.v:3752:16: Operator ASSIGNDLY expects 6 bits on the Assign RHS, but Assign RHS's CONST '?32?bxxxxxxxxxxxxxxxxxxxxxxxxxxxxxxxx' generates 32 bits.
[2026-04-21 23:56:11,435]                                                                                                          : ... In instance finn_design_wrapper.finn_design_i.StreamingFIFO_rtl_2.inst.impl
[2026-04-21 23:56:11,435]  3752 |    addr_       <=  'bx;
[2026-04-21 23:56:11,435]       |                ^~
[2026-04-21 23:56:11,435] %Warning-WIDTH: /tmp/finn_dev_emanuel-hernandez/vivado_stitch_proj__kre6k2s/finn_design_wrapper.v:3575:54: Operator EQ expects 32 or 8 bits on the LHS, but LHS's VARREF 'addr_' generates 7 bits.
[2026-04-21 23:56:11,435]                                                                                                          : ... In instance finn_design_wrapper.finn_design_i.StreamingFIFO_rtl_1.inst.impl
[2026-04-21 23:56:11,435]  3575 |    assign addr_full_ = (state_==state_more) && (addr_==depth-2);
[2026-04-21 23:56:11,435]       |                                                      ^~
[2026-04-21 23:56:11,435] %Warning-WIDTH: /tmp/finn_dev_emanuel-hernandez/vivado_stitch_proj__kre6k2s/finn_design_wrapper.v:3632:10: Operator ASSIGN expects 7 bits on the Assign RHS, but Assign RHS's SUB generates 32 or 8 bits.
[2026-04-21 23:56:11,435]                                                                                                          : ... In instance finn_design_wrapper.finn_design_i.StreamingFIFO_rtl_1.inst.impl
[2026-04-21 23:56:11,435]  3632 |   for (a_=depth-2; a_>0; a_=a_-1) begin
[2026-04-21 23:56:11,435]       |          ^
[2026-04-21 23:56:11,435] %Warning-WIDTH: /tmp/finn_dev_emanuel-hernandez/vivado_stitch_proj__kre6k2s/finn_design_wrapper.v:3643:21: Operator ASSIGNDLY expects 7 bits on the Assign RHS, but Assign RHS's CONST '?32?bxxxxxxxxxxxxxxxxxxxxxxxxxxxxxxxx' generates 32 bits.
[2026-04-21 23:56:11,435]                                                                                                          : ... In instance finn_design_wrapper.finn_design_i.StreamingFIFO_rtl_1.inst.impl
[2026-04-21 23:56:11,435]  3643 |         addr_       <=  'bx;
[2026-04-21 23:56:11,435]       |                     ^~
[2026-04-21 23:56:11,435] %Warning-WIDTH: /tmp/finn_dev_emanuel-hernandez/vivado_stitch_proj__kre6k2s/finn_design_wrapper.v:3752:16: Operator ASSIGNDLY expects 7 bits on the Assign RHS, but Assign RHS's CONST '?32?bxxxxxxxxxxxxxxxxxxxxxxxxxxxxxxxx' generates 32 bits.
[2026-04-21 23:56:11,435]                                                                                                          : ... In instance finn_design_wrapper.finn_design_i.StreamingFIFO_rtl_1.inst.impl
[2026-04-21 23:56:11,435]  3752 |    addr_       <=  'bx;
[2026-04-21 23:56:11,435]       |                ^~
[2026-04-21 23:56:11,435] %Warning-WIDTH: /tmp/finn_dev_emanuel-hernandez/vivado_stitch_proj__kre6k2s/finn_design_wrapper.v:3640:25: Unsized constant being X/Z extended to 40 bits: ?32?bxxxxxxxxxxxxxxxxxxxxxxxxxxxxxxxx
[2026-04-21 23:56:11,435]                                                                                                          : ... In instance finn_design_wrapper.finn_design_i.StreamingFIFO_rtl_0.inst.impl
[2026-04-21 23:56:11,435]  3640 |         srlo_       <=  'bx;
[2026-04-21 23:56:11,435]       |                         ^~~
[2026-04-21 23:56:11,435] %Warning-WIDTH: /tmp/finn_dev_emanuel-hernandez/vivado_stitch_proj__kre6k2s/finn_design_wrapper.v:3656:19: Unsized constant being X/Z extended to 40 bits: ?32?bxxxxxxxxxxxxxxxxxxxxxxxxxxxxxxxx
[2026-04-21 23:56:11,435]                                                                                                          : ... In instance finn_design_wrapper.finn_design_i.StreamingFIFO_rtl_0.inst.impl
[2026-04-21 23:56:11,435]  3656 |    srlo_       <= 'bx;
[2026-04-21 23:56:11,435]       |                   ^~~
[2026-04-21 23:56:11,435] %Warning-WIDTH: /tmp/finn_dev_emanuel-hernandez/vivado_stitch_proj__kre6k2s/finn_design_wrapper.v:3666:19: Unsized constant being X/Z extended to 40 bits: ?32?bxxxxxxxxxxxxxxxxxxxxxxxxxxxxxxxx
[2026-04-21 23:56:11,435]                                                                                                          : ... In instance finn_design_wrapper.finn_design_i.StreamingFIFO_rtl_0.inst.impl
[2026-04-21 23:56:11,435]  3666 |    srlo_       <= 'bx;
[2026-04-21 23:56:11,435]       |                   ^~~
[2026-04-21 23:56:11,435] %Warning-WIDTH: /tmp/finn_dev_emanuel-hernandez/vivado_stitch_proj__kre6k2s/finn_design_wrapper.v:3680:19: Unsized constant being X/Z extended to 40 bits: ?32?bxxxxxxxxxxxxxxxxxxxxxxxxxxxxxxxx
[2026-04-21 23:56:11,435]                                                                                                          : ... In instance finn_design_wrapper.finn_design_i.StreamingFIFO_rtl_0.inst.impl
[2026-04-21 23:56:11,435]  3680 |    srlo_       <= 'bx;
[2026-04-21 23:56:11,435]       |                   ^~~
[2026-04-21 23:56:11,435] %Warning-WIDTH: /tmp/finn_dev_emanuel-hernandez/vivado_stitch_proj__kre6k2s/finn_design_wrapper.v:3687:19: Unsized constant being X/Z extended to 40 bits: ?32?bxxxxxxxxxxxxxxxxxxxxxxxxxxxxxxxx
[2026-04-21 23:56:11,435]                                                                                                          : ... In instance finn_design_wrapper.finn_design_i.StreamingFIFO_rtl_0.inst.impl
[2026-04-21 23:56:11,435]  3687 |    srlo_       <= 'bx;
[2026-04-21 23:56:11,435]       |                   ^~~
[2026-04-21 23:56:11,435] %Warning-WIDTH: /tmp/finn_dev_emanuel-hernandez/vivado_stitch_proj__kre6k2s/finn_design_wrapper.v:3700:19: Unsized constant being X/Z extended to 40 bits: ?32?bxxxxxxxxxxxxxxxxxxxxxxxxxxxxxxxx
[2026-04-21 23:56:11,435]                                                                                                          : ... In instance finn_design_wrapper.finn_design_i.StreamingFIFO_rtl_0.inst.impl
[2026-04-21 23:56:11,435]  3700 |    srlo_       <= 'bx;
[2026-04-21 23:56:11,435]       |                   ^~~
[2026-04-21 23:56:11,435] %Warning-WIDTH: /tmp/finn_dev_emanuel-hernandez/vivado_stitch_proj__kre6k2s/finn_design_wrapper.v:3718:19: Unsized constant being X/Z extended to 40 bits: ?32?bxxxxxxxxxxxxxxxxxxxxxxxxxxxxxxxx
[2026-04-21 23:56:11,435]                                                                                                          : ... In instance finn_design_wrapper.finn_design_i.StreamingFIFO_rtl_0.inst.impl
[2026-04-21 23:56:11,435]  3718 |    srlo_       <= 'bx;
[2026-04-21 23:56:11,435]       |                   ^~~
[2026-04-21 23:56:11,435] %Warning-WIDTH: /tmp/finn_dev_emanuel-hernandez/vivado_stitch_proj__kre6k2s/finn_design_wrapper.v:3732:19: Unsized constant being X/Z extended to 40 bits: ?32?bxxxxxxxxxxxxxxxxxxxxxxxxxxxxxxxx
[2026-04-21 23:56:11,435]                                                                                                          : ... In instance finn_design_wrapper.finn_design_i.StreamingFIFO_rtl_0.inst.impl
[2026-04-21 23:56:11,435]  3732 |    srlo_       <= 'bx;
[2026-04-21 23:56:11,435]       |                   ^~~
[2026-04-21 23:56:11,435] %Warning-WIDTH: /tmp/finn_dev_emanuel-hernandez/vivado_stitch_proj__kre6k2s/finn_design_wrapper.v:3749:20: Unsized constant being X/Z extended to 40 bits: ?32?bxxxxxxxxxxxxxxxxxxxxxxxxxxxxxxxx
[2026-04-21 23:56:11,435]                                                                                                          : ... In instance finn_design_wrapper.finn_design_i.StreamingFIFO_rtl_0.inst.impl
[2026-04-21 23:56:11,435]  3749 |    srlo_       <=  'bx;
[2026-04-21 23:56:11,435]       |                    ^~~
[2026-04-21 23:56:11,435] %Warning-STMTDLY: /tmp/finn_dev_emanuel-hernandez/vivado_stitch_proj__kre6k2s/finn_design_wrapper.v:13986:2: Unsupported: Ignoring delay on this delayed statement.
[2026-04-21 23:56:11,435]                                                                                                            : ... In instance finn_design_wrapper.finn_design_i.MVAU_hls_1.MVAU_hls_1.inst
[2026-04-21 23:56:11,435] 13986 | #0 grp_Matrix_Vector_Activate_Stream_Batch_fu_60_ap_start_reg = 1'b0;
[2026-04-21 23:56:11,435]       |  ^
[2026-04-21 23:56:11,435] %Warning-STMTDLY: /tmp/finn_dev_emanuel-hernandez/vivado_stitch_proj__kre6k2s/finn_design_wrapper.v:13987:2: Unsupported: Ignoring delay on this delayed statement.
[2026-04-21 23:56:11,435]                                                                                                            : ... In instance finn_design_wrapper.finn_design_i.MVAU_hls_1.MVAU_hls_1.inst
[2026-04-21 23:56:11,435] 13987 | #0 ap_CS_fsm = 4'd1;
[2026-04-21 23:56:11,435]       |  ^
[2026-04-21 23:56:11,435] %Warning-WIDTH: /tmp/finn_dev_emanuel-hernandez/vivado_stitch_proj__kre6k2s/finn_design_wrapper.v:14129:23: Operator ASSIGN expects 4 bits on the Assign RHS, but Assign RHS's CONST '?32?bxxxxxxxxxxxxxxxxxxxxxxxxxxxxxxxx' generates 32 bits.
[2026-04-21 23:56:11,435]                                                                                                           : ... In instance finn_design_wrapper.finn_design_i.MVAU_hls_1.MVAU_hls_1.inst
[2026-04-21 23:56:11,435] 14129 |             ap_NS_fsm = 'bx;
[2026-04-21 23:56:11,435]       |                       ^
[2026-04-21 23:56:11,435] %Warning-STMTDLY: /tmp/finn_dev_emanuel-hernandez/vivado_stitch_proj__kre6k2s/finn_design_wrapper.v:9533:2: Unsupported: Ignoring delay on this delayed statement.
[2026-04-21 23:56:11,435]                                                                                                           : ... In instance finn_design_wrapper.finn_design_i.MVAU_hls_0.MVAU_hls_0.inst
[2026-04-21 23:56:11,435]  9533 | #0 grp_Matrix_Vector_Activate_Stream_Batch_fu_60_ap_start_reg = 1'b0;
[2026-04-21 23:56:11,435]       |  ^
[2026-04-21 23:56:11,435] %Warning-STMTDLY: /tmp/finn_dev_emanuel-hernandez/vivado_stitch_proj__kre6k2s/finn_design_wrapper.v:9534:2: Unsupported: Ignoring delay on this delayed statement.
[2026-04-21 23:56:11,436]                                                                                                           : ... In instance finn_design_wrapper.finn_design_i.MVAU_hls_0.MVAU_hls_0.inst
[2026-04-21 23:56:11,436]  9534 | #0 ap_CS_fsm = 4'd1;
[2026-04-21 23:56:11,436]       |  ^
[2026-04-21 23:56:11,436] %Warning-WIDTH: /tmp/finn_dev_emanuel-hernandez/vivado_stitch_proj__kre6k2s/finn_design_wrapper.v:9676:23: Operator ASSIGN expects 4 bits on the Assign RHS, but Assign RHS's CONST '?32?bxxxxxxxxxxxxxxxxxxxxxxxxxxxxxxxx' generates 32 bits.
[2026-04-21 23:56:11,436]                                                                                                          : ... In instance finn_design_wrapper.finn_design_i.MVAU_hls_0.MVAU_hls_0.inst
[2026-04-21 23:56:11,436]  9676 |             ap_NS_fsm = 'bx;
[2026-04-21 23:56:11,436]       |                       ^
[2026-04-21 23:56:11,436] %Warning-COMBDLY: /tmp/finn_dev_emanuel-hernandez/vivado_stitch_proj__kre6k2s/finn_design_wrapper.v:3640:21: Non-blocking assignment '<=' in combinational logic process
[2026-04-21 23:56:11,436]                                                                                                            : ... This will be executed as a blocking assignment '='!
[2026-04-21 23:56:11,436]  3640 |         srlo_       <=  'bx;
[2026-04-21 23:56:11,436]       |                     ^~
[2026-04-21 23:56:11,436]                   *** See https://verilator.org/warn/COMBDLY before disabling this,
[2026-04-21 23:56:11,436]                   else you may end up with different sim results.
[2026-04-21 23:56:11,436] %Warning-COMBDLY: /tmp/finn_dev_emanuel-hernandez/vivado_stitch_proj__kre6k2s/finn_design_wrapper.v:3641:21: Non-blocking assignment '<=' in combinational logic process
[2026-04-21 23:56:11,436]                                                                                                            : ... This will be executed as a blocking assignment '='!
[2026-04-21 23:56:11,436]  3641 |         shift_en_o_ <= 1'bx;
[2026-04-21 23:56:11,436]       |                     ^~
[2026-04-21 23:56:11,436] %Warning-COMBDLY: /tmp/finn_dev_emanuel-hernandez/vivado_stitch_proj__kre6k2s/finn_design_wrapper.v:3642:21: Non-blocking assignment '<=' in combinational logic process
[2026-04-21 23:56:11,436]                                                                                                            : ... This will be executed as a blocking assignment '='!
[2026-04-21 23:56:11,436]  3642 |         shift_en_   <= 1'bx;
[2026-04-21 23:56:11,436]       |                     ^~
[2026-04-21 23:56:11,436] %Warning-COMBDLY: /tmp/finn_dev_emanuel-hernandez/vivado_stitch_proj__kre6k2s/finn_design_wrapper.v:3643:21: Non-blocking assignment '<=' in combinational logic process
[2026-04-21 23:56:11,436]                                                                                                            : ... This will be executed as a blocking assignment '='!
[2026-04-21 23:56:11,436]  3643 |         addr_       <=  'bx;
[2026-04-21 23:56:11,436]       |                     ^~
[2026-04-21 23:56:11,436] %Warning-COMBDLY: /tmp/finn_dev_emanuel-hernandez/vivado_stitch_proj__kre6k2s/finn_design_wrapper.v:3644:21: Non-blocking assignment '<=' in combinational logic process
[2026-04-21 23:56:11,436]                                                                                                            : ... This will be executed as a blocking assignment '='!
[2026-04-21 23:56:11,436]  3644 |         state_      <= 2'bx;
[2026-04-21 23:56:11,436]       |                     ^~
[2026-04-21 23:56:11,436] %Warning-COMBDLY: /tmp/finn_dev_emanuel-hernandez/vivado_stitch_proj__kre6k2s/finn_design_wrapper.v:3649:16: Non-blocking assignment '<=' in combinational logic process
[2026-04-21 23:56:11,436]                                                                                                            : ... This will be executed as a blocking assignment '='!
[2026-04-21 23:56:11,436]  3649 |    srlo_       <= i_d;
[2026-04-21 23:56:11,436]       |                ^~
[2026-04-21 23:56:11,436] %Warning-COMBDLY: /tmp/finn_dev_emanuel-hernandez/vivado_stitch_proj__kre6k2s/finn_design_wrapper.v:3650:16: Non-blocking assignment '<=' in combinational logic process
[2026-04-21 23:56:11,436]                                                                                                            : ... This will be executed as a blocking assignment '='!
[2026-04-21 23:56:11,436]  3650 |    shift_en_o_ <= 1;
[2026-04-21 23:56:11,436]       |                ^~
[2026-04-21 23:56:11,436] %Warning-COMBDLY: /tmp/finn_dev_emanuel-hernandez/vivado_stitch_proj__kre6k2s/finn_design_wrapper.v:3651:16: Non-blocking assignment '<=' in combinational logic process
[2026-04-21 23:56:11,436]                                                                                                            : ... This will be executed as a blocking assignment '='!
[2026-04-21 23:56:11,436]  3651 |    shift_en_   <= 1'bx;
[2026-04-21 23:56:11,436]       |                ^~
[2026-04-21 23:56:11,436] %Warning-COMBDLY: /tmp/finn_dev_emanuel-hernandez/vivado_stitch_proj__kre6k2s/finn_design_wrapper.v:3652:16: Non-blocking assignment '<=' in combinational logic process
[2026-04-21 23:56:11,436]                                                                                                            : ... This will be executed as a blocking assignment '='!
[2026-04-21 23:56:11,436]  3652 |    addr_       <= 0;
[2026-04-21 23:56:11,436]       |                ^~
[2026-04-21 23:56:11,436] %Warning-COMBDLY: /tmp/finn_dev_emanuel-hernandez/vivado_stitch_proj__kre6k2s/finn_design_wrapper.v:3653:16: Non-blocking assignment '<=' in combinational logic process
[2026-04-21 23:56:11,436]                                                                                                            : ... This will be executed as a blocking assignment '='!
[2026-04-21 23:56:11,436]  3653 |    state_      <= state_one;
[2026-04-21 23:56:11,436]       |                ^~
[2026-04-21 23:56:11,436] %Warning-COMBDLY: /tmp/finn_dev_emanuel-hernandez/vivado_stitch_proj__kre6k2s/finn_design_wrapper.v:3656:16: Non-blocking assignment '<=' in combinational logic process
[2026-04-21 23:56:11,436]                                                                                                            : ... This will be executed as a blocking assignment '='!
[2026-04-21 23:56:11,436]  3656 |    srlo_       <= 'bx;
[2026-04-21 23:56:11,436]       |                ^~
[2026-04-21 23:56:11,436] %Warning-COMBDLY: /tmp/finn_dev_emanuel-hernandez/vivado_stitch_proj__kre6k2s/finn_design_wrapper.v:3657:16: Non-blocking assignment '<=' in combinational logic process
[2026-04-21 23:56:11,436]                                                                                                            : ... This will be executed as a blocking assignment '='!
[2026-04-21 23:56:11,436]  3657 |    shift_en_o_ <= 0;
[2026-04-21 23:56:11,436]       |                ^~
[2026-04-21 23:56:11,436] %Warning-COMBDLY: /tmp/finn_dev_emanuel-hernandez/vivado_stitch_proj__kre6k2s/finn_design_wrapper.v:3658:16: Non-blocking assignment '<=' in combinational logic process
[2026-04-21 23:56:11,436]                                                                                                            : ... This will be executed as a blocking assignment '='!
[2026-04-21 23:56:11,436]  3658 |    shift_en_   <= 1'bx;
[2026-04-21 23:56:11,436]       |                ^~
[2026-04-21 23:56:11,436] %Warning-COMBDLY: /tmp/finn_dev_emanuel-hernandez/vivado_stitch_proj__kre6k2s/finn_design_wrapper.v:3659:16: Non-blocking assignment '<=' in combinational logic process
[2026-04-21 23:56:11,436]                                                                                                            : ... This will be executed as a blocking assignment '='!
[2026-04-21 23:56:11,436]  3659 |    addr_       <= 0;
[2026-04-21 23:56:11,436]       |                ^~
[2026-04-21 23:56:11,436] %Warning-COMBDLY: /tmp/finn_dev_emanuel-hernandez/vivado_stitch_proj__kre6k2s/finn_design_wrapper.v:3660:16: Non-blocking assignment '<=' in combinational logic process
[2026-04-21 23:56:11,436]                                                                                                            : ... This will be executed as a blocking assignment '='!
[2026-04-21 23:56:11,436]  3660 |    state_      <= state_empty;
[2026-04-21 23:56:11,436]       |                ^~
[2026-04-21 23:56:11,436] %Warning-COMBDLY: /tmp/finn_dev_emanuel-hernandez/vivado_stitch_proj__kre6k2s/finn_design_wrapper.v:3666:16: Non-blocking assignment '<=' in combinational logic process
[2026-04-21 23:56:11,436]                                                                                                            : ... This will be executed as a blocking assignment '='!
[2026-04-21 23:56:11,436]  3666 |    srlo_       <= 'bx;
[2026-04-21 23:56:11,436]       |                ^~
[2026-04-21 23:56:11,436] %Warning-COMBDLY: /tmp/finn_dev_emanuel-hernandez/vivado_stitch_proj__kre6k2s/finn_design_wrapper.v:3667:16: Non-blocking assignment '<=' in combinational logic process
[2026-04-21 23:56:11,436]                                                                                                            : ... This will be executed as a blocking assignment '='!
[2026-04-21 23:56:11,436]  3667 |    shift_en_o_ <= 0;
[2026-04-21 23:56:11,436]       |                ^~
[2026-04-21 23:56:11,436] %Warning-COMBDLY: /tmp/finn_dev_emanuel-hernandez/vivado_stitch_proj__kre6k2s/finn_design_wrapper.v:3668:16: Non-blocking assignment '<=' in combinational logic process
[2026-04-21 23:56:11,436]                                                                                                            : ... This will be executed as a blocking assignment '='!
[2026-04-21 23:56:11,436]  3668 |    shift_en_   <= 1;
[2026-04-21 23:56:11,436]       |                ^~
[2026-04-21 23:56:11,436] %Warning-COMBDLY: /tmp/finn_dev_emanuel-hernandez/vivado_stitch_proj__kre6k2s/finn_design_wrapper.v:3669:16: Non-blocking assignment '<=' in combinational logic process
[2026-04-21 23:56:11,436]                                                                                                            : ... This will be executed as a blocking assignment '='!
[2026-04-21 23:56:11,436]  3669 |    addr_       <= 0;
[2026-04-21 23:56:11,436]       |                ^~
[2026-04-21 23:56:11,436] %Warning-COMBDLY: /tmp/finn_dev_emanuel-hernandez/vivado_stitch_proj__kre6k2s/finn_design_wrapper.v:3670:16: Non-blocking assignment '<=' in combinational logic process
[2026-04-21 23:56:11,436]                                                                                                            : ... This will be executed as a blocking assignment '='!
[2026-04-21 23:56:11,436]  3670 |    state_      <= state_more;
[2026-04-21 23:56:11,436]       |                ^~
[2026-04-21 23:56:11,436] %Warning-COMBDLY: /tmp/finn_dev_emanuel-hernandez/vivado_stitch_proj__kre6k2s/finn_design_wrapper.v:3673:16: Non-blocking assignment '<=' in combinational logic process
[2026-04-21 23:56:11,436]                                                                                                            : ... This will be executed as a blocking assignment '='!
[2026-04-21 23:56:11,436]  3673 |    srlo_       <= i_d;
[2026-04-21 23:56:11,436]       |                ^~
[2026-04-21 23:56:11,436] %Warning-COMBDLY: /tmp/finn_dev_emanuel-hernandez/vivado_stitch_proj__kre6k2s/finn_design_wrapper.v:3674:16: Non-blocking assignment '<=' in combinational logic process
[2026-04-21 23:56:11,436]                                                                                                            : ... This will be executed as a blocking assignment '='!
[2026-04-21 23:56:11,436]  3674 |    shift_en_o_ <= 1;
[2026-04-21 23:56:11,436]       |                ^~
[2026-04-21 23:56:11,436] %Warning-COMBDLY: /tmp/finn_dev_emanuel-hernandez/vivado_stitch_proj__kre6k2s/finn_design_wrapper.v:3675:16: Non-blocking assignment '<=' in combinational logic process
[2026-04-21 23:56:11,436]                                                                                                            : ... This will be executed as a blocking assignment '='!
[2026-04-21 23:56:11,436]  3675 |    shift_en_   <= 1;
[2026-04-21 23:56:11,436]       |                ^~
[2026-04-21 23:56:11,436] %Warning-COMBDLY: /tmp/finn_dev_emanuel-hernandez/vivado_stitch_proj__kre6k2s/finn_design_wrapper.v:3676:16: Non-blocking assignment '<=' in combinational logic process
[2026-04-21 23:56:11,436]                                                                                                            : ... This will be executed as a blocking assignment '='!
[2026-04-21 23:56:11,437]  3676 |    addr_       <= 0;
[2026-04-21 23:56:11,437]       |                ^~
[2026-04-21 23:56:11,437] %Warning-COMBDLY: /tmp/finn_dev_emanuel-hernandez/vivado_stitch_proj__kre6k2s/finn_design_wrapper.v:3677:16: Non-blocking assignment '<=' in combinational logic process
[2026-04-21 23:56:11,437]                                                                                                            : ... This will be executed as a blocking assignment '='!
[2026-04-21 23:56:11,437]  3677 |    state_      <= state_one;
[2026-04-21 23:56:11,437]       |                ^~
[2026-04-21 23:56:11,437] %Warning-COMBDLY: /tmp/finn_dev_emanuel-hernandez/vivado_stitch_proj__kre6k2s/finn_design_wrapper.v:3680:16: Non-blocking assignment '<=' in combinational logic process
[2026-04-21 23:56:11,437]                                                                                                            : ... This will be executed as a blocking assignment '='!
[2026-04-21 23:56:11,437]  3680 |    srlo_       <= 'bx;
[2026-04-21 23:56:11,437]       |                ^~
[2026-04-21 23:56:11,437] %Warning-COMBDLY: /tmp/finn_dev_emanuel-hernandez/vivado_stitch_proj__kre6k2s/finn_design_wrapper.v:3681:16: Non-blocking assignment '<=' in combinational logic process
[2026-04-21 23:56:11,437]                                                                                                            : ... This will be executed as a blocking assignment '='!
[2026-04-21 23:56:11,437]  3681 |    shift_en_o_ <= 0;
[2026-04-21 23:56:11,437]       |                ^~
[2026-04-21 23:56:11,437] %Warning-COMBDLY: /tmp/finn_dev_emanuel-hernandez/vivado_stitch_proj__kre6k2s/finn_design_wrapper.v:3682:16: Non-blocking assignment '<=' in combinational logic process
[2026-04-21 23:56:11,437]                                                                                                            : ... This will be executed as a blocking assignment '='!
[2026-04-21 23:56:11,437]  3682 |    shift_en_   <= 1'bx;
[2026-04-21 23:56:11,437]       |                ^~
[2026-04-21 23:56:11,437] %Warning-COMBDLY: /tmp/finn_dev_emanuel-hernandez/vivado_stitch_proj__kre6k2s/finn_design_wrapper.v:3683:16: Non-blocking assignment '<=' in combinational logic process
[2026-04-21 23:56:11,437]                                                                                                            : ... This will be executed as a blocking assignment '='!
[2026-04-21 23:56:11,437]  3683 |    addr_       <= 0;
[2026-04-21 23:56:11,437]       |                ^~
[2026-04-21 23:56:11,437] %Warning-COMBDLY: /tmp/finn_dev_emanuel-hernandez/vivado_stitch_proj__kre6k2s/finn_design_wrapper.v:3684:16: Non-blocking assignment '<=' in combinational logic process
[2026-04-21 23:56:11,437]                                                                                                            : ... This will be executed as a blocking assignment '='!
[2026-04-21 23:56:11,437]  3684 |    state_      <= state_one;
[2026-04-21 23:56:11,437]       |                ^~
[2026-04-21 23:56:11,437] %Warning-COMBDLY: /tmp/finn_dev_emanuel-hernandez/vivado_stitch_proj__kre6k2s/finn_design_wrapper.v:3687:16: Non-blocking assignment '<=' in combinational logic process
[2026-04-21 23:56:11,437]                                                                                                            : ... This will be executed as a blocking assignment '='!
[2026-04-21 23:56:11,437]  3687 |    srlo_       <= 'bx;
[2026-04-21 23:56:11,437]       |                ^~
[2026-04-21 23:56:11,437] %Warning-COMBDLY: /tmp/finn_dev_emanuel-hernandez/vivado_stitch_proj__kre6k2s/finn_design_wrapper.v:3688:16: Non-blocking assignment '<=' in combinational logic process
[2026-04-21 23:56:11,437]                                                                                                            : ... This will be executed as a blocking assignment '='!
[2026-04-21 23:56:11,437]  3688 |    shift_en_o_ <= 0;
[2026-04-21 23:56:11,437]       |                ^~
[2026-04-21 23:56:11,437] %Warning-COMBDLY: /tmp/finn_dev_emanuel-hernandez/vivado_stitch_proj__kre6k2s/finn_design_wrapper.v:3689:16: Non-blocking assignment '<=' in combinational logic process
[2026-04-21 23:56:11,437]                                                                                                            : ... This will be executed as a blocking assignment '='!
[2026-04-21 23:56:11,437]  3689 |    shift_en_   <= 1'bx;
[2026-04-21 23:56:11,437]       |                ^~
[2026-04-21 23:56:11,437] %Warning-COMBDLY: /tmp/finn_dev_emanuel-hernandez/vivado_stitch_proj__kre6k2s/finn_design_wrapper.v:3690:16: Non-blocking assignment '<=' in combinational logic process
[2026-04-21 23:56:11,437]                                                                                                            : ... This will be executed as a blocking assignment '='!
[2026-04-21 23:56:11,437]  3690 |    addr_       <= 0;
[2026-04-21 23:56:11,437]       |                ^~
[2026-04-21 23:56:11,437] %Warning-COMBDLY: /tmp/finn_dev_emanuel-hernandez/vivado_stitch_proj__kre6k2s/finn_design_wrapper.v:3691:16: Non-blocking assignment '<=' in combinational logic process
[2026-04-21 23:56:11,437]                                                                                                            : ... This will be executed as a blocking assignment '='!
[2026-04-21 23:56:11,437]  3691 |    state_      <= state_empty;
[2026-04-21 23:56:11,437]       |                ^~
[2026-04-21 23:56:11,437] %Warning-COMBDLY: /tmp/finn_dev_emanuel-hernandez/vivado_stitch_proj__kre6k2s/finn_design_wrapper.v:3700:16: Non-blocking assignment '<=' in combinational logic process
[2026-04-21 23:56:11,437]                                                                                                            : ... This will be executed as a blocking assignment '='!
[2026-04-21 23:56:11,437]  3700 |    srlo_       <= 'bx;
[2026-04-21 23:56:11,437]       |                ^~
[2026-04-21 23:56:11,437] %Warning-COMBDLY: /tmp/finn_dev_emanuel-hernandez/vivado_stitch_proj__kre6k2s/finn_design_wrapper.v:3701:16: Non-blocking assignment '<=' in combinational logic process
[2026-04-21 23:56:11,437]                                                                                                            : ... This will be executed as a blocking assignment '='!
[2026-04-21 23:56:11,437]  3701 |    shift_en_o_ <= 0;
[2026-04-21 23:56:11,437]       |                ^~
[2026-04-21 23:56:11,437] %Warning-COMBDLY: /tmp/finn_dev_emanuel-hernandez/vivado_stitch_proj__kre6k2s/finn_design_wrapper.v:3702:16: Non-blocking assignment '<=' in combinational logic process
[2026-04-21 23:56:11,437]                                                                                                            : ... This will be executed as a blocking assignment '='!
[2026-04-21 23:56:11,437]  3702 |    shift_en_   <= 0;
[2026-04-21 23:56:11,437]       |                ^~
[2026-04-21 23:56:11,437] %Warning-COMBDLY: /tmp/finn_dev_emanuel-hernandez/vivado_stitch_proj__kre6k2s/finn_design_wrapper.v:3703:16: Non-blocking assignment '<=' in combinational logic process
[2026-04-21 23:56:11,437]                                                                                                            : ... This will be executed as a blocking assignment '='!
[2026-04-21 23:56:11,437]  3703 |    addr_       <= addr;
[2026-04-21 23:56:11,437]       |                ^~
[2026-04-21 23:56:11,437] %Warning-COMBDLY: /tmp/finn_dev_emanuel-hernandez/vivado_stitch_proj__kre6k2s/finn_design_wrapper.v:3704:16: Non-blocking assignment '<=' in combinational logic process
[2026-04-21 23:56:11,437]                                                                                                            : ... This will be executed as a blocking assignment '='!
[2026-04-21 23:56:11,437]  3704 |    state_      <= state_more;
[2026-04-21 23:56:11,437]       |                ^~
[2026-04-21 23:56:11,437] %Warning-COMBDLY: /tmp/finn_dev_emanuel-hernandez/vivado_stitch_proj__kre6k2s/finn_design_wrapper.v:3707:16: Non-blocking assignment '<=' in combinational logic process
[2026-04-21 23:56:11,437]                                                                                                            : ... This will be executed as a blocking assignment '='!
[2026-04-21 23:56:11,437]  3707 |    srlo_       <= srl[addr];
[2026-04-21 23:56:11,437]       |                ^~
[2026-04-21 23:56:11,437] %Warning-COMBDLY: /tmp/finn_dev_emanuel-hernandez/vivado_stitch_proj__kre6k2s/finn_design_wrapper.v:3708:16: Non-blocking assignment '<=' in combinational logic process
[2026-04-21 23:56:11,437]                                                                                                            : ... This will be executed as a blocking assignment '='!
[2026-04-21 23:56:11,437]  3708 |    shift_en_o_ <= 1;
[2026-04-21 23:56:11,437]       |                ^~
[2026-04-21 23:56:11,437] %Warning-COMBDLY: /tmp/finn_dev_emanuel-hernandez/vivado_stitch_proj__kre6k2s/finn_design_wrapper.v:3709:16: Non-blocking assignment '<=' in combinational logic process
[2026-04-21 23:56:11,437]                                                                                                            : ... This will be executed as a blocking assignment '='!
[2026-04-21 23:56:11,437]  3709 |    shift_en_   <= 0;
[2026-04-21 23:56:11,437]       |                ^~
[2026-04-21 23:56:11,437] %Warning-COMBDLY: /tmp/finn_dev_emanuel-hernandez/vivado_stitch_proj__kre6k2s/finn_design_wrapper.v:3712:16: Non-blocking assignment '<=' in combinational logic process
[2026-04-21 23:56:11,437]                                                                                                            : ... This will be executed as a blocking assignment '='!
[2026-04-21 23:56:11,437]  3712 |    addr_       <= addr_zero_ ? 0         : addr-1;
[2026-04-21 23:56:11,437]       |                ^~
[2026-04-21 23:56:11,437] %Warning-COMBDLY: /tmp/finn_dev_emanuel-hernandez/vivado_stitch_proj__kre6k2s/finn_design_wrapper.v:3713:16: Non-blocking assignment '<=' in combinational logic process
[2026-04-21 23:56:11,437]                                                                                                            : ... This will be executed as a blocking assignment '='!
[2026-04-21 23:56:11,437]  3713 |    state_      <= addr_zero_ ? state_one : state_more;
[2026-04-21 23:56:11,437]       |                ^~
[2026-04-21 23:56:11,437] %Warning-COMBDLY: /tmp/finn_dev_emanuel-hernandez/vivado_stitch_proj__kre6k2s/finn_design_wrapper.v:3718:16: Non-blocking assignment '<=' in combinational logic process
[2026-04-21 23:56:11,437]                                                                                                            : ... This will be executed as a blocking assignment '='!
[2026-04-21 23:56:11,437]  3718 |    srlo_       <= 'bx;
[2026-04-21 23:56:11,437]       |                ^~
[2026-04-21 23:56:11,437] %Warning-COMBDLY: /tmp/finn_dev_emanuel-hernandez/vivado_stitch_proj__kre6k2s/finn_design_wrapper.v:3719:16: Non-blocking assignment '<=' in combinational logic process
[2026-04-21 23:56:11,437]                                                                                                            : ... This will be executed as a blocking assignment '='!
[2026-04-21 23:56:11,437]  3719 |    shift_en_o_ <= 0;
[2026-04-21 23:56:11,437]       |                ^~
[2026-04-21 23:56:11,437] %Warning-COMBDLY: /tmp/finn_dev_emanuel-hernandez/vivado_stitch_proj__kre6k2s/finn_design_wrapper.v:3720:16: Non-blocking assignment '<=' in combinational logic process
[2026-04-21 23:56:11,437]                                                                                                            : ... This will be executed as a blocking assignment '='!
[2026-04-21 23:56:11,437]  3720 |    shift_en_   <= 1;
[2026-04-21 23:56:11,437]       |                ^~
[2026-04-21 23:56:11,437] %Warning-COMBDLY: /tmp/finn_dev_emanuel-hernandez/vivado_stitch_proj__kre6k2s/finn_design_wrapper.v:3721:16: Non-blocking assignment '<=' in combinational logic process
[2026-04-21 23:56:11,437]                                                                                                            : ... This will be executed as a blocking assignment '='!
[2026-04-21 23:56:11,437]  3721 |    addr_       <= addr+1;
[2026-04-21 23:56:11,437]       |                ^~
[2026-04-21 23:56:11,437] %Warning-COMBDLY: /tmp/finn_dev_emanuel-hernandez/vivado_stitch_proj__kre6k2s/finn_design_wrapper.v:3722:16: Non-blocking assignment '<=' in combinational logic process
[2026-04-21 23:56:11,437]                                                                                                            : ... This will be executed as a blocking assignment '='!
[2026-04-21 23:56:11,437]  3722 |    state_      <= state_more;
[2026-04-21 23:56:11,437]       |                ^~
[2026-04-21 23:56:11,437] %Warning-COMBDLY: /tmp/finn_dev_emanuel-hernandez/vivado_stitch_proj__kre6k2s/finn_design_wrapper.v:3725:16: Non-blocking assignment '<=' in combinational logic process
[2026-04-21 23:56:11,437]                                                                                                            : ... This will be executed as a blocking assignment '='!
[2026-04-21 23:56:11,437]  3725 |    srlo_       <= srl[addr];
[2026-04-21 23:56:11,437]       |                ^~
[2026-04-21 23:56:11,437] %Warning-COMBDLY: /tmp/finn_dev_emanuel-hernandez/vivado_stitch_proj__kre6k2s/finn_design_wrapper.v:3726:16: Non-blocking assignment '<=' in combinational logic process
[2026-04-21 23:56:11,437]                                                                                                            : ... This will be executed as a blocking assignment '='!
[2026-04-21 23:56:11,437]  3726 |    shift_en_o_ <= 1;
[2026-04-21 23:56:11,437]       |                ^~
[2026-04-21 23:56:11,437] %Warning-COMBDLY: /tmp/finn_dev_emanuel-hernandez/vivado_stitch_proj__kre6k2s/finn_design_wrapper.v:3727:16: Non-blocking assignment '<=' in combinational logic process
[2026-04-21 23:56:11,437]                                                                                                            : ... This will be executed as a blocking assignment '='!
[2026-04-21 23:56:11,437]  3727 |    shift_en_   <= 1;
[2026-04-21 23:56:11,437]       |                ^~
[2026-04-21 23:56:11,437] %Warning-COMBDLY: /tmp/finn_dev_emanuel-hernandez/vivado_stitch_proj__kre6k2s/finn_design_wrapper.v:3728:16: Non-blocking assignment '<=' in combinational logic process
[2026-04-21 23:56:11,437]                                                                                                            : ... This will be executed as a blocking assignment '='!
[2026-04-21 23:56:11,437]  3728 |    addr_       <= addr;
[2026-04-21 23:56:11,438]       |                ^~
[2026-04-21 23:56:11,438] %Warning-COMBDLY: /tmp/finn_dev_emanuel-hernandez/vivado_stitch_proj__kre6k2s/finn_design_wrapper.v:3729:16: Non-blocking assignment '<=' in combinational logic process
[2026-04-21 23:56:11,438]                                                                                                            : ... This will be executed as a blocking assignment '='!
[2026-04-21 23:56:11,438]  3729 |    state_      <= state_more;
[2026-04-21 23:56:11,438]       |                ^~
[2026-04-21 23:56:11,438] %Warning-COMBDLY: /tmp/finn_dev_emanuel-hernandez/vivado_stitch_proj__kre6k2s/finn_design_wrapper.v:3732:16: Non-blocking assignment '<=' in combinational logic process
[2026-04-21 23:56:11,438]                                                                                                            : ... This will be executed as a blocking assignment '='!
[2026-04-21 23:56:11,438]  3732 |    srlo_       <= 'bx;
[2026-04-21 23:56:11,438]       |                ^~
[2026-04-21 23:56:11,438] %Warning-COMBDLY: /tmp/finn_dev_emanuel-hernandez/vivado_stitch_proj__kre6k2s/finn_design_wrapper.v:3733:16: Non-blocking assignment '<=' in combinational logic process
[2026-04-21 23:56:11,438]                                                                                                            : ... This will be executed as a blocking assignment '='!
[2026-04-21 23:56:11,438]  3733 |    shift_en_o_ <= 0;
[2026-04-21 23:56:11,438]       |                ^~
[2026-04-21 23:56:11,438] %Warning-COMBDLY: /tmp/finn_dev_emanuel-hernandez/vivado_stitch_proj__kre6k2s/finn_design_wrapper.v:3734:16: Non-blocking assignment '<=' in combinational logic process
[2026-04-21 23:56:11,438]                                                                                                            : ... This will be executed as a blocking assignment '='!
[2026-04-21 23:56:11,438]  3734 |    shift_en_   <= 0;
[2026-04-21 23:56:11,438]       |                ^~
[2026-04-21 23:56:11,438] %Warning-COMBDLY: /tmp/finn_dev_emanuel-hernandez/vivado_stitch_proj__kre6k2s/finn_design_wrapper.v:3735:16: Non-blocking assignment '<=' in combinational logic process
[2026-04-21 23:56:11,438]                                                                                                            : ... This will be executed as a blocking assignment '='!
[2026-04-21 23:56:11,438]  3735 |    addr_       <= addr;
[2026-04-21 23:56:11,438]       |                ^~
[2026-04-21 23:56:11,438] %Warning-COMBDLY: /tmp/finn_dev_emanuel-hernandez/vivado_stitch_proj__kre6k2s/finn_design_wrapper.v:3736:16: Non-blocking assignment '<=' in combinational logic process
[2026-04-21 23:56:11,438]                                                                                                            : ... This will be executed as a blocking assignment '='!
[2026-04-21 23:56:11,438]  3736 |    state_      <= state_more;
[2026-04-21 23:56:11,438]       |                ^~
[2026-04-21 23:56:11,438] %Warning-COMBDLY: /tmp/finn_dev_emanuel-hernandez/vivado_stitch_proj__kre6k2s/finn_design_wrapper.v:3739:16: Non-blocking assignment '<=' in combinational logic process
[2026-04-21 23:56:11,438]                                                                                                            : ... This will be executed as a blocking assignment '='!
[2026-04-21 23:56:11,438]  3739 |    srlo_       <= srl[addr];
[2026-04-21 23:56:11,438]       |                ^~
[2026-04-21 23:56:11,438] %Warning-COMBDLY: /tmp/finn_dev_emanuel-hernandez/vivado_stitch_proj__kre6k2s/finn_design_wrapper.v:3740:16: Non-blocking assignment '<=' in combinational logic process
[2026-04-21 23:56:11,438]                                                                                                            : ... This will be executed as a blocking assignment '='!
[2026-04-21 23:56:11,438]  3740 |    shift_en_o_ <= 1;
[2026-04-21 23:56:11,438]       |                ^~
[2026-04-21 23:56:11,438] %Warning-COMBDLY: /tmp/finn_dev_emanuel-hernandez/vivado_stitch_proj__kre6k2s/finn_design_wrapper.v:3741:16: Non-blocking assignment '<=' in combinational logic process
[2026-04-21 23:56:11,438]                                                                                                            : ... This will be executed as a blocking assignment '='!
[2026-04-21 23:56:11,438]  3741 |    shift_en_   <= 0;
[2026-04-21 23:56:11,438]       |                ^~
[2026-04-21 23:56:11,438] %Warning-COMBDLY: /tmp/finn_dev_emanuel-hernandez/vivado_stitch_proj__kre6k2s/finn_design_wrapper.v:3742:16: Non-blocking assignment '<=' in combinational logic process
[2026-04-21 23:56:11,438]                                                                                                            : ... This will be executed as a blocking assignment '='!
[2026-04-21 23:56:11,438]  3742 |    addr_       <= addr_zero_ ? 0         : addr-1;
[2026-04-21 23:56:11,438]       |                ^~
[2026-04-21 23:56:11,438] %Warning-COMBDLY: /tmp/finn_dev_emanuel-hernandez/vivado_stitch_proj__kre6k2s/finn_design_wrapper.v:3743:16: Non-blocking assignment '<=' in combinational logic process
[2026-04-21 23:56:11,438]                                                                                                            : ... This will be executed as a blocking assignment '='!
[2026-04-21 23:56:11,438]  3743 |    state_      <= addr_zero_ ? state_one : state_more;
[2026-04-21 23:56:11,438]       |                ^~
[2026-04-21 23:56:11,438] %Warning-COMBDLY: /tmp/finn_dev_emanuel-hernandez/vivado_stitch_proj__kre6k2s/finn_design_wrapper.v:3749:16: Non-blocking assignment '<=' in combinational logic process
[2026-04-21 23:56:11,438]                                                                                                            : ... This will be executed as a blocking assignment '='!
[2026-04-21 23:56:11,438]  3749 |    srlo_       <=  'bx;
[2026-04-21 23:56:11,438]       |                ^~
[2026-04-21 23:56:11,438] %Warning-COMBDLY: /tmp/finn_dev_emanuel-hernandez/vivado_stitch_proj__kre6k2s/finn_design_wrapper.v:3750:16: Non-blocking assignment '<=' in combinational logic process
[2026-04-21 23:56:11,438]                                                                                                            : ... This will be executed as a blocking assignment '='!
[2026-04-21 23:56:11,438]  3750 |    shift_en_o_ <= 1'bx;
[2026-04-21 23:56:11,438]       |                ^~
[2026-04-21 23:56:11,438] %Warning-COMBDLY: /tmp/finn_dev_emanuel-hernandez/vivado_stitch_proj__kre6k2s/finn_design_wrapper.v:3751:16: Non-blocking assignment '<=' in combinational logic process
[2026-04-21 23:56:11,438]                                                                                                            : ... This will be executed as a blocking assignment '='!
[2026-04-21 23:56:11,438]  3751 |    shift_en_   <= 1'bx;
[2026-04-21 23:56:11,438]       |                ^~
[2026-04-21 23:56:11,438] %Warning-COMBDLY: /tmp/finn_dev_emanuel-hernandez/vivado_stitch_proj__kre6k2s/finn_design_wrapper.v:3752:16: Non-blocking assignment '<=' in combinational logic process
[2026-04-21 23:56:11,438]                                                                                                            : ... This will be executed as a blocking assignment '='!
[2026-04-21 23:56:11,438]  3752 |    addr_       <=  'bx;
[2026-04-21 23:56:11,438]       |                ^~
[2026-04-21 23:56:11,438] %Warning-COMBDLY: /tmp/finn_dev_emanuel-hernandez/vivado_stitch_proj__kre6k2s/finn_design_wrapper.v:3753:16: Non-blocking assignment '<=' in combinational logic process
[2026-04-21 23:56:11,438]                                                                                                            : ... This will be executed as a blocking assignment '='!
[2026-04-21 23:56:11,438]  3753 |    state_      <= 2'bx;
[2026-04-21 23:56:11,438]       |                ^~
[2026-04-21 23:56:13,146] make: Entering directory '/tmp/finn_dev_emanuel-hernandez/verilator_fifosim_q89jn1bh'
[2026-04-21 23:56:13,146] ccache g++  -I.  -MMD -I/usr/local/share/verilator/include -I/usr/local/share/verilator/include/vltstd -DVM_COVERAGE=0 -DVM_SC=0 -DVM_TRACE=0 -DVM_TRACE_FST=0 -DVM_TRACE_VCD=0 -faligned-new -fcf-protection=none -Wno-bool-operation -Wno-sign-compare -Wno-uninitialized -Wno-unused-but-set-variable -Wno-unused-parameter -Wno-unused-variable -Wno-shadow     --std=c++11  -DVL_THREADED -std=gnu++17 -Os -c -o verilator_fifosim.o verilator_fifosim.cpp
[2026-04-21 23:56:13,146] ccache g++  -I.  -MMD -I/usr/local/share/verilator/include -I/usr/local/share/verilator/include/vltstd -DVM_COVERAGE=0 -DVM_SC=0 -DVM_TRACE=0 -DVM_TRACE_FST=0 -DVM_TRACE_VCD=0 -faligned-new -fcf-protection=none -Wno-bool-operation -Wno-sign-compare -Wno-uninitialized -Wno-unused-but-set-variable -Wno-unused-parameter -Wno-unused-variable -Wno-shadow     --std=c++11  -DVL_THREADED -std=gnu++17 -Os -c -o verilated.o /usr/local/share/verilator/include/verilated.cpp
[2026-04-21 23:56:13,146] ccache g++  -I.  -MMD -I/usr/local/share/verilator/include -I/usr/local/share/verilator/include/vltstd -DVM_COVERAGE=0 -DVM_SC=0 -DVM_TRACE=0 -DVM_TRACE_FST=0 -DVM_TRACE_VCD=0 -faligned-new -fcf-protection=none -Wno-bool-operation -Wno-sign-compare -Wno-uninitialized -Wno-unused-but-set-variable -Wno-unused-parameter -Wno-unused-variable -Wno-shadow     --std=c++11  -DVL_THREADED -std=gnu++17 -Os -c -o verilated_threads.o /usr/local/share/verilator/include/verilated_threads.cpp
[2026-04-21 23:56:13,146] ccache g++  -I.  -MMD -I/usr/local/share/verilator/include -I/usr/local/share/verilator/include/vltstd -DVM_COVERAGE=0 -DVM_SC=0 -DVM_TRACE=0 -DVM_TRACE_FST=0 -DVM_TRACE_VCD=0 -faligned-new -fcf-protection=none -Wno-bool-operation -Wno-sign-compare -Wno-uninitialized -Wno-unused-but-set-variable -Wno-unused-parameter -Wno-unused-variable -Wno-shadow     --std=c++11  -DVL_THREADED -std=gnu++17 -Os -c -o Vfinn_design_wrapper.o Vfinn_design_wrapper.cpp
[2026-04-21 23:56:13,146] ccache g++  -I.  -MMD -I/usr/local/share/verilator/include -I/usr/local/share/verilator/include/vltstd -DVM_COVERAGE=0 -DVM_SC=0 -DVM_TRACE=0 -DVM_TRACE_FST=0 -DVM_TRACE_VCD=0 -faligned-new -fcf-protection=none -Wno-bool-operation -Wno-sign-compare -Wno-uninitialized -Wno-unused-but-set-variable -Wno-unused-parameter -Wno-unused-variable -Wno-shadow     --std=c++11  -DVL_THREADED -std=gnu++17 -Os -c -o Vfinn_design_wrapper___024root__DepSet_h13beed7b__0.o Vfinn_design_wrapper___024root__DepSet_h13beed7b__0.cpp
[2026-04-21 23:56:13,146] ccache g++  -I.  -MMD -I/usr/local/share/verilator/include -I/usr/local/share/verilator/include/vltstd -DVM_COVERAGE=0 -DVM_SC=0 -DVM_TRACE=0 -DVM_TRACE_FST=0 -DVM_TRACE_VCD=0 -faligned-new -fcf-protection=none -Wno-bool-operation -Wno-sign-compare -Wno-uninitialized -Wno-unused-but-set-variable -Wno-unused-parameter -Wno-unused-variable -Wno-shadow     --std=c++11  -DVL_THREADED -std=gnu++17 -Os -c -o Vfinn_design_wrapper___024root__DepSet_h47b9eb99__0.o Vfinn_design_wrapper___024root__DepSet_h47b9eb99__0.cpp
[2026-04-21 23:56:13,146] ccache g++  -I.  -MMD -I/usr/local/share/verilator/include -I/usr/local/share/verilator/include/vltstd -DVM_COVERAGE=0 -DVM_SC=0 -DVM_TRACE=0 -DVM_TRACE_FST=0 -DVM_TRACE_VCD=0 -faligned-new -fcf-protection=none -Wno-bool-operation -Wno-sign-compare -Wno-uninitialized -Wno-unused-but-set-variable -Wno-unused-parameter -Wno-unused-variable -Wno-shadow     --std=c++11  -DVL_THREADED -std=gnu++17 -Os -c -o Vfinn_design_wrapper___024root__DepSet_h47b9eb99__1.o Vfinn_design_wrapper___024root__DepSet_h47b9eb99__1.cpp
[2026-04-21 23:56:13,146] ccache g++  -I.  -MMD -I/usr/local/share/verilator/include -I/usr/local/share/verilator/include/vltstd -DVM_COVERAGE=0 -DVM_SC=0 -DVM_TRACE=0 -DVM_TRACE_FST=0 -DVM_TRACE_VCD=0 -faligned-new -fcf-protection=none -Wno-bool-operation -Wno-sign-compare -Wno-uninitialized -Wno-unused-but-set-variable -Wno-unused-parameter -Wno-unused-variable -Wno-shadow     --std=c++11  -DVL_THREADED -std=gnu++17  -c -o Vfinn_design_wrapper__ConstPool_0.o Vfinn_design_wrapper__ConstPool_0.cpp
[2026-04-21 23:56:13,147] ccache g++  -I.  -MMD -I/usr/local/share/verilator/include -I/usr/local/share/verilator/include/vltstd -DVM_COVERAGE=0 -DVM_SC=0 -DVM_TRACE=0 -DVM_TRACE_FST=0 -DVM_TRACE_VCD=0 -faligned-new -fcf-protection=none -Wno-bool-operation -Wno-sign-compare -Wno-uninitialized -Wno-unused-but-set-variable -Wno-unused-parameter -Wno-unused-variable -Wno-shadow     --std=c++11  -DVL_THREADED -std=gnu++17  -c -o Vfinn_design_wrapper___024root__Slow.o Vfinn_design_wrapper___024root__Slow.cpp
[2026-04-21 23:56:13,147] ccache g++  -I.  -MMD -I/usr/local/share/verilator/include -I/usr/local/share/verilator/include/vltstd -DVM_COVERAGE=0 -DVM_SC=0 -DVM_TRACE=0 -DVM_TRACE_FST=0 -DVM_TRACE_VCD=0 -faligned-new -fcf-protection=none -Wno-bool-operation -Wno-sign-compare -Wno-uninitialized -Wno-unused-but-set-variable -Wno-unused-parameter -Wno-unused-variable -Wno-shadow     --std=c++11  -DVL_THREADED -std=gnu++17  -c -o Vfinn_design_wrapper___024root__DepSet_h47b9eb99__0__Slow.o Vfinn_design_wrapper___024root__DepSet_h47b9eb99__0__Slow.cpp
[2026-04-21 23:56:13,147] ccache g++  -I.  -MMD -I/usr/local/share/verilator/include -I/usr/local/share/verilator/include/vltstd -DVM_COVERAGE=0 -DVM_SC=0 -DVM_TRACE=0 -DVM_TRACE_FST=0 -DVM_TRACE_VCD=0 -faligned-new -fcf-protection=none -Wno-bool-operation -Wno-sign-compare -Wno-uninitialized -Wno-unused-but-set-variable -Wno-unused-parameter -Wno-unused-variable -Wno-shadow     --std=c++11  -DVL_THREADED -std=gnu++17  -c -o Vfinn_design_wrapper__Syms.o Vfinn_design_wrapper__Syms.cpp
[2026-04-21 23:56:13,147] echo "" > Vfinn_design_wrapper__ALL.verilator_deplist.tmp
[2026-04-21 23:56:13,147] Archive ar -rcs Vfinn_design_wrapper__ALL.a Vfinn_design_wrapper.o Vfinn_design_wrapper___024root__DepSet_h13beed7b__0.o Vfinn_design_wrapper___024root__DepSet_h47b9eb99__0.o Vfinn_design_wrapper___024root__DepSet_h47b9eb99__1.o Vfinn_design_wrapper__ConstPool_0.o Vfinn_design_wrapper___024root__Slow.o Vfinn_design_wrapper___024root__DepSet_h47b9eb99__0__Slow.o Vfinn_design_wrapper__Syms.o
[2026-04-21 23:56:13,147] g++    verilator_fifosim.o verilated.o verilated_threads.o Vfinn_design_wrapper__ALL.a    -pthread -lpthread -latomic   -o Vfinn_design_wrapper
[2026-04-21 23:56:13,147] rm Vfinn_design_wrapper__ALL.verilator_deplist.tmp
[2026-04-21 23:56:13,147] make: Leaving directory '/tmp/finn_dev_emanuel-hernandez/verilator_fifosim_q89jn1bh'
[2026-04-21 23:56:13,407] Simulation starting
[2026-04-21 23:56:13,409] Number of inputs to write 384
[2026-04-21 23:56:13,409] Number of outputs to expect 30
[2026-04-21 23:56:13,409] No-output timeout clock cycles 100000000
[2026-04-21 23:56:13,409] Elapsed iters 1000 inps 257 outs 0
[2026-04-21 23:56:13,409] Elapsed since last report = 0[s]
[2026-04-21 23:56:13,409] Elapsed iters 2000 inps 257 outs 0
[2026-04-21 23:56:13,409] Elapsed since last report = 0[s]
[2026-04-21 23:56:13,409] Elapsed iters 3000 inps 257 outs 0
[2026-04-21 23:56:13,409] Elapsed since last report = 0[s]
[2026-04-21 23:56:13,409] Elapsed iters 4000 inps 257 outs 0
[2026-04-21 23:56:13,409] Elapsed since last report = 0[s]
[2026-04-21 23:56:13,409] Elapsed iters 5000 inps 257 outs 0
[2026-04-21 23:56:13,409] Elapsed since last report = 0[s]
[2026-04-21 23:56:13,409] Elapsed iters 6000 inps 257 outs 0
[2026-04-21 23:56:13,409] Elapsed since last report = 0[s]
[2026-04-21 23:56:13,409] Elapsed iters 7000 inps 257 outs 0
[2026-04-21 23:56:13,409] Elapsed since last report = 0[s]
[2026-04-21 23:56:13,409] Elapsed iters 8000 inps 257 outs 0
[2026-04-21 23:56:13,409] Elapsed since last report = 0[s]
[2026-04-21 23:56:13,409] Elapsed iters 9000 inps 257 outs 0
[2026-04-21 23:56:13,409] Elapsed since last report = 0[s]
[2026-04-21 23:56:13,409] Elapsed iters 10000 inps 257 outs 0
[2026-04-21 23:56:13,409] Elapsed since last report = 0[s]
[2026-04-21 23:56:13,409] Elapsed iters 11000 inps 257 outs 0
[2026-04-21 23:56:13,409] Elapsed since last report = 0[s]
[2026-04-21 23:56:13,409] Elapsed iters 12000 inps 257 outs 0
[2026-04-21 23:56:13,409] Elapsed since last report = 0[s]
[2026-04-21 23:56:13,409] Elapsed iters 13000 inps 257 outs 0
[2026-04-21 23:56:13,409] Elapsed since last report = 0[s]
[2026-04-21 23:56:13,409] Elapsed iters 14000 inps 257 outs 0
[2026-04-21 23:56:13,409] Elapsed since last report = 0[s]
[2026-04-21 23:56:13,409] Elapsed iters 15000 inps 257 outs 0
[2026-04-21 23:56:13,409] Elapsed since last report = 0[s]
[2026-04-21 23:56:13,409] Elapsed iters 16000 inps 257 outs 0
[2026-04-21 23:56:13,409] Elapsed since last report = 0[s]
[2026-04-21 23:56:13,409] All inputs written at cycle 16525
[2026-04-21 23:56:13,409] Elapsed iters 17000 inps 384 outs 0
[2026-04-21 23:56:13,409] Elapsed since last report = 0[s]
[2026-04-21 23:56:13,409] Elapsed iters 18000 inps 384 outs 0
[2026-04-21 23:56:13,409] Elapsed since last report = 0[s]
[2026-04-21 23:56:13,410] Elapsed iters 19000 inps 384 outs 0
[2026-04-21 23:56:13,410] Elapsed since last report = 0[s]
[2026-04-21 23:56:13,410] Elapsed iters 20000 inps 384 outs 0
[2026-04-21 23:56:13,410] Elapsed since last report = 0[s]
[2026-04-21 23:56:13,410] Elapsed iters 21000 inps 384 outs 0
[2026-04-21 23:56:13,410] Elapsed since last report = 0[s]
[2026-04-21 23:56:13,410] Elapsed iters 22000 inps 384 outs 0
[2026-04-21 23:56:13,410] Elapsed since last report = 0[s]
[2026-04-21 23:56:13,410] Elapsed iters 23000 inps 384 outs 0
[2026-04-21 23:56:13,410] Elapsed since last report = 0[s]
[2026-04-21 23:56:13,410] Elapsed iters 24000 inps 384 outs 0
[2026-04-21 23:56:13,410] Elapsed since last report = 0[s]
[2026-04-21 23:56:13,410] Elapsed iters 25000 inps 384 outs 9
[2026-04-21 23:56:13,410] Elapsed since last report = 0[s]
[2026-04-21 23:56:13,410] Elapsed iters 26000 inps 384 outs 10
[2026-04-21 23:56:13,410] Elapsed since last report = 0[s]
[2026-04-21 23:56:13,410] Elapsed iters 27000 inps 384 outs 10
[2026-04-21 23:56:13,410] Elapsed since last report = 0[s]
[2026-04-21 23:56:13,410] Elapsed iters 28000 inps 384 outs 10
[2026-04-21 23:56:13,410] Elapsed since last report = 0[s]
[2026-04-21 23:56:13,410] Elapsed iters 29000 inps 384 outs 10
[2026-04-21 23:56:13,410] Elapsed since last report = 0[s]
[2026-04-21 23:56:13,410] Elapsed iters 30000 inps 384 outs 10
[2026-04-21 23:56:13,410] Elapsed since last report = 0[s]
[2026-04-21 23:56:13,410] Elapsed iters 31000 inps 384 outs 10
[2026-04-21 23:56:13,410] Elapsed since last report = 0[s]
[2026-04-21 23:56:13,410] Elapsed iters 32000 inps 384 outs 10
[2026-04-21 23:56:13,410] Elapsed since last report = 0[s]
[2026-04-21 23:56:13,410] Elapsed iters 33000 inps 384 outs 10
[2026-04-21 23:56:13,410] Elapsed since last report = 0[s]
[2026-04-21 23:56:13,410] Elapsed iters 34000 inps 384 outs 10
[2026-04-21 23:56:13,410] Elapsed since last report = 0[s]
[2026-04-21 23:56:13,410] Elapsed iters 35000 inps 384 outs 10
[2026-04-21 23:56:13,410] Elapsed since last report = 0[s]
[2026-04-21 23:56:13,410] Elapsed iters 36000 inps 384 outs 10
[2026-04-21 23:56:13,410] Elapsed since last report = 0[s]
[2026-04-21 23:56:13,410] Elapsed iters 37000 inps 384 outs 10
[2026-04-21 23:56:13,410] Elapsed since last report = 0[s]
[2026-04-21 23:56:13,410] Elapsed iters 38000 inps 384 outs 10
[2026-04-21 23:56:13,410] Elapsed since last report = 0[s]
[2026-04-21 23:56:13,410] Elapsed iters 39000 inps 384 outs 10
[2026-04-21 23:56:13,410] Elapsed since last report = 0[s]
[2026-04-21 23:56:13,410] Elapsed iters 40000 inps 384 outs 10
[2026-04-21 23:56:13,410] Elapsed since last report = 0[s]
[2026-04-21 23:56:13,410] Elapsed iters 41000 inps 384 outs 13
[2026-04-21 23:56:13,410] Elapsed since last report = 0[s]
[2026-04-21 23:56:13,410] Elapsed iters 42000 inps 384 outs 20
[2026-04-21 23:56:13,410] Elapsed since last report = 0[s]
[2026-04-21 23:56:13,410] Elapsed iters 43000 inps 384 outs 20
[2026-04-21 23:56:13,410] Elapsed since last report = 0[s]
[2026-04-21 23:56:13,410] Elapsed iters 44000 inps 384 outs 20
[2026-04-21 23:56:13,411] Elapsed since last report = 0[s]
[2026-04-21 23:56:13,411] Elapsed iters 45000 inps 384 outs 20
[2026-04-21 23:56:13,411] Elapsed since last report = 0[s]
[2026-04-21 23:56:13,411] Elapsed iters 46000 inps 384 outs 20
[2026-04-21 23:56:13,411] Elapsed since last report = 0[s]
[2026-04-21 23:56:13,411] Elapsed iters 47000 inps 384 outs 20
[2026-04-21 23:56:13,411] Elapsed since last report = 0[s]
[2026-04-21 23:56:13,411] Elapsed iters 48000 inps 384 outs 20
[2026-04-21 23:56:13,411] Elapsed since last report = 0[s]
[2026-04-21 23:56:13,411] Elapsed iters 49000 inps 384 outs 20
[2026-04-21 23:56:13,411] Elapsed since last report = 0[s]
[2026-04-21 23:56:13,411] Elapsed iters 50000 inps 384 outs 20
[2026-04-21 23:56:13,411] Elapsed since last report = 0[s]
[2026-04-21 23:56:13,411] Elapsed iters 51000 inps 384 outs 20
[2026-04-21 23:56:13,411] Elapsed since last report = 0[s]
[2026-04-21 23:56:13,411] Elapsed iters 52000 inps 384 outs 20
[2026-04-21 23:56:13,411] Elapsed since last report = 0[s]
[2026-04-21 23:56:13,411] Elapsed iters 53000 inps 384 outs 20
[2026-04-21 23:56:13,411] Elapsed since last report = 0[s]
[2026-04-21 23:56:13,411] Elapsed iters 54000 inps 384 outs 20
[2026-04-21 23:56:13,411] Elapsed since last report = 0[s]
[2026-04-21 23:56:13,411] Elapsed iters 55000 inps 384 outs 20
[2026-04-21 23:56:13,411] Elapsed since last report = 0[s]
[2026-04-21 23:56:13,411] Elapsed iters 56000 inps 384 outs 20
[2026-04-21 23:56:13,411] Elapsed since last report = 0[s]
[2026-04-21 23:56:13,411] Elapsed iters 57000 inps 384 outs 20
[2026-04-21 23:56:13,411] Elapsed since last report = 0[s]
[2026-04-21 23:56:13,411] Simulation finished
[2026-04-21 23:56:13,411] Number of inputs consumed 384
[2026-04-21 23:56:13,411] Number of outputs produced 30
[2026-04-21 23:56:13,411] Number of clock cycles 57838
[2026-04-21 23:56:13,418] /home/emanuel-hernandez/finn/src/finn/transformation/fpgadataflow/prepare_ip.py:56: UserWarning: Using pre-existing code for MVAU_hls_0
[2026-04-21 23:56:13,418]   warnings.warn("Using pre-existing code for %s" % node.name)
[2026-04-21 23:56:13,418] /home/emanuel-hernandez/finn/src/finn/transformation/fpgadataflow/prepare_ip.py:56: UserWarning: Using pre-existing code for MVAU_hls_1
[2026-04-21 23:56:13,418]   warnings.warn("Using pre-existing code for %s" % node.name)
[2026-04-21 23:56:13,419] /home/emanuel-hernandez/finn/src/finn/transformation/fpgadataflow/prepare_ip.py:56: UserWarning: Using pre-existing code for MVAU_rtl_0
[2026-04-21 23:56:13,419]   warnings.warn("Using pre-existing code for %s" % node.name)
[2026-04-21 23:56:13,467] /home/emanuel-hernandez/finn/src/finn/transformation/fpgadataflow/hlssynth_ip.py:74: UserWarning: Using pre-existing IP for MVAU_hls_1
[2026-04-21 23:56:13,468]   warnings.warn("Using pre-existing IP for %s" % node.name)
[2026-04-21 23:56:13,468] /home/emanuel-hernandez/finn/src/finn/transformation/fpgadataflow/hlssynth_ip.py:74: UserWarning: Using pre-existing IP for MVAU_hls_0
[2026-04-21 23:56:13,468]   warnings.warn("Using pre-existing IP for %s" % node.name)
[2026-04-21 23:56:13,483] Running step: step_create_stitched_ip [14/18]
[2026-04-21 23:56:39,355] creating 4-bits/finn_build/fc/stitched_ip
[2026-04-21 23:56:39,355] creating 4-bits/finn_build/fc/stitched_ip/.Xil
[2026-04-21 23:56:39,355] copying /tmp/finn_dev_emanuel-hernandez/vivado_stitch_proj_c78xp0ky/all_verilog_srcs.txt -> 4-bits/finn_build/fc/stitched_ip
[2026-04-21 23:56:39,355] creating 4-bits/finn_build/fc/stitched_ip/finn_vivado_stitch_proj.cache
[2026-04-21 23:56:39,355] creating 4-bits/finn_build/fc/stitched_ip/finn_vivado_stitch_proj.cache/wt
[2026-04-21 23:56:39,355] copying /tmp/finn_dev_emanuel-hernandez/vivado_stitch_proj_c78xp0ky/finn_vivado_stitch_proj.cache/wt/project.wpc -> 4-bits/finn_build/fc/stitched_ip/finn_vivado_stitch_proj.cache/wt
[2026-04-21 23:56:39,355] copying /tmp/finn_dev_emanuel-hernandez/vivado_stitch_proj_c78xp0ky/make_project.sh -> 4-bits/finn_build/fc/stitched_ip
[2026-04-21 23:56:39,355] copying /tmp/finn_dev_emanuel-hernandez/vivado_stitch_proj_c78xp0ky/vivado.jou -> 4-bits/finn_build/fc/stitched_ip
[2026-04-21 23:56:39,355] copying /tmp/finn_dev_emanuel-hernandez/vivado_stitch_proj_c78xp0ky/make_project.tcl -> 4-bits/finn_build/fc/stitched_ip
[2026-04-21 23:56:39,355] creating 4-bits/finn_build/fc/stitched_ip/ip
[2026-04-21 23:56:39,355] copying /tmp/finn_dev_emanuel-hernandez/vivado_stitch_proj_c78xp0ky/ip/component.bak -> 4-bits/finn_build/fc/stitched_ip/ip
[2026-04-21 23:56:39,355] creating 4-bits/finn_build/fc/stitched_ip/ip/sim
[2026-04-21 23:56:39,355] copying /tmp/finn_dev_emanuel-hernandez/vivado_stitch_proj_c78xp0ky/ip/sim/finn_design_StreamingFIFO_rtl_1_0.v -> 4-bits/finn_build/fc/stitched_ip/ip/sim
[2026-04-21 23:56:39,355] copying /tmp/finn_dev_emanuel-hernandez/vivado_stitch_proj_c78xp0ky/ip/sim/finn_design.v -> 4-bits/finn_build/fc/stitched_ip/ip/sim
[2026-04-21 23:56:39,356] copying /tmp/finn_dev_emanuel-hernandez/vivado_stitch_proj_c78xp0ky/ip/sim/finn_design_MVAU_rtl_0_0.v -> 4-bits/finn_build/fc/stitched_ip/ip/sim
[2026-04-21 23:56:39,356] copying /tmp/finn_dev_emanuel-hernandez/vivado_stitch_proj_c78xp0ky/ip/sim/finn_design_StreamingFIFO_rtl_0_0.v -> 4-bits/finn_build/fc/stitched_ip/ip/sim
[2026-04-21 23:56:39,356] copying /tmp/finn_dev_emanuel-hernandez/vivado_stitch_proj_c78xp0ky/ip/sim/finn_design_StreamingFIFO_rtl_2_0.v -> 4-bits/finn_build/fc/stitched_ip/ip/sim
[2026-04-21 23:56:39,356] copying /tmp/finn_dev_emanuel-hernandez/vivado_stitch_proj_c78xp0ky/ip/sim/finn_design_StreamingFIFO_rtl_3_0.v -> 4-bits/finn_build/fc/stitched_ip/ip/sim
[2026-04-21 23:56:39,356] creating 4-bits/finn_build/fc/stitched_ip/ip/data
[2026-04-21 23:56:39,356] copying /tmp/finn_dev_emanuel-hernandez/vivado_stitch_proj_c78xp0ky/ip/data/finn_design.tcl -> 4-bits/finn_build/fc/stitched_ip/ip/data
[2026-04-21 23:56:39,356] copying /tmp/finn_dev_emanuel-hernandez/vivado_stitch_proj_c78xp0ky/ip/data/finn_design.mdd -> 4-bits/finn_build/fc/stitched_ip/ip/data
[2026-04-21 23:56:39,356] creating 4-bits/finn_build/fc/stitched_ip/ip/src
[2026-04-21 23:56:39,356] creating 4-bits/finn_build/fc/stitched_ip/ip/src/finn_design_MVAU_rtl_0_wstrm_0
[2026-04-21 23:56:39,356] copying /tmp/finn_dev_emanuel-hernandez/vivado_stitch_proj_c78xp0ky/ip/src/finn_design_MVAU_rtl_0_wstrm_0/finn_design_MVAU_rtl_0_wstrm_0.xci -> 4-bits/finn_build/fc/stitched_ip/ip/src/finn_design_MVAU_rtl_0_wstrm_0
[2026-04-21 23:56:39,356] copying /tmp/finn_dev_emanuel-hernandez/vivado_stitch_proj_c78xp0ky/ip/src/finn_design_ooc.xdc -> 4-bits/finn_build/fc/stitched_ip/ip/src
[2026-04-21 23:56:39,356] creating 4-bits/finn_build/fc/stitched_ip/ip/src/finn_design_MVAU_hls_1_wstrm_0
[2026-04-21 23:56:39,356] copying /tmp/finn_dev_emanuel-hernandez/vivado_stitch_proj_c78xp0ky/ip/src/finn_design_MVAU_hls_1_wstrm_0/finn_design_MVAU_hls_1_wstrm_0.xci -> 4-bits/finn_build/fc/stitched_ip/ip/src/finn_design_MVAU_hls_1_wstrm_0
[2026-04-21 23:56:39,356] copying /tmp/finn_dev_emanuel-hernandez/vivado_stitch_proj_c78xp0ky/ip/src/StreamingFIFO_rtl_3.v -> 4-bits/finn_build/fc/stitched_ip/ip/src
[2026-04-21 23:56:39,356] copying /tmp/finn_dev_emanuel-hernandez/vivado_stitch_proj_c78xp0ky/ip/src/finn_design_StreamingFIFO_rtl_1_0.v -> 4-bits/finn_build/fc/stitched_ip/ip/src
[2026-04-21 23:56:39,356] copying /tmp/finn_dev_emanuel-hernandez/vivado_stitch_proj_c78xp0ky/ip/src/StreamingFIFO_rtl_1.v -> 4-bits/finn_build/fc/stitched_ip/ip/src
[2026-04-21 23:56:39,356] copying /tmp/finn_dev_emanuel-hernandez/vivado_stitch_proj_c78xp0ky/ip/src/mvu_8sx8u_dsp48.sv -> 4-bits/finn_build/fc/stitched_ip/ip/src
[2026-04-21 23:56:39,356] copying /tmp/finn_dev_emanuel-hernandez/vivado_stitch_proj_c78xp0ky/ip/src/mvu_4sx4u.sv -> 4-bits/finn_build/fc/stitched_ip/ip/src
[2026-04-21 23:56:39,357] creating 4-bits/finn_build/fc/stitched_ip/ip/src/finn_design_MVAU_hls_0_0
[2026-04-21 23:56:39,357] copying /tmp/finn_dev_emanuel-hernandez/vivado_stitch_proj_c78xp0ky/ip/src/finn_design_MVAU_hls_0_0/finn_design_MVAU_hls_0_0.xci -> 4-bits/finn_build/fc/stitched_ip/ip/src/finn_design_MVAU_hls_0_0
[2026-04-21 23:56:39,357] copying /tmp/finn_dev_emanuel-hernandez/vivado_stitch_proj_c78xp0ky/ip/src/MVAU_rtl_0_wrapper.v -> 4-bits/finn_build/fc/stitched_ip/ip/src
[2026-04-21 23:56:39,357] copying /tmp/finn_dev_emanuel-hernandez/vivado_stitch_proj_c78xp0ky/ip/src/mvu_vvu_axi.sv -> 4-bits/finn_build/fc/stitched_ip/ip/src
[2026-04-21 23:56:39,357] copying /tmp/finn_dev_emanuel-hernandez/vivado_stitch_proj_c78xp0ky/ip/src/Q_srl.v -> 4-bits/finn_build/fc/stitched_ip/ip/src
[2026-04-21 23:56:39,357] creating 4-bits/finn_build/fc/stitched_ip/ip/src/finn_design_MVAU_hls_0_wstrm_0
[2026-04-21 23:56:39,357] copying /tmp/finn_dev_emanuel-hernandez/vivado_stitch_proj_c78xp0ky/ip/src/finn_design_MVAU_hls_0_wstrm_0/finn_design_MVAU_hls_0_wstrm_0.xci -> 4-bits/finn_build/fc/stitched_ip/ip/src/finn_design_MVAU_hls_0_wstrm_0
[2026-04-21 23:56:39,357] copying /tmp/finn_dev_emanuel-hernandez/vivado_stitch_proj_c78xp0ky/ip/src/finn_design.v -> 4-bits/finn_build/fc/stitched_ip/ip/src
[2026-04-21 23:56:39,357] copying /tmp/finn_dev_emanuel-hernandez/vivado_stitch_proj_c78xp0ky/ip/src/finn_design_MVAU_rtl_0_0.v -> 4-bits/finn_build/fc/stitched_ip/ip/src
[2026-04-21 23:56:39,357] creating 4-bits/finn_build/fc/stitched_ip/ip/src/finn_design_MVAU_hls_1_0
[2026-04-21 23:56:39,357] copying /tmp/finn_dev_emanuel-hernandez/vivado_stitch_proj_c78xp0ky/ip/src/finn_design_MVAU_hls_1_0/finn_design_MVAU_hls_1_0.xci -> 4-bits/finn_build/fc/stitched_ip/ip/src/finn_design_MVAU_hls_1_0
[2026-04-21 23:56:39,357] copying /tmp/finn_dev_emanuel-hernandez/vivado_stitch_proj_c78xp0ky/ip/src/StreamingFIFO_rtl_0.v -> 4-bits/finn_build/fc/stitched_ip/ip/src
[2026-04-21 23:56:39,357] copying /tmp/finn_dev_emanuel-hernandez/vivado_stitch_proj_c78xp0ky/ip/src/mvu_vvu_8sx9_dsp58.sv -> 4-bits/finn_build/fc/stitched_ip/ip/src
[2026-04-21 23:56:39,357] copying /tmp/finn_dev_emanuel-hernandez/vivado_stitch_proj_c78xp0ky/ip/src/finn_design_StreamingFIFO_rtl_0_0.v -> 4-bits/finn_build/fc/stitched_ip/ip/src
[2026-04-21 23:56:39,357] copying /tmp/finn_dev_emanuel-hernandez/vivado_stitch_proj_c78xp0ky/ip/src/finn_design_StreamingFIFO_rtl_2_0.v -> 4-bits/finn_build/fc/stitched_ip/ip/src
[2026-04-21 23:56:39,357] copying /tmp/finn_dev_emanuel-hernandez/vivado_stitch_proj_c78xp0ky/ip/src/finn_design_StreamingFIFO_rtl_3_0.v -> 4-bits/finn_build/fc/stitched_ip/ip/src
[2026-04-21 23:56:39,357] copying /tmp/finn_dev_emanuel-hernandez/vivado_stitch_proj_c78xp0ky/ip/src/StreamingFIFO_rtl_2.v -> 4-bits/finn_build/fc/stitched_ip/ip/src
[2026-04-21 23:56:39,357] copying /tmp/finn_dev_emanuel-hernandez/vivado_stitch_proj_c78xp0ky/ip/src/replay_buffer.sv -> 4-bits/finn_build/fc/stitched_ip/ip/src
[2026-04-21 23:56:39,357] creating 4-bits/finn_build/fc/stitched_ip/ip/xgui
[2026-04-21 23:56:39,357] copying /tmp/finn_dev_emanuel-hernandez/vivado_stitch_proj_c78xp0ky/ip/xgui/finn_design_v1_0.tcl -> 4-bits/finn_build/fc/stitched_ip/ip/xgui
[2026-04-21 23:56:39,358] copying /tmp/finn_dev_emanuel-hernandez/vivado_stitch_proj_c78xp0ky/ip/component.xml -> 4-bits/finn_build/fc/stitched_ip/ip
[2026-04-21 23:56:39,358] creating 4-bits/finn_build/fc/stitched_ip/data
[2026-04-21 23:56:39,358] copying /tmp/finn_dev_emanuel-hernandez/vivado_stitch_proj_c78xp0ky/data/finn_design.tcl -> 4-bits/finn_build/fc/stitched_ip/data
[2026-04-21 23:56:39,358] copying /tmp/finn_dev_emanuel-hernandez/vivado_stitch_proj_c78xp0ky/data/finn_design.mdd -> 4-bits/finn_build/fc/stitched_ip/data
[2026-04-21 23:56:39,358] copying /tmp/finn_dev_emanuel-hernandez/vivado_stitch_proj_c78xp0ky/finn_vivado_stitch_proj.xpr -> 4-bits/finn_build/fc/stitched_ip
[2026-04-21 23:56:39,358] creating 4-bits/finn_build/fc/stitched_ip/finn_vivado_stitch_proj.hw
[2026-04-21 23:56:39,358] copying /tmp/finn_dev_emanuel-hernandez/vivado_stitch_proj_c78xp0ky/finn_vivado_stitch_proj.hw/finn_vivado_stitch_proj.lpr -> 4-bits/finn_build/fc/stitched_ip/finn_vivado_stitch_proj.hw
[2026-04-21 23:56:39,358] copying /tmp/finn_dev_emanuel-hernandez/vivado_stitch_proj_c78xp0ky/vivado.log -> 4-bits/finn_build/fc/stitched_ip
[2026-04-21 23:56:39,358] creating 4-bits/finn_build/fc/stitched_ip/finn_vivado_stitch_proj.gen
[2026-04-21 23:56:39,358] creating 4-bits/finn_build/fc/stitched_ip/finn_vivado_stitch_proj.gen/sources_1
[2026-04-21 23:56:39,358] creating 4-bits/finn_build/fc/stitched_ip/finn_vivado_stitch_proj.gen/sources_1/bd
[2026-04-21 23:56:39,358] creating 4-bits/finn_build/fc/stitched_ip/finn_vivado_stitch_proj.gen/sources_1/bd/mref
[2026-04-21 23:56:39,358] creating 4-bits/finn_build/fc/stitched_ip/finn_vivado_stitch_proj.gen/sources_1/bd/mref/MVAU_rtl_0
[2026-04-21 23:56:39,358] creating 4-bits/finn_build/fc/stitched_ip/finn_vivado_stitch_proj.gen/sources_1/bd/mref/MVAU_rtl_0/xgui
[2026-04-21 23:56:39,358] copying /tmp/finn_dev_emanuel-hernandez/vivado_stitch_proj_c78xp0ky/finn_vivado_stitch_proj.gen/sources_1/bd/mref/MVAU_rtl_0/xgui/MVAU_rtl_0_v1_0.tcl -> 4-bits/finn_build/fc/stitched_ip/finn_vivado_stitch_proj.gen/sources_1/bd/mref/MVAU_rtl_0/xgui
[2026-04-21 23:56:39,358] copying /tmp/finn_dev_emanuel-hernandez/vivado_stitch_proj_c78xp0ky/finn_vivado_stitch_proj.gen/sources_1/bd/mref/MVAU_rtl_0/component.xml -> 4-bits/finn_build/fc/stitched_ip/finn_vivado_stitch_proj.gen/sources_1/bd/mref/MVAU_rtl_0
[2026-04-21 23:56:39,358] creating 4-bits/finn_build/fc/stitched_ip/finn_vivado_stitch_proj.gen/sources_1/bd/mref/StreamingFIFO_rtl_2
[2026-04-21 23:56:39,358] creating 4-bits/finn_build/fc/stitched_ip/finn_vivado_stitch_proj.gen/sources_1/bd/mref/StreamingFIFO_rtl_2/xgui
[2026-04-21 23:56:39,358] copying /tmp/finn_dev_emanuel-hernandez/vivado_stitch_proj_c78xp0ky/finn_vivado_stitch_proj.gen/sources_1/bd/mref/StreamingFIFO_rtl_2/xgui/StreamingFIFO_rtl_2_v1_0.tcl -> 4-bits/finn_build/fc/stitched_ip/finn_vivado_stitch_proj.gen/sources_1/bd/mref/StreamingFIFO_rtl_2/xgui
[2026-04-21 23:56:39,358] copying /tmp/finn_dev_emanuel-hernandez/vivado_stitch_proj_c78xp0ky/finn_vivado_stitch_proj.gen/sources_1/bd/mref/StreamingFIFO_rtl_2/component.xml -> 4-bits/finn_build/fc/stitched_ip/finn_vivado_stitch_proj.gen/sources_1/bd/mref/StreamingFIFO_rtl_2
[2026-04-21 23:56:39,359] creating 4-bits/finn_build/fc/stitched_ip/finn_vivado_stitch_proj.gen/sources_1/bd/mref/StreamingFIFO_rtl_0
[2026-04-21 23:56:39,359] creating 4-bits/finn_build/fc/stitched_ip/finn_vivado_stitch_proj.gen/sources_1/bd/mref/StreamingFIFO_rtl_0/xgui
[2026-04-21 23:56:39,359] copying /tmp/finn_dev_emanuel-hernandez/vivado_stitch_proj_c78xp0ky/finn_vivado_stitch_proj.gen/sources_1/bd/mref/StreamingFIFO_rtl_0/xgui/StreamingFIFO_rtl_0_v1_0.tcl -> 4-bits/finn_build/fc/stitched_ip/finn_vivado_stitch_proj.gen/sources_1/bd/mref/StreamingFIFO_rtl_0/xgui
[2026-04-21 23:56:39,359] copying /tmp/finn_dev_emanuel-hernandez/vivado_stitch_proj_c78xp0ky/finn_vivado_stitch_proj.gen/sources_1/bd/mref/StreamingFIFO_rtl_0/component.xml -> 4-bits/finn_build/fc/stitched_ip/finn_vivado_stitch_proj.gen/sources_1/bd/mref/StreamingFIFO_rtl_0
[2026-04-21 23:56:39,359] creating 4-bits/finn_build/fc/stitched_ip/finn_vivado_stitch_proj.gen/sources_1/bd/mref/StreamingFIFO_rtl_1
[2026-04-21 23:56:39,359] creating 4-bits/finn_build/fc/stitched_ip/finn_vivado_stitch_proj.gen/sources_1/bd/mref/StreamingFIFO_rtl_1/xgui
[2026-04-21 23:56:39,359] copying /tmp/finn_dev_emanuel-hernandez/vivado_stitch_proj_c78xp0ky/finn_vivado_stitch_proj.gen/sources_1/bd/mref/StreamingFIFO_rtl_1/xgui/StreamingFIFO_rtl_1_v1_0.tcl -> 4-bits/finn_build/fc/stitched_ip/finn_vivado_stitch_proj.gen/sources_1/bd/mref/StreamingFIFO_rtl_1/xgui
[2026-04-21 23:56:39,359] copying /tmp/finn_dev_emanuel-hernandez/vivado_stitch_proj_c78xp0ky/finn_vivado_stitch_proj.gen/sources_1/bd/mref/StreamingFIFO_rtl_1/component.xml -> 4-bits/finn_build/fc/stitched_ip/finn_vivado_stitch_proj.gen/sources_1/bd/mref/StreamingFIFO_rtl_1
[2026-04-21 23:56:39,359] creating 4-bits/finn_build/fc/stitched_ip/finn_vivado_stitch_proj.gen/sources_1/bd/mref/StreamingFIFO_rtl_3
[2026-04-21 23:56:39,359] creating 4-bits/finn_build/fc/stitched_ip/finn_vivado_stitch_proj.gen/sources_1/bd/mref/StreamingFIFO_rtl_3/xgui
[2026-04-21 23:56:39,359] copying /tmp/finn_dev_emanuel-hernandez/vivado_stitch_proj_c78xp0ky/finn_vivado_stitch_proj.gen/sources_1/bd/mref/StreamingFIFO_rtl_3/xgui/StreamingFIFO_rtl_3_v1_0.tcl -> 4-bits/finn_build/fc/stitched_ip/finn_vivado_stitch_proj.gen/sources_1/bd/mref/StreamingFIFO_rtl_3/xgui
[2026-04-21 23:56:39,359] copying /tmp/finn_dev_emanuel-hernandez/vivado_stitch_proj_c78xp0ky/finn_vivado_stitch_proj.gen/sources_1/bd/mref/StreamingFIFO_rtl_3/component.xml -> 4-bits/finn_build/fc/stitched_ip/finn_vivado_stitch_proj.gen/sources_1/bd/mref/StreamingFIFO_rtl_3
[2026-04-21 23:56:39,359] creating 4-bits/finn_build/fc/stitched_ip/finn_vivado_stitch_proj.gen/sources_1/bd/finn_design
[2026-04-21 23:56:39,359] copying /tmp/finn_dev_emanuel-hernandez/vivado_stitch_proj_c78xp0ky/finn_vivado_stitch_proj.gen/sources_1/bd/finn_design/finn_design_ooc.xdc -> 4-bits/finn_build/fc/stitched_ip/finn_vivado_stitch_proj.gen/sources_1/bd/finn_design
[2026-04-21 23:56:39,359] creating 4-bits/finn_build/fc/stitched_ip/finn_vivado_stitch_proj.gen/sources_1/bd/finn_design/ipshared
[2026-04-21 23:56:39,359] creating 4-bits/finn_build/fc/stitched_ip/finn_vivado_stitch_proj.gen/sources_1/bd/finn_design/ipshared/d5ac
[2026-04-21 23:56:39,359] creating 4-bits/finn_build/fc/stitched_ip/finn_vivado_stitch_proj.gen/sources_1/bd/finn_design/ipshared/d5ac/hdl
[2026-04-21 23:56:39,360] creating 4-bits/finn_build/fc/stitched_ip/finn_vivado_stitch_proj.gen/sources_1/bd/finn_design/ipshared/d5ac/hdl/verilog
[2026-04-21 23:56:39,360] copying /tmp/finn_dev_emanuel-hernandez/vivado_stitch_proj_c78xp0ky/finn_vivado_stitch_proj.gen/sources_1/bd/finn_design/ipshared/d5ac/hdl/verilog/MVAU_hls_1_hls_deadlock_idx0_monitor.v -> 4-bits/finn_build/fc/stitched_ip/finn_vivado_stitch_proj.gen/sources_1/bd/finn_design/ipshared/d5ac/hdl/verilog
[2026-04-21 23:56:39,360] copying /tmp/finn_dev_emanuel-hernandez/vivado_stitch_proj_c78xp0ky/finn_vivado_stitch_proj.gen/sources_1/bd/finn_design/ipshared/d5ac/hdl/verilog/MVAU_hls_1_mac_muladd_4ns_4s_13s_13_4_1.v -> 4-bits/finn_build/fc/stitched_ip/finn_vivado_stitch_proj.gen/sources_1/bd/finn_design/ipshared/d5ac/hdl/verilog
[2026-04-21 23:56:39,360] copying /tmp/finn_dev_emanuel-hernandez/vivado_stitch_proj_c78xp0ky/finn_vivado_stitch_proj.gen/sources_1/bd/finn_design/ipshared/d5ac/hdl/verilog/MVAU_hls_1_Matrix_Vector_Activate_Stream_Batch_p_ZL7threshs_11_ROM_AUTO_1R.v -> 4-bits/finn_build/fc/stitched_ip/finn_vivado_stitch_proj.gen/sources_1/bd/finn_design/ipshared/d5ac/hdl/verilog
[2026-04-21 23:56:39,360] copying /tmp/finn_dev_emanuel-hernandez/vivado_stitch_proj_c78xp0ky/finn_vivado_stitch_proj.gen/sources_1/bd/finn_design/ipshared/d5ac/hdl/verilog/MVAU_hls_1_Matrix_Vector_Activate_Stream_Batch_p_ZL7threshs_9_ROM_AUTO_1R.v -> 4-bits/finn_build/fc/stitched_ip/finn_vivado_stitch_proj.gen/sources_1/bd/finn_design/ipshared/d5ac/hdl/verilog
[2026-04-21 23:56:39,360] copying /tmp/finn_dev_emanuel-hernandez/vivado_stitch_proj_c78xp0ky/finn_vivado_stitch_proj.gen/sources_1/bd/finn_design/ipshared/d5ac/hdl/verilog/MVAU_hls_1_hls_deadlock_kernel_monitor_top.vh -> 4-bits/finn_build/fc/stitched_ip/finn_vivado_stitch_proj.gen/sources_1/bd/finn_design/ipshared/d5ac/hdl/verilog
[2026-04-21 23:56:39,360] copying /tmp/finn_dev_emanuel-hernandez/vivado_stitch_proj_c78xp0ky/finn_vivado_stitch_proj.gen/sources_1/bd/finn_design/ipshared/d5ac/hdl/verilog/MVAU_hls_1.v -> 4-bits/finn_build/fc/stitched_ip/finn_vivado_stitch_proj.gen/sources_1/bd/finn_design/ipshared/d5ac/hdl/verilog
[2026-04-21 23:56:39,360] copying /tmp/finn_dev_emanuel-hernandez/vivado_stitch_proj_c78xp0ky/finn_vivado_stitch_proj.gen/sources_1/bd/finn_design/ipshared/d5ac/hdl/verilog/MVAU_hls_1_Matrix_Vector_Activate_Stream_Batch_p_ZL7threshs_0_ROM_AUTO_1R.v -> 4-bits/finn_build/fc/stitched_ip/finn_vivado_stitch_proj.gen/sources_1/bd/finn_design/ipshared/d5ac/hdl/verilog
[2026-04-21 23:56:39,360] copying /tmp/finn_dev_emanuel-hernandez/vivado_stitch_proj_c78xp0ky/finn_vivado_stitch_proj.gen/sources_1/bd/finn_design/ipshared/d5ac/hdl/verilog/MVAU_hls_1_flow_control_loop_pipe_sequential_init.v -> 4-bits/finn_build/fc/stitched_ip/finn_vivado_stitch_proj.gen/sources_1/bd/finn_design/ipshared/d5ac/hdl/verilog
[2026-04-21 23:56:39,360] copying /tmp/finn_dev_emanuel-hernandez/vivado_stitch_proj_c78xp0ky/finn_vivado_stitch_proj.gen/sources_1/bd/finn_design/ipshared/d5ac/hdl/verilog/MVAU_hls_1_Matrix_Vector_Activate_Stream_Batch_p_ZL7threshs_5_ROM_AUTO_1R.v -> 4-bits/finn_build/fc/stitched_ip/finn_vivado_stitch_proj.gen/sources_1/bd/finn_design/ipshared/d5ac/hdl/verilog
[2026-04-21 23:56:39,360] copying /tmp/finn_dev_emanuel-hernandez/vivado_stitch_proj_c78xp0ky/finn_vivado_stitch_proj.gen/sources_1/bd/finn_design/ipshared/d5ac/hdl/verilog/MVAU_hls_1_Matrix_Vector_Activate_Stream_Batch_p_ZL7threshs_8_ROM_AUTO_1R.v -> 4-bits/finn_build/fc/stitched_ip/finn_vivado_stitch_proj.gen/sources_1/bd/finn_design/ipshared/d5ac/hdl/verilog
[2026-04-21 23:56:39,360] copying /tmp/finn_dev_emanuel-hernandez/vivado_stitch_proj_c78xp0ky/finn_vivado_stitch_proj.gen/sources_1/bd/finn_design/ipshared/d5ac/hdl/verilog/MVAU_hls_1_Matrix_Vector_Activate_Stream_Batch_p_ZL7threshs_12_ROM_AUTO_1R.v -> 4-bits/finn_build/fc/stitched_ip/finn_vivado_stitch_proj.gen/sources_1/bd/finn_design/ipshared/d5ac/hdl/verilog
[2026-04-21 23:56:39,360] copying /tmp/finn_dev_emanuel-hernandez/vivado_stitch_proj_c78xp0ky/finn_vivado_stitch_proj.gen/sources_1/bd/finn_design/ipshared/d5ac/hdl/verilog/MVAU_hls_1_mux_1287_4_1_1.v -> 4-bits/finn_build/fc/stitched_ip/finn_vivado_stitch_proj.gen/sources_1/bd/finn_design/ipshared/d5ac/hdl/verilog
[2026-04-21 23:56:39,360] copying /tmp/finn_dev_emanuel-hernandez/vivado_stitch_proj_c78xp0ky/finn_vivado_stitch_proj.gen/sources_1/bd/finn_design/ipshared/d5ac/hdl/verilog/MVAU_hls_1_hls_deadlock_idx1_monitor.v -> 4-bits/finn_build/fc/stitched_ip/finn_vivado_stitch_proj.gen/sources_1/bd/finn_design/ipshared/d5ac/hdl/verilog
[2026-04-21 23:56:39,360] copying /tmp/finn_dev_emanuel-hernandez/vivado_stitch_proj_c78xp0ky/finn_vivado_stitch_proj.gen/sources_1/bd/finn_design/ipshared/d5ac/hdl/verilog/MVAU_hls_1_Matrix_Vector_Activate_Stream_Batch_p_ZL7threshs_13_ROM_AUTO_1R.v -> 4-bits/finn_build/fc/stitched_ip/finn_vivado_stitch_proj.gen/sources_1/bd/finn_design/ipshared/d5ac/hdl/verilog
[2026-04-21 23:56:39,360] copying /tmp/finn_dev_emanuel-hernandez/vivado_stitch_proj_c78xp0ky/finn_vivado_stitch_proj.gen/sources_1/bd/finn_design/ipshared/d5ac/hdl/verilog/MVAU_hls_1_Matrix_Vector_Activate_Stream_Batch.v -> 4-bits/finn_build/fc/stitched_ip/finn_vivado_stitch_proj.gen/sources_1/bd/finn_design/ipshared/d5ac/hdl/verilog
[2026-04-21 23:56:39,360] copying /tmp/finn_dev_emanuel-hernandez/vivado_stitch_proj_c78xp0ky/finn_vivado_stitch_proj.gen/sources_1/bd/finn_design/ipshared/d5ac/hdl/verilog/MVAU_hls_1_regslice_both.v -> 4-bits/finn_build/fc/stitched_ip/finn_vivado_stitch_proj.gen/sources_1/bd/finn_design/ipshared/d5ac/hdl/verilog
[2026-04-21 23:56:39,360] copying /tmp/finn_dev_emanuel-hernandez/vivado_stitch_proj_c78xp0ky/finn_vivado_stitch_proj.gen/sources_1/bd/finn_design/ipshared/d5ac/hdl/verilog/MVAU_hls_1_Matrix_Vector_Activate_Stream_Batch_p_ZL7threshs_3_ROM_AUTO_1R.v -> 4-bits/finn_build/fc/stitched_ip/finn_vivado_stitch_proj.gen/sources_1/bd/finn_design/ipshared/d5ac/hdl/verilog
[2026-04-21 23:56:39,360] copying /tmp/finn_dev_emanuel-hernandez/vivado_stitch_proj_c78xp0ky/finn_vivado_stitch_proj.gen/sources_1/bd/finn_design/ipshared/d5ac/hdl/verilog/MVAU_hls_1_Matrix_Vector_Activate_Stream_Batch_p_ZL7threshs_10_ROM_AUTO_1R.v -> 4-bits/finn_build/fc/stitched_ip/finn_vivado_stitch_proj.gen/sources_1/bd/finn_design/ipshared/d5ac/hdl/verilog
[2026-04-21 23:56:39,361] copying /tmp/finn_dev_emanuel-hernandez/vivado_stitch_proj_c78xp0ky/finn_vivado_stitch_proj.gen/sources_1/bd/finn_design/ipshared/d5ac/hdl/verilog/MVAU_hls_1_Matrix_Vector_Activate_Stream_Batch_p_ZL7threshs_4_ROM_AUTO_1R.v -> 4-bits/finn_build/fc/stitched_ip/finn_vivado_stitch_proj.gen/sources_1/bd/finn_design/ipshared/d5ac/hdl/verilog
[2026-04-21 23:56:39,361] copying /tmp/finn_dev_emanuel-hernandez/vivado_stitch_proj_c78xp0ky/finn_vivado_stitch_proj.gen/sources_1/bd/finn_design/ipshared/d5ac/hdl/verilog/MVAU_hls_1_Matrix_Vector_Activate_Stream_Batch_p_ZL7threshs_1_ROM_AUTO_1R.v -> 4-bits/finn_build/fc/stitched_ip/finn_vivado_stitch_proj.gen/sources_1/bd/finn_design/ipshared/d5ac/hdl/verilog
[2026-04-21 23:56:39,361] copying /tmp/finn_dev_emanuel-hernandez/vivado_stitch_proj_c78xp0ky/finn_vivado_stitch_proj.gen/sources_1/bd/finn_design/ipshared/d5ac/hdl/verilog/MVAU_hls_1_Matrix_Vector_Activate_Stream_Batch_p_ZL7threshs_7_ROM_AUTO_1R.v -> 4-bits/finn_build/fc/stitched_ip/finn_vivado_stitch_proj.gen/sources_1/bd/finn_design/ipshared/d5ac/hdl/verilog
[2026-04-21 23:56:39,361] copying /tmp/finn_dev_emanuel-hernandez/vivado_stitch_proj_c78xp0ky/finn_vivado_stitch_proj.gen/sources_1/bd/finn_design/ipshared/d5ac/hdl/verilog/MVAU_hls_1_Matrix_Vector_Activate_Stream_Batch_p_ZL7threshs_14_ROM_AUTO_1R.v -> 4-bits/finn_build/fc/stitched_ip/finn_vivado_stitch_proj.gen/sources_1/bd/finn_design/ipshared/d5ac/hdl/verilog
[2026-04-21 23:56:39,361] copying /tmp/finn_dev_emanuel-hernandez/vivado_stitch_proj_c78xp0ky/finn_vivado_stitch_proj.gen/sources_1/bd/finn_design/ipshared/d5ac/hdl/verilog/MVAU_hls_1_Matrix_Vector_Activate_Stream_Batch_p_ZL7threshs_2_ROM_AUTO_1R.v -> 4-bits/finn_build/fc/stitched_ip/finn_vivado_stitch_proj.gen/sources_1/bd/finn_design/ipshared/d5ac/hdl/verilog
[2026-04-21 23:56:39,361] copying /tmp/finn_dev_emanuel-hernandez/vivado_stitch_proj_c78xp0ky/finn_vivado_stitch_proj.gen/sources_1/bd/finn_design/ipshared/d5ac/hdl/verilog/MVAU_hls_1_Matrix_Vector_Activate_Stream_Batch_p_ZL7threshs_6_ROM_AUTO_1R.v -> 4-bits/finn_build/fc/stitched_ip/finn_vivado_stitch_proj.gen/sources_1/bd/finn_design/ipshared/d5ac/hdl/verilog
[2026-04-21 23:56:39,361] creating 4-bits/finn_build/fc/stitched_ip/finn_vivado_stitch_proj.gen/sources_1/bd/finn_design/ipshared/394a
[2026-04-21 23:56:39,361] creating 4-bits/finn_build/fc/stitched_ip/finn_vivado_stitch_proj.gen/sources_1/bd/finn_design/ipshared/394a/hdl
[2026-04-21 23:56:39,361] creating 4-bits/finn_build/fc/stitched_ip/finn_vivado_stitch_proj.gen/sources_1/bd/finn_design/ipshared/394a/hdl/verilog
[2026-04-21 23:56:39,361] copying /tmp/finn_dev_emanuel-hernandez/vivado_stitch_proj_c78xp0ky/finn_vivado_stitch_proj.gen/sources_1/bd/finn_design/ipshared/394a/hdl/verilog/MVAU_hls_0_hls_deadlock_kernel_monitor_top.vh -> 4-bits/finn_build/fc/stitched_ip/finn_vivado_stitch_proj.gen/sources_1/bd/finn_design/ipshared/394a/hdl/verilog
[2026-04-21 23:56:39,361] copying /tmp/finn_dev_emanuel-hernandez/vivado_stitch_proj_c78xp0ky/finn_vivado_stitch_proj.gen/sources_1/bd/finn_design/ipshared/394a/hdl/verilog/MVAU_hls_0_Matrix_Vector_Activate_Stream_Batch_p_ZL7threshs_1_ROM_AUTO_1R.v -> 4-bits/finn_build/fc/stitched_ip/finn_vivado_stitch_proj.gen/sources_1/bd/finn_design/ipshared/394a/hdl/verilog
[2026-04-21 23:56:39,361] copying /tmp/finn_dev_emanuel-hernandez/vivado_stitch_proj_c78xp0ky/finn_vivado_stitch_proj.gen/sources_1/bd/finn_design/ipshared/394a/hdl/verilog/MVAU_hls_0_Matrix_Vector_Activate_Stream_Batch_p_ZL7threshs_4_ROM_AUTO_1R.v -> 4-bits/finn_build/fc/stitched_ip/finn_vivado_stitch_proj.gen/sources_1/bd/finn_design/ipshared/394a/hdl/verilog
[2026-04-21 23:56:39,361] copying /tmp/finn_dev_emanuel-hernandez/vivado_stitch_proj_c78xp0ky/finn_vivado_stitch_proj.gen/sources_1/bd/finn_design/ipshared/394a/hdl/verilog/MVAU_hls_0_Matrix_Vector_Activate_Stream_Batch_p_ZL7threshs_12_ROM_AUTO_1R.v -> 4-bits/finn_build/fc/stitched_ip/finn_vivado_stitch_proj.gen/sources_1/bd/finn_design/ipshared/394a/hdl/verilog
[2026-04-21 23:56:39,361] copying /tmp/finn_dev_emanuel-hernandez/vivado_stitch_proj_c78xp0ky/finn_vivado_stitch_proj.gen/sources_1/bd/finn_design/ipshared/394a/hdl/verilog/MVAU_hls_0_Matrix_Vector_Activate_Stream_Batch.v -> 4-bits/finn_build/fc/stitched_ip/finn_vivado_stitch_proj.gen/sources_1/bd/finn_design/ipshared/394a/hdl/verilog
[2026-04-21 23:56:39,361] copying /tmp/finn_dev_emanuel-hernandez/vivado_stitch_proj_c78xp0ky/finn_vivado_stitch_proj.gen/sources_1/bd/finn_design/ipshared/394a/hdl/verilog/MVAU_hls_0_hls_deadlock_idx0_monitor.v -> 4-bits/finn_build/fc/stitched_ip/finn_vivado_stitch_proj.gen/sources_1/bd/finn_design/ipshared/394a/hdl/verilog
[2026-04-21 23:56:39,361] copying /tmp/finn_dev_emanuel-hernandez/vivado_stitch_proj_c78xp0ky/finn_vivado_stitch_proj.gen/sources_1/bd/finn_design/ipshared/394a/hdl/verilog/MVAU_hls_0_mux_1287_40_1_1.v -> 4-bits/finn_build/fc/stitched_ip/finn_vivado_stitch_proj.gen/sources_1/bd/finn_design/ipshared/394a/hdl/verilog
[2026-04-21 23:56:39,361] copying /tmp/finn_dev_emanuel-hernandez/vivado_stitch_proj_c78xp0ky/finn_vivado_stitch_proj.gen/sources_1/bd/finn_design/ipshared/394a/hdl/verilog/MVAU_hls_0_Matrix_Vector_Activate_Stream_Batch_p_ZL7threshs_7_ROM_AUTO_1R.v -> 4-bits/finn_build/fc/stitched_ip/finn_vivado_stitch_proj.gen/sources_1/bd/finn_design/ipshared/394a/hdl/verilog
[2026-04-21 23:56:39,361] copying /tmp/finn_dev_emanuel-hernandez/vivado_stitch_proj_c78xp0ky/finn_vivado_stitch_proj.gen/sources_1/bd/finn_design/ipshared/394a/hdl/verilog/MVAU_hls_0_Matrix_Vector_Activate_Stream_Batch_p_ZL7threshs_2_ROM_AUTO_1R.v -> 4-bits/finn_build/fc/stitched_ip/finn_vivado_stitch_proj.gen/sources_1/bd/finn_design/ipshared/394a/hdl/verilog
[2026-04-21 23:56:39,361] copying /tmp/finn_dev_emanuel-hernandez/vivado_stitch_proj_c78xp0ky/finn_vivado_stitch_proj.gen/sources_1/bd/finn_design/ipshared/394a/hdl/verilog/MVAU_hls_0_Matrix_Vector_Activate_Stream_Batch_p_ZL7threshs_8_ROM_AUTO_1R.v -> 4-bits/finn_build/fc/stitched_ip/finn_vivado_stitch_proj.gen/sources_1/bd/finn_design/ipshared/394a/hdl/verilog
[2026-04-21 23:56:39,362] copying /tmp/finn_dev_emanuel-hernandez/vivado_stitch_proj_c78xp0ky/finn_vivado_stitch_proj.gen/sources_1/bd/finn_design/ipshared/394a/hdl/verilog/MVAU_hls_0_Matrix_Vector_Activate_Stream_Batch_p_ZL7threshs_10_ROM_AUTO_1R.v -> 4-bits/finn_build/fc/stitched_ip/finn_vivado_stitch_proj.gen/sources_1/bd/finn_design/ipshared/394a/hdl/verilog
[2026-04-21 23:56:39,362] copying /tmp/finn_dev_emanuel-hernandez/vivado_stitch_proj_c78xp0ky/finn_vivado_stitch_proj.gen/sources_1/bd/finn_design/ipshared/394a/hdl/verilog/MVAU_hls_0_mac_muladd_4s_4s_16s_16_4_1.v -> 4-bits/finn_build/fc/stitched_ip/finn_vivado_stitch_proj.gen/sources_1/bd/finn_design/ipshared/394a/hdl/verilog
[2026-04-21 23:56:39,362] copying /tmp/finn_dev_emanuel-hernandez/vivado_stitch_proj_c78xp0ky/finn_vivado_stitch_proj.gen/sources_1/bd/finn_design/ipshared/394a/hdl/verilog/MVAU_hls_0_mac_muladd_4s_4s_8s_9_4_1.v -> 4-bits/finn_build/fc/stitched_ip/finn_vivado_stitch_proj.gen/sources_1/bd/finn_design/ipshared/394a/hdl/verilog
[2026-04-21 23:56:39,362] copying /tmp/finn_dev_emanuel-hernandez/vivado_stitch_proj_c78xp0ky/finn_vivado_stitch_proj.gen/sources_1/bd/finn_design/ipshared/394a/hdl/verilog/MVAU_hls_0_mul_4s_4s_8_1_1.v -> 4-bits/finn_build/fc/stitched_ip/finn_vivado_stitch_proj.gen/sources_1/bd/finn_design/ipshared/394a/hdl/verilog
[2026-04-21 23:56:39,362] copying /tmp/finn_dev_emanuel-hernandez/vivado_stitch_proj_c78xp0ky/finn_vivado_stitch_proj.gen/sources_1/bd/finn_design/ipshared/394a/hdl/verilog/MVAU_hls_0.v -> 4-bits/finn_build/fc/stitched_ip/finn_vivado_stitch_proj.gen/sources_1/bd/finn_design/ipshared/394a/hdl/verilog
[2026-04-21 23:56:39,362] copying /tmp/finn_dev_emanuel-hernandez/vivado_stitch_proj_c78xp0ky/finn_vivado_stitch_proj.gen/sources_1/bd/finn_design/ipshared/394a/hdl/verilog/MVAU_hls_0_Matrix_Vector_Activate_Stream_Batch_p_ZL7threshs_5_ROM_AUTO_1R.v -> 4-bits/finn_build/fc/stitched_ip/finn_vivado_stitch_proj.gen/sources_1/bd/finn_design/ipshared/394a/hdl/verilog
[2026-04-21 23:56:39,362] copying /tmp/finn_dev_emanuel-hernandez/vivado_stitch_proj_c78xp0ky/finn_vivado_stitch_proj.gen/sources_1/bd/finn_design/ipshared/394a/hdl/verilog/MVAU_hls_0_mac_muladd_4s_4s_9s_9_4_1.v -> 4-bits/finn_build/fc/stitched_ip/finn_vivado_stitch_proj.gen/sources_1/bd/finn_design/ipshared/394a/hdl/verilog
[2026-04-21 23:56:39,362] copying /tmp/finn_dev_emanuel-hernandez/vivado_stitch_proj_c78xp0ky/finn_vivado_stitch_proj.gen/sources_1/bd/finn_design/ipshared/394a/hdl/verilog/MVAU_hls_0_Matrix_Vector_Activate_Stream_Batch_p_ZL7threshs_11_ROM_AUTO_1R.v -> 4-bits/finn_build/fc/stitched_ip/finn_vivado_stitch_proj.gen/sources_1/bd/finn_design/ipshared/394a/hdl/verilog
[2026-04-21 23:56:39,362] copying /tmp/finn_dev_emanuel-hernandez/vivado_stitch_proj_c78xp0ky/finn_vivado_stitch_proj.gen/sources_1/bd/finn_design/ipshared/394a/hdl/verilog/MVAU_hls_0_Matrix_Vector_Activate_Stream_Batch_p_ZL7threshs_6_ROM_AUTO_1R.v -> 4-bits/finn_build/fc/stitched_ip/finn_vivado_stitch_proj.gen/sources_1/bd/finn_design/ipshared/394a/hdl/verilog
[2026-04-21 23:56:39,362] copying /tmp/finn_dev_emanuel-hernandez/vivado_stitch_proj_c78xp0ky/finn_vivado_stitch_proj.gen/sources_1/bd/finn_design/ipshared/394a/hdl/verilog/MVAU_hls_0_hls_deadlock_idx1_monitor.v -> 4-bits/finn_build/fc/stitched_ip/finn_vivado_stitch_proj.gen/sources_1/bd/finn_design/ipshared/394a/hdl/verilog
[2026-04-21 23:56:39,362] copying /tmp/finn_dev_emanuel-hernandez/vivado_stitch_proj_c78xp0ky/finn_vivado_stitch_proj.gen/sources_1/bd/finn_design/ipshared/394a/hdl/verilog/MVAU_hls_0_Matrix_Vector_Activate_Stream_Batch_p_ZL7threshs_9_ROM_AUTO_1R.v -> 4-bits/finn_build/fc/stitched_ip/finn_vivado_stitch_proj.gen/sources_1/bd/finn_design/ipshared/394a/hdl/verilog
[2026-04-21 23:56:39,362] copying /tmp/finn_dev_emanuel-hernandez/vivado_stitch_proj_c78xp0ky/finn_vivado_stitch_proj.gen/sources_1/bd/finn_design/ipshared/394a/hdl/verilog/MVAU_hls_0_Matrix_Vector_Activate_Stream_Batch_p_ZL7threshs_14_ROM_AUTO_1R.v -> 4-bits/finn_build/fc/stitched_ip/finn_vivado_stitch_proj.gen/sources_1/bd/finn_design/ipshared/394a/hdl/verilog
[2026-04-21 23:56:39,362] copying /tmp/finn_dev_emanuel-hernandez/vivado_stitch_proj_c78xp0ky/finn_vivado_stitch_proj.gen/sources_1/bd/finn_design/ipshared/394a/hdl/verilog/MVAU_hls_0_flow_control_loop_pipe_sequential_init.v -> 4-bits/finn_build/fc/stitched_ip/finn_vivado_stitch_proj.gen/sources_1/bd/finn_design/ipshared/394a/hdl/verilog
[2026-04-21 23:56:39,362] copying /tmp/finn_dev_emanuel-hernandez/vivado_stitch_proj_c78xp0ky/finn_vivado_stitch_proj.gen/sources_1/bd/finn_design/ipshared/394a/hdl/verilog/MVAU_hls_0_Matrix_Vector_Activate_Stream_Batch_p_ZL7threshs_0_ROM_AUTO_1R.v -> 4-bits/finn_build/fc/stitched_ip/finn_vivado_stitch_proj.gen/sources_1/bd/finn_design/ipshared/394a/hdl/verilog
[2026-04-21 23:56:39,362] copying /tmp/finn_dev_emanuel-hernandez/vivado_stitch_proj_c78xp0ky/finn_vivado_stitch_proj.gen/sources_1/bd/finn_design/ipshared/394a/hdl/verilog/MVAU_hls_0_Matrix_Vector_Activate_Stream_Batch_p_ZL7threshs_13_ROM_AUTO_1R.v -> 4-bits/finn_build/fc/stitched_ip/finn_vivado_stitch_proj.gen/sources_1/bd/finn_design/ipshared/394a/hdl/verilog
[2026-04-21 23:56:39,362] copying /tmp/finn_dev_emanuel-hernandez/vivado_stitch_proj_c78xp0ky/finn_vivado_stitch_proj.gen/sources_1/bd/finn_design/ipshared/394a/hdl/verilog/MVAU_hls_0_Matrix_Vector_Activate_Stream_Batch_p_ZL7threshs_3_ROM_AUTO_1R.v -> 4-bits/finn_build/fc/stitched_ip/finn_vivado_stitch_proj.gen/sources_1/bd/finn_design/ipshared/394a/hdl/verilog
[2026-04-21 23:56:39,362] copying /tmp/finn_dev_emanuel-hernandez/vivado_stitch_proj_c78xp0ky/finn_vivado_stitch_proj.gen/sources_1/bd/finn_design/ipshared/394a/hdl/verilog/MVAU_hls_0_regslice_both.v -> 4-bits/finn_build/fc/stitched_ip/finn_vivado_stitch_proj.gen/sources_1/bd/finn_design/ipshared/394a/hdl/verilog
[2026-04-21 23:56:39,362] creating 4-bits/finn_build/fc/stitched_ip/finn_vivado_stitch_proj.gen/sources_1/bd/finn_design/ipshared/bcb1
[2026-04-21 23:56:39,362] creating 4-bits/finn_build/fc/stitched_ip/finn_vivado_stitch_proj.gen/sources_1/bd/finn_design/ipshared/bcb1/hdl
[2026-04-21 23:56:39,362] copying /tmp/finn_dev_emanuel-hernandez/vivado_stitch_proj_c78xp0ky/finn_vivado_stitch_proj.gen/sources_1/bd/finn_design/ipshared/bcb1/hdl/memstream_axi_wrapper.v -> 4-bits/finn_build/fc/stitched_ip/finn_vivado_stitch_proj.gen/sources_1/bd/finn_design/ipshared/bcb1/hdl
[2026-04-21 23:56:39,362] copying /tmp/finn_dev_emanuel-hernandez/vivado_stitch_proj_c78xp0ky/finn_vivado_stitch_proj.gen/sources_1/bd/finn_design/ipshared/bcb1/hdl/axilite_if.v -> 4-bits/finn_build/fc/stitched_ip/finn_vivado_stitch_proj.gen/sources_1/bd/finn_design/ipshared/bcb1/hdl
[2026-04-21 23:56:39,363] copying /tmp/finn_dev_emanuel-hernandez/vivado_stitch_proj_c78xp0ky/finn_vivado_stitch_proj.gen/sources_1/bd/finn_design/ipshared/bcb1/hdl/memstream.sv -> 4-bits/finn_build/fc/stitched_ip/finn_vivado_stitch_proj.gen/sources_1/bd/finn_design/ipshared/bcb1/hdl
[2026-04-21 23:56:39,363] copying /tmp/finn_dev_emanuel-hernandez/vivado_stitch_proj_c78xp0ky/finn_vivado_stitch_proj.gen/sources_1/bd/finn_design/ipshared/bcb1/hdl/memstream_axi.sv -> 4-bits/finn_build/fc/stitched_ip/finn_vivado_stitch_proj.gen/sources_1/bd/finn_design/ipshared/bcb1/hdl
[2026-04-21 23:56:39,363] creating 4-bits/finn_build/fc/stitched_ip/finn_vivado_stitch_proj.gen/sources_1/bd/finn_design/sim
[2026-04-21 23:56:39,363] copying /tmp/finn_dev_emanuel-hernandez/vivado_stitch_proj_c78xp0ky/finn_vivado_stitch_proj.gen/sources_1/bd/finn_design/sim/finn_design.v -> 4-bits/finn_build/fc/stitched_ip/finn_vivado_stitch_proj.gen/sources_1/bd/finn_design/sim
[2026-04-21 23:56:39,363] copying /tmp/finn_dev_emanuel-hernandez/vivado_stitch_proj_c78xp0ky/finn_vivado_stitch_proj.gen/sources_1/bd/finn_design/sim/finn_design.protoinst -> 4-bits/finn_build/fc/stitched_ip/finn_vivado_stitch_proj.gen/sources_1/bd/finn_design/sim
[2026-04-21 23:56:39,363] creating 4-bits/finn_build/fc/stitched_ip/finn_vivado_stitch_proj.gen/sources_1/bd/finn_design/ip
[2026-04-21 23:56:39,363] creating 4-bits/finn_build/fc/stitched_ip/finn_vivado_stitch_proj.gen/sources_1/bd/finn_design/ip/finn_design_MVAU_rtl_0_wstrm_0
[2026-04-21 23:56:39,363] creating 4-bits/finn_build/fc/stitched_ip/finn_vivado_stitch_proj.gen/sources_1/bd/finn_design/ip/finn_design_MVAU_rtl_0_wstrm_0/sim
[2026-04-21 23:56:39,363] copying /tmp/finn_dev_emanuel-hernandez/vivado_stitch_proj_c78xp0ky/finn_vivado_stitch_proj.gen/sources_1/bd/finn_design/ip/finn_design_MVAU_rtl_0_wstrm_0/sim/finn_design_MVAU_rtl_0_wstrm_0.v -> 4-bits/finn_build/fc/stitched_ip/finn_vivado_stitch_proj.gen/sources_1/bd/finn_design/ip/finn_design_MVAU_rtl_0_wstrm_0/sim
[2026-04-21 23:56:39,363] copying /tmp/finn_dev_emanuel-hernandez/vivado_stitch_proj_c78xp0ky/finn_vivado_stitch_proj.gen/sources_1/bd/finn_design/ip/finn_design_MVAU_rtl_0_wstrm_0/finn_design_MVAU_rtl_0_wstrm_0.xml -> 4-bits/finn_build/fc/stitched_ip/finn_vivado_stitch_proj.gen/sources_1/bd/finn_design/ip/finn_design_MVAU_rtl_0_wstrm_0
[2026-04-21 23:56:39,363] creating 4-bits/finn_build/fc/stitched_ip/finn_vivado_stitch_proj.gen/sources_1/bd/finn_design/ip/finn_design_MVAU_rtl_0_wstrm_0/synth
[2026-04-21 23:56:39,363] copying /tmp/finn_dev_emanuel-hernandez/vivado_stitch_proj_c78xp0ky/finn_vivado_stitch_proj.gen/sources_1/bd/finn_design/ip/finn_design_MVAU_rtl_0_wstrm_0/synth/finn_design_MVAU_rtl_0_wstrm_0.v -> 4-bits/finn_build/fc/stitched_ip/finn_vivado_stitch_proj.gen/sources_1/bd/finn_design/ip/finn_design_MVAU_rtl_0_wstrm_0/synth
[2026-04-21 23:56:39,363] creating 4-bits/finn_build/fc/stitched_ip/finn_vivado_stitch_proj.gen/sources_1/bd/finn_design/ip/finn_design_MVAU_hls_1_wstrm_0
[2026-04-21 23:56:39,363] creating 4-bits/finn_build/fc/stitched_ip/finn_vivado_stitch_proj.gen/sources_1/bd/finn_design/ip/finn_design_MVAU_hls_1_wstrm_0/sim
[2026-04-21 23:56:39,363] copying /tmp/finn_dev_emanuel-hernandez/vivado_stitch_proj_c78xp0ky/finn_vivado_stitch_proj.gen/sources_1/bd/finn_design/ip/finn_design_MVAU_hls_1_wstrm_0/sim/finn_design_MVAU_hls_1_wstrm_0.v -> 4-bits/finn_build/fc/stitched_ip/finn_vivado_stitch_proj.gen/sources_1/bd/finn_design/ip/finn_design_MVAU_hls_1_wstrm_0/sim
[2026-04-21 23:56:39,363] copying /tmp/finn_dev_emanuel-hernandez/vivado_stitch_proj_c78xp0ky/finn_vivado_stitch_proj.gen/sources_1/bd/finn_design/ip/finn_design_MVAU_hls_1_wstrm_0/finn_design_MVAU_hls_1_wstrm_0.xml -> 4-bits/finn_build/fc/stitched_ip/finn_vivado_stitch_proj.gen/sources_1/bd/finn_design/ip/finn_design_MVAU_hls_1_wstrm_0
[2026-04-21 23:56:39,363] creating 4-bits/finn_build/fc/stitched_ip/finn_vivado_stitch_proj.gen/sources_1/bd/finn_design/ip/finn_design_MVAU_hls_1_wstrm_0/synth
[2026-04-21 23:56:39,363] copying /tmp/finn_dev_emanuel-hernandez/vivado_stitch_proj_c78xp0ky/finn_vivado_stitch_proj.gen/sources_1/bd/finn_design/ip/finn_design_MVAU_hls_1_wstrm_0/synth/finn_design_MVAU_hls_1_wstrm_0.v -> 4-bits/finn_build/fc/stitched_ip/finn_vivado_stitch_proj.gen/sources_1/bd/finn_design/ip/finn_design_MVAU_hls_1_wstrm_0/synth
[2026-04-21 23:56:39,364] creating 4-bits/finn_build/fc/stitched_ip/finn_vivado_stitch_proj.gen/sources_1/bd/finn_design/ip/finn_design_StreamingFIFO_rtl_2_0
[2026-04-21 23:56:39,364] creating 4-bits/finn_build/fc/stitched_ip/finn_vivado_stitch_proj.gen/sources_1/bd/finn_design/ip/finn_design_StreamingFIFO_rtl_2_0/sim
[2026-04-21 23:56:39,364] copying /tmp/finn_dev_emanuel-hernandez/vivado_stitch_proj_c78xp0ky/finn_vivado_stitch_proj.gen/sources_1/bd/finn_design/ip/finn_design_StreamingFIFO_rtl_2_0/sim/finn_design_StreamingFIFO_rtl_2_0.v -> 4-bits/finn_build/fc/stitched_ip/finn_vivado_stitch_proj.gen/sources_1/bd/finn_design/ip/finn_design_StreamingFIFO_rtl_2_0/sim
[2026-04-21 23:56:39,364] copying /tmp/finn_dev_emanuel-hernandez/vivado_stitch_proj_c78xp0ky/finn_vivado_stitch_proj.gen/sources_1/bd/finn_design/ip/finn_design_StreamingFIFO_rtl_2_0/finn_design_StreamingFIFO_rtl_2_0.xml -> 4-bits/finn_build/fc/stitched_ip/finn_vivado_stitch_proj.gen/sources_1/bd/finn_design/ip/finn_design_StreamingFIFO_rtl_2_0
[2026-04-21 23:56:39,364] creating 4-bits/finn_build/fc/stitched_ip/finn_vivado_stitch_proj.gen/sources_1/bd/finn_design/ip/finn_design_StreamingFIFO_rtl_2_0/synth
[2026-04-21 23:56:39,364] copying /tmp/finn_dev_emanuel-hernandez/vivado_stitch_proj_c78xp0ky/finn_vivado_stitch_proj.gen/sources_1/bd/finn_design/ip/finn_design_StreamingFIFO_rtl_2_0/synth/finn_design_StreamingFIFO_rtl_2_0.v -> 4-bits/finn_build/fc/stitched_ip/finn_vivado_stitch_proj.gen/sources_1/bd/finn_design/ip/finn_design_StreamingFIFO_rtl_2_0/synth
[2026-04-21 23:56:39,364] creating 4-bits/finn_build/fc/stitched_ip/finn_vivado_stitch_proj.gen/sources_1/bd/finn_design/ip/finn_design_MVAU_hls_0_0
[2026-04-21 23:56:39,364] creating 4-bits/finn_build/fc/stitched_ip/finn_vivado_stitch_proj.gen/sources_1/bd/finn_design/ip/finn_design_MVAU_hls_0_0/sim
[2026-04-21 23:56:39,364] copying /tmp/finn_dev_emanuel-hernandez/vivado_stitch_proj_c78xp0ky/finn_vivado_stitch_proj.gen/sources_1/bd/finn_design/ip/finn_design_MVAU_hls_0_0/sim/finn_design_MVAU_hls_0_0.v -> 4-bits/finn_build/fc/stitched_ip/finn_vivado_stitch_proj.gen/sources_1/bd/finn_design/ip/finn_design_MVAU_hls_0_0/sim
[2026-04-21 23:56:39,364] copying /tmp/finn_dev_emanuel-hernandez/vivado_stitch_proj_c78xp0ky/finn_vivado_stitch_proj.gen/sources_1/bd/finn_design/ip/finn_design_MVAU_hls_0_0/finn_design_MVAU_hls_0_0.xml -> 4-bits/finn_build/fc/stitched_ip/finn_vivado_stitch_proj.gen/sources_1/bd/finn_design/ip/finn_design_MVAU_hls_0_0
[2026-04-21 23:56:39,364] creating 4-bits/finn_build/fc/stitched_ip/finn_vivado_stitch_proj.gen/sources_1/bd/finn_design/ip/finn_design_MVAU_hls_0_0/constraints
[2026-04-21 23:56:39,364] copying /tmp/finn_dev_emanuel-hernandez/vivado_stitch_proj_c78xp0ky/finn_vivado_stitch_proj.gen/sources_1/bd/finn_design/ip/finn_design_MVAU_hls_0_0/constraints/MVAU_hls_0_ooc.xdc -> 4-bits/finn_build/fc/stitched_ip/finn_vivado_stitch_proj.gen/sources_1/bd/finn_design/ip/finn_design_MVAU_hls_0_0/constraints
[2026-04-21 23:56:39,364] creating 4-bits/finn_build/fc/stitched_ip/finn_vivado_stitch_proj.gen/sources_1/bd/finn_design/ip/finn_design_MVAU_hls_0_0/hdl
[2026-04-21 23:56:39,364] creating 4-bits/finn_build/fc/stitched_ip/finn_vivado_stitch_proj.gen/sources_1/bd/finn_design/ip/finn_design_MVAU_hls_0_0/hdl/verilog
[2026-04-21 23:56:39,364] copying /tmp/finn_dev_emanuel-hernandez/vivado_stitch_proj_c78xp0ky/finn_vivado_stitch_proj.gen/sources_1/bd/finn_design/ip/finn_design_MVAU_hls_0_0/hdl/verilog/MVAU_hls_0_Matrix_Vector_Activate_Stream_Batch_p_ZL7threshs_10_ROM_AUTO_1R.dat -> 4-bits/finn_build/fc/stitched_ip/finn_vivado_stitch_proj.gen/sources_1/bd/finn_design/ip/finn_design_MVAU_hls_0_0/hdl/verilog
[2026-04-21 23:56:39,364] copying /tmp/finn_dev_emanuel-hernandez/vivado_stitch_proj_c78xp0ky/finn_vivado_stitch_proj.gen/sources_1/bd/finn_design/ip/finn_design_MVAU_hls_0_0/hdl/verilog/MVAU_hls_0_Matrix_Vector_Activate_Stream_Batch_p_ZL7threshs_9_ROM_AUTO_1R.dat -> 4-bits/finn_build/fc/stitched_ip/finn_vivado_stitch_proj.gen/sources_1/bd/finn_design/ip/finn_design_MVAU_hls_0_0/hdl/verilog
[2026-04-21 23:56:39,364] copying /tmp/finn_dev_emanuel-hernandez/vivado_stitch_proj_c78xp0ky/finn_vivado_stitch_proj.gen/sources_1/bd/finn_design/ip/finn_design_MVAU_hls_0_0/hdl/verilog/MVAU_hls_0_Matrix_Vector_Activate_Stream_Batch_p_ZL7threshs_5_ROM_AUTO_1R.dat -> 4-bits/finn_build/fc/stitched_ip/finn_vivado_stitch_proj.gen/sources_1/bd/finn_design/ip/finn_design_MVAU_hls_0_0/hdl/verilog
[2026-04-21 23:56:39,364] copying /tmp/finn_dev_emanuel-hernandez/vivado_stitch_proj_c78xp0ky/finn_vivado_stitch_proj.gen/sources_1/bd/finn_design/ip/finn_design_MVAU_hls_0_0/hdl/verilog/MVAU_hls_0_Matrix_Vector_Activate_Stream_Batch_p_ZL7threshs_12_ROM_AUTO_1R.dat -> 4-bits/finn_build/fc/stitched_ip/finn_vivado_stitch_proj.gen/sources_1/bd/finn_design/ip/finn_design_MVAU_hls_0_0/hdl/verilog
[2026-04-21 23:56:39,364] copying /tmp/finn_dev_emanuel-hernandez/vivado_stitch_proj_c78xp0ky/finn_vivado_stitch_proj.gen/sources_1/bd/finn_design/ip/finn_design_MVAU_hls_0_0/hdl/verilog/MVAU_hls_0_Matrix_Vector_Activate_Stream_Batch_p_ZL7threshs_6_ROM_AUTO_1R.dat -> 4-bits/finn_build/fc/stitched_ip/finn_vivado_stitch_proj.gen/sources_1/bd/finn_design/ip/finn_design_MVAU_hls_0_0/hdl/verilog
[2026-04-21 23:56:39,365] copying /tmp/finn_dev_emanuel-hernandez/vivado_stitch_proj_c78xp0ky/finn_vivado_stitch_proj.gen/sources_1/bd/finn_design/ip/finn_design_MVAU_hls_0_0/hdl/verilog/MVAU_hls_0_Matrix_Vector_Activate_Stream_Batch_p_ZL7threshs_13_ROM_AUTO_1R.dat -> 4-bits/finn_build/fc/stitched_ip/finn_vivado_stitch_proj.gen/sources_1/bd/finn_design/ip/finn_design_MVAU_hls_0_0/hdl/verilog
[2026-04-21 23:56:39,365] copying /tmp/finn_dev_emanuel-hernandez/vivado_stitch_proj_c78xp0ky/finn_vivado_stitch_proj.gen/sources_1/bd/finn_design/ip/finn_design_MVAU_hls_0_0/hdl/verilog/MVAU_hls_0_Matrix_Vector_Activate_Stream_Batch_p_ZL7threshs_0_ROM_AUTO_1R.dat -> 4-bits/finn_build/fc/stitched_ip/finn_vivado_stitch_proj.gen/sources_1/bd/finn_design/ip/finn_design_MVAU_hls_0_0/hdl/verilog
[2026-04-21 23:56:39,365] copying /tmp/finn_dev_emanuel-hernandez/vivado_stitch_proj_c78xp0ky/finn_vivado_stitch_proj.gen/sources_1/bd/finn_design/ip/finn_design_MVAU_hls_0_0/hdl/verilog/MVAU_hls_0_Matrix_Vector_Activate_Stream_Batch_p_ZL7threshs_11_ROM_AUTO_1R.dat -> 4-bits/finn_build/fc/stitched_ip/finn_vivado_stitch_proj.gen/sources_1/bd/finn_design/ip/finn_design_MVAU_hls_0_0/hdl/verilog
[2026-04-21 23:56:39,365] copying /tmp/finn_dev_emanuel-hernandez/vivado_stitch_proj_c78xp0ky/finn_vivado_stitch_proj.gen/sources_1/bd/finn_design/ip/finn_design_MVAU_hls_0_0/hdl/verilog/MVAU_hls_0_Matrix_Vector_Activate_Stream_Batch_p_ZL7threshs_1_ROM_AUTO_1R.dat -> 4-bits/finn_build/fc/stitched_ip/finn_vivado_stitch_proj.gen/sources_1/bd/finn_design/ip/finn_design_MVAU_hls_0_0/hdl/verilog
[2026-04-21 23:56:39,365] copying /tmp/finn_dev_emanuel-hernandez/vivado_stitch_proj_c78xp0ky/finn_vivado_stitch_proj.gen/sources_1/bd/finn_design/ip/finn_design_MVAU_hls_0_0/hdl/verilog/MVAU_hls_0_Matrix_Vector_Activate_Stream_Batch_p_ZL7threshs_3_ROM_AUTO_1R.dat -> 4-bits/finn_build/fc/stitched_ip/finn_vivado_stitch_proj.gen/sources_1/bd/finn_design/ip/finn_design_MVAU_hls_0_0/hdl/verilog
[2026-04-21 23:56:39,365] copying /tmp/finn_dev_emanuel-hernandez/vivado_stitch_proj_c78xp0ky/finn_vivado_stitch_proj.gen/sources_1/bd/finn_design/ip/finn_design_MVAU_hls_0_0/hdl/verilog/MVAU_hls_0_Matrix_Vector_Activate_Stream_Batch_p_ZL7threshs_8_ROM_AUTO_1R.dat -> 4-bits/finn_build/fc/stitched_ip/finn_vivado_stitch_proj.gen/sources_1/bd/finn_design/ip/finn_design_MVAU_hls_0_0/hdl/verilog
[2026-04-21 23:56:39,365] copying /tmp/finn_dev_emanuel-hernandez/vivado_stitch_proj_c78xp0ky/finn_vivado_stitch_proj.gen/sources_1/bd/finn_design/ip/finn_design_MVAU_hls_0_0/hdl/verilog/MVAU_hls_0_Matrix_Vector_Activate_Stream_Batch_p_ZL7threshs_4_ROM_AUTO_1R.dat -> 4-bits/finn_build/fc/stitched_ip/finn_vivado_stitch_proj.gen/sources_1/bd/finn_design/ip/finn_design_MVAU_hls_0_0/hdl/verilog
[2026-04-21 23:56:39,365] copying /tmp/finn_dev_emanuel-hernandez/vivado_stitch_proj_c78xp0ky/finn_vivado_stitch_proj.gen/sources_1/bd/finn_design/ip/finn_design_MVAU_hls_0_0/hdl/verilog/MVAU_hls_0_Matrix_Vector_Activate_Stream_Batch_p_ZL7threshs_14_ROM_AUTO_1R.dat -> 4-bits/finn_build/fc/stitched_ip/finn_vivado_stitch_proj.gen/sources_1/bd/finn_design/ip/finn_design_MVAU_hls_0_0/hdl/verilog
[2026-04-21 23:56:39,365] copying /tmp/finn_dev_emanuel-hernandez/vivado_stitch_proj_c78xp0ky/finn_vivado_stitch_proj.gen/sources_1/bd/finn_design/ip/finn_design_MVAU_hls_0_0/hdl/verilog/MVAU_hls_0_Matrix_Vector_Activate_Stream_Batch_p_ZL7threshs_7_ROM_AUTO_1R.dat -> 4-bits/finn_build/fc/stitched_ip/finn_vivado_stitch_proj.gen/sources_1/bd/finn_design/ip/finn_design_MVAU_hls_0_0/hdl/verilog
[2026-04-21 23:56:39,365] copying /tmp/finn_dev_emanuel-hernandez/vivado_stitch_proj_c78xp0ky/finn_vivado_stitch_proj.gen/sources_1/bd/finn_design/ip/finn_design_MVAU_hls_0_0/hdl/verilog/MVAU_hls_0_Matrix_Vector_Activate_Stream_Batch_p_ZL7threshs_2_ROM_AUTO_1R.dat -> 4-bits/finn_build/fc/stitched_ip/finn_vivado_stitch_proj.gen/sources_1/bd/finn_design/ip/finn_design_MVAU_hls_0_0/hdl/verilog
[2026-04-21 23:56:39,365] creating 4-bits/finn_build/fc/stitched_ip/finn_vivado_stitch_proj.gen/sources_1/bd/finn_design/ip/finn_design_MVAU_hls_0_0/synth
[2026-04-21 23:56:39,365] copying /tmp/finn_dev_emanuel-hernandez/vivado_stitch_proj_c78xp0ky/finn_vivado_stitch_proj.gen/sources_1/bd/finn_design/ip/finn_design_MVAU_hls_0_0/synth/finn_design_MVAU_hls_0_0.v -> 4-bits/finn_build/fc/stitched_ip/finn_vivado_stitch_proj.gen/sources_1/bd/finn_design/ip/finn_design_MVAU_hls_0_0/synth
[2026-04-21 23:56:39,365] creating 4-bits/finn_build/fc/stitched_ip/finn_vivado_stitch_proj.gen/sources_1/bd/finn_design/ip/finn_design_MVAU_rtl_0_0
[2026-04-21 23:56:39,365] copying /tmp/finn_dev_emanuel-hernandez/vivado_stitch_proj_c78xp0ky/finn_vivado_stitch_proj.gen/sources_1/bd/finn_design/ip/finn_design_MVAU_rtl_0_0/finn_design_MVAU_rtl_0_0.xml -> 4-bits/finn_build/fc/stitched_ip/finn_vivado_stitch_proj.gen/sources_1/bd/finn_design/ip/finn_design_MVAU_rtl_0_0
[2026-04-21 23:56:39,365] creating 4-bits/finn_build/fc/stitched_ip/finn_vivado_stitch_proj.gen/sources_1/bd/finn_design/ip/finn_design_MVAU_rtl_0_0/sim
[2026-04-21 23:56:39,365] copying /tmp/finn_dev_emanuel-hernandez/vivado_stitch_proj_c78xp0ky/finn_vivado_stitch_proj.gen/sources_1/bd/finn_design/ip/finn_design_MVAU_rtl_0_0/sim/finn_design_MVAU_rtl_0_0.v -> 4-bits/finn_build/fc/stitched_ip/finn_vivado_stitch_proj.gen/sources_1/bd/finn_design/ip/finn_design_MVAU_rtl_0_0/sim
[2026-04-21 23:56:39,365] creating 4-bits/finn_build/fc/stitched_ip/finn_vivado_stitch_proj.gen/sources_1/bd/finn_design/ip/finn_design_MVAU_rtl_0_0/synth
[2026-04-21 23:56:39,367] copying /tmp/finn_dev_emanuel-hernandez/vivado_stitch_proj_c78xp0ky/finn_vivado_stitch_proj.gen/sources_1/bd/finn_design/ip/finn_design_MVAU_rtl_0_0/synth/finn_design_MVAU_rtl_0_0.v -> 4-bits/finn_build/fc/stitched_ip/finn_vivado_stitch_proj.gen/sources_1/bd/finn_design/ip/finn_design_MVAU_rtl_0_0/synth
[2026-04-21 23:56:39,368] creating 4-bits/finn_build/fc/stitched_ip/finn_vivado_stitch_proj.gen/sources_1/bd/finn_design/ip/finn_design_StreamingFIFO_rtl_1_0
[2026-04-21 23:56:39,368] creating 4-bits/finn_build/fc/stitched_ip/finn_vivado_stitch_proj.gen/sources_1/bd/finn_design/ip/finn_design_StreamingFIFO_rtl_1_0/sim
[2026-04-21 23:56:39,368] copying /tmp/finn_dev_emanuel-hernandez/vivado_stitch_proj_c78xp0ky/finn_vivado_stitch_proj.gen/sources_1/bd/finn_design/ip/finn_design_StreamingFIFO_rtl_1_0/sim/finn_design_StreamingFIFO_rtl_1_0.v -> 4-bits/finn_build/fc/stitched_ip/finn_vivado_stitch_proj.gen/sources_1/bd/finn_design/ip/finn_design_StreamingFIFO_rtl_1_0/sim
[2026-04-21 23:56:39,368] copying /tmp/finn_dev_emanuel-hernandez/vivado_stitch_proj_c78xp0ky/finn_vivado_stitch_proj.gen/sources_1/bd/finn_design/ip/finn_design_StreamingFIFO_rtl_1_0/finn_design_StreamingFIFO_rtl_1_0.xml -> 4-bits/finn_build/fc/stitched_ip/finn_vivado_stitch_proj.gen/sources_1/bd/finn_design/ip/finn_design_StreamingFIFO_rtl_1_0
[2026-04-21 23:56:39,368] creating 4-bits/finn_build/fc/stitched_ip/finn_vivado_stitch_proj.gen/sources_1/bd/finn_design/ip/finn_design_StreamingFIFO_rtl_1_0/synth
[2026-04-21 23:56:39,368] copying /tmp/finn_dev_emanuel-hernandez/vivado_stitch_proj_c78xp0ky/finn_vivado_stitch_proj.gen/sources_1/bd/finn_design/ip/finn_design_StreamingFIFO_rtl_1_0/synth/finn_design_StreamingFIFO_rtl_1_0.v -> 4-bits/finn_build/fc/stitched_ip/finn_vivado_stitch_proj.gen/sources_1/bd/finn_design/ip/finn_design_StreamingFIFO_rtl_1_0/synth
[2026-04-21 23:56:39,368] creating 4-bits/finn_build/fc/stitched_ip/finn_vivado_stitch_proj.gen/sources_1/bd/finn_design/ip/finn_design_MVAU_hls_0_wstrm_0
[2026-04-21 23:56:39,368] creating 4-bits/finn_build/fc/stitched_ip/finn_vivado_stitch_proj.gen/sources_1/bd/finn_design/ip/finn_design_MVAU_hls_0_wstrm_0/sim
[2026-04-21 23:56:39,368] copying /tmp/finn_dev_emanuel-hernandez/vivado_stitch_proj_c78xp0ky/finn_vivado_stitch_proj.gen/sources_1/bd/finn_design/ip/finn_design_MVAU_hls_0_wstrm_0/sim/finn_design_MVAU_hls_0_wstrm_0.v -> 4-bits/finn_build/fc/stitched_ip/finn_vivado_stitch_proj.gen/sources_1/bd/finn_design/ip/finn_design_MVAU_hls_0_wstrm_0/sim
[2026-04-21 23:56:39,368] copying /tmp/finn_dev_emanuel-hernandez/vivado_stitch_proj_c78xp0ky/finn_vivado_stitch_proj.gen/sources_1/bd/finn_design/ip/finn_design_MVAU_hls_0_wstrm_0/finn_design_MVAU_hls_0_wstrm_0.xml -> 4-bits/finn_build/fc/stitched_ip/finn_vivado_stitch_proj.gen/sources_1/bd/finn_design/ip/finn_design_MVAU_hls_0_wstrm_0
[2026-04-21 23:56:39,368] creating 4-bits/finn_build/fc/stitched_ip/finn_vivado_stitch_proj.gen/sources_1/bd/finn_design/ip/finn_design_MVAU_hls_0_wstrm_0/synth
[2026-04-21 23:56:39,368] copying /tmp/finn_dev_emanuel-hernandez/vivado_stitch_proj_c78xp0ky/finn_vivado_stitch_proj.gen/sources_1/bd/finn_design/ip/finn_design_MVAU_hls_0_wstrm_0/synth/finn_design_MVAU_hls_0_wstrm_0.v -> 4-bits/finn_build/fc/stitched_ip/finn_vivado_stitch_proj.gen/sources_1/bd/finn_design/ip/finn_design_MVAU_hls_0_wstrm_0/synth
[2026-04-21 23:56:39,368] creating 4-bits/finn_build/fc/stitched_ip/finn_vivado_stitch_proj.gen/sources_1/bd/finn_design/ip/finn_design_MVAU_hls_1_0
[2026-04-21 23:56:39,368] creating 4-bits/finn_build/fc/stitched_ip/finn_vivado_stitch_proj.gen/sources_1/bd/finn_design/ip/finn_design_MVAU_hls_1_0/sim
[2026-04-21 23:56:39,368] copying /tmp/finn_dev_emanuel-hernandez/vivado_stitch_proj_c78xp0ky/finn_vivado_stitch_proj.gen/sources_1/bd/finn_design/ip/finn_design_MVAU_hls_1_0/sim/finn_design_MVAU_hls_1_0.v -> 4-bits/finn_build/fc/stitched_ip/finn_vivado_stitch_proj.gen/sources_1/bd/finn_design/ip/finn_design_MVAU_hls_1_0/sim
[2026-04-21 23:56:39,369] creating 4-bits/finn_build/fc/stitched_ip/finn_vivado_stitch_proj.gen/sources_1/bd/finn_design/ip/finn_design_MVAU_hls_1_0/constraints
[2026-04-21 23:56:39,369] copying /tmp/finn_dev_emanuel-hernandez/vivado_stitch_proj_c78xp0ky/finn_vivado_stitch_proj.gen/sources_1/bd/finn_design/ip/finn_design_MVAU_hls_1_0/constraints/MVAU_hls_1_ooc.xdc -> 4-bits/finn_build/fc/stitched_ip/finn_vivado_stitch_proj.gen/sources_1/bd/finn_design/ip/finn_design_MVAU_hls_1_0/constraints
[2026-04-21 23:56:39,369] creating 4-bits/finn_build/fc/stitched_ip/finn_vivado_stitch_proj.gen/sources_1/bd/finn_design/ip/finn_design_MVAU_hls_1_0/hdl
[2026-04-21 23:56:39,369] creating 4-bits/finn_build/fc/stitched_ip/finn_vivado_stitch_proj.gen/sources_1/bd/finn_design/ip/finn_design_MVAU_hls_1_0/hdl/verilog
[2026-04-21 23:56:39,369] copying /tmp/finn_dev_emanuel-hernandez/vivado_stitch_proj_c78xp0ky/finn_vivado_stitch_proj.gen/sources_1/bd/finn_design/ip/finn_design_MVAU_hls_1_0/hdl/verilog/MVAU_hls_1_Matrix_Vector_Activate_Stream_Batch_p_ZL7threshs_6_ROM_AUTO_1R.dat -> 4-bits/finn_build/fc/stitched_ip/finn_vivado_stitch_proj.gen/sources_1/bd/finn_design/ip/finn_design_MVAU_hls_1_0/hdl/verilog
[2026-04-21 23:56:39,369] copying /tmp/finn_dev_emanuel-hernandez/vivado_stitch_proj_c78xp0ky/finn_vivado_stitch_proj.gen/sources_1/bd/finn_design/ip/finn_design_MVAU_hls_1_0/hdl/verilog/MVAU_hls_1_Matrix_Vector_Activate_Stream_Batch_p_ZL7threshs_7_ROM_AUTO_1R.dat -> 4-bits/finn_build/fc/stitched_ip/finn_vivado_stitch_proj.gen/sources_1/bd/finn_design/ip/finn_design_MVAU_hls_1_0/hdl/verilog
[2026-04-21 23:56:39,369] copying /tmp/finn_dev_emanuel-hernandez/vivado_stitch_proj_c78xp0ky/finn_vivado_stitch_proj.gen/sources_1/bd/finn_design/ip/finn_design_MVAU_hls_1_0/hdl/verilog/MVAU_hls_1_Matrix_Vector_Activate_Stream_Batch_p_ZL7threshs_14_ROM_AUTO_1R.dat -> 4-bits/finn_build/fc/stitched_ip/finn_vivado_stitch_proj.gen/sources_1/bd/finn_design/ip/finn_design_MVAU_hls_1_0/hdl/verilog
[2026-04-21 23:56:39,369] copying /tmp/finn_dev_emanuel-hernandez/vivado_stitch_proj_c78xp0ky/finn_vivado_stitch_proj.gen/sources_1/bd/finn_design/ip/finn_design_MVAU_hls_1_0/hdl/verilog/MVAU_hls_1_Matrix_Vector_Activate_Stream_Batch_p_ZL7threshs_12_ROM_AUTO_1R.dat -> 4-bits/finn_build/fc/stitched_ip/finn_vivado_stitch_proj.gen/sources_1/bd/finn_design/ip/finn_design_MVAU_hls_1_0/hdl/verilog
[2026-04-21 23:56:39,369] copying /tmp/finn_dev_emanuel-hernandez/vivado_stitch_proj_c78xp0ky/finn_vivado_stitch_proj.gen/sources_1/bd/finn_design/ip/finn_design_MVAU_hls_1_0/hdl/verilog/MVAU_hls_1_Matrix_Vector_Activate_Stream_Batch_p_ZL7threshs_1_ROM_AUTO_1R.dat -> 4-bits/finn_build/fc/stitched_ip/finn_vivado_stitch_proj.gen/sources_1/bd/finn_design/ip/finn_design_MVAU_hls_1_0/hdl/verilog
[2026-04-21 23:56:39,369] copying /tmp/finn_dev_emanuel-hernandez/vivado_stitch_proj_c78xp0ky/finn_vivado_stitch_proj.gen/sources_1/bd/finn_design/ip/finn_design_MVAU_hls_1_0/hdl/verilog/MVAU_hls_1_Matrix_Vector_Activate_Stream_Batch_p_ZL7threshs_11_ROM_AUTO_1R.dat -> 4-bits/finn_build/fc/stitched_ip/finn_vivado_stitch_proj.gen/sources_1/bd/finn_design/ip/finn_design_MVAU_hls_1_0/hdl/verilog
[2026-04-21 23:56:39,369] copying /tmp/finn_dev_emanuel-hernandez/vivado_stitch_proj_c78xp0ky/finn_vivado_stitch_proj.gen/sources_1/bd/finn_design/ip/finn_design_MVAU_hls_1_0/hdl/verilog/MVAU_hls_1_Matrix_Vector_Activate_Stream_Batch_p_ZL7threshs_2_ROM_AUTO_1R.dat -> 4-bits/finn_build/fc/stitched_ip/finn_vivado_stitch_proj.gen/sources_1/bd/finn_design/ip/finn_design_MVAU_hls_1_0/hdl/verilog
[2026-04-21 23:56:39,369] copying /tmp/finn_dev_emanuel-hernandez/vivado_stitch_proj_c78xp0ky/finn_vivado_stitch_proj.gen/sources_1/bd/finn_design/ip/finn_design_MVAU_hls_1_0/hdl/verilog/MVAU_hls_1_Matrix_Vector_Activate_Stream_Batch_p_ZL7threshs_4_ROM_AUTO_1R.dat -> 4-bits/finn_build/fc/stitched_ip/finn_vivado_stitch_proj.gen/sources_1/bd/finn_design/ip/finn_design_MVAU_hls_1_0/hdl/verilog
[2026-04-21 23:56:39,369] copying /tmp/finn_dev_emanuel-hernandez/vivado_stitch_proj_c78xp0ky/finn_vivado_stitch_proj.gen/sources_1/bd/finn_design/ip/finn_design_MVAU_hls_1_0/hdl/verilog/MVAU_hls_1_Matrix_Vector_Activate_Stream_Batch_p_ZL7threshs_10_ROM_AUTO_1R.dat -> 4-bits/finn_build/fc/stitched_ip/finn_vivado_stitch_proj.gen/sources_1/bd/finn_design/ip/finn_design_MVAU_hls_1_0/hdl/verilog
[2026-04-21 23:56:39,369] copying /tmp/finn_dev_emanuel-hernandez/vivado_stitch_proj_c78xp0ky/finn_vivado_stitch_proj.gen/sources_1/bd/finn_design/ip/finn_design_MVAU_hls_1_0/hdl/verilog/MVAU_hls_1_Matrix_Vector_Activate_Stream_Batch_p_ZL7threshs_13_ROM_AUTO_1R.dat -> 4-bits/finn_build/fc/stitched_ip/finn_vivado_stitch_proj.gen/sources_1/bd/finn_design/ip/finn_design_MVAU_hls_1_0/hdl/verilog
[2026-04-21 23:56:39,369] copying /tmp/finn_dev_emanuel-hernandez/vivado_stitch_proj_c78xp0ky/finn_vivado_stitch_proj.gen/sources_1/bd/finn_design/ip/finn_design_MVAU_hls_1_0/hdl/verilog/MVAU_hls_1_Matrix_Vector_Activate_Stream_Batch_p_ZL7threshs_9_ROM_AUTO_1R.dat -> 4-bits/finn_build/fc/stitched_ip/finn_vivado_stitch_proj.gen/sources_1/bd/finn_design/ip/finn_design_MVAU_hls_1_0/hdl/verilog
[2026-04-21 23:56:39,369] copying /tmp/finn_dev_emanuel-hernandez/vivado_stitch_proj_c78xp0ky/finn_vivado_stitch_proj.gen/sources_1/bd/finn_design/ip/finn_design_MVAU_hls_1_0/hdl/verilog/MVAU_hls_1_Matrix_Vector_Activate_Stream_Batch_p_ZL7threshs_0_ROM_AUTO_1R.dat -> 4-bits/finn_build/fc/stitched_ip/finn_vivado_stitch_proj.gen/sources_1/bd/finn_design/ip/finn_design_MVAU_hls_1_0/hdl/verilog
[2026-04-21 23:56:39,369] copying /tmp/finn_dev_emanuel-hernandez/vivado_stitch_proj_c78xp0ky/finn_vivado_stitch_proj.gen/sources_1/bd/finn_design/ip/finn_design_MVAU_hls_1_0/hdl/verilog/MVAU_hls_1_Matrix_Vector_Activate_Stream_Batch_p_ZL7threshs_5_ROM_AUTO_1R.dat -> 4-bits/finn_build/fc/stitched_ip/finn_vivado_stitch_proj.gen/sources_1/bd/finn_design/ip/finn_design_MVAU_hls_1_0/hdl/verilog
[2026-04-21 23:56:39,369] copying /tmp/finn_dev_emanuel-hernandez/vivado_stitch_proj_c78xp0ky/finn_vivado_stitch_proj.gen/sources_1/bd/finn_design/ip/finn_design_MVAU_hls_1_0/hdl/verilog/MVAU_hls_1_Matrix_Vector_Activate_Stream_Batch_p_ZL7threshs_3_ROM_AUTO_1R.dat -> 4-bits/finn_build/fc/stitched_ip/finn_vivado_stitch_proj.gen/sources_1/bd/finn_design/ip/finn_design_MVAU_hls_1_0/hdl/verilog
[2026-04-21 23:56:39,369] copying /tmp/finn_dev_emanuel-hernandez/vivado_stitch_proj_c78xp0ky/finn_vivado_stitch_proj.gen/sources_1/bd/finn_design/ip/finn_design_MVAU_hls_1_0/hdl/verilog/MVAU_hls_1_Matrix_Vector_Activate_Stream_Batch_p_ZL7threshs_8_ROM_AUTO_1R.dat -> 4-bits/finn_build/fc/stitched_ip/finn_vivado_stitch_proj.gen/sources_1/bd/finn_design/ip/finn_design_MVAU_hls_1_0/hdl/verilog
[2026-04-21 23:56:39,369] creating 4-bits/finn_build/fc/stitched_ip/finn_vivado_stitch_proj.gen/sources_1/bd/finn_design/ip/finn_design_MVAU_hls_1_0/synth
[2026-04-21 23:56:39,369] copying /tmp/finn_dev_emanuel-hernandez/vivado_stitch_proj_c78xp0ky/finn_vivado_stitch_proj.gen/sources_1/bd/finn_design/ip/finn_design_MVAU_hls_1_0/synth/finn_design_MVAU_hls_1_0.v -> 4-bits/finn_build/fc/stitched_ip/finn_vivado_stitch_proj.gen/sources_1/bd/finn_design/ip/finn_design_MVAU_hls_1_0/synth
[2026-04-21 23:56:39,370] copying /tmp/finn_dev_emanuel-hernandez/vivado_stitch_proj_c78xp0ky/finn_vivado_stitch_proj.gen/sources_1/bd/finn_design/ip/finn_design_MVAU_hls_1_0/finn_design_MVAU_hls_1_0.xml -> 4-bits/finn_build/fc/stitched_ip/finn_vivado_stitch_proj.gen/sources_1/bd/finn_design/ip/finn_design_MVAU_hls_1_0
[2026-04-21 23:56:39,370] creating 4-bits/finn_build/fc/stitched_ip/finn_vivado_stitch_proj.gen/sources_1/bd/finn_design/ip/finn_design_StreamingFIFO_rtl_0_0
[2026-04-21 23:56:39,370] creating 4-bits/finn_build/fc/stitched_ip/finn_vivado_stitch_proj.gen/sources_1/bd/finn_design/ip/finn_design_StreamingFIFO_rtl_0_0/sim
[2026-04-21 23:56:39,370] copying /tmp/finn_dev_emanuel-hernandez/vivado_stitch_proj_c78xp0ky/finn_vivado_stitch_proj.gen/sources_1/bd/finn_design/ip/finn_design_StreamingFIFO_rtl_0_0/sim/finn_design_StreamingFIFO_rtl_0_0.v -> 4-bits/finn_build/fc/stitched_ip/finn_vivado_stitch_proj.gen/sources_1/bd/finn_design/ip/finn_design_StreamingFIFO_rtl_0_0/sim
[2026-04-21 23:56:39,370] copying /tmp/finn_dev_emanuel-hernandez/vivado_stitch_proj_c78xp0ky/finn_vivado_stitch_proj.gen/sources_1/bd/finn_design/ip/finn_design_StreamingFIFO_rtl_0_0/finn_design_StreamingFIFO_rtl_0_0.xml -> 4-bits/finn_build/fc/stitched_ip/finn_vivado_stitch_proj.gen/sources_1/bd/finn_design/ip/finn_design_StreamingFIFO_rtl_0_0
[2026-04-21 23:56:39,370] creating 4-bits/finn_build/fc/stitched_ip/finn_vivado_stitch_proj.gen/sources_1/bd/finn_design/ip/finn_design_StreamingFIFO_rtl_0_0/synth
[2026-04-21 23:56:39,370] copying /tmp/finn_dev_emanuel-hernandez/vivado_stitch_proj_c78xp0ky/finn_vivado_stitch_proj.gen/sources_1/bd/finn_design/ip/finn_design_StreamingFIFO_rtl_0_0/synth/finn_design_StreamingFIFO_rtl_0_0.v -> 4-bits/finn_build/fc/stitched_ip/finn_vivado_stitch_proj.gen/sources_1/bd/finn_design/ip/finn_design_StreamingFIFO_rtl_0_0/synth
[2026-04-21 23:56:39,370] creating 4-bits/finn_build/fc/stitched_ip/finn_vivado_stitch_proj.gen/sources_1/bd/finn_design/ip/finn_design_StreamingFIFO_rtl_3_0
[2026-04-21 23:56:39,370] creating 4-bits/finn_build/fc/stitched_ip/finn_vivado_stitch_proj.gen/sources_1/bd/finn_design/ip/finn_design_StreamingFIFO_rtl_3_0/sim
[2026-04-21 23:56:39,370] copying /tmp/finn_dev_emanuel-hernandez/vivado_stitch_proj_c78xp0ky/finn_vivado_stitch_proj.gen/sources_1/bd/finn_design/ip/finn_design_StreamingFIFO_rtl_3_0/sim/finn_design_StreamingFIFO_rtl_3_0.v -> 4-bits/finn_build/fc/stitched_ip/finn_vivado_stitch_proj.gen/sources_1/bd/finn_design/ip/finn_design_StreamingFIFO_rtl_3_0/sim
[2026-04-21 23:56:39,370] creating 4-bits/finn_build/fc/stitched_ip/finn_vivado_stitch_proj.gen/sources_1/bd/finn_design/ip/finn_design_StreamingFIFO_rtl_3_0/synth
[2026-04-21 23:56:39,370] copying /tmp/finn_dev_emanuel-hernandez/vivado_stitch_proj_c78xp0ky/finn_vivado_stitch_proj.gen/sources_1/bd/finn_design/ip/finn_design_StreamingFIFO_rtl_3_0/synth/finn_design_StreamingFIFO_rtl_3_0.v -> 4-bits/finn_build/fc/stitched_ip/finn_vivado_stitch_proj.gen/sources_1/bd/finn_design/ip/finn_design_StreamingFIFO_rtl_3_0/synth
[2026-04-21 23:56:39,370] copying /tmp/finn_dev_emanuel-hernandez/vivado_stitch_proj_c78xp0ky/finn_vivado_stitch_proj.gen/sources_1/bd/finn_design/ip/finn_design_StreamingFIFO_rtl_3_0/finn_design_StreamingFIFO_rtl_3_0.xml -> 4-bits/finn_build/fc/stitched_ip/finn_vivado_stitch_proj.gen/sources_1/bd/finn_design/ip/finn_design_StreamingFIFO_rtl_3_0
[2026-04-21 23:56:39,370] copying /tmp/finn_dev_emanuel-hernandez/vivado_stitch_proj_c78xp0ky/finn_vivado_stitch_proj.gen/sources_1/bd/finn_design/finn_design.bda -> 4-bits/finn_build/fc/stitched_ip/finn_vivado_stitch_proj.gen/sources_1/bd/finn_design
[2026-04-21 23:56:39,370] copying /tmp/finn_dev_emanuel-hernandez/vivado_stitch_proj_c78xp0ky/finn_vivado_stitch_proj.gen/sources_1/bd/finn_design/finn_design.bxml -> 4-bits/finn_build/fc/stitched_ip/finn_vivado_stitch_proj.gen/sources_1/bd/finn_design
[2026-04-21 23:56:39,370] creating 4-bits/finn_build/fc/stitched_ip/finn_vivado_stitch_proj.gen/sources_1/bd/finn_design/hdl
[2026-04-21 23:56:39,371] copying /tmp/finn_dev_emanuel-hernandez/vivado_stitch_proj_c78xp0ky/finn_vivado_stitch_proj.gen/sources_1/bd/finn_design/hdl/finn_design_wrapper.v -> 4-bits/finn_build/fc/stitched_ip/finn_vivado_stitch_proj.gen/sources_1/bd/finn_design/hdl
[2026-04-21 23:56:39,371] creating 4-bits/finn_build/fc/stitched_ip/finn_vivado_stitch_proj.gen/sources_1/bd/finn_design/synth
[2026-04-21 23:56:39,371] copying /tmp/finn_dev_emanuel-hernandez/vivado_stitch_proj_c78xp0ky/finn_vivado_stitch_proj.gen/sources_1/bd/finn_design/synth/finn_design.hwdef -> 4-bits/finn_build/fc/stitched_ip/finn_vivado_stitch_proj.gen/sources_1/bd/finn_design/synth
[2026-04-21 23:56:39,371] copying /tmp/finn_dev_emanuel-hernandez/vivado_stitch_proj_c78xp0ky/finn_vivado_stitch_proj.gen/sources_1/bd/finn_design/synth/finn_design.v -> 4-bits/finn_build/fc/stitched_ip/finn_vivado_stitch_proj.gen/sources_1/bd/finn_design/synth
[2026-04-21 23:56:39,371] creating 4-bits/finn_build/fc/stitched_ip/finn_vivado_stitch_proj.gen/sources_1/bd/finn_design/hw_handoff
[2026-04-21 23:56:39,371] copying /tmp/finn_dev_emanuel-hernandez/vivado_stitch_proj_c78xp0ky/finn_vivado_stitch_proj.gen/sources_1/bd/finn_design/hw_handoff/finn_design.hwh -> 4-bits/finn_build/fc/stitched_ip/finn_vivado_stitch_proj.gen/sources_1/bd/finn_design/hw_handoff
[2026-04-21 23:56:39,371] creating 4-bits/finn_build/fc/stitched_ip/finn_vivado_stitch_proj.ip_user_files
[2026-04-21 23:56:39,371] creating 4-bits/finn_build/fc/stitched_ip/finn_vivado_stitch_proj.srcs
[2026-04-21 23:56:39,371] creating 4-bits/finn_build/fc/stitched_ip/finn_vivado_stitch_proj.srcs/sources_1
[2026-04-21 23:56:39,371] creating 4-bits/finn_build/fc/stitched_ip/finn_vivado_stitch_proj.srcs/sources_1/bd
[2026-04-21 23:56:39,371] creating 4-bits/finn_build/fc/stitched_ip/finn_vivado_stitch_proj.srcs/sources_1/bd/finn_design
[2026-04-21 23:56:39,371] copying /tmp/finn_dev_emanuel-hernandez/vivado_stitch_proj_c78xp0ky/finn_vivado_stitch_proj.srcs/sources_1/bd/finn_design/finn_design.bd -> 4-bits/finn_build/fc/stitched_ip/finn_vivado_stitch_proj.srcs/sources_1/bd/finn_design
[2026-04-21 23:56:39,371] creating 4-bits/finn_build/fc/stitched_ip/finn_vivado_stitch_proj.srcs/sources_1/bd/finn_design/ip
[2026-04-21 23:56:39,371] creating 4-bits/finn_build/fc/stitched_ip/finn_vivado_stitch_proj.srcs/sources_1/bd/finn_design/ip/finn_design_MVAU_rtl_0_wstrm_0
[2026-04-21 23:56:39,371] copying /tmp/finn_dev_emanuel-hernandez/vivado_stitch_proj_c78xp0ky/finn_vivado_stitch_proj.srcs/sources_1/bd/finn_design/ip/finn_design_MVAU_rtl_0_wstrm_0/finn_design_MVAU_rtl_0_wstrm_0.xci -> 4-bits/finn_build/fc/stitched_ip/finn_vivado_stitch_proj.srcs/sources_1/bd/finn_design/ip/finn_design_MVAU_rtl_0_wstrm_0
[2026-04-21 23:56:39,371] creating 4-bits/finn_build/fc/stitched_ip/finn_vivado_stitch_proj.srcs/sources_1/bd/finn_design/ip/finn_design_MVAU_hls_1_wstrm_0
[2026-04-21 23:56:39,371] copying /tmp/finn_dev_emanuel-hernandez/vivado_stitch_proj_c78xp0ky/finn_vivado_stitch_proj.srcs/sources_1/bd/finn_design/ip/finn_design_MVAU_hls_1_wstrm_0/finn_design_MVAU_hls_1_wstrm_0.xci -> 4-bits/finn_build/fc/stitched_ip/finn_vivado_stitch_proj.srcs/sources_1/bd/finn_design/ip/finn_design_MVAU_hls_1_wstrm_0
[2026-04-21 23:56:39,372] creating 4-bits/finn_build/fc/stitched_ip/finn_vivado_stitch_proj.srcs/sources_1/bd/finn_design/ip/finn_design_StreamingFIFO_rtl_2_0
[2026-04-21 23:56:39,372] copying /tmp/finn_dev_emanuel-hernandez/vivado_stitch_proj_c78xp0ky/finn_vivado_stitch_proj.srcs/sources_1/bd/finn_design/ip/finn_design_StreamingFIFO_rtl_2_0/finn_design_StreamingFIFO_rtl_2_0.xci -> 4-bits/finn_build/fc/stitched_ip/finn_vivado_stitch_proj.srcs/sources_1/bd/finn_design/ip/finn_design_StreamingFIFO_rtl_2_0
[2026-04-21 23:56:39,372] creating 4-bits/finn_build/fc/stitched_ip/finn_vivado_stitch_proj.srcs/sources_1/bd/finn_design/ip/finn_design_MVAU_hls_0_0
[2026-04-21 23:56:39,372] copying /tmp/finn_dev_emanuel-hernandez/vivado_stitch_proj_c78xp0ky/finn_vivado_stitch_proj.srcs/sources_1/bd/finn_design/ip/finn_design_MVAU_hls_0_0/finn_design_MVAU_hls_0_0.xci -> 4-bits/finn_build/fc/stitched_ip/finn_vivado_stitch_proj.srcs/sources_1/bd/finn_design/ip/finn_design_MVAU_hls_0_0
[2026-04-21 23:56:39,372] creating 4-bits/finn_build/fc/stitched_ip/finn_vivado_stitch_proj.srcs/sources_1/bd/finn_design/ip/finn_design_MVAU_rtl_0_0
[2026-04-21 23:56:39,372] copying /tmp/finn_dev_emanuel-hernandez/vivado_stitch_proj_c78xp0ky/finn_vivado_stitch_proj.srcs/sources_1/bd/finn_design/ip/finn_design_MVAU_rtl_0_0/finn_design_MVAU_rtl_0_0.xci -> 4-bits/finn_build/fc/stitched_ip/finn_vivado_stitch_proj.srcs/sources_1/bd/finn_design/ip/finn_design_MVAU_rtl_0_0
[2026-04-21 23:56:39,372] creating 4-bits/finn_build/fc/stitched_ip/finn_vivado_stitch_proj.srcs/sources_1/bd/finn_design/ip/finn_design_StreamingFIFO_rtl_1_0
[2026-04-21 23:56:39,372] copying /tmp/finn_dev_emanuel-hernandez/vivado_stitch_proj_c78xp0ky/finn_vivado_stitch_proj.srcs/sources_1/bd/finn_design/ip/finn_design_StreamingFIFO_rtl_1_0/finn_design_StreamingFIFO_rtl_1_0.xci -> 4-bits/finn_build/fc/stitched_ip/finn_vivado_stitch_proj.srcs/sources_1/bd/finn_design/ip/finn_design_StreamingFIFO_rtl_1_0
[2026-04-21 23:56:39,372] creating 4-bits/finn_build/fc/stitched_ip/finn_vivado_stitch_proj.srcs/sources_1/bd/finn_design/ip/finn_design_MVAU_hls_0_wstrm_0
[2026-04-21 23:56:39,372] copying /tmp/finn_dev_emanuel-hernandez/vivado_stitch_proj_c78xp0ky/finn_vivado_stitch_proj.srcs/sources_1/bd/finn_design/ip/finn_design_MVAU_hls_0_wstrm_0/finn_design_MVAU_hls_0_wstrm_0.xci -> 4-bits/finn_build/fc/stitched_ip/finn_vivado_stitch_proj.srcs/sources_1/bd/finn_design/ip/finn_design_MVAU_hls_0_wstrm_0
[2026-04-21 23:56:39,372] creating 4-bits/finn_build/fc/stitched_ip/finn_vivado_stitch_proj.srcs/sources_1/bd/finn_design/ip/finn_design_MVAU_hls_1_0
[2026-04-21 23:56:39,372] copying /tmp/finn_dev_emanuel-hernandez/vivado_stitch_proj_c78xp0ky/finn_vivado_stitch_proj.srcs/sources_1/bd/finn_design/ip/finn_design_MVAU_hls_1_0/finn_design_MVAU_hls_1_0.xci -> 4-bits/finn_build/fc/stitched_ip/finn_vivado_stitch_proj.srcs/sources_1/bd/finn_design/ip/finn_design_MVAU_hls_1_0
[2026-04-21 23:56:39,372] creating 4-bits/finn_build/fc/stitched_ip/finn_vivado_stitch_proj.srcs/sources_1/bd/finn_design/ip/finn_design_StreamingFIFO_rtl_0_0
[2026-04-21 23:56:39,372] copying /tmp/finn_dev_emanuel-hernandez/vivado_stitch_proj_c78xp0ky/finn_vivado_stitch_proj.srcs/sources_1/bd/finn_design/ip/finn_design_StreamingFIFO_rtl_0_0/finn_design_StreamingFIFO_rtl_0_0.xci -> 4-bits/finn_build/fc/stitched_ip/finn_vivado_stitch_proj.srcs/sources_1/bd/finn_design/ip/finn_design_StreamingFIFO_rtl_0_0
[2026-04-21 23:56:39,372] creating 4-bits/finn_build/fc/stitched_ip/finn_vivado_stitch_proj.srcs/sources_1/bd/finn_design/ip/finn_design_StreamingFIFO_rtl_3_0
[2026-04-21 23:56:39,372] copying /tmp/finn_dev_emanuel-hernandez/vivado_stitch_proj_c78xp0ky/finn_vivado_stitch_proj.srcs/sources_1/bd/finn_design/ip/finn_design_StreamingFIFO_rtl_3_0/finn_design_StreamingFIFO_rtl_3_0.xci -> 4-bits/finn_build/fc/stitched_ip/finn_vivado_stitch_proj.srcs/sources_1/bd/finn_design/ip/finn_design_StreamingFIFO_rtl_3_0
[2026-04-21 23:56:39,372] copying /tmp/finn_dev_emanuel-hernandez/vivado_stitch_proj_c78xp0ky/finn_vivado_stitch_proj.srcs/sources_1/bd/finn_design/finn_design.bda -> 4-bits/finn_build/fc/stitched_ip/finn_vivado_stitch_proj.srcs/sources_1/bd/finn_design
[2026-04-21 23:56:39,372] Vivado stitched IP written into 4-bits/finn_build/fc/stitched_ip
[2026-04-21 23:56:39,373] Running step: step_measure_rtlsim_performance [15/18]
[2026-04-21 23:56:39,374] rtlsim_use_vivado_comps is enabled, may yield incorrect results
[2026-04-21 23:56:39,861] %Warning-PINMISSING: /tmp/finn_dev_emanuel-hernandez/vivado_stitch_proj_c78xp0ky/finn_design_wrapper.v:3010:34: Cell has missing pin: 'awready'
[2026-04-21 23:56:39,861]  3010 |   finn_design_MVAU_hls_0_wstrm_0 MVAU_hls_0_wstrm
[2026-04-21 23:56:39,861]       |                                  ^~~~~~~~~~~~~~~~
[2026-04-21 23:56:39,861]                      ... For warning description see https://verilator.org/warn/PINMISSING?v=4.224
[2026-04-21 23:56:39,861]                      ... Use "/* verilator lint_off PINMISSING */" and lint_on around source to disable this message.
[2026-04-21 23:56:39,861] %Warning-PINMISSING: /tmp/finn_dev_emanuel-hernandez/vivado_stitch_proj_c78xp0ky/finn_design_wrapper.v:3010:34: Cell has missing pin: 'wready'
[2026-04-21 23:56:39,861]  3010 |   finn_design_MVAU_hls_0_wstrm_0 MVAU_hls_0_wstrm
[2026-04-21 23:56:39,861]       |                                  ^~~~~~~~~~~~~~~~
[2026-04-21 23:56:39,861] %Warning-PINMISSING: /tmp/finn_dev_emanuel-hernandez/vivado_stitch_proj_c78xp0ky/finn_design_wrapper.v:3010:34: Cell has missing pin: 'bvalid'
[2026-04-21 23:56:39,861]  3010 |   finn_design_MVAU_hls_0_wstrm_0 MVAU_hls_0_wstrm
[2026-04-21 23:56:39,861]       |                                  ^~~~~~~~~~~~~~~~
[2026-04-21 23:56:39,861] %Warning-PINMISSING: /tmp/finn_dev_emanuel-hernandez/vivado_stitch_proj_c78xp0ky/finn_design_wrapper.v:3010:34: Cell has missing pin: 'bresp'
[2026-04-21 23:56:39,861]  3010 |   finn_design_MVAU_hls_0_wstrm_0 MVAU_hls_0_wstrm
[2026-04-21 23:56:39,861]       |                                  ^~~~~~~~~~~~~~~~
[2026-04-21 23:56:39,861] %Warning-PINMISSING: /tmp/finn_dev_emanuel-hernandez/vivado_stitch_proj_c78xp0ky/finn_design_wrapper.v:3010:34: Cell has missing pin: 'arready'
[2026-04-21 23:56:39,861]  3010 |   finn_design_MVAU_hls_0_wstrm_0 MVAU_hls_0_wstrm
[2026-04-21 23:56:39,861]       |                                  ^~~~~~~~~~~~~~~~
[2026-04-21 23:56:39,861] %Warning-PINMISSING: /tmp/finn_dev_emanuel-hernandez/vivado_stitch_proj_c78xp0ky/finn_design_wrapper.v:3010:34: Cell has missing pin: 'rvalid'
[2026-04-21 23:56:39,861]  3010 |   finn_design_MVAU_hls_0_wstrm_0 MVAU_hls_0_wstrm
[2026-04-21 23:56:39,861]       |                                  ^~~~~~~~~~~~~~~~
[2026-04-21 23:56:39,861] %Warning-PINMISSING: /tmp/finn_dev_emanuel-hernandez/vivado_stitch_proj_c78xp0ky/finn_design_wrapper.v:3010:34: Cell has missing pin: 'rresp'
[2026-04-21 23:56:39,861]  3010 |   finn_design_MVAU_hls_0_wstrm_0 MVAU_hls_0_wstrm
[2026-04-21 23:56:39,861]       |                                  ^~~~~~~~~~~~~~~~
[2026-04-21 23:56:39,861] %Warning-PINMISSING: /tmp/finn_dev_emanuel-hernandez/vivado_stitch_proj_c78xp0ky/finn_design_wrapper.v:3010:34: Cell has missing pin: 'rdata'
[2026-04-21 23:56:39,861]  3010 |   finn_design_MVAU_hls_0_wstrm_0 MVAU_hls_0_wstrm
[2026-04-21 23:56:39,861]       |                                  ^~~~~~~~~~~~~~~~
[2026-04-21 23:56:39,861] %Warning-PINMISSING: /tmp/finn_dev_emanuel-hernandez/vivado_stitch_proj_c78xp0ky/finn_design_wrapper.v:3079:34: Cell has missing pin: 'awready'
[2026-04-21 23:56:39,861]  3079 |   finn_design_MVAU_hls_1_wstrm_0 MVAU_hls_1_wstrm
[2026-04-21 23:56:39,861]       |                                  ^~~~~~~~~~~~~~~~
[2026-04-21 23:56:39,861] %Warning-PINMISSING: /tmp/finn_dev_emanuel-hernandez/vivado_stitch_proj_c78xp0ky/finn_design_wrapper.v:3079:34: Cell has missing pin: 'wready'
[2026-04-21 23:56:39,861]  3079 |   finn_design_MVAU_hls_1_wstrm_0 MVAU_hls_1_wstrm
[2026-04-21 23:56:39,861]       |                                  ^~~~~~~~~~~~~~~~
[2026-04-21 23:56:39,861] %Warning-PINMISSING: /tmp/finn_dev_emanuel-hernandez/vivado_stitch_proj_c78xp0ky/finn_design_wrapper.v:3079:34: Cell has missing pin: 'bvalid'
[2026-04-21 23:56:39,861]  3079 |   finn_design_MVAU_hls_1_wstrm_0 MVAU_hls_1_wstrm
[2026-04-21 23:56:39,861]       |                                  ^~~~~~~~~~~~~~~~
[2026-04-21 23:56:39,861] %Warning-PINMISSING: /tmp/finn_dev_emanuel-hernandez/vivado_stitch_proj_c78xp0ky/finn_design_wrapper.v:3079:34: Cell has missing pin: 'bresp'
[2026-04-21 23:56:39,861]  3079 |   finn_design_MVAU_hls_1_wstrm_0 MVAU_hls_1_wstrm
[2026-04-21 23:56:39,861]       |                                  ^~~~~~~~~~~~~~~~
[2026-04-21 23:56:39,861] %Warning-PINMISSING: /tmp/finn_dev_emanuel-hernandez/vivado_stitch_proj_c78xp0ky/finn_design_wrapper.v:3079:34: Cell has missing pin: 'arready'
[2026-04-21 23:56:39,861]  3079 |   finn_design_MVAU_hls_1_wstrm_0 MVAU_hls_1_wstrm
[2026-04-21 23:56:39,861]       |                                  ^~~~~~~~~~~~~~~~
[2026-04-21 23:56:39,861] %Warning-PINMISSING: /tmp/finn_dev_emanuel-hernandez/vivado_stitch_proj_c78xp0ky/finn_design_wrapper.v:3079:34: Cell has missing pin: 'rvalid'
[2026-04-21 23:56:39,861]  3079 |   finn_design_MVAU_hls_1_wstrm_0 MVAU_hls_1_wstrm
[2026-04-21 23:56:39,861]       |                                  ^~~~~~~~~~~~~~~~
[2026-04-21 23:56:39,861] %Warning-PINMISSING: /tmp/finn_dev_emanuel-hernandez/vivado_stitch_proj_c78xp0ky/finn_design_wrapper.v:3079:34: Cell has missing pin: 'rresp'
[2026-04-21 23:56:39,861]  3079 |   finn_design_MVAU_hls_1_wstrm_0 MVAU_hls_1_wstrm
[2026-04-21 23:56:39,861]       |                                  ^~~~~~~~~~~~~~~~
[2026-04-21 23:56:39,861] %Warning-PINMISSING: /tmp/finn_dev_emanuel-hernandez/vivado_stitch_proj_c78xp0ky/finn_design_wrapper.v:3079:34: Cell has missing pin: 'rdata'
[2026-04-21 23:56:39,861]  3079 |   finn_design_MVAU_hls_1_wstrm_0 MVAU_hls_1_wstrm
[2026-04-21 23:56:39,861]       |                                  ^~~~~~~~~~~~~~~~
[2026-04-21 23:56:39,861] %Warning-PINMISSING: /tmp/finn_dev_emanuel-hernandez/vivado_stitch_proj_c78xp0ky/finn_design_wrapper.v:3148:34: Cell has missing pin: 'awready'
[2026-04-21 23:56:39,861]  3148 |   finn_design_MVAU_rtl_0_wstrm_0 MVAU_rtl_0_wstrm
[2026-04-21 23:56:39,861]       |                                  ^~~~~~~~~~~~~~~~
[2026-04-21 23:56:39,861] %Warning-PINMISSING: /tmp/finn_dev_emanuel-hernandez/vivado_stitch_proj_c78xp0ky/finn_design_wrapper.v:3148:34: Cell has missing pin: 'wready'
[2026-04-21 23:56:39,861]  3148 |   finn_design_MVAU_rtl_0_wstrm_0 MVAU_rtl_0_wstrm
[2026-04-21 23:56:39,861]       |                                  ^~~~~~~~~~~~~~~~
[2026-04-21 23:56:39,861] %Warning-PINMISSING: /tmp/finn_dev_emanuel-hernandez/vivado_stitch_proj_c78xp0ky/finn_design_wrapper.v:3148:34: Cell has missing pin: 'bvalid'
[2026-04-21 23:56:39,861]  3148 |   finn_design_MVAU_rtl_0_wstrm_0 MVAU_rtl_0_wstrm
[2026-04-21 23:56:39,861]       |                                  ^~~~~~~~~~~~~~~~
[2026-04-21 23:56:39,861] %Warning-PINMISSING: /tmp/finn_dev_emanuel-hernandez/vivado_stitch_proj_c78xp0ky/finn_design_wrapper.v:3148:34: Cell has missing pin: 'bresp'
[2026-04-21 23:56:39,861]  3148 |   finn_design_MVAU_rtl_0_wstrm_0 MVAU_rtl_0_wstrm
[2026-04-21 23:56:39,861]       |                                  ^~~~~~~~~~~~~~~~
[2026-04-21 23:56:39,861] %Warning-PINMISSING: /tmp/finn_dev_emanuel-hernandez/vivado_stitch_proj_c78xp0ky/finn_design_wrapper.v:3148:34: Cell has missing pin: 'arready'
[2026-04-21 23:56:39,861]  3148 |   finn_design_MVAU_rtl_0_wstrm_0 MVAU_rtl_0_wstrm
[2026-04-21 23:56:39,861]       |                                  ^~~~~~~~~~~~~~~~
[2026-04-21 23:56:39,861] %Warning-PINMISSING: /tmp/finn_dev_emanuel-hernandez/vivado_stitch_proj_c78xp0ky/finn_design_wrapper.v:3148:34: Cell has missing pin: 'rvalid'
[2026-04-21 23:56:39,861]  3148 |   finn_design_MVAU_rtl_0_wstrm_0 MVAU_rtl_0_wstrm
[2026-04-21 23:56:39,861]       |                                  ^~~~~~~~~~~~~~~~
[2026-04-21 23:56:39,861] %Warning-PINMISSING: /tmp/finn_dev_emanuel-hernandez/vivado_stitch_proj_c78xp0ky/finn_design_wrapper.v:3148:34: Cell has missing pin: 'rresp'
[2026-04-21 23:56:39,861]  3148 |   finn_design_MVAU_rtl_0_wstrm_0 MVAU_rtl_0_wstrm
[2026-04-21 23:56:39,861]       |                                  ^~~~~~~~~~~~~~~~
[2026-04-21 23:56:39,861] %Warning-PINMISSING: /tmp/finn_dev_emanuel-hernandez/vivado_stitch_proj_c78xp0ky/finn_design_wrapper.v:3148:34: Cell has missing pin: 'rdata'
[2026-04-21 23:56:39,861]  3148 |   finn_design_MVAU_rtl_0_wstrm_0 MVAU_rtl_0_wstrm
[2026-04-21 23:56:39,861]       |                                  ^~~~~~~~~~~~~~~~
[2026-04-21 23:56:39,861] %Warning-PINMISSING: /tmp/finn_dev_emanuel-hernandez/vivado_stitch_proj_c78xp0ky/finn_design_wrapper.v:3248:37: Cell has missing pin: 'count'
[2026-04-21 23:56:39,861]  3248 |   finn_design_StreamingFIFO_rtl_0_0 StreamingFIFO_rtl_0
[2026-04-21 23:56:39,861]       |                                     ^~~~~~~~~~~~~~~~~~~
[2026-04-21 23:56:39,861] %Warning-PINMISSING: /tmp/finn_dev_emanuel-hernandez/vivado_stitch_proj_c78xp0ky/finn_design_wrapper.v:3248:37: Cell has missing pin: 'maxcount'
[2026-04-21 23:56:39,862]  3248 |   finn_design_StreamingFIFO_rtl_0_0 StreamingFIFO_rtl_0
[2026-04-21 23:56:39,862]       |                                     ^~~~~~~~~~~~~~~~~~~
[2026-04-21 23:56:39,862] %Warning-PINMISSING: /tmp/finn_dev_emanuel-hernandez/vivado_stitch_proj_c78xp0ky/finn_design_wrapper.v:3257:37: Cell has missing pin: 'count'
[2026-04-21 23:56:39,862]  3257 |   finn_design_StreamingFIFO_rtl_1_0 StreamingFIFO_rtl_1
[2026-04-21 23:56:39,862]       |                                     ^~~~~~~~~~~~~~~~~~~
[2026-04-21 23:56:39,862] %Warning-PINMISSING: /tmp/finn_dev_emanuel-hernandez/vivado_stitch_proj_c78xp0ky/finn_design_wrapper.v:3257:37: Cell has missing pin: 'maxcount'
[2026-04-21 23:56:39,862]  3257 |   finn_design_StreamingFIFO_rtl_1_0 StreamingFIFO_rtl_1
[2026-04-21 23:56:39,862]       |                                     ^~~~~~~~~~~~~~~~~~~
[2026-04-21 23:56:39,862] %Warning-PINMISSING: /tmp/finn_dev_emanuel-hernandez/vivado_stitch_proj_c78xp0ky/finn_design_wrapper.v:3266:37: Cell has missing pin: 'count'
[2026-04-21 23:56:39,862]  3266 |   finn_design_StreamingFIFO_rtl_2_0 StreamingFIFO_rtl_2
[2026-04-21 23:56:39,862]       |                                     ^~~~~~~~~~~~~~~~~~~
[2026-04-21 23:56:39,862] %Warning-PINMISSING: /tmp/finn_dev_emanuel-hernandez/vivado_stitch_proj_c78xp0ky/finn_design_wrapper.v:3266:37: Cell has missing pin: 'maxcount'
[2026-04-21 23:56:39,862]  3266 |   finn_design_StreamingFIFO_rtl_2_0 StreamingFIFO_rtl_2
[2026-04-21 23:56:39,862]       |                                     ^~~~~~~~~~~~~~~~~~~
[2026-04-21 23:56:39,862] %Warning-PINMISSING: /tmp/finn_dev_emanuel-hernandez/vivado_stitch_proj_c78xp0ky/finn_design_wrapper.v:3275:37: Cell has missing pin: 'count'
[2026-04-21 23:56:39,862]  3275 |   finn_design_StreamingFIFO_rtl_3_0 StreamingFIFO_rtl_3
[2026-04-21 23:56:39,862]       |                                     ^~~~~~~~~~~~~~~~~~~
[2026-04-21 23:56:39,862] %Warning-PINMISSING: /tmp/finn_dev_emanuel-hernandez/vivado_stitch_proj_c78xp0ky/finn_design_wrapper.v:3275:37: Cell has missing pin: 'maxcount'
[2026-04-21 23:56:39,862]  3275 |   finn_design_StreamingFIFO_rtl_3_0 StreamingFIFO_rtl_3
[2026-04-21 23:56:39,862]       |                                     ^~~~~~~~~~~~~~~~~~~
[2026-04-21 23:56:39,862] %Warning-TIMESCALEMOD: /home/emanuel-hernandez/finn/finn-rtllib/swg/swg_pkg.sv:32:9: Timescale missing on this module as other modules have it (IEEE 1800-2017 3.14.2.3)
[2026-04-21 23:56:39,862]    32 | package swg;
[2026-04-21 23:56:39,862]       |         ^~~
[2026-04-21 23:56:39,862]                        /tmp/finn_dev_emanuel-hernandez/vivado_stitch_proj_c78xp0ky/finn_design_wrapper.v:10:8: ... Location of module with timescale
[2026-04-21 23:56:39,862]    10 | module MVAU_hls_1_Matrix_Vector_Activate_Stream_Batch_p_ZL7threshs_5_ROM_AUTO_1R (
[2026-04-21 23:56:39,862]       |        ^~~~~~~~~~~~~~~~~~~~~~~~~~~~~~~~~~~~~~~~~~~~~~~~~~~~~~~~~~~~~~~~~~~~~~~~~
[2026-04-21 23:56:39,862] %Warning-WIDTH: /tmp/finn_dev_emanuel-hernandez/vivado_stitch_proj_c78xp0ky/finn_design_wrapper.v:1785:21: Operator VAR 'SIMD_UNEVEN' expects 1 bits on the Initial value, but Initial value's MODDIV generates 32 bits.
[2026-04-21 23:56:39,862]                                                                                                          : ... In instance finn_design_wrapper.finn_design_i.MVAU_rtl_0.MVAU_rtl_0.inst.inst
[2026-04-21 23:56:39,862]  1785 |  localparam bit     SIMD_UNEVEN = SIMD % 2
[2026-04-21 23:56:39,862]       |                     ^~~~~~~~~~~
[2026-04-21 23:56:39,862] %Warning-WIDTH: /tmp/finn_dev_emanuel-hernandez/vivado_stitch_proj_c78xp0ky/finn_design_wrapper.v:1902:69: Operator ADD expects 32 bits on the LHS, but LHS's VARREF 'PUMPED_COMPUTE' generates 1 bits.
[2026-04-21 23:56:39,862]                                                                                                          : ... In instance finn_design_wrapper.finn_design_i.MVAU_rtl_0.MVAU_rtl_0.inst.inst
[2026-04-21 23:56:39,862]  1902 |   localparam int unsigned  DSP_SIMD = EFFECTIVE_SIMD/(PUMPED_COMPUTE+1);
[2026-04-21 23:56:39,862]       |                                                                     ^
[2026-04-21 23:56:39,862] %Warning-WIDTH: /tmp/finn_dev_emanuel-hernandez/vivado_stitch_proj_c78xp0ky/finn_design_wrapper.v:2014:3: Operator GENCASE expects 144 bits on the Case expression, but Case expression's VARREF 'COMPUTE_CORE' generates 136 bits.
[2026-04-21 23:56:39,862]                                                                                                         : ... In instance finn_design_wrapper.finn_design_i.MVAU_rtl_0.MVAU_rtl_0.inst.inst
[2026-04-21 23:56:39,862]  2014 |   case(COMPUTE_CORE)
[2026-04-21 23:56:39,862]       |   ^~~~
[2026-04-21 23:56:39,862] %Warning-WIDTH: /tmp/finn_dev_emanuel-hernandez/vivado_stitch_proj_c78xp0ky/finn_design_wrapper.v:15238:11: Operator ASSIGNW expects 27 bits on the Assign RHS, but Assign RHS's SIGNED generates 4 bits.
[2026-04-21 23:56:39,862]                                                                                                           : ... In instance finn_design_wrapper.finn_design_i.MVAU_hls_0.MVAU_hls_0.inst.grp_Matrix_Vector_Activate_Stream_Batch_fu_60.mac_muladd_4s_4s_9s_9_4_1_U8.MVAU_hls_0_mac_muladd_4s_4s_9s_9_4_1_DSP48_1_U
[2026-04-21 23:56:39,862] 15238 | assign a  = $signed(in0);
[2026-04-21 23:56:39,862]       |           ^
[2026-04-21 23:56:39,862] %Warning-WIDTH: /tmp/finn_dev_emanuel-hernandez/vivado_stitch_proj_c78xp0ky/finn_design_wrapper.v:15239:11: Operator ASSIGNW expects 18 bits on the Assign RHS, but Assign RHS's SIGNED generates 4 bits.
[2026-04-21 23:56:39,862]                                                                                                           : ... In instance finn_design_wrapper.finn_design_i.MVAU_hls_0.MVAU_hls_0.inst.grp_Matrix_Vector_Activate_Stream_Batch_fu_60.mac_muladd_4s_4s_9s_9_4_1_U8.MVAU_hls_0_mac_muladd_4s_4s_9s_9_4_1_DSP48_1_U
[2026-04-21 23:56:39,862] 15239 | assign b  = $signed(in1);
[2026-04-21 23:56:39,862]       |           ^
[2026-04-21 23:56:39,862] %Warning-WIDTH: /tmp/finn_dev_emanuel-hernandez/vivado_stitch_proj_c78xp0ky/finn_design_wrapper.v:15240:11: Operator ASSIGNW expects 48 bits on the Assign RHS, but Assign RHS's SIGNED generates 9 bits.
[2026-04-21 23:56:39,862]                                                                                                           : ... In instance finn_design_wrapper.finn_design_i.MVAU_hls_0.MVAU_hls_0.inst.grp_Matrix_Vector_Activate_Stream_Batch_fu_60.mac_muladd_4s_4s_9s_9_4_1_U8.MVAU_hls_0_mac_muladd_4s_4s_9s_9_4_1_DSP48_1_U
[2026-04-21 23:56:39,862] 15240 | assign c  = $signed(in2);
[2026-04-21 23:56:39,862]       |           ^
[2026-04-21 23:56:39,862] %Warning-WIDTH: /tmp/finn_dev_emanuel-hernandez/vivado_stitch_proj_c78xp0ky/finn_design_wrapper.v:15243:19: Operator ADD expects 48 bits on the LHS, but LHS's VARREF 'm_reg' generates 45 bits.
[2026-04-21 23:56:39,862]                                                                                                           : ... In instance finn_design_wrapper.finn_design_i.MVAU_hls_0.MVAU_hls_0.inst.grp_Matrix_Vector_Activate_Stream_Batch_fu_60.mac_muladd_4s_4s_9s_9_4_1_U8.MVAU_hls_0_mac_muladd_4s_4s_9s_9_4_1_DSP48_1_U
[2026-04-21 23:56:39,862] 15243 | assign p  = m_reg + c;
[2026-04-21 23:56:39,862]       |                   ^
[2026-04-21 23:56:39,862] %Warning-WIDTH: /tmp/finn_dev_emanuel-hernandez/vivado_stitch_proj_c78xp0ky/finn_design_wrapper.v:15254:13: Operator ASSIGNW expects 9 bits on the Assign RHS, but Assign RHS's VARREF 'p_reg' generates 48 bits.
[2026-04-21 23:56:39,862]                                                                                                           : ... In instance finn_design_wrapper.finn_design_i.MVAU_hls_0.MVAU_hls_0.inst.grp_Matrix_Vector_Activate_Stream_Batch_fu_60.mac_muladd_4s_4s_9s_9_4_1_U8.MVAU_hls_0_mac_muladd_4s_4s_9s_9_4_1_DSP48_1_U
[2026-04-21 23:56:39,862] 15254 | assign dout = p_reg;
[2026-04-21 23:56:39,862]       |             ^
[2026-04-21 23:56:39,862] %Warning-WIDTH: /tmp/finn_dev_emanuel-hernandez/vivado_stitch_proj_c78xp0ky/finn_design_wrapper.v:10950:11: Operator ASSIGNW expects 27 bits on the Assign RHS, but Assign RHS's SIGNED generates 4 bits.
[2026-04-21 23:56:39,862]                                                                                                           : ... In instance finn_design_wrapper.finn_design_i.MVAU_hls_0.MVAU_hls_0.inst.grp_Matrix_Vector_Activate_Stream_Batch_fu_60.mac_muladd_4s_4s_8s_9_4_1_U5.MVAU_hls_0_mac_muladd_4s_4s_8s_9_4_1_DSP48_0_U
[2026-04-21 23:56:39,862] 10950 | assign a  = $signed(in0);
[2026-04-21 23:56:39,862]       |           ^
[2026-04-21 23:56:39,862] %Warning-WIDTH: /tmp/finn_dev_emanuel-hernandez/vivado_stitch_proj_c78xp0ky/finn_design_wrapper.v:10951:11: Operator ASSIGNW expects 18 bits on the Assign RHS, but Assign RHS's SIGNED generates 4 bits.
[2026-04-21 23:56:39,862]                                                                                                           : ... In instance finn_design_wrapper.finn_design_i.MVAU_hls_0.MVAU_hls_0.inst.grp_Matrix_Vector_Activate_Stream_Batch_fu_60.mac_muladd_4s_4s_8s_9_4_1_U5.MVAU_hls_0_mac_muladd_4s_4s_8s_9_4_1_DSP48_0_U
[2026-04-21 23:56:39,862] 10951 | assign b  = $signed(in1);
[2026-04-21 23:56:39,862]       |           ^
[2026-04-21 23:56:39,862] %Warning-WIDTH: /tmp/finn_dev_emanuel-hernandez/vivado_stitch_proj_c78xp0ky/finn_design_wrapper.v:10952:11: Operator ASSIGNW expects 48 bits on the Assign RHS, but Assign RHS's SIGNED generates 8 bits.
[2026-04-21 23:56:39,862]                                                                                                           : ... In instance finn_design_wrapper.finn_design_i.MVAU_hls_0.MVAU_hls_0.inst.grp_Matrix_Vector_Activate_Stream_Batch_fu_60.mac_muladd_4s_4s_8s_9_4_1_U5.MVAU_hls_0_mac_muladd_4s_4s_8s_9_4_1_DSP48_0_U
[2026-04-21 23:56:39,862] 10952 | assign c  = $signed(in2);
[2026-04-21 23:56:39,862]       |           ^
[2026-04-21 23:56:39,862] %Warning-WIDTH: /tmp/finn_dev_emanuel-hernandez/vivado_stitch_proj_c78xp0ky/finn_design_wrapper.v:10955:19: Operator ADD expects 48 bits on the LHS, but LHS's VARREF 'm_reg' generates 45 bits.
[2026-04-21 23:56:39,862]                                                                                                           : ... In instance finn_design_wrapper.finn_design_i.MVAU_hls_0.MVAU_hls_0.inst.grp_Matrix_Vector_Activate_Stream_Batch_fu_60.mac_muladd_4s_4s_8s_9_4_1_U5.MVAU_hls_0_mac_muladd_4s_4s_8s_9_4_1_DSP48_0_U
[2026-04-21 23:56:39,862] 10955 | assign p  = m_reg + c;
[2026-04-21 23:56:39,862]       |                   ^
[2026-04-21 23:56:39,862] %Warning-WIDTH: /tmp/finn_dev_emanuel-hernandez/vivado_stitch_proj_c78xp0ky/finn_design_wrapper.v:10966:13: Operator ASSIGNW expects 9 bits on the Assign RHS, but Assign RHS's VARREF 'p_reg' generates 48 bits.
[2026-04-21 23:56:39,862]                                                                                                           : ... In instance finn_design_wrapper.finn_design_i.MVAU_hls_0.MVAU_hls_0.inst.grp_Matrix_Vector_Activate_Stream_Batch_fu_60.mac_muladd_4s_4s_8s_9_4_1_U5.MVAU_hls_0_mac_muladd_4s_4s_8s_9_4_1_DSP48_0_U
[2026-04-21 23:56:39,862] 10966 | assign dout = p_reg;
[2026-04-21 23:56:39,862]       |             ^
[2026-04-21 23:56:39,862] %Warning-WIDTH: /tmp/finn_dev_emanuel-hernandez/vivado_stitch_proj_c78xp0ky/finn_design_wrapper.v:10374:11: Operator ASSIGNW expects 27 bits on the Assign RHS, but Assign RHS's UNSIGNED generates 4 bits.
[2026-04-21 23:56:39,862]                                                                                                           : ... In instance finn_design_wrapper.finn_design_i.MVAU_hls_1.MVAU_hls_1.inst.grp_Matrix_Vector_Activate_Stream_Batch_fu_60.mac_muladd_4ns_4s_13s_13_4_1_U2.MVAU_hls_1_mac_muladd_4ns_4s_13s_13_4_1_DSP48_0_U
[2026-04-21 23:56:39,862] 10374 | assign a  = $unsigned(in0);
[2026-04-21 23:56:39,862]       |           ^
[2026-04-21 23:56:39,862] %Warning-WIDTH: /tmp/finn_dev_emanuel-hernandez/vivado_stitch_proj_c78xp0ky/finn_design_wrapper.v:10375:11: Operator ASSIGNW expects 18 bits on the Assign RHS, but Assign RHS's SIGNED generates 4 bits.
[2026-04-21 23:56:39,862]                                                                                                           : ... In instance finn_design_wrapper.finn_design_i.MVAU_hls_1.MVAU_hls_1.inst.grp_Matrix_Vector_Activate_Stream_Batch_fu_60.mac_muladd_4ns_4s_13s_13_4_1_U2.MVAU_hls_1_mac_muladd_4ns_4s_13s_13_4_1_DSP48_0_U
[2026-04-21 23:56:39,862] 10375 | assign b  = $signed(in1);
[2026-04-21 23:56:39,862]       |           ^
[2026-04-21 23:56:39,862] %Warning-WIDTH: /tmp/finn_dev_emanuel-hernandez/vivado_stitch_proj_c78xp0ky/finn_design_wrapper.v:10376:11: Operator ASSIGNW expects 48 bits on the Assign RHS, but Assign RHS's SIGNED generates 13 bits.
[2026-04-21 23:56:39,862]                                                                                                           : ... In instance finn_design_wrapper.finn_design_i.MVAU_hls_1.MVAU_hls_1.inst.grp_Matrix_Vector_Activate_Stream_Batch_fu_60.mac_muladd_4ns_4s_13s_13_4_1_U2.MVAU_hls_1_mac_muladd_4ns_4s_13s_13_4_1_DSP48_0_U
[2026-04-21 23:56:39,862] 10376 | assign c  = $signed(in2);
[2026-04-21 23:56:39,862]       |           ^
[2026-04-21 23:56:39,862] %Warning-WIDTH: /tmp/finn_dev_emanuel-hernandez/vivado_stitch_proj_c78xp0ky/finn_design_wrapper.v:10379:19: Operator ADD expects 48 bits on the LHS, but LHS's VARREF 'm_reg' generates 45 bits.
[2026-04-21 23:56:39,862]                                                                                                           : ... In instance finn_design_wrapper.finn_design_i.MVAU_hls_1.MVAU_hls_1.inst.grp_Matrix_Vector_Activate_Stream_Batch_fu_60.mac_muladd_4ns_4s_13s_13_4_1_U2.MVAU_hls_1_mac_muladd_4ns_4s_13s_13_4_1_DSP48_0_U
[2026-04-21 23:56:39,862] 10379 | assign p  = m_reg + c;
[2026-04-21 23:56:39,862]       |                   ^
[2026-04-21 23:56:39,862] %Warning-WIDTH: /tmp/finn_dev_emanuel-hernandez/vivado_stitch_proj_c78xp0ky/finn_design_wrapper.v:10390:13: Operator ASSIGNW expects 13 bits on the Assign RHS, but Assign RHS's VARREF 'p_reg' generates 48 bits.
[2026-04-21 23:56:39,862]                                                                                                           : ... In instance finn_design_wrapper.finn_design_i.MVAU_hls_1.MVAU_hls_1.inst.grp_Matrix_Vector_Activate_Stream_Batch_fu_60.mac_muladd_4ns_4s_13s_13_4_1_U2.MVAU_hls_1_mac_muladd_4ns_4s_13s_13_4_1_DSP48_0_U
[2026-04-21 23:56:39,862] 10390 | assign dout = p_reg;
[2026-04-21 23:56:39,862]       |             ^
[2026-04-21 23:56:39,862] %Warning-WIDTH: /tmp/finn_dev_emanuel-hernandez/vivado_stitch_proj_c78xp0ky/finn_design_wrapper.v:7716:11: Operator ASSIGNW expects 27 bits on the Assign RHS, but Assign RHS's SIGNED generates 4 bits.
[2026-04-21 23:56:39,862]                                                                                                          : ... In instance finn_design_wrapper.finn_design_i.MVAU_hls_0.MVAU_hls_0.inst.grp_Matrix_Vector_Activate_Stream_Batch_fu_60.mac_muladd_4s_4s_16s_16_4_1_U9.MVAU_hls_0_mac_muladd_4s_4s_16s_16_4_1_DSP48_2_U
[2026-04-21 23:56:39,862]  7716 | assign a  = $signed(in0);
[2026-04-21 23:56:39,862]       |           ^
[2026-04-21 23:56:39,862] %Warning-WIDTH: /tmp/finn_dev_emanuel-hernandez/vivado_stitch_proj_c78xp0ky/finn_design_wrapper.v:7717:11: Operator ASSIGNW expects 18 bits on the Assign RHS, but Assign RHS's SIGNED generates 4 bits.
[2026-04-21 23:56:39,862]                                                                                                          : ... In instance finn_design_wrapper.finn_design_i.MVAU_hls_0.MVAU_hls_0.inst.grp_Matrix_Vector_Activate_Stream_Batch_fu_60.mac_muladd_4s_4s_16s_16_4_1_U9.MVAU_hls_0_mac_muladd_4s_4s_16s_16_4_1_DSP48_2_U
[2026-04-21 23:56:39,862]  7717 | assign b  = $signed(in1);
[2026-04-21 23:56:39,862]       |           ^
[2026-04-21 23:56:39,862] %Warning-WIDTH: /tmp/finn_dev_emanuel-hernandez/vivado_stitch_proj_c78xp0ky/finn_design_wrapper.v:7718:11: Operator ASSIGNW expects 48 bits on the Assign RHS, but Assign RHS's SIGNED generates 16 bits.
[2026-04-21 23:56:39,862]                                                                                                          : ... In instance finn_design_wrapper.finn_design_i.MVAU_hls_0.MVAU_hls_0.inst.grp_Matrix_Vector_Activate_Stream_Batch_fu_60.mac_muladd_4s_4s_16s_16_4_1_U9.MVAU_hls_0_mac_muladd_4s_4s_16s_16_4_1_DSP48_2_U
[2026-04-21 23:56:39,862]  7718 | assign c  = $signed(in2);
[2026-04-21 23:56:39,862]       |           ^
[2026-04-21 23:56:39,862] %Warning-WIDTH: /tmp/finn_dev_emanuel-hernandez/vivado_stitch_proj_c78xp0ky/finn_design_wrapper.v:7721:19: Operator ADD expects 48 bits on the LHS, but LHS's VARREF 'm_reg' generates 45 bits.
[2026-04-21 23:56:39,862]                                                                                                          : ... In instance finn_design_wrapper.finn_design_i.MVAU_hls_0.MVAU_hls_0.inst.grp_Matrix_Vector_Activate_Stream_Batch_fu_60.mac_muladd_4s_4s_16s_16_4_1_U9.MVAU_hls_0_mac_muladd_4s_4s_16s_16_4_1_DSP48_2_U
[2026-04-21 23:56:39,862]  7721 | assign p  = m_reg + c;
[2026-04-21 23:56:39,862]       |                   ^
[2026-04-21 23:56:39,862] %Warning-WIDTH: /tmp/finn_dev_emanuel-hernandez/vivado_stitch_proj_c78xp0ky/finn_design_wrapper.v:7732:13: Operator ASSIGNW expects 16 bits on the Assign RHS, but Assign RHS's VARREF 'p_reg' generates 48 bits.
[2026-04-21 23:56:39,862]                                                                                                          : ... In instance finn_design_wrapper.finn_design_i.MVAU_hls_0.MVAU_hls_0.inst.grp_Matrix_Vector_Activate_Stream_Batch_fu_60.mac_muladd_4s_4s_16s_16_4_1_U9.MVAU_hls_0_mac_muladd_4s_4s_16s_16_4_1_DSP48_2_U
[2026-04-21 23:56:39,862]  7732 | assign dout = p_reg;
[2026-04-21 23:56:39,862]       |             ^
[2026-04-21 23:56:39,862] %Warning-UNPACKED: /tmp/finn_dev_emanuel-hernandez/vivado_stitch_proj_c78xp0ky/finn_design_wrapper.v:10809:10: Unsupported: Unpacked struct/union
[2026-04-21 23:56:39,862]                                                                                                              : ... In instance finn_design_wrapper.finn_design_i.MVAU_rtl_0.MVAU_rtl_0_wstrm.inst.core.mem
[2026-04-21 23:56:39,863] 10809 |  typedef struct {
[2026-04-21 23:56:39,863]       |          ^~~~~~
[2026-04-21 23:56:39,863] %Warning-WIDTH: /tmp/finn_dev_emanuel-hernandez/vivado_stitch_proj_c78xp0ky/finn_design_wrapper.v:10832:36: Operator ADD expects 32 bits on the LHS, but LHS's SEL generates 10 bits.
[2026-04-21 23:56:39,863]                                                                                                           : ... In instance finn_design_wrapper.finn_design_i.MVAU_rtl_0.MVAU_rtl_0_wstrm.inst.core.mem
[2026-04-21 23:56:39,863] 10832 |   assign ptr_nxt.val = ptr_eff.val + (config_ce? 0 : !ptr_eff.lst? 1 : WRAP_INC);
[2026-04-21 23:56:39,863]       |                                    ^
[2026-04-21 23:56:39,863] %Warning-WIDTH: /tmp/finn_dev_emanuel-hernandez/vivado_stitch_proj_c78xp0ky/finn_design_wrapper.v:10832:22: Operator ASSIGNW expects 10 bits on the Assign RHS, but Assign RHS's ADD generates 32 bits.
[2026-04-21 23:56:39,863]                                                                                                           : ... In instance finn_design_wrapper.finn_design_i.MVAU_rtl_0.MVAU_rtl_0_wstrm.inst.core.mem
[2026-04-21 23:56:39,863] 10832 |   assign ptr_nxt.val = ptr_eff.val + (config_ce? 0 : !ptr_eff.lst? 1 : WRAP_INC);
[2026-04-21 23:56:39,863]       |                      ^
[2026-04-21 23:56:39,863] %Warning-WIDTH: /tmp/finn_dev_emanuel-hernandez/vivado_stitch_proj_c78xp0ky/finn_design_wrapper.v:10837:20: Operator EQ expects 32 bits on the LHS, but LHS's SEL generates 10 bits.
[2026-04-21 23:56:39,863]                                                                                                           : ... In instance finn_design_wrapper.finn_design_i.MVAU_rtl_0.MVAU_rtl_0_wstrm.inst.core.mem
[2026-04-21 23:56:39,863] 10837 |        ptr_eff.val == DEPTH-2;
[2026-04-21 23:56:39,863]       |                    ^~
[2026-04-21 23:56:39,863] %Warning-WIDTH: /tmp/finn_dev_emanuel-hernandez/vivado_stitch_proj_c78xp0ky/finn_design_wrapper.v:10860:19: Operator PATMEMBER expects 10 bits on the Pattern value, but Pattern value's VARREF 'config_address' generates 32 bits.
[2026-04-21 23:56:39,863]                                                                                                           : ... In instance finn_design_wrapper.finn_design_i.MVAU_rtl_0.MVAU_rtl_0_wstrm.inst.core.mem
[2026-04-21 23:56:39,863] 10860 |      Ptr[1] <= '{ val: config_address, lst: 'x };
[2026-04-21 23:56:39,863]       |                   ^~~
[2026-04-21 23:56:39,863] %Warning-WIDTH: /tmp/finn_dev_emanuel-hernandez/vivado_stitch_proj_c78xp0ky/finn_design_wrapper.v:3602:27: Operator ASSIGNW expects 32 bits on the Assign RHS, but Assign RHS's VARREF 'ip_rdata' generates 8 bits.
[2026-04-21 23:56:39,863]                                                                                                          : ... In instance finn_design_wrapper.finn_design_i.MVAU_rtl_0.MVAU_rtl_0_wstrm.inst.core.config_if
[2026-04-21 23:56:39,863]  3602 |     assign internal_rdata = ip_rdata;
[2026-04-21 23:56:39,863]       |                           ^
[2026-04-21 23:56:39,863] %Warning-LITENDIAN: /tmp/finn_dev_emanuel-hernandez/vivado_stitch_proj_c78xp0ky/finn_design_wrapper.v:9471:8: Little bit endian vector: left < right of bit range: [1:5]
[2026-04-21 23:56:39,863]                                                                                                             : ... In instance finn_design_wrapper.finn_design_i.MVAU_rtl_0.MVAU_rtl_0.inst.inst.blkDsp.genblk2.core
[2026-04-21 23:56:39,863]  9471 |  logic [1:5] L = '0;
[2026-04-21 23:56:39,863]       |        ^
[2026-04-21 23:56:39,863] %Warning-WIDTH: /tmp/finn_dev_emanuel-hernandez/vivado_stitch_proj_c78xp0ky/finn_design_wrapper.v:9522:18: Operator ASSIGN expects 3 bits on the Assign RHS, but Assign RHS's ARRAYSEL generates 4 bits.
[2026-04-21 23:56:39,863]                                                                                                          : ... In instance finn_design_wrapper.finn_design_i.MVAU_rtl_0.MVAU_rtl_0.inst.inst.blkDsp.genblk2.core
[2026-04-21 23:56:39,863]  9522 |       dd[ofs+:3] = ww[pe];
[2026-04-21 23:56:39,863]       |                  ^
[2026-04-21 23:56:39,863] %Warning-WIDTH: /tmp/finn_dev_emanuel-hernandez/vivado_stitch_proj_c78xp0ky/finn_design_wrapper.v:9555:29: Operator SUB expects 30 bits on the LHS, but LHS's VARREF 'dd' generates 27 bits.
[2026-04-21 23:56:39,863]                                                                                                          : ... In instance finn_design_wrapper.finn_design_i.MVAU_rtl_0.MVAU_rtl_0.inst.inst.blkDsp.genblk2.core
[2026-04-21 23:56:39,863]  9555 |      else if(en)  AD1 <= dd - aa;
[2026-04-21 23:56:39,863]       |                             ^
[2026-04-21 23:56:39,863] %Warning-WIDTH: /tmp/finn_dev_emanuel-hernandez/vivado_stitch_proj_c78xp0ky/finn_design_wrapper.v:9555:23: Operator ASSIGNDLY expects 27 bits on the Assign RHS, but Assign RHS's SUB generates 30 bits.
[2026-04-21 23:56:39,863]                                                                                                          : ... In instance finn_design_wrapper.finn_design_i.MVAU_rtl_0.MVAU_rtl_0.inst.inst.blkDsp.genblk2.core
[2026-04-21 23:56:39,863]  9555 |      else if(en)  AD1 <= dd - aa;
[2026-04-21 23:56:39,863]       |                       ^~
[2026-04-21 23:56:39,863] %Warning-WIDTH: /tmp/finn_dev_emanuel-hernandez/vivado_stitch_proj_c78xp0ky/finn_design_wrapper.v:9573:28: Operator ADD expects 48 bits on the LHS, but LHS's VARREF 'M2' generates 46 bits.
[2026-04-21 23:56:39,863]                                                                                                          : ... In instance finn_design_wrapper.finn_design_i.MVAU_rtl_0.MVAU_rtl_0.inst.inst.blkDsp.genblk2.core
[2026-04-21 23:56:39,863]  9573 |      else if(en)  P3 <= M2 + (L[3]? 0 : P3);
[2026-04-21 23:56:39,863]       |                            ^
[2026-04-21 23:56:39,863] %Warning-WIDTH: /tmp/finn_dev_emanuel-hernandez/vivado_stitch_proj_c78xp0ky/finn_design_wrapper.v:9928:20: Operator SUB expects 16 bits on the RHS, but RHS's ARRAYSEL generates 10 bits.
[2026-04-21 23:56:39,863]                                                                                                          : ... In instance finn_design_wrapper.finn_design_i.MVAU_rtl_0.MVAU_rtl_0.inst.inst.blkDsp.genblk2.core
[2026-04-21 23:56:39,863]  9928 |     Res5[3] <= up4 - hi4[2];
[2026-04-21 23:56:39,863]       |                    ^
[2026-04-21 23:56:39,863] %Warning-WIDTH: /tmp/finn_dev_emanuel-hernandez/vivado_stitch_proj_c78xp0ky/finn_design_wrapper.v:9929:59: Operator ADD expects 17 bits on the RHS, but RHS's SIGNED generates 9 bits.
[2026-04-21 23:56:39,863]                                                                                                          : ... In instance finn_design_wrapper.finn_design_i.MVAU_rtl_0.MVAU_rtl_0.inst.inst.blkDsp.genblk2.core
[2026-04-21 23:56:39,863]  9929 |     Res5[2] <= $signed({ hi4[2], {(lo_width(2)){1'b0}} }) + $signed({ 1'b0, lo4[2] }) - hi4[1];
[2026-04-21 23:56:39,863]       |                                                           ^
[2026-04-21 23:56:39,863] %Warning-WIDTH: /tmp/finn_dev_emanuel-hernandez/vivado_stitch_proj_c78xp0ky/finn_design_wrapper.v:9929:87: Operator SUB expects 17 bits on the RHS, but RHS's ARRAYSEL generates 10 bits.
[2026-04-21 23:56:39,863]                                                                                                          : ... In instance finn_design_wrapper.finn_design_i.MVAU_rtl_0.MVAU_rtl_0.inst.inst.blkDsp.genblk2.core
[2026-04-21 23:56:39,863]  9929 |     Res5[2] <= $signed({ hi4[2], {(lo_width(2)){1'b0}} }) + $signed({ 1'b0, lo4[2] }) - hi4[1];
[2026-04-21 23:56:39,863]       |                                                                                       ^
[2026-04-21 23:56:39,863] %Warning-WIDTH: /tmp/finn_dev_emanuel-hernandez/vivado_stitch_proj_c78xp0ky/finn_design_wrapper.v:9929:13: Operator ASSIGNDLY expects 16 bits on the Assign RHS, but Assign RHS's SUB generates 17 bits.
[2026-04-21 23:56:39,863]                                                                                                          : ... In instance finn_design_wrapper.finn_design_i.MVAU_rtl_0.MVAU_rtl_0.inst.inst.blkDsp.genblk2.core
[2026-04-21 23:56:39,863]  9929 |     Res5[2] <= $signed({ hi4[2], {(lo_width(2)){1'b0}} }) + $signed({ 1'b0, lo4[2] }) - hi4[1];
[2026-04-21 23:56:39,863]       |             ^~
[2026-04-21 23:56:39,863] %Warning-WIDTH: /tmp/finn_dev_emanuel-hernandez/vivado_stitch_proj_c78xp0ky/finn_design_wrapper.v:9930:59: Operator ADD expects 18 bits on the RHS, but RHS's SIGNED generates 9 bits.
[2026-04-21 23:56:39,863]                                                                                                          : ... In instance finn_design_wrapper.finn_design_i.MVAU_rtl_0.MVAU_rtl_0.inst.inst.blkDsp.genblk2.core
[2026-04-21 23:56:39,863]  9930 |     Res5[1] <= $signed({ hi4[1], {(lo_width(1)){1'b0}} }) + $signed({ 1'b0, lo4[1] }) - hi4[0];
[2026-04-21 23:56:39,863]       |                                                           ^
[2026-04-21 23:56:39,863] %Warning-WIDTH: /tmp/finn_dev_emanuel-hernandez/vivado_stitch_proj_c78xp0ky/finn_design_wrapper.v:9930:87: Operator SUB expects 18 bits on the RHS, but RHS's ARRAYSEL generates 10 bits.
[2026-04-21 23:56:39,863]                                                                                                          : ... In instance finn_design_wrapper.finn_design_i.MVAU_rtl_0.MVAU_rtl_0.inst.inst.blkDsp.genblk2.core
[2026-04-21 23:56:39,863]  9930 |     Res5[1] <= $signed({ hi4[1], {(lo_width(1)){1'b0}} }) + $signed({ 1'b0, lo4[1] }) - hi4[0];
[2026-04-21 23:56:39,863]       |                                                                                       ^
[2026-04-21 23:56:39,863] %Warning-WIDTH: /tmp/finn_dev_emanuel-hernandez/vivado_stitch_proj_c78xp0ky/finn_design_wrapper.v:9930:13: Operator ASSIGNDLY expects 16 bits on the Assign RHS, but Assign RHS's SUB generates 18 bits.
[2026-04-21 23:56:39,863]                                                                                                          : ... In instance finn_design_wrapper.finn_design_i.MVAU_rtl_0.MVAU_rtl_0.inst.inst.blkDsp.genblk2.core
[2026-04-21 23:56:39,863]  9930 |     Res5[1] <= $signed({ hi4[1], {(lo_width(1)){1'b0}} }) + $signed({ 1'b0, lo4[1] }) - hi4[0];
[2026-04-21 23:56:39,863]       |             ^~
[2026-04-21 23:56:39,863] %Warning-WIDTH: /tmp/finn_dev_emanuel-hernandez/vivado_stitch_proj_c78xp0ky/finn_design_wrapper.v:9931:59: Operator ADD expects 18 bits on the RHS, but RHS's SIGNED generates 9 bits.
[2026-04-21 23:56:39,863]                                                                                                          : ... In instance finn_design_wrapper.finn_design_i.MVAU_rtl_0.MVAU_rtl_0.inst.inst.blkDsp.genblk2.core
[2026-04-21 23:56:39,863]  9931 |     Res5[0] <= $signed({ hi4[0], {(lo_width(0)){1'b0}} }) + $signed({ 1'b0, lo4[0] });
[2026-04-21 23:56:39,863]       |                                                           ^
[2026-04-21 23:56:39,863] %Warning-WIDTH: /tmp/finn_dev_emanuel-hernandez/vivado_stitch_proj_c78xp0ky/finn_design_wrapper.v:9931:13: Operator ASSIGNDLY expects 16 bits on the Assign RHS, but Assign RHS's ADD generates 18 bits.
[2026-04-21 23:56:39,863]                                                                                                          : ... In instance finn_design_wrapper.finn_design_i.MVAU_rtl_0.MVAU_rtl_0.inst.inst.blkDsp.genblk2.core
[2026-04-21 23:56:39,863]  9931 |     Res5[0] <= $signed({ hi4[0], {(lo_width(0)){1'b0}} }) + $signed({ 1'b0, lo4[0] });
[2026-04-21 23:56:39,863]       |             ^~
[2026-04-21 23:56:39,863] %Warning-WIDTH: /tmp/finn_dev_emanuel-hernandez/vivado_stitch_proj_c78xp0ky/finn_design_wrapper.v:2773:20: Operator ADD expects 32 bits on the LHS, but LHS's VARREF 'Count' generates 6 bits.
[2026-04-21 23:56:39,863]                                                                                                          : ... In instance finn_design_wrapper.finn_design_i.MVAU_rtl_0.MVAU_rtl_0.inst.inst.activation_replay
[2026-04-21 23:56:39,863]  2773 |     Count <= Count + (Last? 2**$clog2(LEN)-LEN+1 : 1);
[2026-04-21 23:56:39,863]       |                    ^
[2026-04-21 23:56:39,863] %Warning-WIDTH: /tmp/finn_dev_emanuel-hernandez/vivado_stitch_proj_c78xp0ky/finn_design_wrapper.v:2773:11: Operator ASSIGNDLY expects 6 bits on the Assign RHS, but Assign RHS's ADD generates 32 bits.
[2026-04-21 23:56:39,863]                                                                                                          : ... In instance finn_design_wrapper.finn_design_i.MVAU_rtl_0.MVAU_rtl_0.inst.inst.activation_replay
[2026-04-21 23:56:39,863]  2773 |     Count <= Count + (Last? 2**$clog2(LEN)-LEN+1 : 1);
[2026-04-21 23:56:39,863]       |           ^~
[2026-04-21 23:56:39,863] %Warning-WIDTH: /tmp/finn_dev_emanuel-hernandez/vivado_stitch_proj_c78xp0ky/finn_design_wrapper.v:2774:26: Operator NOT expects 32 bits on the LHS, but LHS's VARREF 'Count' generates 6 bits.
[2026-04-21 23:56:39,863]                                                                                                          : ... In instance finn_design_wrapper.finn_design_i.MVAU_rtl_0.MVAU_rtl_0.inst.inst.activation_replay
[2026-04-21 23:56:39,863]  2774 |     Last  <= (((LEN-2) & ~Count) == 0) && ((LEN&1) || !Last);
[2026-04-21 23:56:39,863]       |                          ^
[2026-04-21 23:56:39,863] %Warning-WIDTH: /tmp/finn_dev_emanuel-hernandez/vivado_stitch_proj_c78xp0ky/finn_design_wrapper.v:2774:52: Logical operator LOGOR expects 1 bit on the LHS, but LHS's AND generates 32 bits.
[2026-04-21 23:56:39,863]                                                                                                          : ... In instance finn_design_wrapper.finn_design_i.MVAU_rtl_0.MVAU_rtl_0.inst.inst.activation_replay
[2026-04-21 23:56:39,863]  2774 |     Last  <= (((LEN-2) & ~Count) == 0) && ((LEN&1) || !Last);
[2026-04-21 23:56:39,863]       |                                                    ^~
[2026-04-21 23:56:39,863] %Warning-WIDTH: /tmp/finn_dev_emanuel-hernandez/vivado_stitch_proj_c78xp0ky/finn_design_wrapper.v:2803:23: Operator ADD expects 32 bits on the LHS, but LHS's VARREF 'RepCnt' generates 4 bits.
[2026-04-21 23:56:39,863]                                                                                                          : ... In instance finn_design_wrapper.finn_design_i.MVAU_rtl_0.MVAU_rtl_0.inst.inst.activation_replay
[2026-04-21 23:56:39,863]  2803 |      RepCnt <= RepCnt + (RepLst? 2**$clog2(REP)-REP+1 : 1);
[2026-04-21 23:56:39,863]       |                       ^
[2026-04-21 23:56:39,863] %Warning-WIDTH: /tmp/finn_dev_emanuel-hernandez/vivado_stitch_proj_c78xp0ky/finn_design_wrapper.v:2803:13: Operator ASSIGNDLY expects 4 bits on the Assign RHS, but Assign RHS's ADD generates 32 bits.
[2026-04-21 23:56:39,863]                                                                                                          : ... In instance finn_design_wrapper.finn_design_i.MVAU_rtl_0.MVAU_rtl_0.inst.inst.activation_replay
[2026-04-21 23:56:39,863]  2803 |      RepCnt <= RepCnt + (RepLst? 2**$clog2(REP)-REP+1 : 1);
[2026-04-21 23:56:39,863]       |             ^~
[2026-04-21 23:56:39,863] %Warning-WIDTH: /tmp/finn_dev_emanuel-hernandez/vivado_stitch_proj_c78xp0ky/finn_design_wrapper.v:2804:28: Operator NOT expects 32 bits on the LHS, but LHS's VARREF 'RepCnt' generates 4 bits.
[2026-04-21 23:56:39,863]                                                                                                          : ... In instance finn_design_wrapper.finn_design_i.MVAU_rtl_0.MVAU_rtl_0.inst.inst.activation_replay
[2026-04-21 23:56:39,863]  2804 |      RepLst <= (((REP-2) & ~RepCnt) == 0) && ((REP&1) || !RepLst);
[2026-04-21 23:56:39,863]       |                            ^
[2026-04-21 23:56:39,863] %Warning-WIDTH: /tmp/finn_dev_emanuel-hernandez/vivado_stitch_proj_c78xp0ky/finn_design_wrapper.v:2804:55: Logical operator LOGOR expects 1 bit on the LHS, but LHS's AND generates 32 bits.
[2026-04-21 23:56:39,863]                                                                                                          : ... In instance finn_design_wrapper.finn_design_i.MVAU_rtl_0.MVAU_rtl_0.inst.inst.activation_replay
[2026-04-21 23:56:39,863]  2804 |      RepLst <= (((REP-2) & ~RepCnt) == 0) && ((REP&1) || !RepLst);
[2026-04-21 23:56:39,863]       |                                                       ^~
[2026-04-21 23:56:39,863] %Warning-WIDTH: /tmp/finn_dev_emanuel-hernandez/vivado_stitch_proj_c78xp0ky/finn_design_wrapper.v:2838:17: Logical operator LOGNOT expects 1 bit on the LHS, but LHS's SHIFTR generates 7 bits.
[2026-04-21 23:56:39,863]                                                                                                          : ... In instance finn_design_wrapper.finn_design_i.MVAU_rtl_0.MVAU_rtl_0.inst.inst.activation_replay
[2026-04-21 23:56:39,863]  2838 |   assign irdy = !((WP-FP) >> AWIDTH);
[2026-04-21 23:56:39,863]       |                 ^
[2026-04-21 23:56:39,863] %Warning-WIDTH: /tmp/finn_dev_emanuel-hernandez/vivado_stitch_proj_c78xp0ky/finn_design_wrapper.v:2864:16: Operator ADD expects 32 bits on the LHS, but LHS's VARREF 'RP' generates 7 bits.
[2026-04-21 23:56:39,863]                                                                                                          : ... In instance finn_design_wrapper.finn_design_i.MVAU_rtl_0.MVAU_rtl_0.inst.inst.activation_replay
[2026-04-21 23:56:39,863]  2864 |       RP <= RP + (rewind? 2**(AWIDTH+1)-LEN+1 : 1);
[2026-04-21 23:56:39,863]       |                ^
[2026-04-21 23:56:39,863] %Warning-WIDTH: /tmp/finn_dev_emanuel-hernandez/vivado_stitch_proj_c78xp0ky/finn_design_wrapper.v:2864:10: Operator ASSIGNDLY expects 7 bits on the Assign RHS, but Assign RHS's ADD generates 32 bits.
[2026-04-21 23:56:39,864]                                                                                                          : ... In instance finn_design_wrapper.finn_design_i.MVAU_rtl_0.MVAU_rtl_0.inst.inst.activation_replay
[2026-04-21 23:56:39,864]  2864 |       RP <= RP + (rewind? 2**(AWIDTH+1)-LEN+1 : 1);
[2026-04-21 23:56:39,864]       |          ^~
[2026-04-21 23:56:39,864] %Warning-WIDTH: /tmp/finn_dev_emanuel-hernandez/vivado_stitch_proj_c78xp0ky/finn_design_wrapper.v:2865:16: Operator ADD expects 7 bits on the RHS, but RHS's VARREF 'last_rep' generates 1 bits.
[2026-04-21 23:56:39,864]                                                                                                          : ... In instance finn_design_wrapper.finn_design_i.MVAU_rtl_0.MVAU_rtl_0.inst.inst.activation_replay
[2026-04-21 23:56:39,864]  2865 |       FP <= FP + last_rep;
[2026-04-21 23:56:39,864]       |                ^
[2026-04-21 23:56:39,864] %Warning-WIDTH: /tmp/finn_dev_emanuel-hernandez/vivado_stitch_proj_c78xp0ky/finn_design_wrapper.v:10832:36: Operator ADD expects 32 bits on the LHS, but LHS's SEL generates 13 bits.
[2026-04-21 23:56:39,864]                                                                                                           : ... In instance finn_design_wrapper.finn_design_i.MVAU_hls_1.MVAU_hls_1_wstrm.inst.core.mem
[2026-04-21 23:56:39,864] 10832 |   assign ptr_nxt.val = ptr_eff.val + (config_ce? 0 : !ptr_eff.lst? 1 : WRAP_INC);
[2026-04-21 23:56:39,864]       |                                    ^
[2026-04-21 23:56:39,864] %Warning-WIDTH: /tmp/finn_dev_emanuel-hernandez/vivado_stitch_proj_c78xp0ky/finn_design_wrapper.v:10832:22: Operator ASSIGNW expects 13 bits on the Assign RHS, but Assign RHS's ADD generates 32 bits.
[2026-04-21 23:56:39,864]                                                                                                           : ... In instance finn_design_wrapper.finn_design_i.MVAU_hls_1.MVAU_hls_1_wstrm.inst.core.mem
[2026-04-21 23:56:39,864] 10832 |   assign ptr_nxt.val = ptr_eff.val + (config_ce? 0 : !ptr_eff.lst? 1 : WRAP_INC);
[2026-04-21 23:56:39,864]       |                      ^
[2026-04-21 23:56:39,864] %Warning-WIDTH: /tmp/finn_dev_emanuel-hernandez/vivado_stitch_proj_c78xp0ky/finn_design_wrapper.v:10837:20: Operator EQ expects 32 bits on the LHS, but LHS's SEL generates 13 bits.
[2026-04-21 23:56:39,864]                                                                                                           : ... In instance finn_design_wrapper.finn_design_i.MVAU_hls_1.MVAU_hls_1_wstrm.inst.core.mem
[2026-04-21 23:56:39,864] 10837 |        ptr_eff.val == DEPTH-2;
[2026-04-21 23:56:39,864]       |                    ^~
[2026-04-21 23:56:39,864] %Warning-WIDTH: /tmp/finn_dev_emanuel-hernandez/vivado_stitch_proj_c78xp0ky/finn_design_wrapper.v:10860:19: Operator PATMEMBER expects 13 bits on the Pattern value, but Pattern value's VARREF 'config_address' generates 32 bits.
[2026-04-21 23:56:39,864]                                                                                                           : ... In instance finn_design_wrapper.finn_design_i.MVAU_hls_1.MVAU_hls_1_wstrm.inst.core.mem
[2026-04-21 23:56:39,864] 10860 |      Ptr[1] <= '{ val: config_address, lst: 'x };
[2026-04-21 23:56:39,864]       |                   ^~~
[2026-04-21 23:56:39,864] %Warning-WIDTH: /tmp/finn_dev_emanuel-hernandez/vivado_stitch_proj_c78xp0ky/finn_design_wrapper.v:10832:36: Operator ADD expects 32 bits on the LHS, but LHS's SEL generates 14 bits.
[2026-04-21 23:56:39,864]                                                                                                           : ... In instance finn_design_wrapper.finn_design_i.MVAU_hls_0.MVAU_hls_0_wstrm.inst.core.mem
[2026-04-21 23:56:39,864] 10832 |   assign ptr_nxt.val = ptr_eff.val + (config_ce? 0 : !ptr_eff.lst? 1 : WRAP_INC);
[2026-04-21 23:56:39,864]       |                                    ^
[2026-04-21 23:56:39,864] %Warning-WIDTH: /tmp/finn_dev_emanuel-hernandez/vivado_stitch_proj_c78xp0ky/finn_design_wrapper.v:10832:22: Operator ASSIGNW expects 14 bits on the Assign RHS, but Assign RHS's ADD generates 32 bits.
[2026-04-21 23:56:39,864]                                                                                                           : ... In instance finn_design_wrapper.finn_design_i.MVAU_hls_0.MVAU_hls_0_wstrm.inst.core.mem
[2026-04-21 23:56:39,864] 10832 |   assign ptr_nxt.val = ptr_eff.val + (config_ce? 0 : !ptr_eff.lst? 1 : WRAP_INC);
[2026-04-21 23:56:39,864]       |                      ^
[2026-04-21 23:56:39,864] %Warning-WIDTH: /tmp/finn_dev_emanuel-hernandez/vivado_stitch_proj_c78xp0ky/finn_design_wrapper.v:10837:20: Operator EQ expects 32 bits on the LHS, but LHS's SEL generates 14 bits.
[2026-04-21 23:56:39,864]                                                                                                           : ... In instance finn_design_wrapper.finn_design_i.MVAU_hls_0.MVAU_hls_0_wstrm.inst.core.mem
[2026-04-21 23:56:39,864] 10837 |        ptr_eff.val == DEPTH-2;
[2026-04-21 23:56:39,864]       |                    ^~
[2026-04-21 23:56:39,864] %Warning-WIDTH: /tmp/finn_dev_emanuel-hernandez/vivado_stitch_proj_c78xp0ky/finn_design_wrapper.v:10860:19: Operator PATMEMBER expects 14 bits on the Pattern value, but Pattern value's VARREF 'config_address' generates 32 bits.
[2026-04-21 23:56:39,864]                                                                                                           : ... In instance finn_design_wrapper.finn_design_i.MVAU_hls_0.MVAU_hls_0_wstrm.inst.core.mem
[2026-04-21 23:56:39,864] 10860 |      Ptr[1] <= '{ val: config_address, lst: 'x };
[2026-04-21 23:56:39,864]       |                   ^~~
[2026-04-21 23:56:39,864] %Warning-WIDTH: /tmp/finn_dev_emanuel-hernandez/vivado_stitch_proj_c78xp0ky/finn_design_wrapper.v:3608:27: Operator ASSIGNW expects 32 bits on the Assign RHS, but Assign RHS's SHIFTR generates 40 bits.
[2026-04-21 23:56:39,864]                                                                                                          : ... In instance finn_design_wrapper.finn_design_i.MVAU_hls_0.MVAU_hls_0_wstrm.inst.core.config_if
[2026-04-21 23:56:39,864]  3608 |     assign internal_rdata = ip_rdata >> (internal_rfold*DATA_WIDTH);
[2026-04-21 23:56:39,864]       |                           ^
[2026-04-21 23:56:39,864] %Warning-STMTDLY: /tmp/finn_dev_emanuel-hernandez/vivado_stitch_proj_c78xp0ky/finn_design_wrapper.v:3338:2: Unsupported: Ignoring delay on this delayed statement.
[2026-04-21 23:56:39,864]                                                                                                           : ... In instance finn_design_wrapper.finn_design_i.MVAU_hls_0.MVAU_hls_0.inst.grp_Matrix_Vector_Activate_Stream_Batch_fu_60.flow_control_loop_pipe_sequential_init_U
[2026-04-21 23:56:39,864]  3338 | #0 ap_loop_init_int = 1'b1;
[2026-04-21 23:56:39,864]       |  ^
[2026-04-21 23:56:39,864] %Warning-STMTDLY: /tmp/finn_dev_emanuel-hernandez/vivado_stitch_proj_c78xp0ky/finn_design_wrapper.v:3339:2: Unsupported: Ignoring delay on this delayed statement.
[2026-04-21 23:56:39,864]                                                                                                           : ... In instance finn_design_wrapper.finn_design_i.MVAU_hls_0.MVAU_hls_0.inst.grp_Matrix_Vector_Activate_Stream_Batch_fu_60.flow_control_loop_pipe_sequential_init_U
[2026-04-21 23:56:39,864]  3339 | #0 ap_done_cache = 1'b0;
[2026-04-21 23:56:39,864]       |  ^
[2026-04-21 23:56:39,864] %Warning-STMTDLY: /tmp/finn_dev_emanuel-hernandez/vivado_stitch_proj_c78xp0ky/finn_design_wrapper.v:336:2: Unsupported: Ignoring delay on this delayed statement.
[2026-04-21 23:56:39,864]                                                                                                          : ... In instance finn_design_wrapper.finn_design_i.MVAU_hls_1.MVAU_hls_1.inst.grp_Matrix_Vector_Activate_Stream_Batch_fu_60.flow_control_loop_pipe_sequential_init_U
[2026-04-21 23:56:39,864]   336 | #0 ap_loop_init_int = 1'b1;
[2026-04-21 23:56:39,864]       |  ^
[2026-04-21 23:56:39,864] %Warning-STMTDLY: /tmp/finn_dev_emanuel-hernandez/vivado_stitch_proj_c78xp0ky/finn_design_wrapper.v:337:2: Unsupported: Ignoring delay on this delayed statement.
[2026-04-21 23:56:39,864]                                                                                                          : ... In instance finn_design_wrapper.finn_design_i.MVAU_hls_1.MVAU_hls_1.inst.grp_Matrix_Vector_Activate_Stream_Batch_fu_60.flow_control_loop_pipe_sequential_init_U
[2026-04-21 23:56:39,864]   337 | #0 ap_done_cache = 1'b0;
[2026-04-21 23:56:39,864]       |  ^
[2026-04-21 23:56:39,864] %Warning-WIDTH: /tmp/finn_dev_emanuel-hernandez/vivado_stitch_proj_c78xp0ky/finn_design_wrapper.v:7332:4: Output port connection 'ip_addr' expects 12 bits on the pin connection, but pin connection's VARREF 'config_address' generates 32 bits.
[2026-04-21 23:56:39,864]                                                                                                         : ... In instance finn_design_wrapper.finn_design_i.MVAU_rtl_0.MVAU_rtl_0_wstrm.inst.core
[2026-04-21 23:56:39,864]  7332 |   .ip_addr(config_address),
[2026-04-21 23:56:39,864]       |    ^~~~~~~
[2026-04-21 23:56:39,864] %Warning-WIDTH: /tmp/finn_dev_emanuel-hernandez/vivado_stitch_proj_c78xp0ky/finn_design_wrapper.v:1823:75: Operator EQ expects 144 bits on the LHS, but LHS's VARREF 'COMPUTE_CORE' generates 136 bits.
[2026-04-21 23:56:39,864]                                                                                                          : ... In instance finn_design_wrapper.finn_design_i.MVAU_rtl_0.MVAU_rtl_0.inst.inst
[2026-04-21 23:56:39,864]  1823 |    if (!(SIGNED_ACTIVATIONS == 1 && ACTIVATION_WIDTH == 9 && COMPUTE_CORE == "mvu_vvu_8sx9_dsp58")) begin
[2026-04-21 23:56:39,864]       |                                                                           ^~
[2026-04-21 23:56:39,864] %Warning-WIDTH: /tmp/finn_dev_emanuel-hernandez/vivado_stitch_proj_c78xp0ky/finn_design_wrapper.v:1828:20: Operator EQ expects 144 bits on the LHS, but LHS's VARREF 'COMPUTE_CORE' generates 136 bits.
[2026-04-21 23:56:39,864]                                                                                                          : ... In instance finn_design_wrapper.finn_design_i.MVAU_rtl_0.MVAU_rtl_0.inst.inst
[2026-04-21 23:56:39,864]  1828 |   if (COMPUTE_CORE == "mvu_vvu_8sx9_dsp58") begin
[2026-04-21 23:56:39,864]       |                    ^~
[2026-04-21 23:56:39,864] %Warning-WIDTH: /tmp/finn_dev_emanuel-hernandez/vivado_stitch_proj_c78xp0ky/finn_design_wrapper.v:1838:21: Operator NEQ expects 144 bits on the LHS, but LHS's VARREF 'COMPUTE_CORE' generates 136 bits.
[2026-04-21 23:56:39,864]                                                                                                          : ... In instance finn_design_wrapper.finn_design_i.MVAU_rtl_0.MVAU_rtl_0.inst.inst
[2026-04-21 23:56:39,864]  1838 |    if (COMPUTE_CORE != "mvu_vvu_8sx9_dsp58" && COMPUTE_CORE != "mvu_vvu_lut") begin
[2026-04-21 23:56:39,864]       |                     ^~
[2026-04-21 23:56:39,864] %Warning-WIDTH: /tmp/finn_dev_emanuel-hernandez/vivado_stitch_proj_c78xp0ky/finn_design_wrapper.v:1870:24: Operator ASSIGNW expects 4 bits on the Assign RHS, but Assign RHS's VARREF 's_axis_weights_tdata' generates 8 bits.
[2026-04-21 23:56:39,864]                                                                                                          : ... In instance finn_design_wrapper.finn_design_i.MVAU_rtl_0.MVAU_rtl_0.inst.inst
[2026-04-21 23:56:39,864]  1870 |  uwire  mvu_w_t  mvu_w = s_axis_weights_tdata;
[2026-04-21 23:56:39,864]       |                        ^
[2026-04-21 23:56:39,864] %Warning-WIDTH: /tmp/finn_dev_emanuel-hernandez/vivado_stitch_proj_c78xp0ky/finn_design_wrapper.v:7332:4: Output port connection 'ip_addr' expects 15 bits on the pin connection, but pin connection's VARREF 'config_address' generates 32 bits.
[2026-04-21 23:56:39,864]                                                                                                         : ... In instance finn_design_wrapper.finn_design_i.MVAU_hls_1.MVAU_hls_1_wstrm.inst.core
[2026-04-21 23:56:39,864]  7332 |   .ip_addr(config_address),
[2026-04-21 23:56:39,864]       |    ^~~~~~~
[2026-04-21 23:56:39,864] %Warning-WIDTH: /tmp/finn_dev_emanuel-hernandez/vivado_stitch_proj_c78xp0ky/finn_design_wrapper.v:7332:4: Output port connection 'ip_addr' expects 17 bits on the pin connection, but pin connection's VARREF 'config_address' generates 32 bits.
[2026-04-21 23:56:39,864]                                                                                                         : ... In instance finn_design_wrapper.finn_design_i.MVAU_hls_0.MVAU_hls_0_wstrm.inst.core
[2026-04-21 23:56:39,864]  7332 |   .ip_addr(config_address),
[2026-04-21 23:56:39,864]       |    ^~~~~~~
[2026-04-21 23:56:39,864] %Warning-STMTDLY: /tmp/finn_dev_emanuel-hernandez/vivado_stitch_proj_c78xp0ky/finn_design_wrapper.v:11919:2: Unsupported: Ignoring delay on this delayed statement.
[2026-04-21 23:56:39,864]                                                                                                            : ... In instance finn_design_wrapper.finn_design_i.MVAU_hls_0.MVAU_hls_0.inst.grp_Matrix_Vector_Activate_Stream_Batch_fu_60
[2026-04-21 23:56:39,864] 11919 | #0 ap_CS_iter0_fsm = 1'd1;
[2026-04-21 23:56:39,864]       |  ^
[2026-04-21 23:56:39,864] %Warning-STMTDLY: /tmp/finn_dev_emanuel-hernandez/vivado_stitch_proj_c78xp0ky/finn_design_wrapper.v:11920:2: Unsupported: Ignoring delay on this delayed statement.
[2026-04-21 23:56:39,864]                                                                                                            : ... In instance finn_design_wrapper.finn_design_i.MVAU_hls_0.MVAU_hls_0.inst.grp_Matrix_Vector_Activate_Stream_Batch_fu_60
[2026-04-21 23:56:39,864] 11920 | #0 ap_CS_iter1_fsm = 2'd1;
[2026-04-21 23:56:39,864]       |  ^
[2026-04-21 23:56:39,864] %Warning-STMTDLY: /tmp/finn_dev_emanuel-hernandez/vivado_stitch_proj_c78xp0ky/finn_design_wrapper.v:11921:2: Unsupported: Ignoring delay on this delayed statement.
[2026-04-21 23:56:39,864]                                                                                                            : ... In instance finn_design_wrapper.finn_design_i.MVAU_hls_0.MVAU_hls_0.inst.grp_Matrix_Vector_Activate_Stream_Batch_fu_60
[2026-04-21 23:56:39,864] 11921 | #0 ap_CS_iter2_fsm = 2'd1;
[2026-04-21 23:56:39,864]       |  ^
[2026-04-21 23:56:39,864] %Warning-STMTDLY: /tmp/finn_dev_emanuel-hernandez/vivado_stitch_proj_c78xp0ky/finn_design_wrapper.v:11922:2: Unsupported: Ignoring delay on this delayed statement.
[2026-04-21 23:56:39,864]                                                                                                            : ... In instance finn_design_wrapper.finn_design_i.MVAU_hls_0.MVAU_hls_0.inst.grp_Matrix_Vector_Activate_Stream_Batch_fu_60
[2026-04-21 23:56:39,864] 11922 | #0 ap_CS_iter3_fsm = 2'd1;
[2026-04-21 23:56:39,864]       |  ^
[2026-04-21 23:56:39,864] %Warning-STMTDLY: /tmp/finn_dev_emanuel-hernandez/vivado_stitch_proj_c78xp0ky/finn_design_wrapper.v:11923:2: Unsupported: Ignoring delay on this delayed statement.
[2026-04-21 23:56:39,864]                                                                                                            : ... In instance finn_design_wrapper.finn_design_i.MVAU_hls_0.MVAU_hls_0.inst.grp_Matrix_Vector_Activate_Stream_Batch_fu_60
[2026-04-21 23:56:39,864] 11923 | #0 ap_CS_iter4_fsm = 2'd1;
[2026-04-21 23:56:39,864]       |  ^
[2026-04-21 23:56:39,864] %Warning-STMTDLY: /tmp/finn_dev_emanuel-hernandez/vivado_stitch_proj_c78xp0ky/finn_design_wrapper.v:11924:2: Unsupported: Ignoring delay on this delayed statement.
[2026-04-21 23:56:39,864]                                                                                                            : ... In instance finn_design_wrapper.finn_design_i.MVAU_hls_0.MVAU_hls_0.inst.grp_Matrix_Vector_Activate_Stream_Batch_fu_60
[2026-04-21 23:56:39,864] 11924 | #0 ap_CS_iter5_fsm = 2'd1;
[2026-04-21 23:56:39,864]       |  ^
[2026-04-21 23:56:39,864] %Warning-STMTDLY: /tmp/finn_dev_emanuel-hernandez/vivado_stitch_proj_c78xp0ky/finn_design_wrapper.v:11925:2: Unsupported: Ignoring delay on this delayed statement.
[2026-04-21 23:56:39,864]                                                                                                            : ... In instance finn_design_wrapper.finn_design_i.MVAU_hls_0.MVAU_hls_0.inst.grp_Matrix_Vector_Activate_Stream_Batch_fu_60
[2026-04-21 23:56:39,864] 11925 | #0 ap_CS_iter6_fsm = 2'd1;
[2026-04-21 23:56:39,864]       |  ^
[2026-04-21 23:56:39,864] %Warning-STMTDLY: /tmp/finn_dev_emanuel-hernandez/vivado_stitch_proj_c78xp0ky/finn_design_wrapper.v:11926:2: Unsupported: Ignoring delay on this delayed statement.
[2026-04-21 23:56:39,864]                                                                                                            : ... In instance finn_design_wrapper.finn_design_i.MVAU_hls_0.MVAU_hls_0.inst.grp_Matrix_Vector_Activate_Stream_Batch_fu_60
[2026-04-21 23:56:39,864] 11926 | #0 ap_done_reg = 1'b0;
[2026-04-21 23:56:39,864]       |  ^
[2026-04-21 23:56:39,865] %Warning-WIDTH: /tmp/finn_dev_emanuel-hernandez/vivado_stitch_proj_c78xp0ky/finn_design_wrapper.v:13887:29: Operator ASSIGN expects 1 bits on the Assign RHS, but Assign RHS's CONST '?32?bxxxxxxxxxxxxxxxxxxxxxxxxxxxxxxxx' generates 32 bits.
[2026-04-21 23:56:39,865]                                                                                                           : ... In instance finn_design_wrapper.finn_design_i.MVAU_hls_0.MVAU_hls_0.inst.grp_Matrix_Vector_Activate_Stream_Batch_fu_60
[2026-04-21 23:56:39,865] 13887 |             ap_NS_iter0_fsm = 'bx;
[2026-04-21 23:56:39,865]       |                             ^
[2026-04-21 23:56:39,865] %Warning-WIDTH: /tmp/finn_dev_emanuel-hernandez/vivado_stitch_proj_c78xp0ky/finn_design_wrapper.v:13911:29: Operator ASSIGN expects 2 bits on the Assign RHS, but Assign RHS's CONST '?32?bxxxxxxxxxxxxxxxxxxxxxxxxxxxxxxxx' generates 32 bits.
[2026-04-21 23:56:39,865]                                                                                                           : ... In instance finn_design_wrapper.finn_design_i.MVAU_hls_0.MVAU_hls_0.inst.grp_Matrix_Vector_Activate_Stream_Batch_fu_60
[2026-04-21 23:56:39,865] 13911 |             ap_NS_iter1_fsm = 'bx;
[2026-04-21 23:56:39,865]       |                             ^
[2026-04-21 23:56:39,865] %Warning-WIDTH: /tmp/finn_dev_emanuel-hernandez/vivado_stitch_proj_c78xp0ky/finn_design_wrapper.v:13935:29: Operator ASSIGN expects 2 bits on the Assign RHS, but Assign RHS's CONST '?32?bxxxxxxxxxxxxxxxxxxxxxxxxxxxxxxxx' generates 32 bits.
[2026-04-21 23:56:39,865]                                                                                                           : ... In instance finn_design_wrapper.finn_design_i.MVAU_hls_0.MVAU_hls_0.inst.grp_Matrix_Vector_Activate_Stream_Batch_fu_60
[2026-04-21 23:56:39,865] 13935 |             ap_NS_iter2_fsm = 'bx;
[2026-04-21 23:56:39,865]       |                             ^
[2026-04-21 23:56:39,865] %Warning-WIDTH: /tmp/finn_dev_emanuel-hernandez/vivado_stitch_proj_c78xp0ky/finn_design_wrapper.v:13959:29: Operator ASSIGN expects 2 bits on the Assign RHS, but Assign RHS's CONST '?32?bxxxxxxxxxxxxxxxxxxxxxxxxxxxxxxxx' generates 32 bits.
[2026-04-21 23:56:39,865]                                                                                                           : ... In instance finn_design_wrapper.finn_design_i.MVAU_hls_0.MVAU_hls_0.inst.grp_Matrix_Vector_Activate_Stream_Batch_fu_60
[2026-04-21 23:56:39,865] 13959 |             ap_NS_iter3_fsm = 'bx;
[2026-04-21 23:56:39,865]       |                             ^
[2026-04-21 23:56:39,865] %Warning-WIDTH: /tmp/finn_dev_emanuel-hernandez/vivado_stitch_proj_c78xp0ky/finn_design_wrapper.v:13983:29: Operator ASSIGN expects 2 bits on the Assign RHS, but Assign RHS's CONST '?32?bxxxxxxxxxxxxxxxxxxxxxxxxxxxxxxxx' generates 32 bits.
[2026-04-21 23:56:39,865]                                                                                                           : ... In instance finn_design_wrapper.finn_design_i.MVAU_hls_0.MVAU_hls_0.inst.grp_Matrix_Vector_Activate_Stream_Batch_fu_60
[2026-04-21 23:56:39,865] 13983 |             ap_NS_iter4_fsm = 'bx;
[2026-04-21 23:56:39,865]       |                             ^
[2026-04-21 23:56:39,865] %Warning-WIDTH: /tmp/finn_dev_emanuel-hernandez/vivado_stitch_proj_c78xp0ky/finn_design_wrapper.v:14007:29: Operator ASSIGN expects 2 bits on the Assign RHS, but Assign RHS's CONST '?32?bxxxxxxxxxxxxxxxxxxxxxxxxxxxxxxxx' generates 32 bits.
[2026-04-21 23:56:39,865]                                                                                                           : ... In instance finn_design_wrapper.finn_design_i.MVAU_hls_0.MVAU_hls_0.inst.grp_Matrix_Vector_Activate_Stream_Batch_fu_60
[2026-04-21 23:56:39,865] 14007 |             ap_NS_iter5_fsm = 'bx;
[2026-04-21 23:56:39,865]       |                             ^
[2026-04-21 23:56:39,865] %Warning-WIDTH: /tmp/finn_dev_emanuel-hernandez/vivado_stitch_proj_c78xp0ky/finn_design_wrapper.v:14031:29: Operator ASSIGN expects 2 bits on the Assign RHS, but Assign RHS's CONST '?32?bxxxxxxxxxxxxxxxxxxxxxxxxxxxxxxxx' generates 32 bits.
[2026-04-21 23:56:39,865]                                                                                                           : ... In instance finn_design_wrapper.finn_design_i.MVAU_hls_0.MVAU_hls_0.inst.grp_Matrix_Vector_Activate_Stream_Batch_fu_60
[2026-04-21 23:56:39,865] 14031 |             ap_NS_iter6_fsm = 'bx;
[2026-04-21 23:56:39,865]       |                             ^
[2026-04-21 23:56:39,865] %Warning-WIDTH: /tmp/finn_dev_emanuel-hernandez/vivado_stitch_proj_c78xp0ky/finn_design_wrapper.v:14122:49: Unsized constant being X/Z extended to 40 bits: ?32?bxxxxxxxxxxxxxxxxxxxxxxxxxxxxxxxx
[2026-04-21 23:56:39,865]                                                                                                           : ... In instance finn_design_wrapper.finn_design_i.MVAU_hls_0.MVAU_hls_0.inst.grp_Matrix_Vector_Activate_Stream_Batch_fu_60
[2026-04-21 23:56:39,865] 14122 | assign ap_phi_reg_pp0_iter0_inElem_1_reg_1116 = 'bx;
[2026-04-21 23:56:39,865]       |                                                 ^~~
[2026-04-21 23:56:39,865] %Warning-WIDTH: /tmp/finn_dev_emanuel-hernandez/vivado_stitch_proj_c78xp0ky/finn_design_wrapper.v:14180:30: Operator ASSIGNW expects 64 bits on the Assign RHS, but Assign RHS's VARREF 'nf_2_reg_4133_pp0_iter3_reg' generates 32 bits.
[2026-04-21 23:56:39,865]                                                                                                           : ... In instance finn_design_wrapper.finn_design_i.MVAU_hls_0.MVAU_hls_0.inst.grp_Matrix_Vector_Activate_Stream_Batch_fu_60
[2026-04-21 23:56:39,865] 14180 | assign idxprom2_i_fu_2810_p1 = nf_2_reg_4133_pp0_iter3_reg;
[2026-04-21 23:56:39,865]       |                              ^
[2026-04-21 23:56:39,865] %Warning-WIDTH: /tmp/finn_dev_emanuel-hernandez/vivado_stitch_proj_c78xp0ky/finn_design_wrapper.v:14188:20: Operator ASSIGNW expects 8 bits on the Assign RHS, but Assign RHS's VARREF 'result_V_2_fu_3266_p2' generates 4 bits.
[2026-04-21 23:56:39,865]                                                                                                           : ... In instance finn_design_wrapper.finn_design_i.MVAU_hls_0.MVAU_hls_0.inst.grp_Matrix_Vector_Activate_Stream_Batch_fu_60
[2026-04-21 23:56:39,865] 14188 | assign out_V_TDATA = result_V_2_fu_3266_p2;
[2026-04-21 23:56:39,865]       |                    ^
[2026-04-21 23:56:39,865] %Warning-WIDTH: /tmp/finn_dev_emanuel-hernandez/vivado_stitch_proj_c78xp0ky/finn_design_wrapper.v:14190:32: Operator ASSIGNW expects 7 bits on the Assign RHS, but Assign RHS's VARREF 'idxprom2_i_fu_2810_p1' generates 64 bits.
[2026-04-21 23:56:39,865]                                                                                                           : ... In instance finn_design_wrapper.finn_design_i.MVAU_hls_0.MVAU_hls_0.inst.grp_Matrix_Vector_Activate_Stream_Batch_fu_60
[2026-04-21 23:56:39,865] 14190 | assign p_ZL7threshs_0_address0 = idxprom2_i_fu_2810_p1;
[2026-04-21 23:56:39,865]       |                                ^
[2026-04-21 23:56:39,865] %Warning-WIDTH: /tmp/finn_dev_emanuel-hernandez/vivado_stitch_proj_c78xp0ky/finn_design_wrapper.v:14192:33: Operator ASSIGNW expects 7 bits on the Assign RHS, but Assign RHS's VARREF 'idxprom2_i_fu_2810_p1' generates 64 bits.
[2026-04-21 23:56:39,865]                                                                                                           : ... In instance finn_design_wrapper.finn_design_i.MVAU_hls_0.MVAU_hls_0.inst.grp_Matrix_Vector_Activate_Stream_Batch_fu_60
[2026-04-21 23:56:39,865] 14192 | assign p_ZL7threshs_10_address0 = idxprom2_i_fu_2810_p1;
[2026-04-21 23:56:39,865]       |                                 ^
[2026-04-21 23:56:39,865] %Warning-WIDTH: /tmp/finn_dev_emanuel-hernandez/vivado_stitch_proj_c78xp0ky/finn_design_wrapper.v:14194:33: Operator ASSIGNW expects 7 bits on the Assign RHS, but Assign RHS's VARREF 'idxprom2_i_fu_2810_p1' generates 64 bits.
[2026-04-21 23:56:39,865]                                                                                                           : ... In instance finn_design_wrapper.finn_design_i.MVAU_hls_0.MVAU_hls_0.inst.grp_Matrix_Vector_Activate_Stream_Batch_fu_60
[2026-04-21 23:56:39,865] 14194 | assign p_ZL7threshs_11_address0 = idxprom2_i_fu_2810_p1;
[2026-04-21 23:56:39,865]       |                                 ^
[2026-04-21 23:56:39,865] %Warning-WIDTH: /tmp/finn_dev_emanuel-hernandez/vivado_stitch_proj_c78xp0ky/finn_design_wrapper.v:14196:33: Operator ASSIGNW expects 7 bits on the Assign RHS, but Assign RHS's VARREF 'idxprom2_i_fu_2810_p1' generates 64 bits.
[2026-04-21 23:56:39,865]                                                                                                           : ... In instance finn_design_wrapper.finn_design_i.MVAU_hls_0.MVAU_hls_0.inst.grp_Matrix_Vector_Activate_Stream_Batch_fu_60
[2026-04-21 23:56:39,865] 14196 | assign p_ZL7threshs_12_address0 = idxprom2_i_fu_2810_p1;
[2026-04-21 23:56:39,865]       |                                 ^
[2026-04-21 23:56:39,865] %Warning-WIDTH: /tmp/finn_dev_emanuel-hernandez/vivado_stitch_proj_c78xp0ky/finn_design_wrapper.v:14198:33: Operator ASSIGNW expects 7 bits on the Assign RHS, but Assign RHS's VARREF 'idxprom2_i_fu_2810_p1' generates 64 bits.
[2026-04-21 23:56:39,865]                                                                                                           : ... In instance finn_design_wrapper.finn_design_i.MVAU_hls_0.MVAU_hls_0.inst.grp_Matrix_Vector_Activate_Stream_Batch_fu_60
[2026-04-21 23:56:39,865] 14198 | assign p_ZL7threshs_13_address0 = idxprom2_i_fu_2810_p1;
[2026-04-21 23:56:39,865]       |                                 ^
[2026-04-21 23:56:39,865] %Warning-WIDTH: /tmp/finn_dev_emanuel-hernandez/vivado_stitch_proj_c78xp0ky/finn_design_wrapper.v:14200:33: Operator ASSIGNW expects 7 bits on the Assign RHS, but Assign RHS's VARREF 'idxprom2_i_fu_2810_p1' generates 64 bits.
[2026-04-21 23:56:39,865]                                                                                                           : ... In instance finn_design_wrapper.finn_design_i.MVAU_hls_0.MVAU_hls_0.inst.grp_Matrix_Vector_Activate_Stream_Batch_fu_60
[2026-04-21 23:56:39,865] 14200 | assign p_ZL7threshs_14_address0 = idxprom2_i_fu_2810_p1;
[2026-04-21 23:56:39,865]       |                                 ^
[2026-04-21 23:56:39,865] %Warning-WIDTH: /tmp/finn_dev_emanuel-hernandez/vivado_stitch_proj_c78xp0ky/finn_design_wrapper.v:14202:32: Operator ASSIGNW expects 7 bits on the Assign RHS, but Assign RHS's VARREF 'idxprom2_i_fu_2810_p1' generates 64 bits.
[2026-04-21 23:56:39,865]                                                                                                           : ... In instance finn_design_wrapper.finn_design_i.MVAU_hls_0.MVAU_hls_0.inst.grp_Matrix_Vector_Activate_Stream_Batch_fu_60
[2026-04-21 23:56:39,865] 14202 | assign p_ZL7threshs_1_address0 = idxprom2_i_fu_2810_p1;
[2026-04-21 23:56:39,865]       |                                ^
[2026-04-21 23:56:39,865] %Warning-WIDTH: /tmp/finn_dev_emanuel-hernandez/vivado_stitch_proj_c78xp0ky/finn_design_wrapper.v:14204:32: Operator ASSIGNW expects 7 bits on the Assign RHS, but Assign RHS's VARREF 'idxprom2_i_fu_2810_p1' generates 64 bits.
[2026-04-21 23:56:39,865]                                                                                                           : ... In instance finn_design_wrapper.finn_design_i.MVAU_hls_0.MVAU_hls_0.inst.grp_Matrix_Vector_Activate_Stream_Batch_fu_60
[2026-04-21 23:56:39,865] 14204 | assign p_ZL7threshs_2_address0 = idxprom2_i_fu_2810_p1;
[2026-04-21 23:56:39,865]       |                                ^
[2026-04-21 23:56:39,865] %Warning-WIDTH: /tmp/finn_dev_emanuel-hernandez/vivado_stitch_proj_c78xp0ky/finn_design_wrapper.v:14206:32: Operator ASSIGNW expects 7 bits on the Assign RHS, but Assign RHS's VARREF 'idxprom2_i_fu_2810_p1' generates 64 bits.
[2026-04-21 23:56:39,865]                                                                                                           : ... In instance finn_design_wrapper.finn_design_i.MVAU_hls_0.MVAU_hls_0.inst.grp_Matrix_Vector_Activate_Stream_Batch_fu_60
[2026-04-21 23:56:39,865] 14206 | assign p_ZL7threshs_3_address0 = idxprom2_i_fu_2810_p1;
[2026-04-21 23:56:39,865]       |                                ^
[2026-04-21 23:56:39,865] %Warning-WIDTH: /tmp/finn_dev_emanuel-hernandez/vivado_stitch_proj_c78xp0ky/finn_design_wrapper.v:14208:32: Operator ASSIGNW expects 7 bits on the Assign RHS, but Assign RHS's VARREF 'idxprom2_i_fu_2810_p1' generates 64 bits.
[2026-04-21 23:56:39,865]                                                                                                           : ... In instance finn_design_wrapper.finn_design_i.MVAU_hls_0.MVAU_hls_0.inst.grp_Matrix_Vector_Activate_Stream_Batch_fu_60
[2026-04-21 23:56:39,865] 14208 | assign p_ZL7threshs_4_address0 = idxprom2_i_fu_2810_p1;
[2026-04-21 23:56:39,865]       |                                ^
[2026-04-21 23:56:39,865] %Warning-WIDTH: /tmp/finn_dev_emanuel-hernandez/vivado_stitch_proj_c78xp0ky/finn_design_wrapper.v:14210:32: Operator ASSIGNW expects 7 bits on the Assign RHS, but Assign RHS's VARREF 'idxprom2_i_fu_2810_p1' generates 64 bits.
[2026-04-21 23:56:39,865]                                                                                                           : ... In instance finn_design_wrapper.finn_design_i.MVAU_hls_0.MVAU_hls_0.inst.grp_Matrix_Vector_Activate_Stream_Batch_fu_60
[2026-04-21 23:56:39,865] 14210 | assign p_ZL7threshs_5_address0 = idxprom2_i_fu_2810_p1;
[2026-04-21 23:56:39,865]       |                                ^
[2026-04-21 23:56:39,865] %Warning-WIDTH: /tmp/finn_dev_emanuel-hernandez/vivado_stitch_proj_c78xp0ky/finn_design_wrapper.v:14212:32: Operator ASSIGNW expects 7 bits on the Assign RHS, but Assign RHS's VARREF 'idxprom2_i_fu_2810_p1' generates 64 bits.
[2026-04-21 23:56:39,865]                                                                                                           : ... In instance finn_design_wrapper.finn_design_i.MVAU_hls_0.MVAU_hls_0.inst.grp_Matrix_Vector_Activate_Stream_Batch_fu_60
[2026-04-21 23:56:39,865] 14212 | assign p_ZL7threshs_6_address0 = idxprom2_i_fu_2810_p1;
[2026-04-21 23:56:39,865]       |                                ^
[2026-04-21 23:56:39,865] %Warning-WIDTH: /tmp/finn_dev_emanuel-hernandez/vivado_stitch_proj_c78xp0ky/finn_design_wrapper.v:14214:32: Operator ASSIGNW expects 7 bits on the Assign RHS, but Assign RHS's VARREF 'idxprom2_i_fu_2810_p1' generates 64 bits.
[2026-04-21 23:56:39,865]                                                                                                           : ... In instance finn_design_wrapper.finn_design_i.MVAU_hls_0.MVAU_hls_0.inst.grp_Matrix_Vector_Activate_Stream_Batch_fu_60
[2026-04-21 23:56:39,865] 14214 | assign p_ZL7threshs_7_address0 = idxprom2_i_fu_2810_p1;
[2026-04-21 23:56:39,865]       |                                ^
[2026-04-21 23:56:39,865] %Warning-WIDTH: /tmp/finn_dev_emanuel-hernandez/vivado_stitch_proj_c78xp0ky/finn_design_wrapper.v:14216:32: Operator ASSIGNW expects 7 bits on the Assign RHS, but Assign RHS's VARREF 'idxprom2_i_fu_2810_p1' generates 64 bits.
[2026-04-21 23:56:39,865]                                                                                                           : ... In instance finn_design_wrapper.finn_design_i.MVAU_hls_0.MVAU_hls_0.inst.grp_Matrix_Vector_Activate_Stream_Batch_fu_60
[2026-04-21 23:56:39,865] 14216 | assign p_ZL7threshs_8_address0 = idxprom2_i_fu_2810_p1;
[2026-04-21 23:56:39,865]       |                                ^
[2026-04-21 23:56:39,865] %Warning-WIDTH: /tmp/finn_dev_emanuel-hernandez/vivado_stitch_proj_c78xp0ky/finn_design_wrapper.v:14218:32: Operator ASSIGNW expects 7 bits on the Assign RHS, but Assign RHS's VARREF 'idxprom2_i_fu_2810_p1' generates 64 bits.
[2026-04-21 23:56:39,865]                                                                                                           : ... In instance finn_design_wrapper.finn_design_i.MVAU_hls_0.MVAU_hls_0.inst.grp_Matrix_Vector_Activate_Stream_Batch_fu_60
[2026-04-21 23:56:39,865] 14218 | assign p_ZL7threshs_9_address0 = idxprom2_i_fu_2810_p1;
[2026-04-21 23:56:39,865]       |                                ^
[2026-04-21 23:56:39,865] %Warning-WIDTH: /tmp/finn_dev_emanuel-hernandez/vivado_stitch_proj_c78xp0ky/finn_design_wrapper.v:14232:33: Operator ASSIGNW expects 16 bits on the Assign RHS, but Assign RHS's SIGNED generates 10 bits.
[2026-04-21 23:56:39,865]                                                                                                           : ... In instance finn_design_wrapper.finn_design_i.MVAU_hls_0.MVAU_hls_0.inst.grp_Matrix_Vector_Activate_Stream_Batch_fu_60
[2026-04-21 23:56:39,865] 14232 | assign sext_ln1039_1_fu_2868_p1 = $signed(p_ZL7threshs_1_q0);
[2026-04-21 23:56:39,865]       |                                 ^
[2026-04-21 23:56:39,865] %Warning-WIDTH: /tmp/finn_dev_emanuel-hernandez/vivado_stitch_proj_c78xp0ky/finn_design_wrapper.v:14234:33: Operator ASSIGNW expects 16 bits on the Assign RHS, but Assign RHS's SIGNED generates 10 bits.
[2026-04-21 23:56:39,865]                                                                                                           : ... In instance finn_design_wrapper.finn_design_i.MVAU_hls_0.MVAU_hls_0.inst.grp_Matrix_Vector_Activate_Stream_Batch_fu_60
[2026-04-21 23:56:39,865] 14234 | assign sext_ln1039_2_fu_2878_p1 = $signed(p_ZL7threshs_2_q0);
[2026-04-21 23:56:39,865]       |                                 ^
[2026-04-21 23:56:39,865] %Warning-WIDTH: /tmp/finn_dev_emanuel-hernandez/vivado_stitch_proj_c78xp0ky/finn_design_wrapper.v:14236:33: Operator ASSIGNW expects 16 bits on the Assign RHS, but Assign RHS's SIGNED generates 10 bits.
[2026-04-21 23:56:39,865]                                                                                                           : ... In instance finn_design_wrapper.finn_design_i.MVAU_hls_0.MVAU_hls_0.inst.grp_Matrix_Vector_Activate_Stream_Batch_fu_60
[2026-04-21 23:56:39,865] 14236 | assign sext_ln1039_3_fu_2888_p1 = $signed(p_ZL7threshs_3_q0);
[2026-04-21 23:56:39,865]       |                                 ^
[2026-04-21 23:56:39,865] %Warning-WIDTH: /tmp/finn_dev_emanuel-hernandez/vivado_stitch_proj_c78xp0ky/finn_design_wrapper.v:14238:31: Operator ASSIGNW expects 16 bits on the Assign RHS, but Assign RHS's SIGNED generates 10 bits.
[2026-04-21 23:56:39,865]                                                                                                           : ... In instance finn_design_wrapper.finn_design_i.MVAU_hls_0.MVAU_hls_0.inst.grp_Matrix_Vector_Activate_Stream_Batch_fu_60
[2026-04-21 23:56:39,865] 14238 | assign sext_ln1039_fu_2858_p1 = $signed(p_ZL7threshs_0_q0);
[2026-04-21 23:56:39,865]       |                               ^
[2026-04-21 23:56:39,865] %Warning-WIDTH: /tmp/finn_dev_emanuel-hernandez/vivado_stitch_proj_c78xp0ky/finn_design_wrapper.v:14240:32: Operator ASSIGNW expects 16 bits on the Assign RHS, but Assign RHS's VARREF 'grp_fu_3319_p3' generates 9 bits.
[2026-04-21 23:56:39,865]                                                                                                           : ... In instance finn_design_wrapper.finn_design_i.MVAU_hls_0.MVAU_hls_0.inst.grp_Matrix_Vector_Activate_Stream_Batch_fu_60
[2026-04-21 23:56:39,865] 14240 | assign sext_ln840_2_fu_2828_p1 = grp_fu_3319_p3;
[2026-04-21 23:56:39,865]       |                                ^
[2026-04-21 23:56:39,865] %Warning-WIDTH: /tmp/finn_dev_emanuel-hernandez/vivado_stitch_proj_c78xp0ky/finn_design_wrapper.v:14242:32: Operator ASSIGNW expects 10 bits on the Assign RHS, but Assign RHS's VARREF 'grp_fu_3301_p3' generates 9 bits.
[2026-04-21 23:56:39,865]                                                                                                           : ... In instance finn_design_wrapper.finn_design_i.MVAU_hls_0.MVAU_hls_0.inst.grp_Matrix_Vector_Activate_Stream_Batch_fu_60
[2026-04-21 23:56:39,865] 14242 | assign sext_ln840_3_fu_2836_p1 = grp_fu_3301_p3;
[2026-04-21 23:56:39,865]       |                                ^
[2026-04-21 23:56:39,865] %Warning-WIDTH: /tmp/finn_dev_emanuel-hernandez/vivado_stitch_proj_c78xp0ky/finn_design_wrapper.v:14244:32: Operator ASSIGNW expects 10 bits on the Assign RHS, but Assign RHS's VARREF 'grp_fu_3328_p3' generates 9 bits.
[2026-04-21 23:56:39,865]                                                                                                           : ... In instance finn_design_wrapper.finn_design_i.MVAU_hls_0.MVAU_hls_0.inst.grp_Matrix_Vector_Activate_Stream_Batch_fu_60
[2026-04-21 23:56:39,865] 14244 | assign sext_ln840_4_fu_2839_p1 = grp_fu_3328_p3;
[2026-04-21 23:56:39,865]       |                                ^
[2026-04-21 23:56:39,865] %Warning-WIDTH: /tmp/finn_dev_emanuel-hernandez/vivado_stitch_proj_c78xp0ky/finn_design_wrapper.v:14246:32: Operator ASSIGNW expects 16 bits on the Assign RHS, but Assign RHS's SIGNED generates 10 bits.
[2026-04-21 23:56:39,865]                                                                                                           : ... In instance finn_design_wrapper.finn_design_i.MVAU_hls_0.MVAU_hls_0.inst.grp_Matrix_Vector_Activate_Stream_Batch_fu_60
[2026-04-21 23:56:39,866] 14246 | assign sext_ln840_5_fu_2848_p1 = $signed(add_ln840_8_fu_2842_p2);
[2026-04-21 23:56:39,866]       |                                ^
[2026-04-21 23:56:39,866] %Warning-WIDTH: /tmp/finn_dev_emanuel-hernandez/vivado_stitch_proj_c78xp0ky/finn_design_wrapper.v:14282:34: Operator ASSIGNW expects 16 bits on the Assign RHS, but Assign RHS's VARREF 'p_ZL7threshs_14_q0' generates 10 bits.
[2026-04-21 23:56:39,866]                                                                                                           : ... In instance finn_design_wrapper.finn_design_i.MVAU_hls_0.MVAU_hls_0.inst.grp_Matrix_Vector_Activate_Stream_Batch_fu_60
[2026-04-21 23:56:39,866] 14282 | assign zext_ln1039_10_fu_2998_p1 = p_ZL7threshs_14_q0;
[2026-04-21 23:56:39,866]       |                                  ^
[2026-04-21 23:56:39,866] %Warning-WIDTH: /tmp/finn_dev_emanuel-hernandez/vivado_stitch_proj_c78xp0ky/finn_design_wrapper.v:14284:33: Operator ASSIGNW expects 16 bits on the Assign RHS, but Assign RHS's VARREF 'p_ZL7threshs_5_q0' generates 10 bits.
[2026-04-21 23:56:39,866]                                                                                                           : ... In instance finn_design_wrapper.finn_design_i.MVAU_hls_0.MVAU_hls_0.inst.grp_Matrix_Vector_Activate_Stream_Batch_fu_60
[2026-04-21 23:56:39,866] 14284 | assign zext_ln1039_1_fu_2908_p1 = p_ZL7threshs_5_q0;
[2026-04-21 23:56:39,866]       |                                 ^
[2026-04-21 23:56:39,866] %Warning-WIDTH: /tmp/finn_dev_emanuel-hernandez/vivado_stitch_proj_c78xp0ky/finn_design_wrapper.v:14286:33: Operator ASSIGNW expects 16 bits on the Assign RHS, but Assign RHS's VARREF 'p_ZL7threshs_6_q0' generates 10 bits.
[2026-04-21 23:56:39,866]                                                                                                           : ... In instance finn_design_wrapper.finn_design_i.MVAU_hls_0.MVAU_hls_0.inst.grp_Matrix_Vector_Activate_Stream_Batch_fu_60
[2026-04-21 23:56:39,866] 14286 | assign zext_ln1039_2_fu_2918_p1 = p_ZL7threshs_6_q0;
[2026-04-21 23:56:39,866]       |                                 ^
[2026-04-21 23:56:39,866] %Warning-WIDTH: /tmp/finn_dev_emanuel-hernandez/vivado_stitch_proj_c78xp0ky/finn_design_wrapper.v:14288:33: Operator ASSIGNW expects 16 bits on the Assign RHS, but Assign RHS's VARREF 'p_ZL7threshs_7_q0' generates 10 bits.
[2026-04-21 23:56:39,866]                                                                                                           : ... In instance finn_design_wrapper.finn_design_i.MVAU_hls_0.MVAU_hls_0.inst.grp_Matrix_Vector_Activate_Stream_Batch_fu_60
[2026-04-21 23:56:39,866] 14288 | assign zext_ln1039_3_fu_2928_p1 = p_ZL7threshs_7_q0;
[2026-04-21 23:56:39,866]       |                                 ^
[2026-04-21 23:56:39,866] %Warning-WIDTH: /tmp/finn_dev_emanuel-hernandez/vivado_stitch_proj_c78xp0ky/finn_design_wrapper.v:14290:33: Operator ASSIGNW expects 16 bits on the Assign RHS, but Assign RHS's VARREF 'p_ZL7threshs_8_q0' generates 10 bits.
[2026-04-21 23:56:39,866]                                                                                                           : ... In instance finn_design_wrapper.finn_design_i.MVAU_hls_0.MVAU_hls_0.inst.grp_Matrix_Vector_Activate_Stream_Batch_fu_60
[2026-04-21 23:56:39,866] 14290 | assign zext_ln1039_4_fu_2938_p1 = p_ZL7threshs_8_q0;
[2026-04-21 23:56:39,866]       |                                 ^
[2026-04-21 23:56:39,866] %Warning-WIDTH: /tmp/finn_dev_emanuel-hernandez/vivado_stitch_proj_c78xp0ky/finn_design_wrapper.v:14292:33: Operator ASSIGNW expects 16 bits on the Assign RHS, but Assign RHS's VARREF 'p_ZL7threshs_9_q0' generates 10 bits.
[2026-04-21 23:56:39,866]                                                                                                           : ... In instance finn_design_wrapper.finn_design_i.MVAU_hls_0.MVAU_hls_0.inst.grp_Matrix_Vector_Activate_Stream_Batch_fu_60
[2026-04-21 23:56:39,866] 14292 | assign zext_ln1039_5_fu_2948_p1 = p_ZL7threshs_9_q0;
[2026-04-21 23:56:39,866]       |                                 ^
[2026-04-21 23:56:39,866] %Warning-WIDTH: /tmp/finn_dev_emanuel-hernandez/vivado_stitch_proj_c78xp0ky/finn_design_wrapper.v:14294:33: Operator ASSIGNW expects 16 bits on the Assign RHS, but Assign RHS's VARREF 'p_ZL7threshs_10_q0' generates 10 bits.
[2026-04-21 23:56:39,866]                                                                                                           : ... In instance finn_design_wrapper.finn_design_i.MVAU_hls_0.MVAU_hls_0.inst.grp_Matrix_Vector_Activate_Stream_Batch_fu_60
[2026-04-21 23:56:39,866] 14294 | assign zext_ln1039_6_fu_2958_p1 = p_ZL7threshs_10_q0;
[2026-04-21 23:56:39,866]       |                                 ^
[2026-04-21 23:56:39,866] %Warning-WIDTH: /tmp/finn_dev_emanuel-hernandez/vivado_stitch_proj_c78xp0ky/finn_design_wrapper.v:14296:33: Operator ASSIGNW expects 16 bits on the Assign RHS, but Assign RHS's VARREF 'p_ZL7threshs_11_q0' generates 10 bits.
[2026-04-21 23:56:39,866]                                                                                                           : ... In instance finn_design_wrapper.finn_design_i.MVAU_hls_0.MVAU_hls_0.inst.grp_Matrix_Vector_Activate_Stream_Batch_fu_60
[2026-04-21 23:56:39,866] 14296 | assign zext_ln1039_7_fu_2968_p1 = p_ZL7threshs_11_q0;
[2026-04-21 23:56:39,866]       |                                 ^
[2026-04-21 23:56:39,866] %Warning-WIDTH: /tmp/finn_dev_emanuel-hernandez/vivado_stitch_proj_c78xp0ky/finn_design_wrapper.v:14298:33: Operator ASSIGNW expects 16 bits on the Assign RHS, but Assign RHS's VARREF 'p_ZL7threshs_12_q0' generates 10 bits.
[2026-04-21 23:56:39,866]                                                                                                           : ... In instance finn_design_wrapper.finn_design_i.MVAU_hls_0.MVAU_hls_0.inst.grp_Matrix_Vector_Activate_Stream_Batch_fu_60
[2026-04-21 23:56:39,866] 14298 | assign zext_ln1039_8_fu_2978_p1 = p_ZL7threshs_12_q0;
[2026-04-21 23:56:39,866]       |                                 ^
[2026-04-21 23:56:39,866] %Warning-WIDTH: /tmp/finn_dev_emanuel-hernandez/vivado_stitch_proj_c78xp0ky/finn_design_wrapper.v:14300:33: Operator ASSIGNW expects 16 bits on the Assign RHS, but Assign RHS's VARREF 'p_ZL7threshs_13_q0' generates 10 bits.
[2026-04-21 23:56:39,866]                                                                                                           : ... In instance finn_design_wrapper.finn_design_i.MVAU_hls_0.MVAU_hls_0.inst.grp_Matrix_Vector_Activate_Stream_Batch_fu_60
[2026-04-21 23:56:39,866] 14300 | assign zext_ln1039_9_fu_2988_p1 = p_ZL7threshs_13_q0;
[2026-04-21 23:56:39,866]       |                                 ^
[2026-04-21 23:56:39,866] %Warning-WIDTH: /tmp/finn_dev_emanuel-hernandez/vivado_stitch_proj_c78xp0ky/finn_design_wrapper.v:14302:31: Operator ASSIGNW expects 16 bits on the Assign RHS, but Assign RHS's VARREF 'p_ZL7threshs_4_q0' generates 9 bits.
[2026-04-21 23:56:39,866]                                                                                                           : ... In instance finn_design_wrapper.finn_design_i.MVAU_hls_0.MVAU_hls_0.inst.grp_Matrix_Vector_Activate_Stream_Batch_fu_60
[2026-04-21 23:56:39,866] 14302 | assign zext_ln1039_fu_2898_p1 = p_ZL7threshs_4_q0;
[2026-04-21 23:56:39,866]       |                               ^
[2026-04-21 23:56:39,866] %Warning-WIDTH: /tmp/finn_dev_emanuel-hernandez/vivado_stitch_proj_c78xp0ky/finn_design_wrapper.v:14304:30: Operator ASSIGNW expects 2 bits on the Assign RHS, but Assign RHS's VARREF 'result_V_fu_3013_p2' generates 1 bits.
[2026-04-21 23:56:39,866]                                                                                                           : ... In instance finn_design_wrapper.finn_design_i.MVAU_hls_0.MVAU_hls_0.inst.grp_Matrix_Vector_Activate_Stream_Batch_fu_60
[2026-04-21 23:56:39,866] 14304 | assign zext_ln215_fu_3018_p1 = result_V_fu_3013_p2;
[2026-04-21 23:56:39,866]       |                              ^
[2026-04-21 23:56:39,866] %Warning-WIDTH: /tmp/finn_dev_emanuel-hernandez/vivado_stitch_proj_c78xp0ky/finn_design_wrapper.v:14306:33: Operator ASSIGNW expects 2 bits on the Assign RHS, but Assign RHS's VARREF 'xor_ln1039_10_fu_3112_p2' generates 1 bits.
[2026-04-21 23:56:39,866]                                                                                                           : ... In instance finn_design_wrapper.finn_design_i.MVAU_hls_0.MVAU_hls_0.inst.grp_Matrix_Vector_Activate_Stream_Batch_fu_60
[2026-04-21 23:56:39,866] 14306 | assign zext_ln218_10_fu_3117_p1 = xor_ln1039_10_fu_3112_p2;
[2026-04-21 23:56:39,866]       |                                 ^
[2026-04-21 23:56:39,866] %Warning-WIDTH: /tmp/finn_dev_emanuel-hernandez/vivado_stitch_proj_c78xp0ky/finn_design_wrapper.v:14308:33: Operator ASSIGNW expects 2 bits on the Assign RHS, but Assign RHS's VARREF 'xor_ln1039_11_fu_3121_p2' generates 1 bits.
[2026-04-21 23:56:39,866]                                                                                                           : ... In instance finn_design_wrapper.finn_design_i.MVAU_hls_0.MVAU_hls_0.inst.grp_Matrix_Vector_Activate_Stream_Batch_fu_60
[2026-04-21 23:56:39,866] 14308 | assign zext_ln218_11_fu_3126_p1 = xor_ln1039_11_fu_3121_p2;
[2026-04-21 23:56:39,866]       |                                 ^
[2026-04-21 23:56:39,866] %Warning-WIDTH: /tmp/finn_dev_emanuel-hernandez/vivado_stitch_proj_c78xp0ky/finn_design_wrapper.v:14310:33: Operator ASSIGNW expects 2 bits on the Assign RHS, but Assign RHS's VARREF 'xor_ln1039_12_fu_3130_p2' generates 1 bits.
[2026-04-21 23:56:39,866]                                                                                                           : ... In instance finn_design_wrapper.finn_design_i.MVAU_hls_0.MVAU_hls_0.inst.grp_Matrix_Vector_Activate_Stream_Batch_fu_60
[2026-04-21 23:56:39,866] 14310 | assign zext_ln218_12_fu_3135_p1 = xor_ln1039_12_fu_3130_p2;
[2026-04-21 23:56:39,866]       |                                 ^
[2026-04-21 23:56:39,866] %Warning-WIDTH: /tmp/finn_dev_emanuel-hernandez/vivado_stitch_proj_c78xp0ky/finn_design_wrapper.v:14312:32: Operator ASSIGNW expects 2 bits on the Assign RHS, but Assign RHS's VARREF 'xor_ln1039_1_fu_3031_p2' generates 1 bits.
[2026-04-21 23:56:39,866]                                                                                                           : ... In instance finn_design_wrapper.finn_design_i.MVAU_hls_0.MVAU_hls_0.inst.grp_Matrix_Vector_Activate_Stream_Batch_fu_60
[2026-04-21 23:56:39,866] 14312 | assign zext_ln218_1_fu_3036_p1 = xor_ln1039_1_fu_3031_p2;
[2026-04-21 23:56:39,866]       |                                ^
[2026-04-21 23:56:39,866] %Warning-WIDTH: /tmp/finn_dev_emanuel-hernandez/vivado_stitch_proj_c78xp0ky/finn_design_wrapper.v:14314:32: Operator ASSIGNW expects 2 bits on the Assign RHS, but Assign RHS's VARREF 'xor_ln1039_2_fu_3040_p2' generates 1 bits.
[2026-04-21 23:56:39,866]                                                                                                           : ... In instance finn_design_wrapper.finn_design_i.MVAU_hls_0.MVAU_hls_0.inst.grp_Matrix_Vector_Activate_Stream_Batch_fu_60
[2026-04-21 23:56:39,866] 14314 | assign zext_ln218_2_fu_3045_p1 = xor_ln1039_2_fu_3040_p2;
[2026-04-21 23:56:39,866]       |                                ^
[2026-04-21 23:56:39,866] %Warning-WIDTH: /tmp/finn_dev_emanuel-hernandez/vivado_stitch_proj_c78xp0ky/finn_design_wrapper.v:14316:32: Operator ASSIGNW expects 2 bits on the Assign RHS, but Assign RHS's VARREF 'xor_ln1039_3_fu_3049_p2' generates 1 bits.
[2026-04-21 23:56:39,866]                                                                                                           : ... In instance finn_design_wrapper.finn_design_i.MVAU_hls_0.MVAU_hls_0.inst.grp_Matrix_Vector_Activate_Stream_Batch_fu_60
[2026-04-21 23:56:39,866] 14316 | assign zext_ln218_3_fu_3054_p1 = xor_ln1039_3_fu_3049_p2;
[2026-04-21 23:56:39,866]       |                                ^
[2026-04-21 23:56:39,866] %Warning-WIDTH: /tmp/finn_dev_emanuel-hernandez/vivado_stitch_proj_c78xp0ky/finn_design_wrapper.v:14318:32: Operator ASSIGNW expects 2 bits on the Assign RHS, but Assign RHS's VARREF 'xor_ln1039_4_fu_3058_p2' generates 1 bits.
[2026-04-21 23:56:39,866]                                                                                                           : ... In instance finn_design_wrapper.finn_design_i.MVAU_hls_0.MVAU_hls_0.inst.grp_Matrix_Vector_Activate_Stream_Batch_fu_60
[2026-04-21 23:56:39,866] 14318 | assign zext_ln218_4_fu_3063_p1 = xor_ln1039_4_fu_3058_p2;
[2026-04-21 23:56:39,866]       |                                ^
[2026-04-21 23:56:39,866] %Warning-WIDTH: /tmp/finn_dev_emanuel-hernandez/vivado_stitch_proj_c78xp0ky/finn_design_wrapper.v:14320:32: Operator ASSIGNW expects 2 bits on the Assign RHS, but Assign RHS's VARREF 'xor_ln1039_5_fu_3067_p2' generates 1 bits.
[2026-04-21 23:56:39,866]                                                                                                           : ... In instance finn_design_wrapper.finn_design_i.MVAU_hls_0.MVAU_hls_0.inst.grp_Matrix_Vector_Activate_Stream_Batch_fu_60
[2026-04-21 23:56:39,866] 14320 | assign zext_ln218_5_fu_3072_p1 = xor_ln1039_5_fu_3067_p2;
[2026-04-21 23:56:39,866]       |                                ^
[2026-04-21 23:56:39,866] %Warning-WIDTH: /tmp/finn_dev_emanuel-hernandez/vivado_stitch_proj_c78xp0ky/finn_design_wrapper.v:14322:32: Operator ASSIGNW expects 2 bits on the Assign RHS, but Assign RHS's VARREF 'xor_ln1039_6_fu_3076_p2' generates 1 bits.
[2026-04-21 23:56:39,866]                                                                                                           : ... In instance finn_design_wrapper.finn_design_i.MVAU_hls_0.MVAU_hls_0.inst.grp_Matrix_Vector_Activate_Stream_Batch_fu_60
[2026-04-21 23:56:39,866] 14322 | assign zext_ln218_6_fu_3081_p1 = xor_ln1039_6_fu_3076_p2;
[2026-04-21 23:56:39,866]       |                                ^
[2026-04-21 23:56:39,866] %Warning-WIDTH: /tmp/finn_dev_emanuel-hernandez/vivado_stitch_proj_c78xp0ky/finn_design_wrapper.v:14324:32: Operator ASSIGNW expects 2 bits on the Assign RHS, but Assign RHS's VARREF 'xor_ln1039_7_fu_3085_p2' generates 1 bits.
[2026-04-21 23:56:39,866]                                                                                                           : ... In instance finn_design_wrapper.finn_design_i.MVAU_hls_0.MVAU_hls_0.inst.grp_Matrix_Vector_Activate_Stream_Batch_fu_60
[2026-04-21 23:56:39,866] 14324 | assign zext_ln218_7_fu_3090_p1 = xor_ln1039_7_fu_3085_p2;
[2026-04-21 23:56:39,866]       |                                ^
[2026-04-21 23:56:39,866] %Warning-WIDTH: /tmp/finn_dev_emanuel-hernandez/vivado_stitch_proj_c78xp0ky/finn_design_wrapper.v:14326:32: Operator ASSIGNW expects 2 bits on the Assign RHS, but Assign RHS's VARREF 'xor_ln1039_8_fu_3094_p2' generates 1 bits.
[2026-04-21 23:56:39,866]                                                                                                           : ... In instance finn_design_wrapper.finn_design_i.MVAU_hls_0.MVAU_hls_0.inst.grp_Matrix_Vector_Activate_Stream_Batch_fu_60
[2026-04-21 23:56:39,866] 14326 | assign zext_ln218_8_fu_3099_p1 = xor_ln1039_8_fu_3094_p2;
[2026-04-21 23:56:39,866]       |                                ^
[2026-04-21 23:56:39,866] %Warning-WIDTH: /tmp/finn_dev_emanuel-hernandez/vivado_stitch_proj_c78xp0ky/finn_design_wrapper.v:14328:32: Operator ASSIGNW expects 2 bits on the Assign RHS, but Assign RHS's VARREF 'xor_ln1039_9_fu_3103_p2' generates 1 bits.
[2026-04-21 23:56:39,866]                                                                                                           : ... In instance finn_design_wrapper.finn_design_i.MVAU_hls_0.MVAU_hls_0.inst.grp_Matrix_Vector_Activate_Stream_Batch_fu_60
[2026-04-21 23:56:39,866] 14328 | assign zext_ln218_9_fu_3108_p1 = xor_ln1039_9_fu_3103_p2;
[2026-04-21 23:56:39,866]       |                                ^
[2026-04-21 23:56:39,866] %Warning-WIDTH: /tmp/finn_dev_emanuel-hernandez/vivado_stitch_proj_c78xp0ky/finn_design_wrapper.v:14330:30: Operator ASSIGNW expects 2 bits on the Assign RHS, but Assign RHS's VARREF 'xor_ln1039_fu_3022_p2' generates 1 bits.
[2026-04-21 23:56:39,866]                                                                                                           : ... In instance finn_design_wrapper.finn_design_i.MVAU_hls_0.MVAU_hls_0.inst.grp_Matrix_Vector_Activate_Stream_Batch_fu_60
[2026-04-21 23:56:39,866] 14330 | assign zext_ln218_fu_3027_p1 = xor_ln1039_fu_3022_p2;
[2026-04-21 23:56:39,866]       |                              ^
[2026-04-21 23:56:39,866] %Warning-WIDTH: /tmp/finn_dev_emanuel-hernandez/vivado_stitch_proj_c78xp0ky/finn_design_wrapper.v:14332:33: Operator ASSIGNW expects 4 bits on the Assign RHS, but Assign RHS's VARREF 'add_ln840_21_fu_3250_p2' generates 3 bits.
[2026-04-21 23:56:39,866]                                                                                                           : ... In instance finn_design_wrapper.finn_design_i.MVAU_hls_0.MVAU_hls_0.inst.grp_Matrix_Vector_Activate_Stream_Batch_fu_60
[2026-04-21 23:56:39,866] 14332 | assign zext_ln840_10_fu_3256_p1 = add_ln840_21_fu_3250_p2;
[2026-04-21 23:56:39,866]       |                                 ^
[2026-04-21 23:56:39,866] %Warning-WIDTH: /tmp/finn_dev_emanuel-hernandez/vivado_stitch_proj_c78xp0ky/finn_design_wrapper.v:14334:32: Operator ASSIGNW expects 3 bits on the Assign RHS, but Assign RHS's VARREF 'add_ln840_11_fu_3154_p2' generates 2 bits.
[2026-04-21 23:56:39,866]                                                                                                           : ... In instance finn_design_wrapper.finn_design_i.MVAU_hls_0.MVAU_hls_0.inst.grp_Matrix_Vector_Activate_Stream_Batch_fu_60
[2026-04-21 23:56:39,867] 14334 | assign zext_ln840_1_fu_3160_p1 = add_ln840_11_fu_3154_p2;
[2026-04-21 23:56:39,867]       |                                ^
[2026-04-21 23:56:39,867] %Warning-WIDTH: /tmp/finn_dev_emanuel-hernandez/vivado_stitch_proj_c78xp0ky/finn_design_wrapper.v:14336:32: Operator ASSIGNW expects 3 bits on the Assign RHS, but Assign RHS's VARREF 'add_ln840_12_fu_3164_p2' generates 2 bits.
[2026-04-21 23:56:39,867]                                                                                                           : ... In instance finn_design_wrapper.finn_design_i.MVAU_hls_0.MVAU_hls_0.inst.grp_Matrix_Vector_Activate_Stream_Batch_fu_60
[2026-04-21 23:56:39,867] 14336 | assign zext_ln840_2_fu_3170_p1 = add_ln840_12_fu_3164_p2;
[2026-04-21 23:56:39,867]       |                                ^
[2026-04-21 23:56:39,867] %Warning-WIDTH: /tmp/finn_dev_emanuel-hernandez/vivado_stitch_proj_c78xp0ky/finn_design_wrapper.v:14338:32: Operator ASSIGNW expects 3 bits on the Assign RHS, but Assign RHS's VARREF 'add_ln840_13_fu_3174_p2' generates 2 bits.
[2026-04-21 23:56:39,867]                                                                                                           : ... In instance finn_design_wrapper.finn_design_i.MVAU_hls_0.MVAU_hls_0.inst.grp_Matrix_Vector_Activate_Stream_Batch_fu_60
[2026-04-21 23:56:39,867] 14338 | assign zext_ln840_3_fu_3180_p1 = add_ln840_13_fu_3174_p2;
[2026-04-21 23:56:39,867]       |                                ^
[2026-04-21 23:56:39,867] %Warning-WIDTH: /tmp/finn_dev_emanuel-hernandez/vivado_stitch_proj_c78xp0ky/finn_design_wrapper.v:14340:32: Operator ASSIGNW expects 4 bits on the Assign RHS, but Assign RHS's VARREF 'add_ln840_15_fu_3190_p2' generates 3 bits.
[2026-04-21 23:56:39,867]                                                                                                           : ... In instance finn_design_wrapper.finn_design_i.MVAU_hls_0.MVAU_hls_0.inst.grp_Matrix_Vector_Activate_Stream_Batch_fu_60
[2026-04-21 23:56:39,867] 14340 | assign zext_ln840_4_fu_3196_p1 = add_ln840_15_fu_3190_p2;
[2026-04-21 23:56:39,867]       |                                ^
[2026-04-21 23:56:39,867] %Warning-WIDTH: /tmp/finn_dev_emanuel-hernandez/vivado_stitch_proj_c78xp0ky/finn_design_wrapper.v:14342:32: Operator ASSIGNW expects 3 bits on the Assign RHS, but Assign RHS's VARREF 'add_ln840_16_fu_3200_p2' generates 2 bits.
[2026-04-21 23:56:39,867]                                                                                                           : ... In instance finn_design_wrapper.finn_design_i.MVAU_hls_0.MVAU_hls_0.inst.grp_Matrix_Vector_Activate_Stream_Batch_fu_60
[2026-04-21 23:56:39,867] 14342 | assign zext_ln840_5_fu_3206_p1 = add_ln840_16_fu_3200_p2;
[2026-04-21 23:56:39,867]       |                                ^
[2026-04-21 23:56:39,867] %Warning-WIDTH: /tmp/finn_dev_emanuel-hernandez/vivado_stitch_proj_c78xp0ky/finn_design_wrapper.v:14344:32: Operator ASSIGNW expects 3 bits on the Assign RHS, but Assign RHS's VARREF 'add_ln840_17_fu_3210_p2' generates 2 bits.
[2026-04-21 23:56:39,867]                                                                                                           : ... In instance finn_design_wrapper.finn_design_i.MVAU_hls_0.MVAU_hls_0.inst.grp_Matrix_Vector_Activate_Stream_Batch_fu_60
[2026-04-21 23:56:39,867] 14344 | assign zext_ln840_6_fu_3216_p1 = add_ln840_17_fu_3210_p2;
[2026-04-21 23:56:39,867]       |                                ^
[2026-04-21 23:56:39,867] %Warning-WIDTH: /tmp/finn_dev_emanuel-hernandez/vivado_stitch_proj_c78xp0ky/finn_design_wrapper.v:14346:32: Operator ASSIGNW expects 4 bits on the Assign RHS, but Assign RHS's VARREF 'add_ln840_18_fu_3220_p2' generates 3 bits.
[2026-04-21 23:56:39,867]                                                                                                           : ... In instance finn_design_wrapper.finn_design_i.MVAU_hls_0.MVAU_hls_0.inst.grp_Matrix_Vector_Activate_Stream_Batch_fu_60
[2026-04-21 23:56:39,867] 14346 | assign zext_ln840_7_fu_3226_p1 = add_ln840_18_fu_3220_p2;
[2026-04-21 23:56:39,867]       |                                ^
[2026-04-21 23:56:39,867] %Warning-WIDTH: /tmp/finn_dev_emanuel-hernandez/vivado_stitch_proj_c78xp0ky/finn_design_wrapper.v:14348:32: Operator ASSIGNW expects 3 bits on the Assign RHS, but Assign RHS's VARREF 'add_ln840_19_fu_3230_p2' generates 2 bits.
[2026-04-21 23:56:39,867]                                                                                                           : ... In instance finn_design_wrapper.finn_design_i.MVAU_hls_0.MVAU_hls_0.inst.grp_Matrix_Vector_Activate_Stream_Batch_fu_60
[2026-04-21 23:56:39,867] 14348 | assign zext_ln840_8_fu_3236_p1 = add_ln840_19_fu_3230_p2;
[2026-04-21 23:56:39,867]       |                                ^
[2026-04-21 23:56:39,867] %Warning-WIDTH: /tmp/finn_dev_emanuel-hernandez/vivado_stitch_proj_c78xp0ky/finn_design_wrapper.v:14350:32: Operator ASSIGNW expects 3 bits on the Assign RHS, but Assign RHS's VARREF 'add_ln840_20_fu_3240_p2' generates 2 bits.
[2026-04-21 23:56:39,867]                                                                                                           : ... In instance finn_design_wrapper.finn_design_i.MVAU_hls_0.MVAU_hls_0.inst.grp_Matrix_Vector_Activate_Stream_Batch_fu_60
[2026-04-21 23:56:39,867] 14350 | assign zext_ln840_9_fu_3246_p1 = add_ln840_20_fu_3240_p2;
[2026-04-21 23:56:39,867]       |                                ^
[2026-04-21 23:56:39,867] %Warning-WIDTH: /tmp/finn_dev_emanuel-hernandez/vivado_stitch_proj_c78xp0ky/finn_design_wrapper.v:14352:30: Operator ASSIGNW expects 2 bits on the Assign RHS, but Assign RHS's VARREF 'xor_ln1039_13_fu_3139_p2' generates 1 bits.
[2026-04-21 23:56:39,867]                                                                                                           : ... In instance finn_design_wrapper.finn_design_i.MVAU_hls_0.MVAU_hls_0.inst.grp_Matrix_Vector_Activate_Stream_Batch_fu_60
[2026-04-21 23:56:39,867] 14352 | assign zext_ln840_fu_3144_p1 = xor_ln1039_13_fu_3139_p2;
[2026-04-21 23:56:39,867]       |                              ^
[2026-04-21 23:56:39,867] %Warning-STMTDLY: /tmp/finn_dev_emanuel-hernandez/vivado_stitch_proj_c78xp0ky/finn_design_wrapper.v:4532:2: Unsupported: Ignoring delay on this delayed statement.
[2026-04-21 23:56:39,867]                                                                                                           : ... In instance finn_design_wrapper.finn_design_i.MVAU_hls_1.MVAU_hls_1.inst.grp_Matrix_Vector_Activate_Stream_Batch_fu_60
[2026-04-21 23:56:39,867]  4532 | #0 ap_CS_iter0_fsm = 1'd1;
[2026-04-21 23:56:39,867]       |  ^
[2026-04-21 23:56:39,867] %Warning-STMTDLY: /tmp/finn_dev_emanuel-hernandez/vivado_stitch_proj_c78xp0ky/finn_design_wrapper.v:4533:2: Unsupported: Ignoring delay on this delayed statement.
[2026-04-21 23:56:39,867]                                                                                                           : ... In instance finn_design_wrapper.finn_design_i.MVAU_hls_1.MVAU_hls_1.inst.grp_Matrix_Vector_Activate_Stream_Batch_fu_60
[2026-04-21 23:56:39,867]  4533 | #0 ap_CS_iter1_fsm = 2'd1;
[2026-04-21 23:56:39,867]       |  ^
[2026-04-21 23:56:39,867] %Warning-STMTDLY: /tmp/finn_dev_emanuel-hernandez/vivado_stitch_proj_c78xp0ky/finn_design_wrapper.v:4534:2: Unsupported: Ignoring delay on this delayed statement.
[2026-04-21 23:56:39,867]                                                                                                           : ... In instance finn_design_wrapper.finn_design_i.MVAU_hls_1.MVAU_hls_1.inst.grp_Matrix_Vector_Activate_Stream_Batch_fu_60
[2026-04-21 23:56:39,867]  4534 | #0 ap_CS_iter2_fsm = 2'd1;
[2026-04-21 23:56:39,867]       |  ^
[2026-04-21 23:56:39,867] %Warning-STMTDLY: /tmp/finn_dev_emanuel-hernandez/vivado_stitch_proj_c78xp0ky/finn_design_wrapper.v:4535:2: Unsupported: Ignoring delay on this delayed statement.
[2026-04-21 23:56:39,867]                                                                                                           : ... In instance finn_design_wrapper.finn_design_i.MVAU_hls_1.MVAU_hls_1.inst.grp_Matrix_Vector_Activate_Stream_Batch_fu_60
[2026-04-21 23:56:39,867]  4535 | #0 ap_CS_iter3_fsm = 2'd1;
[2026-04-21 23:56:39,867]       |  ^
[2026-04-21 23:56:39,867] %Warning-STMTDLY: /tmp/finn_dev_emanuel-hernandez/vivado_stitch_proj_c78xp0ky/finn_design_wrapper.v:4536:2: Unsupported: Ignoring delay on this delayed statement.
[2026-04-21 23:56:39,867]                                                                                                           : ... In instance finn_design_wrapper.finn_design_i.MVAU_hls_1.MVAU_hls_1.inst.grp_Matrix_Vector_Activate_Stream_Batch_fu_60
[2026-04-21 23:56:39,867]  4536 | #0 ap_CS_iter4_fsm = 2'd1;
[2026-04-21 23:56:39,867]       |  ^
[2026-04-21 23:56:39,867] %Warning-STMTDLY: /tmp/finn_dev_emanuel-hernandez/vivado_stitch_proj_c78xp0ky/finn_design_wrapper.v:4537:2: Unsupported: Ignoring delay on this delayed statement.
[2026-04-21 23:56:39,867]                                                                                                           : ... In instance finn_design_wrapper.finn_design_i.MVAU_hls_1.MVAU_hls_1.inst.grp_Matrix_Vector_Activate_Stream_Batch_fu_60
[2026-04-21 23:56:39,867]  4537 | #0 ap_done_reg = 1'b0;
[2026-04-21 23:56:39,867]       |  ^
[2026-04-21 23:56:39,867] %Warning-WIDTH: /tmp/finn_dev_emanuel-hernandez/vivado_stitch_proj_c78xp0ky/finn_design_wrapper.v:6232:29: Operator ASSIGN expects 1 bits on the Assign RHS, but Assign RHS's CONST '?32?bxxxxxxxxxxxxxxxxxxxxxxxxxxxxxxxx' generates 32 bits.
[2026-04-21 23:56:39,867]                                                                                                          : ... In instance finn_design_wrapper.finn_design_i.MVAU_hls_1.MVAU_hls_1.inst.grp_Matrix_Vector_Activate_Stream_Batch_fu_60
[2026-04-21 23:56:39,867]  6232 |             ap_NS_iter0_fsm = 'bx;
[2026-04-21 23:56:39,867]       |                             ^
[2026-04-21 23:56:39,867] %Warning-WIDTH: /tmp/finn_dev_emanuel-hernandez/vivado_stitch_proj_c78xp0ky/finn_design_wrapper.v:6256:29: Operator ASSIGN expects 2 bits on the Assign RHS, but Assign RHS's CONST '?32?bxxxxxxxxxxxxxxxxxxxxxxxxxxxxxxxx' generates 32 bits.
[2026-04-21 23:56:39,867]                                                                                                          : ... In instance finn_design_wrapper.finn_design_i.MVAU_hls_1.MVAU_hls_1.inst.grp_Matrix_Vector_Activate_Stream_Batch_fu_60
[2026-04-21 23:56:39,867]  6256 |             ap_NS_iter1_fsm = 'bx;
[2026-04-21 23:56:39,867]       |                             ^
[2026-04-21 23:56:39,867] %Warning-WIDTH: /tmp/finn_dev_emanuel-hernandez/vivado_stitch_proj_c78xp0ky/finn_design_wrapper.v:6280:29: Operator ASSIGN expects 2 bits on the Assign RHS, but Assign RHS's CONST '?32?bxxxxxxxxxxxxxxxxxxxxxxxxxxxxxxxx' generates 32 bits.
[2026-04-21 23:56:39,867]                                                                                                          : ... In instance finn_design_wrapper.finn_design_i.MVAU_hls_1.MVAU_hls_1.inst.grp_Matrix_Vector_Activate_Stream_Batch_fu_60
[2026-04-21 23:56:39,867]  6280 |             ap_NS_iter2_fsm = 'bx;
[2026-04-21 23:56:39,867]       |                             ^
[2026-04-21 23:56:39,867] %Warning-WIDTH: /tmp/finn_dev_emanuel-hernandez/vivado_stitch_proj_c78xp0ky/finn_design_wrapper.v:6304:29: Operator ASSIGN expects 2 bits on the Assign RHS, but Assign RHS's CONST '?32?bxxxxxxxxxxxxxxxxxxxxxxxxxxxxxxxx' generates 32 bits.
[2026-04-21 23:56:39,867]                                                                                                          : ... In instance finn_design_wrapper.finn_design_i.MVAU_hls_1.MVAU_hls_1.inst.grp_Matrix_Vector_Activate_Stream_Batch_fu_60
[2026-04-21 23:56:39,867]  6304 |             ap_NS_iter3_fsm = 'bx;
[2026-04-21 23:56:39,867]       |                             ^
[2026-04-21 23:56:39,867] %Warning-WIDTH: /tmp/finn_dev_emanuel-hernandez/vivado_stitch_proj_c78xp0ky/finn_design_wrapper.v:6328:29: Operator ASSIGN expects 2 bits on the Assign RHS, but Assign RHS's CONST '?32?bxxxxxxxxxxxxxxxxxxxxxxxxxxxxxxxx' generates 32 bits.
[2026-04-21 23:56:39,867]                                                                                                          : ... In instance finn_design_wrapper.finn_design_i.MVAU_hls_1.MVAU_hls_1.inst.grp_Matrix_Vector_Activate_Stream_Batch_fu_60
[2026-04-21 23:56:39,867]  6328 |             ap_NS_iter4_fsm = 'bx;
[2026-04-21 23:56:39,867]       |                             ^
[2026-04-21 23:56:39,867] %Warning-WIDTH: /tmp/finn_dev_emanuel-hernandez/vivado_stitch_proj_c78xp0ky/finn_design_wrapper.v:6407:47: Operator ASSIGNW expects 4 bits on the Assign RHS, but Assign RHS's CONST '?32?bxxxxxxxxxxxxxxxxxxxxxxxxxxxxxxxx' generates 32 bits.
[2026-04-21 23:56:39,867]                                                                                                          : ... In instance finn_design_wrapper.finn_design_i.MVAU_hls_1.MVAU_hls_1.inst.grp_Matrix_Vector_Activate_Stream_Batch_fu_60
[2026-04-21 23:56:39,867]  6407 | assign ap_phi_reg_pp0_iter0_inElem_1_reg_1080 = 'bx;
[2026-04-21 23:56:39,867]       |                                               ^
[2026-04-21 23:56:39,867] %Warning-WIDTH: /tmp/finn_dev_emanuel-hernandez/vivado_stitch_proj_c78xp0ky/finn_design_wrapper.v:6417:23: Operator ASSIGNW expects 4 bits on the Assign RHS, but Assign RHS's VARREF 'grp_fu_2944_p00' generates 8 bits.
[2026-04-21 23:56:39,867]                                                                                                          : ... In instance finn_design_wrapper.finn_design_i.MVAU_hls_1.MVAU_hls_1.inst.grp_Matrix_Vector_Activate_Stream_Batch_fu_60
[2026-04-21 23:56:39,867]  6417 | assign grp_fu_2944_p0 = grp_fu_2944_p00;
[2026-04-21 23:56:39,867]       |                       ^
[2026-04-21 23:56:39,867] %Warning-WIDTH: /tmp/finn_dev_emanuel-hernandez/vivado_stitch_proj_c78xp0ky/finn_design_wrapper.v:6419:24: Operator ASSIGNW expects 8 bits on the Assign RHS, but Assign RHS's VARREF 'ap_phi_mux_inElem_1_phi_fu_1083_p4' generates 4 bits.
[2026-04-21 23:56:39,867]                                                                                                          : ... In instance finn_design_wrapper.finn_design_i.MVAU_hls_1.MVAU_hls_1.inst.grp_Matrix_Vector_Activate_Stream_Batch_fu_60
[2026-04-21 23:56:39,867]  6419 | assign grp_fu_2944_p00 = ap_phi_mux_inElem_1_phi_fu_1083_p4;
[2026-04-21 23:56:39,867]       |                        ^
[2026-04-21 23:56:39,867] %Warning-WIDTH: /tmp/finn_dev_emanuel-hernandez/vivado_stitch_proj_c78xp0ky/finn_design_wrapper.v:6469:30: Operator ASSIGNW expects 64 bits on the Assign RHS, but Assign RHS's VARREF 'nf_2_reg_3764_pp0_iter2_reg' generates 32 bits.
[2026-04-21 23:56:39,867]                                                                                                          : ... In instance finn_design_wrapper.finn_design_i.MVAU_hls_1.MVAU_hls_1.inst.grp_Matrix_Vector_Activate_Stream_Batch_fu_60
[2026-04-21 23:56:39,867]  6469 | assign idxprom2_i_fu_2508_p1 = nf_2_reg_3764_pp0_iter2_reg;
[2026-04-21 23:56:39,867]       |                              ^
[2026-04-21 23:56:39,867] %Warning-WIDTH: /tmp/finn_dev_emanuel-hernandez/vivado_stitch_proj_c78xp0ky/finn_design_wrapper.v:6477:20: Operator ASSIGNW expects 8 bits on the Assign RHS, but Assign RHS's VARREF 'result_V_2_fu_2929_p2' generates 4 bits.
[2026-04-21 23:56:39,867]                                                                                                          : ... In instance finn_design_wrapper.finn_design_i.MVAU_hls_1.MVAU_hls_1.inst.grp_Matrix_Vector_Activate_Stream_Batch_fu_60
[2026-04-21 23:56:39,868]  6477 | assign out_V_TDATA = result_V_2_fu_2929_p2;
[2026-04-21 23:56:39,868]       |                    ^
[2026-04-21 23:56:39,868] %Warning-WIDTH: /tmp/finn_dev_emanuel-hernandez/vivado_stitch_proj_c78xp0ky/finn_design_wrapper.v:6479:32: Operator ASSIGNW expects 6 bits on the Assign RHS, but Assign RHS's VARREF 'idxprom2_i_fu_2508_p1' generates 64 bits.
[2026-04-21 23:56:39,868]                                                                                                          : ... In instance finn_design_wrapper.finn_design_i.MVAU_hls_1.MVAU_hls_1.inst.grp_Matrix_Vector_Activate_Stream_Batch_fu_60
[2026-04-21 23:56:39,868]  6479 | assign p_ZL7threshs_0_address0 = idxprom2_i_fu_2508_p1;
[2026-04-21 23:56:39,868]       |                                ^
[2026-04-21 23:56:39,868] %Warning-WIDTH: /tmp/finn_dev_emanuel-hernandez/vivado_stitch_proj_c78xp0ky/finn_design_wrapper.v:6481:33: Operator ASSIGNW expects 6 bits on the Assign RHS, but Assign RHS's VARREF 'idxprom2_i_fu_2508_p1' generates 64 bits.
[2026-04-21 23:56:39,868]                                                                                                          : ... In instance finn_design_wrapper.finn_design_i.MVAU_hls_1.MVAU_hls_1.inst.grp_Matrix_Vector_Activate_Stream_Batch_fu_60
[2026-04-21 23:56:39,868]  6481 | assign p_ZL7threshs_10_address0 = idxprom2_i_fu_2508_p1;
[2026-04-21 23:56:39,868]       |                                 ^
[2026-04-21 23:56:39,868] %Warning-WIDTH: /tmp/finn_dev_emanuel-hernandez/vivado_stitch_proj_c78xp0ky/finn_design_wrapper.v:6483:33: Operator ASSIGNW expects 6 bits on the Assign RHS, but Assign RHS's VARREF 'idxprom2_i_fu_2508_p1' generates 64 bits.
[2026-04-21 23:56:39,868]                                                                                                          : ... In instance finn_design_wrapper.finn_design_i.MVAU_hls_1.MVAU_hls_1.inst.grp_Matrix_Vector_Activate_Stream_Batch_fu_60
[2026-04-21 23:56:39,868]  6483 | assign p_ZL7threshs_11_address0 = idxprom2_i_fu_2508_p1;
[2026-04-21 23:56:39,868]       |                                 ^
[2026-04-21 23:56:39,868] %Warning-WIDTH: /tmp/finn_dev_emanuel-hernandez/vivado_stitch_proj_c78xp0ky/finn_design_wrapper.v:6485:33: Operator ASSIGNW expects 6 bits on the Assign RHS, but Assign RHS's VARREF 'idxprom2_i_fu_2508_p1' generates 64 bits.
[2026-04-21 23:56:39,868]                                                                                                          : ... In instance finn_design_wrapper.finn_design_i.MVAU_hls_1.MVAU_hls_1.inst.grp_Matrix_Vector_Activate_Stream_Batch_fu_60
[2026-04-21 23:56:39,868]  6485 | assign p_ZL7threshs_12_address0 = idxprom2_i_fu_2508_p1;
[2026-04-21 23:56:39,868]       |                                 ^
[2026-04-21 23:56:39,868] %Warning-WIDTH: /tmp/finn_dev_emanuel-hernandez/vivado_stitch_proj_c78xp0ky/finn_design_wrapper.v:6487:33: Operator ASSIGNW expects 6 bits on the Assign RHS, but Assign RHS's VARREF 'idxprom2_i_fu_2508_p1' generates 64 bits.
[2026-04-21 23:56:39,868]                                                                                                          : ... In instance finn_design_wrapper.finn_design_i.MVAU_hls_1.MVAU_hls_1.inst.grp_Matrix_Vector_Activate_Stream_Batch_fu_60
[2026-04-21 23:56:39,868]  6487 | assign p_ZL7threshs_13_address0 = idxprom2_i_fu_2508_p1;
[2026-04-21 23:56:39,868]       |                                 ^
[2026-04-21 23:56:39,868] %Warning-WIDTH: /tmp/finn_dev_emanuel-hernandez/vivado_stitch_proj_c78xp0ky/finn_design_wrapper.v:6489:33: Operator ASSIGNW expects 6 bits on the Assign RHS, but Assign RHS's VARREF 'idxprom2_i_fu_2508_p1' generates 64 bits.
[2026-04-21 23:56:39,868]                                                                                                          : ... In instance finn_design_wrapper.finn_design_i.MVAU_hls_1.MVAU_hls_1.inst.grp_Matrix_Vector_Activate_Stream_Batch_fu_60
[2026-04-21 23:56:39,868]  6489 | assign p_ZL7threshs_14_address0 = idxprom2_i_fu_2508_p1;
[2026-04-21 23:56:39,868]       |                                 ^
[2026-04-21 23:56:39,868] %Warning-WIDTH: /tmp/finn_dev_emanuel-hernandez/vivado_stitch_proj_c78xp0ky/finn_design_wrapper.v:6491:32: Operator ASSIGNW expects 6 bits on the Assign RHS, but Assign RHS's VARREF 'idxprom2_i_fu_2508_p1' generates 64 bits.
[2026-04-21 23:56:39,868]                                                                                                          : ... In instance finn_design_wrapper.finn_design_i.MVAU_hls_1.MVAU_hls_1.inst.grp_Matrix_Vector_Activate_Stream_Batch_fu_60
[2026-04-21 23:56:39,868]  6491 | assign p_ZL7threshs_1_address0 = idxprom2_i_fu_2508_p1;
[2026-04-21 23:56:39,868]       |                                ^
[2026-04-21 23:56:39,868] %Warning-WIDTH: /tmp/finn_dev_emanuel-hernandez/vivado_stitch_proj_c78xp0ky/finn_design_wrapper.v:6493:32: Operator ASSIGNW expects 6 bits on the Assign RHS, but Assign RHS's VARREF 'idxprom2_i_fu_2508_p1' generates 64 bits.
[2026-04-21 23:56:39,868]                                                                                                          : ... In instance finn_design_wrapper.finn_design_i.MVAU_hls_1.MVAU_hls_1.inst.grp_Matrix_Vector_Activate_Stream_Batch_fu_60
[2026-04-21 23:56:39,868]  6493 | assign p_ZL7threshs_2_address0 = idxprom2_i_fu_2508_p1;
[2026-04-21 23:56:39,868]       |                                ^
[2026-04-21 23:56:39,868] %Warning-WIDTH: /tmp/finn_dev_emanuel-hernandez/vivado_stitch_proj_c78xp0ky/finn_design_wrapper.v:6495:32: Operator ASSIGNW expects 6 bits on the Assign RHS, but Assign RHS's VARREF 'idxprom2_i_fu_2508_p1' generates 64 bits.
[2026-04-21 23:56:39,868]                                                                                                          : ... In instance finn_design_wrapper.finn_design_i.MVAU_hls_1.MVAU_hls_1.inst.grp_Matrix_Vector_Activate_Stream_Batch_fu_60
[2026-04-21 23:56:39,868]  6495 | assign p_ZL7threshs_3_address0 = idxprom2_i_fu_2508_p1;
[2026-04-21 23:56:39,868]       |                                ^
[2026-04-21 23:56:39,868] %Warning-WIDTH: /tmp/finn_dev_emanuel-hernandez/vivado_stitch_proj_c78xp0ky/finn_design_wrapper.v:6497:32: Operator ASSIGNW expects 6 bits on the Assign RHS, but Assign RHS's VARREF 'idxprom2_i_fu_2508_p1' generates 64 bits.
[2026-04-21 23:56:39,868]                                                                                                          : ... In instance finn_design_wrapper.finn_design_i.MVAU_hls_1.MVAU_hls_1.inst.grp_Matrix_Vector_Activate_Stream_Batch_fu_60
[2026-04-21 23:56:39,868]  6497 | assign p_ZL7threshs_4_address0 = idxprom2_i_fu_2508_p1;
[2026-04-21 23:56:39,868]       |                                ^
[2026-04-21 23:56:39,868] %Warning-WIDTH: /tmp/finn_dev_emanuel-hernandez/vivado_stitch_proj_c78xp0ky/finn_design_wrapper.v:6499:32: Operator ASSIGNW expects 6 bits on the Assign RHS, but Assign RHS's VARREF 'idxprom2_i_fu_2508_p1' generates 64 bits.
[2026-04-21 23:56:39,868]                                                                                                          : ... In instance finn_design_wrapper.finn_design_i.MVAU_hls_1.MVAU_hls_1.inst.grp_Matrix_Vector_Activate_Stream_Batch_fu_60
[2026-04-21 23:56:39,868]  6499 | assign p_ZL7threshs_5_address0 = idxprom2_i_fu_2508_p1;
[2026-04-21 23:56:39,868]       |                                ^
[2026-04-21 23:56:39,868] %Warning-WIDTH: /tmp/finn_dev_emanuel-hernandez/vivado_stitch_proj_c78xp0ky/finn_design_wrapper.v:6501:32: Operator ASSIGNW expects 6 bits on the Assign RHS, but Assign RHS's VARREF 'idxprom2_i_fu_2508_p1' generates 64 bits.
[2026-04-21 23:56:39,868]                                                                                                          : ... In instance finn_design_wrapper.finn_design_i.MVAU_hls_1.MVAU_hls_1.inst.grp_Matrix_Vector_Activate_Stream_Batch_fu_60
[2026-04-21 23:56:39,868]  6501 | assign p_ZL7threshs_6_address0 = idxprom2_i_fu_2508_p1;
[2026-04-21 23:56:39,868]       |                                ^
[2026-04-21 23:56:39,868] %Warning-WIDTH: /tmp/finn_dev_emanuel-hernandez/vivado_stitch_proj_c78xp0ky/finn_design_wrapper.v:6503:32: Operator ASSIGNW expects 6 bits on the Assign RHS, but Assign RHS's VARREF 'idxprom2_i_fu_2508_p1' generates 64 bits.
[2026-04-21 23:56:39,868]                                                                                                          : ... In instance finn_design_wrapper.finn_design_i.MVAU_hls_1.MVAU_hls_1.inst.grp_Matrix_Vector_Activate_Stream_Batch_fu_60
[2026-04-21 23:56:39,868]  6503 | assign p_ZL7threshs_7_address0 = idxprom2_i_fu_2508_p1;
[2026-04-21 23:56:39,868]       |                                ^
[2026-04-21 23:56:39,868] %Warning-WIDTH: /tmp/finn_dev_emanuel-hernandez/vivado_stitch_proj_c78xp0ky/finn_design_wrapper.v:6505:32: Operator ASSIGNW expects 6 bits on the Assign RHS, but Assign RHS's VARREF 'idxprom2_i_fu_2508_p1' generates 64 bits.
[2026-04-21 23:56:39,868]                                                                                                          : ... In instance finn_design_wrapper.finn_design_i.MVAU_hls_1.MVAU_hls_1.inst.grp_Matrix_Vector_Activate_Stream_Batch_fu_60
[2026-04-21 23:56:39,868]  6505 | assign p_ZL7threshs_8_address0 = idxprom2_i_fu_2508_p1;
[2026-04-21 23:56:39,868]       |                                ^
[2026-04-21 23:56:39,868] %Warning-WIDTH: /tmp/finn_dev_emanuel-hernandez/vivado_stitch_proj_c78xp0ky/finn_design_wrapper.v:6507:32: Operator ASSIGNW expects 6 bits on the Assign RHS, but Assign RHS's VARREF 'idxprom2_i_fu_2508_p1' generates 64 bits.
[2026-04-21 23:56:39,868]                                                                                                          : ... In instance finn_design_wrapper.finn_design_i.MVAU_hls_1.MVAU_hls_1.inst.grp_Matrix_Vector_Activate_Stream_Batch_fu_60
[2026-04-21 23:56:39,868]  6507 | assign p_ZL7threshs_9_address0 = idxprom2_i_fu_2508_p1;
[2026-04-21 23:56:39,868]       |                                ^
[2026-04-21 23:56:39,868] %Warning-WIDTH: /tmp/finn_dev_emanuel-hernandez/vivado_stitch_proj_c78xp0ky/finn_design_wrapper.v:6513:33: Operator ASSIGNW expects 13 bits on the Assign RHS, but Assign RHS's SIGNED generates 9 bits.
[2026-04-21 23:56:39,868]                                                                                                          : ... In instance finn_design_wrapper.finn_design_i.MVAU_hls_1.MVAU_hls_1.inst.grp_Matrix_Vector_Activate_Stream_Batch_fu_60
[2026-04-21 23:56:39,868]  6513 | assign sext_ln1039_1_fu_2545_p1 = $signed(p_ZL7threshs_1_q0);
[2026-04-21 23:56:39,868]       |                                 ^
[2026-04-21 23:56:39,868] %Warning-WIDTH: /tmp/finn_dev_emanuel-hernandez/vivado_stitch_proj_c78xp0ky/finn_design_wrapper.v:6515:33: Operator ASSIGNW expects 13 bits on the Assign RHS, but Assign RHS's SIGNED generates 9 bits.
[2026-04-21 23:56:39,868]                                                                                                          : ... In instance finn_design_wrapper.finn_design_i.MVAU_hls_1.MVAU_hls_1.inst.grp_Matrix_Vector_Activate_Stream_Batch_fu_60
[2026-04-21 23:56:39,868]  6515 | assign sext_ln1039_2_fu_2564_p1 = $signed(p_ZL7threshs_2_q0);
[2026-04-21 23:56:39,868]       |                                 ^
[2026-04-21 23:56:39,868] %Warning-WIDTH: /tmp/finn_dev_emanuel-hernandez/vivado_stitch_proj_c78xp0ky/finn_design_wrapper.v:6517:33: Operator ASSIGNW expects 13 bits on the Assign RHS, but Assign RHS's SIGNED generates 9 bits.
[2026-04-21 23:56:39,868]                                                                                                          : ... In instance finn_design_wrapper.finn_design_i.MVAU_hls_1.MVAU_hls_1.inst.grp_Matrix_Vector_Activate_Stream_Batch_fu_60
[2026-04-21 23:56:39,868]  6517 | assign sext_ln1039_3_fu_2583_p1 = $signed(p_ZL7threshs_3_q0);
[2026-04-21 23:56:39,868]       |                                 ^
[2026-04-21 23:56:39,868] %Warning-WIDTH: /tmp/finn_dev_emanuel-hernandez/vivado_stitch_proj_c78xp0ky/finn_design_wrapper.v:6519:33: Operator ASSIGNW expects 13 bits on the Assign RHS, but Assign RHS's SIGNED generates 10 bits.
[2026-04-21 23:56:39,868]                                                                                                          : ... In instance finn_design_wrapper.finn_design_i.MVAU_hls_1.MVAU_hls_1.inst.grp_Matrix_Vector_Activate_Stream_Batch_fu_60
[2026-04-21 23:56:39,868]  6519 | assign sext_ln1039_4_fu_2602_p1 = $signed(p_ZL7threshs_4_q0);
[2026-04-21 23:56:39,868]       |                                 ^
[2026-04-21 23:56:39,868] %Warning-WIDTH: /tmp/finn_dev_emanuel-hernandez/vivado_stitch_proj_c78xp0ky/finn_design_wrapper.v:6521:33: Operator ASSIGNW expects 13 bits on the Assign RHS, but Assign RHS's SIGNED generates 10 bits.
[2026-04-21 23:56:39,868]                                                                                                          : ... In instance finn_design_wrapper.finn_design_i.MVAU_hls_1.MVAU_hls_1.inst.grp_Matrix_Vector_Activate_Stream_Batch_fu_60
[2026-04-21 23:56:39,868]  6521 | assign sext_ln1039_5_fu_2621_p1 = $signed(p_ZL7threshs_5_q0);
[2026-04-21 23:56:39,868]       |                                 ^
[2026-04-21 23:56:39,868] %Warning-WIDTH: /tmp/finn_dev_emanuel-hernandez/vivado_stitch_proj_c78xp0ky/finn_design_wrapper.v:6523:33: Operator ASSIGNW expects 13 bits on the Assign RHS, but Assign RHS's SIGNED generates 10 bits.
[2026-04-21 23:56:39,868]                                                                                                          : ... In instance finn_design_wrapper.finn_design_i.MVAU_hls_1.MVAU_hls_1.inst.grp_Matrix_Vector_Activate_Stream_Batch_fu_60
[2026-04-21 23:56:39,868]  6523 | assign sext_ln1039_6_fu_2640_p1 = $signed(p_ZL7threshs_6_q0);
[2026-04-21 23:56:39,868]       |                                 ^
[2026-04-21 23:56:39,868] %Warning-WIDTH: /tmp/finn_dev_emanuel-hernandez/vivado_stitch_proj_c78xp0ky/finn_design_wrapper.v:6525:31: Operator ASSIGNW expects 13 bits on the Assign RHS, but Assign RHS's SIGNED generates 9 bits.
[2026-04-21 23:56:39,868]                                                                                                          : ... In instance finn_design_wrapper.finn_design_i.MVAU_hls_1.MVAU_hls_1.inst.grp_Matrix_Vector_Activate_Stream_Batch_fu_60
[2026-04-21 23:56:39,868]  6525 | assign sext_ln1039_fu_2526_p1 = $signed(p_ZL7threshs_0_q0);
[2026-04-21 23:56:39,868]       |                               ^
[2026-04-21 23:56:39,868] %Warning-WIDTH: /tmp/finn_dev_emanuel-hernandez/vivado_stitch_proj_c78xp0ky/finn_design_wrapper.v:6561:33: Operator ASSIGNW expects 13 bits on the Assign RHS, but Assign RHS's VARREF 'p_ZL7threshs_8_q0' generates 9 bits.
[2026-04-21 23:56:39,868]                                                                                                          : ... In instance finn_design_wrapper.finn_design_i.MVAU_hls_1.MVAU_hls_1.inst.grp_Matrix_Vector_Activate_Stream_Batch_fu_60
[2026-04-21 23:56:39,868]  6561 | assign zext_ln1039_1_fu_2678_p1 = p_ZL7threshs_8_q0;
[2026-04-21 23:56:39,868]       |                                 ^
[2026-04-21 23:56:39,868] %Warning-WIDTH: /tmp/finn_dev_emanuel-hernandez/vivado_stitch_proj_c78xp0ky/finn_design_wrapper.v:6563:33: Operator ASSIGNW expects 13 bits on the Assign RHS, but Assign RHS's VARREF 'p_ZL7threshs_9_q0' generates 9 bits.
[2026-04-21 23:56:39,868]                                                                                                          : ... In instance finn_design_wrapper.finn_design_i.MVAU_hls_1.MVAU_hls_1.inst.grp_Matrix_Vector_Activate_Stream_Batch_fu_60
[2026-04-21 23:56:39,868]  6563 | assign zext_ln1039_2_fu_2697_p1 = p_ZL7threshs_9_q0;
[2026-04-21 23:56:39,868]       |                                 ^
[2026-04-21 23:56:39,868] %Warning-WIDTH: /tmp/finn_dev_emanuel-hernandez/vivado_stitch_proj_c78xp0ky/finn_design_wrapper.v:6565:33: Operator ASSIGNW expects 13 bits on the Assign RHS, but Assign RHS's VARREF 'p_ZL7threshs_10_q0' generates 9 bits.
[2026-04-21 23:56:39,868]                                                                                                          : ... In instance finn_design_wrapper.finn_design_i.MVAU_hls_1.MVAU_hls_1.inst.grp_Matrix_Vector_Activate_Stream_Batch_fu_60
[2026-04-21 23:56:39,868]  6565 | assign zext_ln1039_3_fu_2716_p1 = p_ZL7threshs_10_q0;
[2026-04-21 23:56:39,868]       |                                 ^
[2026-04-21 23:56:39,868] %Warning-WIDTH: /tmp/finn_dev_emanuel-hernandez/vivado_stitch_proj_c78xp0ky/finn_design_wrapper.v:6567:33: Operator ASSIGNW expects 13 bits on the Assign RHS, but Assign RHS's VARREF 'p_ZL7threshs_11_q0' generates 9 bits.
[2026-04-21 23:56:39,868]                                                                                                          : ... In instance finn_design_wrapper.finn_design_i.MVAU_hls_1.MVAU_hls_1.inst.grp_Matrix_Vector_Activate_Stream_Batch_fu_60
[2026-04-21 23:56:39,868]  6567 | assign zext_ln1039_4_fu_2735_p1 = p_ZL7threshs_11_q0;
[2026-04-21 23:56:39,868]       |                                 ^
[2026-04-21 23:56:39,868] %Warning-WIDTH: /tmp/finn_dev_emanuel-hernandez/vivado_stitch_proj_c78xp0ky/finn_design_wrapper.v:6569:33: Operator ASSIGNW expects 13 bits on the Assign RHS, but Assign RHS's VARREF 'p_ZL7threshs_12_q0' generates 10 bits.
[2026-04-21 23:56:39,868]                                                                                                          : ... In instance finn_design_wrapper.finn_design_i.MVAU_hls_1.MVAU_hls_1.inst.grp_Matrix_Vector_Activate_Stream_Batch_fu_60
[2026-04-21 23:56:39,868]  6569 | assign zext_ln1039_5_fu_2754_p1 = p_ZL7threshs_12_q0;
[2026-04-21 23:56:39,868]       |                                 ^
[2026-04-21 23:56:39,868] %Warning-WIDTH: /tmp/finn_dev_emanuel-hernandez/vivado_stitch_proj_c78xp0ky/finn_design_wrapper.v:6571:33: Operator ASSIGNW expects 13 bits on the Assign RHS, but Assign RHS's VARREF 'p_ZL7threshs_13_q0' generates 10 bits.
[2026-04-21 23:56:39,868]                                                                                                          : ... In instance finn_design_wrapper.finn_design_i.MVAU_hls_1.MVAU_hls_1.inst.grp_Matrix_Vector_Activate_Stream_Batch_fu_60
[2026-04-21 23:56:39,868]  6571 | assign zext_ln1039_6_fu_2773_p1 = p_ZL7threshs_13_q0;
[2026-04-21 23:56:39,868]       |                                 ^
[2026-04-21 23:56:39,868] %Warning-WIDTH: /tmp/finn_dev_emanuel-hernandez/vivado_stitch_proj_c78xp0ky/finn_design_wrapper.v:6573:33: Operator ASSIGNW expects 13 bits on the Assign RHS, but Assign RHS's VARREF 'p_ZL7threshs_14_q0' generates 10 bits.
[2026-04-21 23:56:39,868]                                                                                                          : ... In instance finn_design_wrapper.finn_design_i.MVAU_hls_1.MVAU_hls_1.inst.grp_Matrix_Vector_Activate_Stream_Batch_fu_60
[2026-04-21 23:56:39,868]  6573 | assign zext_ln1039_7_fu_2792_p1 = p_ZL7threshs_14_q0;
[2026-04-21 23:56:39,868]       |                                 ^
[2026-04-21 23:56:39,868] %Warning-WIDTH: /tmp/finn_dev_emanuel-hernandez/vivado_stitch_proj_c78xp0ky/finn_design_wrapper.v:6575:31: Operator ASSIGNW expects 13 bits on the Assign RHS, but Assign RHS's VARREF 'p_ZL7threshs_7_q0' generates 9 bits.
[2026-04-21 23:56:39,868]                                                                                                          : ... In instance finn_design_wrapper.finn_design_i.MVAU_hls_1.MVAU_hls_1.inst.grp_Matrix_Vector_Activate_Stream_Batch_fu_60
[2026-04-21 23:56:39,868]  6575 | assign zext_ln1039_fu_2659_p1 = p_ZL7threshs_7_q0;
[2026-04-21 23:56:39,868]       |                               ^
[2026-04-21 23:56:39,868] %Warning-WIDTH: /tmp/finn_dev_emanuel-hernandez/vivado_stitch_proj_c78xp0ky/finn_design_wrapper.v:6577:30: Operator ASSIGNW expects 2 bits on the Assign RHS, but Assign RHS's VARREF 'result_V_fu_2535_p2' generates 1 bits.
[2026-04-21 23:56:39,869]                                                                                                          : ... In instance finn_design_wrapper.finn_design_i.MVAU_hls_1.MVAU_hls_1.inst.grp_Matrix_Vector_Activate_Stream_Batch_fu_60
[2026-04-21 23:56:39,869]  6577 | assign zext_ln215_fu_2541_p1 = result_V_fu_2535_p2;
[2026-04-21 23:56:39,869]       |                              ^
[2026-04-21 23:56:39,869] %Warning-WIDTH: /tmp/finn_dev_emanuel-hernandez/vivado_stitch_proj_c78xp0ky/finn_design_wrapper.v:6579:33: Operator ASSIGNW expects 2 bits on the Assign RHS, but Assign RHS's VARREF 'xor_ln1039_10_fu_2744_p2' generates 1 bits.
[2026-04-21 23:56:39,869]                                                                                                          : ... In instance finn_design_wrapper.finn_design_i.MVAU_hls_1.MVAU_hls_1.inst.grp_Matrix_Vector_Activate_Stream_Batch_fu_60
[2026-04-21 23:56:39,869]  6579 | assign zext_ln218_10_fu_2750_p1 = xor_ln1039_10_fu_2744_p2;
[2026-04-21 23:56:39,869]       |                                 ^
[2026-04-21 23:56:39,869] %Warning-WIDTH: /tmp/finn_dev_emanuel-hernandez/vivado_stitch_proj_c78xp0ky/finn_design_wrapper.v:6581:33: Operator ASSIGNW expects 2 bits on the Assign RHS, but Assign RHS's VARREF 'xor_ln1039_11_fu_2763_p2' generates 1 bits.
[2026-04-21 23:56:39,869]                                                                                                          : ... In instance finn_design_wrapper.finn_design_i.MVAU_hls_1.MVAU_hls_1.inst.grp_Matrix_Vector_Activate_Stream_Batch_fu_60
[2026-04-21 23:56:39,869]  6581 | assign zext_ln218_11_fu_2769_p1 = xor_ln1039_11_fu_2763_p2;
[2026-04-21 23:56:39,869]       |                                 ^
[2026-04-21 23:56:39,869] %Warning-WIDTH: /tmp/finn_dev_emanuel-hernandez/vivado_stitch_proj_c78xp0ky/finn_design_wrapper.v:6583:33: Operator ASSIGNW expects 2 bits on the Assign RHS, but Assign RHS's VARREF 'xor_ln1039_12_fu_2782_p2' generates 1 bits.
[2026-04-21 23:56:39,869]                                                                                                          : ... In instance finn_design_wrapper.finn_design_i.MVAU_hls_1.MVAU_hls_1.inst.grp_Matrix_Vector_Activate_Stream_Batch_fu_60
[2026-04-21 23:56:39,869]  6583 | assign zext_ln218_12_fu_2788_p1 = xor_ln1039_12_fu_2782_p2;
[2026-04-21 23:56:39,869]       |                                 ^
[2026-04-21 23:56:39,869] %Warning-WIDTH: /tmp/finn_dev_emanuel-hernandez/vivado_stitch_proj_c78xp0ky/finn_design_wrapper.v:6585:32: Operator ASSIGNW expects 2 bits on the Assign RHS, but Assign RHS's VARREF 'xor_ln1039_1_fu_2573_p2' generates 1 bits.
[2026-04-21 23:56:39,869]                                                                                                          : ... In instance finn_design_wrapper.finn_design_i.MVAU_hls_1.MVAU_hls_1.inst.grp_Matrix_Vector_Activate_Stream_Batch_fu_60
[2026-04-21 23:56:39,869]  6585 | assign zext_ln218_1_fu_2579_p1 = xor_ln1039_1_fu_2573_p2;
[2026-04-21 23:56:39,869]       |                                ^
[2026-04-21 23:56:39,869] %Warning-WIDTH: /tmp/finn_dev_emanuel-hernandez/vivado_stitch_proj_c78xp0ky/finn_design_wrapper.v:6587:32: Operator ASSIGNW expects 2 bits on the Assign RHS, but Assign RHS's VARREF 'xor_ln1039_2_fu_2592_p2' generates 1 bits.
[2026-04-21 23:56:39,869]                                                                                                          : ... In instance finn_design_wrapper.finn_design_i.MVAU_hls_1.MVAU_hls_1.inst.grp_Matrix_Vector_Activate_Stream_Batch_fu_60
[2026-04-21 23:56:39,869]  6587 | assign zext_ln218_2_fu_2598_p1 = xor_ln1039_2_fu_2592_p2;
[2026-04-21 23:56:39,869]       |                                ^
[2026-04-21 23:56:39,869] %Warning-WIDTH: /tmp/finn_dev_emanuel-hernandez/vivado_stitch_proj_c78xp0ky/finn_design_wrapper.v:6589:32: Operator ASSIGNW expects 2 bits on the Assign RHS, but Assign RHS's VARREF 'xor_ln1039_3_fu_2611_p2' generates 1 bits.
[2026-04-21 23:56:39,869]                                                                                                          : ... In instance finn_design_wrapper.finn_design_i.MVAU_hls_1.MVAU_hls_1.inst.grp_Matrix_Vector_Activate_Stream_Batch_fu_60
[2026-04-21 23:56:39,869]  6589 | assign zext_ln218_3_fu_2617_p1 = xor_ln1039_3_fu_2611_p2;
[2026-04-21 23:56:39,869]       |                                ^
[2026-04-21 23:56:39,869] %Warning-WIDTH: /tmp/finn_dev_emanuel-hernandez/vivado_stitch_proj_c78xp0ky/finn_design_wrapper.v:6591:32: Operator ASSIGNW expects 2 bits on the Assign RHS, but Assign RHS's VARREF 'xor_ln1039_4_fu_2630_p2' generates 1 bits.
[2026-04-21 23:56:39,869]                                                                                                          : ... In instance finn_design_wrapper.finn_design_i.MVAU_hls_1.MVAU_hls_1.inst.grp_Matrix_Vector_Activate_Stream_Batch_fu_60
[2026-04-21 23:56:39,869]  6591 | assign zext_ln218_4_fu_2636_p1 = xor_ln1039_4_fu_2630_p2;
[2026-04-21 23:56:39,869]       |                                ^
[2026-04-21 23:56:39,869] %Warning-WIDTH: /tmp/finn_dev_emanuel-hernandez/vivado_stitch_proj_c78xp0ky/finn_design_wrapper.v:6593:32: Operator ASSIGNW expects 2 bits on the Assign RHS, but Assign RHS's VARREF 'xor_ln1039_5_fu_2649_p2' generates 1 bits.
[2026-04-21 23:56:39,869]                                                                                                          : ... In instance finn_design_wrapper.finn_design_i.MVAU_hls_1.MVAU_hls_1.inst.grp_Matrix_Vector_Activate_Stream_Batch_fu_60
[2026-04-21 23:56:39,869]  6593 | assign zext_ln218_5_fu_2655_p1 = xor_ln1039_5_fu_2649_p2;
[2026-04-21 23:56:39,869]       |                                ^
[2026-04-21 23:56:39,869] %Warning-WIDTH: /tmp/finn_dev_emanuel-hernandez/vivado_stitch_proj_c78xp0ky/finn_design_wrapper.v:6595:32: Operator ASSIGNW expects 2 bits on the Assign RHS, but Assign RHS's VARREF 'xor_ln1039_6_fu_2668_p2' generates 1 bits.
[2026-04-21 23:56:39,869]                                                                                                          : ... In instance finn_design_wrapper.finn_design_i.MVAU_hls_1.MVAU_hls_1.inst.grp_Matrix_Vector_Activate_Stream_Batch_fu_60
[2026-04-21 23:56:39,869]  6595 | assign zext_ln218_6_fu_2674_p1 = xor_ln1039_6_fu_2668_p2;
[2026-04-21 23:56:39,869]       |                                ^
[2026-04-21 23:56:39,869] %Warning-WIDTH: /tmp/finn_dev_emanuel-hernandez/vivado_stitch_proj_c78xp0ky/finn_design_wrapper.v:6597:32: Operator ASSIGNW expects 2 bits on the Assign RHS, but Assign RHS's VARREF 'xor_ln1039_7_fu_2687_p2' generates 1 bits.
[2026-04-21 23:56:39,869]                                                                                                          : ... In instance finn_design_wrapper.finn_design_i.MVAU_hls_1.MVAU_hls_1.inst.grp_Matrix_Vector_Activate_Stream_Batch_fu_60
[2026-04-21 23:56:39,869]  6597 | assign zext_ln218_7_fu_2693_p1 = xor_ln1039_7_fu_2687_p2;
[2026-04-21 23:56:39,869]       |                                ^
[2026-04-21 23:56:39,869] %Warning-WIDTH: /tmp/finn_dev_emanuel-hernandez/vivado_stitch_proj_c78xp0ky/finn_design_wrapper.v:6599:32: Operator ASSIGNW expects 2 bits on the Assign RHS, but Assign RHS's VARREF 'xor_ln1039_8_fu_2706_p2' generates 1 bits.
[2026-04-21 23:56:39,869]                                                                                                          : ... In instance finn_design_wrapper.finn_design_i.MVAU_hls_1.MVAU_hls_1.inst.grp_Matrix_Vector_Activate_Stream_Batch_fu_60
[2026-04-21 23:56:39,869]  6599 | assign zext_ln218_8_fu_2712_p1 = xor_ln1039_8_fu_2706_p2;
[2026-04-21 23:56:39,869]       |                                ^
[2026-04-21 23:56:39,869] %Warning-WIDTH: /tmp/finn_dev_emanuel-hernandez/vivado_stitch_proj_c78xp0ky/finn_design_wrapper.v:6601:32: Operator ASSIGNW expects 2 bits on the Assign RHS, but Assign RHS's VARREF 'xor_ln1039_9_fu_2725_p2' generates 1 bits.
[2026-04-21 23:56:39,869]                                                                                                          : ... In instance finn_design_wrapper.finn_design_i.MVAU_hls_1.MVAU_hls_1.inst.grp_Matrix_Vector_Activate_Stream_Batch_fu_60
[2026-04-21 23:56:39,869]  6601 | assign zext_ln218_9_fu_2731_p1 = xor_ln1039_9_fu_2725_p2;
[2026-04-21 23:56:39,869]       |                                ^
[2026-04-21 23:56:39,869] %Warning-WIDTH: /tmp/finn_dev_emanuel-hernandez/vivado_stitch_proj_c78xp0ky/finn_design_wrapper.v:6603:30: Operator ASSIGNW expects 2 bits on the Assign RHS, but Assign RHS's VARREF 'xor_ln1039_fu_2554_p2' generates 1 bits.
[2026-04-21 23:56:39,869]                                                                                                          : ... In instance finn_design_wrapper.finn_design_i.MVAU_hls_1.MVAU_hls_1.inst.grp_Matrix_Vector_Activate_Stream_Batch_fu_60
[2026-04-21 23:56:39,869]  6603 | assign zext_ln218_fu_2560_p1 = xor_ln1039_fu_2554_p2;
[2026-04-21 23:56:39,869]       |                              ^
[2026-04-21 23:56:39,869] %Warning-WIDTH: /tmp/finn_dev_emanuel-hernandez/vivado_stitch_proj_c78xp0ky/finn_design_wrapper.v:6605:33: Operator ASSIGNW expects 4 bits on the Assign RHS, but Assign RHS's VARREF 'add_ln840_12_fu_2913_p2' generates 3 bits.
[2026-04-21 23:56:39,869]                                                                                                          : ... In instance finn_design_wrapper.finn_design_i.MVAU_hls_1.MVAU_hls_1.inst.grp_Matrix_Vector_Activate_Stream_Batch_fu_60
[2026-04-21 23:56:39,869]  6605 | assign zext_ln840_10_fu_2919_p1 = add_ln840_12_fu_2913_p2;
[2026-04-21 23:56:39,869]       |                                 ^
[2026-04-21 23:56:39,869] %Warning-WIDTH: /tmp/finn_dev_emanuel-hernandez/vivado_stitch_proj_c78xp0ky/finn_design_wrapper.v:6607:32: Operator ASSIGNW expects 3 bits on the Assign RHS, but Assign RHS's VARREF 'add_ln840_2_fu_2817_p2' generates 2 bits.
[2026-04-21 23:56:39,869]                                                                                                          : ... In instance finn_design_wrapper.finn_design_i.MVAU_hls_1.MVAU_hls_1.inst.grp_Matrix_Vector_Activate_Stream_Batch_fu_60
[2026-04-21 23:56:39,869]  6607 | assign zext_ln840_1_fu_2823_p1 = add_ln840_2_fu_2817_p2;
[2026-04-21 23:56:39,869]       |                                ^
[2026-04-21 23:56:39,869] %Warning-WIDTH: /tmp/finn_dev_emanuel-hernandez/vivado_stitch_proj_c78xp0ky/finn_design_wrapper.v:6609:32: Operator ASSIGNW expects 3 bits on the Assign RHS, but Assign RHS's VARREF 'add_ln840_3_fu_2827_p2' generates 2 bits.
[2026-04-21 23:56:39,869]                                                                                                          : ... In instance finn_design_wrapper.finn_design_i.MVAU_hls_1.MVAU_hls_1.inst.grp_Matrix_Vector_Activate_Stream_Batch_fu_60
[2026-04-21 23:56:39,869]  6609 | assign zext_ln840_2_fu_2833_p1 = add_ln840_3_fu_2827_p2;
[2026-04-21 23:56:39,869]       |                                ^
[2026-04-21 23:56:39,869] %Warning-WIDTH: /tmp/finn_dev_emanuel-hernandez/vivado_stitch_proj_c78xp0ky/finn_design_wrapper.v:6611:32: Operator ASSIGNW expects 3 bits on the Assign RHS, but Assign RHS's VARREF 'add_ln840_4_fu_2837_p2' generates 2 bits.
[2026-04-21 23:56:39,869]                                                                                                          : ... In instance finn_design_wrapper.finn_design_i.MVAU_hls_1.MVAU_hls_1.inst.grp_Matrix_Vector_Activate_Stream_Batch_fu_60
[2026-04-21 23:56:39,869]  6611 | assign zext_ln840_3_fu_2843_p1 = add_ln840_4_fu_2837_p2;
[2026-04-21 23:56:39,869]       |                                ^
[2026-04-21 23:56:39,869] %Warning-WIDTH: /tmp/finn_dev_emanuel-hernandez/vivado_stitch_proj_c78xp0ky/finn_design_wrapper.v:6613:32: Operator ASSIGNW expects 4 bits on the Assign RHS, but Assign RHS's VARREF 'add_ln840_6_fu_2853_p2' generates 3 bits.
[2026-04-21 23:56:39,869]                                                                                                          : ... In instance finn_design_wrapper.finn_design_i.MVAU_hls_1.MVAU_hls_1.inst.grp_Matrix_Vector_Activate_Stream_Batch_fu_60
[2026-04-21 23:56:39,869]  6613 | assign zext_ln840_4_fu_2859_p1 = add_ln840_6_fu_2853_p2;
[2026-04-21 23:56:39,869]       |                                ^
[2026-04-21 23:56:39,869] %Warning-WIDTH: /tmp/finn_dev_emanuel-hernandez/vivado_stitch_proj_c78xp0ky/finn_design_wrapper.v:6615:32: Operator ASSIGNW expects 3 bits on the Assign RHS, but Assign RHS's VARREF 'add_ln840_7_fu_2863_p2' generates 2 bits.
[2026-04-21 23:56:39,869]                                                                                                          : ... In instance finn_design_wrapper.finn_design_i.MVAU_hls_1.MVAU_hls_1.inst.grp_Matrix_Vector_Activate_Stream_Batch_fu_60
[2026-04-21 23:56:39,869]  6615 | assign zext_ln840_5_fu_2869_p1 = add_ln840_7_fu_2863_p2;
[2026-04-21 23:56:39,869]       |                                ^
[2026-04-21 23:56:39,869] %Warning-WIDTH: /tmp/finn_dev_emanuel-hernandez/vivado_stitch_proj_c78xp0ky/finn_design_wrapper.v:6617:32: Operator ASSIGNW expects 3 bits on the Assign RHS, but Assign RHS's VARREF 'add_ln840_8_fu_2873_p2' generates 2 bits.
[2026-04-21 23:56:39,869]                                                                                                          : ... In instance finn_design_wrapper.finn_design_i.MVAU_hls_1.MVAU_hls_1.inst.grp_Matrix_Vector_Activate_Stream_Batch_fu_60
[2026-04-21 23:56:39,869]  6617 | assign zext_ln840_6_fu_2879_p1 = add_ln840_8_fu_2873_p2;
[2026-04-21 23:56:39,869]       |                                ^
[2026-04-21 23:56:39,869] %Warning-WIDTH: /tmp/finn_dev_emanuel-hernandez/vivado_stitch_proj_c78xp0ky/finn_design_wrapper.v:6619:32: Operator ASSIGNW expects 4 bits on the Assign RHS, but Assign RHS's VARREF 'add_ln840_9_fu_2883_p2' generates 3 bits.
[2026-04-21 23:56:39,869]                                                                                                          : ... In instance finn_design_wrapper.finn_design_i.MVAU_hls_1.MVAU_hls_1.inst.grp_Matrix_Vector_Activate_Stream_Batch_fu_60
[2026-04-21 23:56:39,869]  6619 | assign zext_ln840_7_fu_2889_p1 = add_ln840_9_fu_2883_p2;
[2026-04-21 23:56:39,869]       |                                ^
[2026-04-21 23:56:39,869] %Warning-WIDTH: /tmp/finn_dev_emanuel-hernandez/vivado_stitch_proj_c78xp0ky/finn_design_wrapper.v:6621:32: Operator ASSIGNW expects 3 bits on the Assign RHS, but Assign RHS's VARREF 'add_ln840_10_fu_2893_p2' generates 2 bits.
[2026-04-21 23:56:39,869]                                                                                                          : ... In instance finn_design_wrapper.finn_design_i.MVAU_hls_1.MVAU_hls_1.inst.grp_Matrix_Vector_Activate_Stream_Batch_fu_60
[2026-04-21 23:56:39,869]  6621 | assign zext_ln840_8_fu_2899_p1 = add_ln840_10_fu_2893_p2;
[2026-04-21 23:56:39,869]       |                                ^
[2026-04-21 23:56:39,869] %Warning-WIDTH: /tmp/finn_dev_emanuel-hernandez/vivado_stitch_proj_c78xp0ky/finn_design_wrapper.v:6623:32: Operator ASSIGNW expects 3 bits on the Assign RHS, but Assign RHS's VARREF 'add_ln840_11_fu_2903_p2' generates 2 bits.
[2026-04-21 23:56:39,869]                                                                                                          : ... In instance finn_design_wrapper.finn_design_i.MVAU_hls_1.MVAU_hls_1.inst.grp_Matrix_Vector_Activate_Stream_Batch_fu_60
[2026-04-21 23:56:39,869]  6623 | assign zext_ln840_9_fu_2909_p1 = add_ln840_11_fu_2903_p2;
[2026-04-21 23:56:39,869]       |                                ^
[2026-04-21 23:56:39,869] %Warning-WIDTH: /tmp/finn_dev_emanuel-hernandez/vivado_stitch_proj_c78xp0ky/finn_design_wrapper.v:6625:30: Operator ASSIGNW expects 2 bits on the Assign RHS, but Assign RHS's VARREF 'xor_ln1039_13_fu_2801_p2' generates 1 bits.
[2026-04-21 23:56:39,869]                                                                                                          : ... In instance finn_design_wrapper.finn_design_i.MVAU_hls_1.MVAU_hls_1.inst.grp_Matrix_Vector_Activate_Stream_Batch_fu_60
[2026-04-21 23:56:39,869]  6625 | assign zext_ln840_fu_2807_p1 = xor_ln1039_13_fu_2801_p2;
[2026-04-21 23:56:39,869]       |                              ^
[2026-04-21 23:56:39,869] %Warning-WIDTH: /tmp/finn_dev_emanuel-hernandez/vivado_stitch_proj_c78xp0ky/finn_design_wrapper.v:515:54: Operator EQ expects 32 or 2 bits on the LHS, but LHS's VARREF 'addr_' generates 1 bits.
[2026-04-21 23:56:39,869]                                                                                                         : ... In instance finn_design_wrapper.finn_design_i.StreamingFIFO_rtl_3.inst.impl
[2026-04-21 23:56:39,869]   515 |    assign addr_full_ = (state_==state_more) && (addr_==depth-2);
[2026-04-21 23:56:39,869]       |                                                      ^~
[2026-04-21 23:56:39,869] %Warning-WIDTH: /tmp/finn_dev_emanuel-hernandez/vivado_stitch_proj_c78xp0ky/finn_design_wrapper.v:572:10: Operator ASSIGN expects 1 bits on the Assign RHS, but Assign RHS's SUB generates 32 or 2 bits.
[2026-04-21 23:56:39,869]                                                                                                         : ... In instance finn_design_wrapper.finn_design_i.StreamingFIFO_rtl_3.inst.impl
[2026-04-21 23:56:39,869]   572 |   for (a_=depth-2; a_>0; a_=a_-1) begin
[2026-04-21 23:56:39,870]       |          ^
[2026-04-21 23:56:39,870] %Warning-WIDTH: /tmp/finn_dev_emanuel-hernandez/vivado_stitch_proj_c78xp0ky/finn_design_wrapper.v:580:21: Operator ASSIGNDLY expects 16 bits on the Assign RHS, but Assign RHS's CONST '?32?bxxxxxxxxxxxxxxxxxxxxxxxxxxxxxxxx' generates 32 bits.
[2026-04-21 23:56:39,870]                                                                                                         : ... In instance finn_design_wrapper.finn_design_i.StreamingFIFO_rtl_3.inst.impl
[2026-04-21 23:56:39,870]   580 |         srlo_       <=  'bx;
[2026-04-21 23:56:39,870]       |                     ^~
[2026-04-21 23:56:39,870] %Warning-WIDTH: /tmp/finn_dev_emanuel-hernandez/vivado_stitch_proj_c78xp0ky/finn_design_wrapper.v:583:21: Operator ASSIGNDLY expects 1 bits on the Assign RHS, but Assign RHS's CONST '?32?bxxxxxxxxxxxxxxxxxxxxxxxxxxxxxxxx' generates 32 bits.
[2026-04-21 23:56:39,870]                                                                                                         : ... In instance finn_design_wrapper.finn_design_i.StreamingFIFO_rtl_3.inst.impl
[2026-04-21 23:56:39,870]   583 |         addr_       <=  'bx;
[2026-04-21 23:56:39,870]       |                     ^~
[2026-04-21 23:56:39,870] %Warning-WIDTH: /tmp/finn_dev_emanuel-hernandez/vivado_stitch_proj_c78xp0ky/finn_design_wrapper.v:596:16: Operator ASSIGNDLY expects 16 bits on the Assign RHS, but Assign RHS's CONST '?32?bxxxxxxxxxxxxxxxxxxxxxxxxxxxxxxxx' generates 32 bits.
[2026-04-21 23:56:39,870]                                                                                                         : ... In instance finn_design_wrapper.finn_design_i.StreamingFIFO_rtl_3.inst.impl
[2026-04-21 23:56:39,870]   596 |    srlo_       <= 'bx;
[2026-04-21 23:56:39,870]       |                ^~
[2026-04-21 23:56:39,870] %Warning-WIDTH: /tmp/finn_dev_emanuel-hernandez/vivado_stitch_proj_c78xp0ky/finn_design_wrapper.v:606:16: Operator ASSIGNDLY expects 16 bits on the Assign RHS, but Assign RHS's CONST '?32?bxxxxxxxxxxxxxxxxxxxxxxxxxxxxxxxx' generates 32 bits.
[2026-04-21 23:56:39,870]                                                                                                         : ... In instance finn_design_wrapper.finn_design_i.StreamingFIFO_rtl_3.inst.impl
[2026-04-21 23:56:39,870]   606 |    srlo_       <= 'bx;
[2026-04-21 23:56:39,870]       |                ^~
[2026-04-21 23:56:39,870] %Warning-WIDTH: /tmp/finn_dev_emanuel-hernandez/vivado_stitch_proj_c78xp0ky/finn_design_wrapper.v:620:16: Operator ASSIGNDLY expects 16 bits on the Assign RHS, but Assign RHS's CONST '?32?bxxxxxxxxxxxxxxxxxxxxxxxxxxxxxxxx' generates 32 bits.
[2026-04-21 23:56:39,870]                                                                                                         : ... In instance finn_design_wrapper.finn_design_i.StreamingFIFO_rtl_3.inst.impl
[2026-04-21 23:56:39,870]   620 |    srlo_       <= 'bx;
[2026-04-21 23:56:39,870]       |                ^~
[2026-04-21 23:56:39,870] %Warning-WIDTH: /tmp/finn_dev_emanuel-hernandez/vivado_stitch_proj_c78xp0ky/finn_design_wrapper.v:627:16: Operator ASSIGNDLY expects 16 bits on the Assign RHS, but Assign RHS's CONST '?32?bxxxxxxxxxxxxxxxxxxxxxxxxxxxxxxxx' generates 32 bits.
[2026-04-21 23:56:39,870]                                                                                                         : ... In instance finn_design_wrapper.finn_design_i.StreamingFIFO_rtl_3.inst.impl
[2026-04-21 23:56:39,870]   627 |    srlo_       <= 'bx;
[2026-04-21 23:56:39,870]       |                ^~
[2026-04-21 23:56:39,870] %Warning-WIDTH: /tmp/finn_dev_emanuel-hernandez/vivado_stitch_proj_c78xp0ky/finn_design_wrapper.v:640:16: Operator ASSIGNDLY expects 16 bits on the Assign RHS, but Assign RHS's CONST '?32?bxxxxxxxxxxxxxxxxxxxxxxxxxxxxxxxx' generates 32 bits.
[2026-04-21 23:56:39,870]                                                                                                         : ... In instance finn_design_wrapper.finn_design_i.StreamingFIFO_rtl_3.inst.impl
[2026-04-21 23:56:39,870]   640 |    srlo_       <= 'bx;
[2026-04-21 23:56:39,870]       |                ^~
[2026-04-21 23:56:39,870] %Warning-WIDTH: /tmp/finn_dev_emanuel-hernandez/vivado_stitch_proj_c78xp0ky/finn_design_wrapper.v:658:16: Operator ASSIGNDLY expects 16 bits on the Assign RHS, but Assign RHS's CONST '?32?bxxxxxxxxxxxxxxxxxxxxxxxxxxxxxxxx' generates 32 bits.
[2026-04-21 23:56:39,870]                                                                                                         : ... In instance finn_design_wrapper.finn_design_i.StreamingFIFO_rtl_3.inst.impl
[2026-04-21 23:56:39,870]   658 |    srlo_       <= 'bx;
[2026-04-21 23:56:39,870]       |                ^~
[2026-04-21 23:56:39,870] %Warning-WIDTH: /tmp/finn_dev_emanuel-hernandez/vivado_stitch_proj_c78xp0ky/finn_design_wrapper.v:672:16: Operator ASSIGNDLY expects 16 bits on the Assign RHS, but Assign RHS's CONST '?32?bxxxxxxxxxxxxxxxxxxxxxxxxxxxxxxxx' generates 32 bits.
[2026-04-21 23:56:39,870]                                                                                                         : ... In instance finn_design_wrapper.finn_design_i.StreamingFIFO_rtl_3.inst.impl
[2026-04-21 23:56:39,870]   672 |    srlo_       <= 'bx;
[2026-04-21 23:56:39,870]       |                ^~
[2026-04-21 23:56:39,870] %Warning-WIDTH: /tmp/finn_dev_emanuel-hernandez/vivado_stitch_proj_c78xp0ky/finn_design_wrapper.v:689:16: Operator ASSIGNDLY expects 16 bits on the Assign RHS, but Assign RHS's CONST '?32?bxxxxxxxxxxxxxxxxxxxxxxxxxxxxxxxx' generates 32 bits.
[2026-04-21 23:56:39,870]                                                                                                         : ... In instance finn_design_wrapper.finn_design_i.StreamingFIFO_rtl_3.inst.impl
[2026-04-21 23:56:39,870]   689 |    srlo_       <=  'bx;
[2026-04-21 23:56:39,870]       |                ^~
[2026-04-21 23:56:39,870] %Warning-WIDTH: /tmp/finn_dev_emanuel-hernandez/vivado_stitch_proj_c78xp0ky/finn_design_wrapper.v:692:16: Operator ASSIGNDLY expects 1 bits on the Assign RHS, but Assign RHS's CONST '?32?bxxxxxxxxxxxxxxxxxxxxxxxxxxxxxxxx' generates 32 bits.
[2026-04-21 23:56:39,870]                                                                                                         : ... In instance finn_design_wrapper.finn_design_i.StreamingFIFO_rtl_3.inst.impl
[2026-04-21 23:56:39,870]   692 |    addr_       <=  'bx;
[2026-04-21 23:56:39,870]       |                ^~
[2026-04-21 23:56:39,870] %Warning-WIDTH: /tmp/finn_dev_emanuel-hernandez/vivado_stitch_proj_c78xp0ky/finn_design_wrapper.v:580:21: Operator ASSIGNDLY expects 8 bits on the Assign RHS, but Assign RHS's CONST '?32?bxxxxxxxxxxxxxxxxxxxxxxxxxxxxxxxx' generates 32 bits.
[2026-04-21 23:56:39,870]                                                                                                         : ... In instance finn_design_wrapper.finn_design_i.StreamingFIFO_rtl_2.inst.impl
[2026-04-21 23:56:39,870]   580 |         srlo_       <=  'bx;
[2026-04-21 23:56:39,870]       |                     ^~
[2026-04-21 23:56:39,870] %Warning-WIDTH: /tmp/finn_dev_emanuel-hernandez/vivado_stitch_proj_c78xp0ky/finn_design_wrapper.v:596:16: Operator ASSIGNDLY expects 8 bits on the Assign RHS, but Assign RHS's CONST '?32?bxxxxxxxxxxxxxxxxxxxxxxxxxxxxxxxx' generates 32 bits.
[2026-04-21 23:56:39,870]                                                                                                         : ... In instance finn_design_wrapper.finn_design_i.StreamingFIFO_rtl_2.inst.impl
[2026-04-21 23:56:39,870]   596 |    srlo_       <= 'bx;
[2026-04-21 23:56:39,870]       |                ^~
[2026-04-21 23:56:39,870] %Warning-WIDTH: /tmp/finn_dev_emanuel-hernandez/vivado_stitch_proj_c78xp0ky/finn_design_wrapper.v:606:16: Operator ASSIGNDLY expects 8 bits on the Assign RHS, but Assign RHS's CONST '?32?bxxxxxxxxxxxxxxxxxxxxxxxxxxxxxxxx' generates 32 bits.
[2026-04-21 23:56:39,870]                                                                                                         : ... In instance finn_design_wrapper.finn_design_i.StreamingFIFO_rtl_2.inst.impl
[2026-04-21 23:56:39,870]   606 |    srlo_       <= 'bx;
[2026-04-21 23:56:39,870]       |                ^~
[2026-04-21 23:56:39,870] %Warning-WIDTH: /tmp/finn_dev_emanuel-hernandez/vivado_stitch_proj_c78xp0ky/finn_design_wrapper.v:620:16: Operator ASSIGNDLY expects 8 bits on the Assign RHS, but Assign RHS's CONST '?32?bxxxxxxxxxxxxxxxxxxxxxxxxxxxxxxxx' generates 32 bits.
[2026-04-21 23:56:39,870]                                                                                                         : ... In instance finn_design_wrapper.finn_design_i.StreamingFIFO_rtl_2.inst.impl
[2026-04-21 23:56:39,870]   620 |    srlo_       <= 'bx;
[2026-04-21 23:56:39,870]       |                ^~
[2026-04-21 23:56:39,870] %Warning-WIDTH: /tmp/finn_dev_emanuel-hernandez/vivado_stitch_proj_c78xp0ky/finn_design_wrapper.v:627:16: Operator ASSIGNDLY expects 8 bits on the Assign RHS, but Assign RHS's CONST '?32?bxxxxxxxxxxxxxxxxxxxxxxxxxxxxxxxx' generates 32 bits.
[2026-04-21 23:56:39,870]                                                                                                         : ... In instance finn_design_wrapper.finn_design_i.StreamingFIFO_rtl_2.inst.impl
[2026-04-21 23:56:39,870]   627 |    srlo_       <= 'bx;
[2026-04-21 23:56:39,870]       |                ^~
[2026-04-21 23:56:39,870] %Warning-WIDTH: /tmp/finn_dev_emanuel-hernandez/vivado_stitch_proj_c78xp0ky/finn_design_wrapper.v:640:16: Operator ASSIGNDLY expects 8 bits on the Assign RHS, but Assign RHS's CONST '?32?bxxxxxxxxxxxxxxxxxxxxxxxxxxxxxxxx' generates 32 bits.
[2026-04-21 23:56:39,870]                                                                                                         : ... In instance finn_design_wrapper.finn_design_i.StreamingFIFO_rtl_2.inst.impl
[2026-04-21 23:56:39,870]   640 |    srlo_       <= 'bx;
[2026-04-21 23:56:39,870]       |                ^~
[2026-04-21 23:56:39,870] %Warning-WIDTH: /tmp/finn_dev_emanuel-hernandez/vivado_stitch_proj_c78xp0ky/finn_design_wrapper.v:658:16: Operator ASSIGNDLY expects 8 bits on the Assign RHS, but Assign RHS's CONST '?32?bxxxxxxxxxxxxxxxxxxxxxxxxxxxxxxxx' generates 32 bits.
[2026-04-21 23:56:39,870]                                                                                                         : ... In instance finn_design_wrapper.finn_design_i.StreamingFIFO_rtl_2.inst.impl
[2026-04-21 23:56:39,870]   658 |    srlo_       <= 'bx;
[2026-04-21 23:56:39,870]       |                ^~
[2026-04-21 23:56:39,870] %Warning-WIDTH: /tmp/finn_dev_emanuel-hernandez/vivado_stitch_proj_c78xp0ky/finn_design_wrapper.v:672:16: Operator ASSIGNDLY expects 8 bits on the Assign RHS, but Assign RHS's CONST '?32?bxxxxxxxxxxxxxxxxxxxxxxxxxxxxxxxx' generates 32 bits.
[2026-04-21 23:56:39,870]                                                                                                         : ... In instance finn_design_wrapper.finn_design_i.StreamingFIFO_rtl_2.inst.impl
[2026-04-21 23:56:39,870]   672 |    srlo_       <= 'bx;
[2026-04-21 23:56:39,870]       |                ^~
[2026-04-21 23:56:39,870] %Warning-WIDTH: /tmp/finn_dev_emanuel-hernandez/vivado_stitch_proj_c78xp0ky/finn_design_wrapper.v:689:16: Operator ASSIGNDLY expects 8 bits on the Assign RHS, but Assign RHS's CONST '?32?bxxxxxxxxxxxxxxxxxxxxxxxxxxxxxxxx' generates 32 bits.
[2026-04-21 23:56:39,870]                                                                                                         : ... In instance finn_design_wrapper.finn_design_i.StreamingFIFO_rtl_2.inst.impl
[2026-04-21 23:56:39,870]   689 |    srlo_       <=  'bx;
[2026-04-21 23:56:39,870]       |                ^~
[2026-04-21 23:56:39,870] %Warning-WIDTH: /tmp/finn_dev_emanuel-hernandez/vivado_stitch_proj_c78xp0ky/finn_design_wrapper.v:583:21: Operator ASSIGNDLY expects 6 bits on the Assign RHS, but Assign RHS's CONST '?32?bxxxxxxxxxxxxxxxxxxxxxxxxxxxxxxxx' generates 32 bits.
[2026-04-21 23:56:39,870]                                                                                                         : ... In instance finn_design_wrapper.finn_design_i.StreamingFIFO_rtl_1.inst.impl
[2026-04-21 23:56:39,870]   583 |         addr_       <=  'bx;
[2026-04-21 23:56:39,870]       |                     ^~
[2026-04-21 23:56:39,870] %Warning-WIDTH: /tmp/finn_dev_emanuel-hernandez/vivado_stitch_proj_c78xp0ky/finn_design_wrapper.v:692:16: Operator ASSIGNDLY expects 6 bits on the Assign RHS, but Assign RHS's CONST '?32?bxxxxxxxxxxxxxxxxxxxxxxxxxxxxxxxx' generates 32 bits.
[2026-04-21 23:56:39,870]                                                                                                         : ... In instance finn_design_wrapper.finn_design_i.StreamingFIFO_rtl_1.inst.impl
[2026-04-21 23:56:39,870]   692 |    addr_       <=  'bx;
[2026-04-21 23:56:39,870]       |                ^~
[2026-04-21 23:56:39,870] %Warning-WIDTH: /tmp/finn_dev_emanuel-hernandez/vivado_stitch_proj_c78xp0ky/finn_design_wrapper.v:515:54: Operator EQ expects 32 or 8 bits on the LHS, but LHS's VARREF 'addr_' generates 7 bits.
[2026-04-21 23:56:39,870]                                                                                                         : ... In instance finn_design_wrapper.finn_design_i.StreamingFIFO_rtl_0.inst.impl
[2026-04-21 23:56:39,870]   515 |    assign addr_full_ = (state_==state_more) && (addr_==depth-2);
[2026-04-21 23:56:39,870]       |                                                      ^~
[2026-04-21 23:56:39,870] %Warning-WIDTH: /tmp/finn_dev_emanuel-hernandez/vivado_stitch_proj_c78xp0ky/finn_design_wrapper.v:572:10: Operator ASSIGN expects 7 bits on the Assign RHS, but Assign RHS's SUB generates 32 or 8 bits.
[2026-04-21 23:56:39,870]                                                                                                         : ... In instance finn_design_wrapper.finn_design_i.StreamingFIFO_rtl_0.inst.impl
[2026-04-21 23:56:39,870]   572 |   for (a_=depth-2; a_>0; a_=a_-1) begin
[2026-04-21 23:56:39,870]       |          ^
[2026-04-21 23:56:39,870] %Warning-WIDTH: /tmp/finn_dev_emanuel-hernandez/vivado_stitch_proj_c78xp0ky/finn_design_wrapper.v:580:25: Unsized constant being X/Z extended to 40 bits: ?32?bxxxxxxxxxxxxxxxxxxxxxxxxxxxxxxxx
[2026-04-21 23:56:39,870]                                                                                                         : ... In instance finn_design_wrapper.finn_design_i.StreamingFIFO_rtl_0.inst.impl
[2026-04-21 23:56:39,870]   580 |         srlo_       <=  'bx;
[2026-04-21 23:56:39,870]       |                         ^~~
[2026-04-21 23:56:39,870] %Warning-WIDTH: /tmp/finn_dev_emanuel-hernandez/vivado_stitch_proj_c78xp0ky/finn_design_wrapper.v:583:21: Operator ASSIGNDLY expects 7 bits on the Assign RHS, but Assign RHS's CONST '?32?bxxxxxxxxxxxxxxxxxxxxxxxxxxxxxxxx' generates 32 bits.
[2026-04-21 23:56:39,870]                                                                                                         : ... In instance finn_design_wrapper.finn_design_i.StreamingFIFO_rtl_0.inst.impl
[2026-04-21 23:56:39,870]   583 |         addr_       <=  'bx;
[2026-04-21 23:56:39,870]       |                     ^~
[2026-04-21 23:56:39,871] %Warning-WIDTH: /tmp/finn_dev_emanuel-hernandez/vivado_stitch_proj_c78xp0ky/finn_design_wrapper.v:596:19: Unsized constant being X/Z extended to 40 bits: ?32?bxxxxxxxxxxxxxxxxxxxxxxxxxxxxxxxx
[2026-04-21 23:56:39,871]                                                                                                         : ... In instance finn_design_wrapper.finn_design_i.StreamingFIFO_rtl_0.inst.impl
[2026-04-21 23:56:39,871]   596 |    srlo_       <= 'bx;
[2026-04-21 23:56:39,871]       |                   ^~~
[2026-04-21 23:56:39,871] %Warning-WIDTH: /tmp/finn_dev_emanuel-hernandez/vivado_stitch_proj_c78xp0ky/finn_design_wrapper.v:606:19: Unsized constant being X/Z extended to 40 bits: ?32?bxxxxxxxxxxxxxxxxxxxxxxxxxxxxxxxx
[2026-04-21 23:56:39,871]                                                                                                         : ... In instance finn_design_wrapper.finn_design_i.StreamingFIFO_rtl_0.inst.impl
[2026-04-21 23:56:39,871]   606 |    srlo_       <= 'bx;
[2026-04-21 23:56:39,871]       |                   ^~~
[2026-04-21 23:56:39,871] %Warning-WIDTH: /tmp/finn_dev_emanuel-hernandez/vivado_stitch_proj_c78xp0ky/finn_design_wrapper.v:620:19: Unsized constant being X/Z extended to 40 bits: ?32?bxxxxxxxxxxxxxxxxxxxxxxxxxxxxxxxx
[2026-04-21 23:56:39,871]                                                                                                         : ... In instance finn_design_wrapper.finn_design_i.StreamingFIFO_rtl_0.inst.impl
[2026-04-21 23:56:39,871]   620 |    srlo_       <= 'bx;
[2026-04-21 23:56:39,871]       |                   ^~~
[2026-04-21 23:56:39,871] %Warning-WIDTH: /tmp/finn_dev_emanuel-hernandez/vivado_stitch_proj_c78xp0ky/finn_design_wrapper.v:627:19: Unsized constant being X/Z extended to 40 bits: ?32?bxxxxxxxxxxxxxxxxxxxxxxxxxxxxxxxx
[2026-04-21 23:56:39,871]                                                                                                         : ... In instance finn_design_wrapper.finn_design_i.StreamingFIFO_rtl_0.inst.impl
[2026-04-21 23:56:39,871]   627 |    srlo_       <= 'bx;
[2026-04-21 23:56:39,871]       |                   ^~~
[2026-04-21 23:56:39,871] %Warning-WIDTH: /tmp/finn_dev_emanuel-hernandez/vivado_stitch_proj_c78xp0ky/finn_design_wrapper.v:640:19: Unsized constant being X/Z extended to 40 bits: ?32?bxxxxxxxxxxxxxxxxxxxxxxxxxxxxxxxx
[2026-04-21 23:56:39,871]                                                                                                         : ... In instance finn_design_wrapper.finn_design_i.StreamingFIFO_rtl_0.inst.impl
[2026-04-21 23:56:39,871]   640 |    srlo_       <= 'bx;
[2026-04-21 23:56:39,871]       |                   ^~~
[2026-04-21 23:56:39,871] %Warning-WIDTH: /tmp/finn_dev_emanuel-hernandez/vivado_stitch_proj_c78xp0ky/finn_design_wrapper.v:658:19: Unsized constant being X/Z extended to 40 bits: ?32?bxxxxxxxxxxxxxxxxxxxxxxxxxxxxxxxx
[2026-04-21 23:56:39,871]                                                                                                         : ... In instance finn_design_wrapper.finn_design_i.StreamingFIFO_rtl_0.inst.impl
[2026-04-21 23:56:39,871]   658 |    srlo_       <= 'bx;
[2026-04-21 23:56:39,871]       |                   ^~~
[2026-04-21 23:56:39,871] %Warning-WIDTH: /tmp/finn_dev_emanuel-hernandez/vivado_stitch_proj_c78xp0ky/finn_design_wrapper.v:672:19: Unsized constant being X/Z extended to 40 bits: ?32?bxxxxxxxxxxxxxxxxxxxxxxxxxxxxxxxx
[2026-04-21 23:56:39,871]                                                                                                         : ... In instance finn_design_wrapper.finn_design_i.StreamingFIFO_rtl_0.inst.impl
[2026-04-21 23:56:39,871]   672 |    srlo_       <= 'bx;
[2026-04-21 23:56:39,871]       |                   ^~~
[2026-04-21 23:56:39,871] %Warning-WIDTH: /tmp/finn_dev_emanuel-hernandez/vivado_stitch_proj_c78xp0ky/finn_design_wrapper.v:689:20: Unsized constant being X/Z extended to 40 bits: ?32?bxxxxxxxxxxxxxxxxxxxxxxxxxxxxxxxx
[2026-04-21 23:56:39,871]                                                                                                         : ... In instance finn_design_wrapper.finn_design_i.StreamingFIFO_rtl_0.inst.impl
[2026-04-21 23:56:39,871]   689 |    srlo_       <=  'bx;
[2026-04-21 23:56:39,871]       |                    ^~~
[2026-04-21 23:56:39,871] %Warning-WIDTH: /tmp/finn_dev_emanuel-hernandez/vivado_stitch_proj_c78xp0ky/finn_design_wrapper.v:692:16: Operator ASSIGNDLY expects 7 bits on the Assign RHS, but Assign RHS's CONST '?32?bxxxxxxxxxxxxxxxxxxxxxxxxxxxxxxxx' generates 32 bits.
[2026-04-21 23:56:39,871]                                                                                                         : ... In instance finn_design_wrapper.finn_design_i.StreamingFIFO_rtl_0.inst.impl
[2026-04-21 23:56:39,871]   692 |    addr_       <=  'bx;
[2026-04-21 23:56:39,871]       |                ^~
[2026-04-21 23:56:39,871] %Warning-STMTDLY: /tmp/finn_dev_emanuel-hernandez/vivado_stitch_proj_c78xp0ky/finn_design_wrapper.v:8331:2: Unsupported: Ignoring delay on this delayed statement.
[2026-04-21 23:56:39,871]                                                                                                           : ... In instance finn_design_wrapper.finn_design_i.MVAU_hls_1.MVAU_hls_1.inst
[2026-04-21 23:56:39,871]  8331 | #0 grp_Matrix_Vector_Activate_Stream_Batch_fu_60_ap_start_reg = 1'b0;
[2026-04-21 23:56:39,871]       |  ^
[2026-04-21 23:56:39,871] %Warning-STMTDLY: /tmp/finn_dev_emanuel-hernandez/vivado_stitch_proj_c78xp0ky/finn_design_wrapper.v:8332:2: Unsupported: Ignoring delay on this delayed statement.
[2026-04-21 23:56:39,871]                                                                                                           : ... In instance finn_design_wrapper.finn_design_i.MVAU_hls_1.MVAU_hls_1.inst
[2026-04-21 23:56:39,871]  8332 | #0 ap_CS_fsm = 4'd1;
[2026-04-21 23:56:39,871]       |  ^
[2026-04-21 23:56:39,871] %Warning-WIDTH: /tmp/finn_dev_emanuel-hernandez/vivado_stitch_proj_c78xp0ky/finn_design_wrapper.v:8474:23: Operator ASSIGN expects 4 bits on the Assign RHS, but Assign RHS's CONST '?32?bxxxxxxxxxxxxxxxxxxxxxxxxxxxxxxxx' generates 32 bits.
[2026-04-21 23:56:39,871]                                                                                                          : ... In instance finn_design_wrapper.finn_design_i.MVAU_hls_1.MVAU_hls_1.inst
[2026-04-21 23:56:39,871]  8474 |             ap_NS_fsm = 'bx;
[2026-04-21 23:56:39,871]       |                       ^
[2026-04-21 23:56:39,871] %Warning-STMTDLY: /tmp/finn_dev_emanuel-hernandez/vivado_stitch_proj_c78xp0ky/finn_design_wrapper.v:3853:2: Unsupported: Ignoring delay on this delayed statement.
[2026-04-21 23:56:39,871]                                                                                                           : ... In instance finn_design_wrapper.finn_design_i.MVAU_hls_0.MVAU_hls_0.inst
[2026-04-21 23:56:39,871]  3853 | #0 grp_Matrix_Vector_Activate_Stream_Batch_fu_60_ap_start_reg = 1'b0;
[2026-04-21 23:56:39,871]       |  ^
[2026-04-21 23:56:39,871] %Warning-STMTDLY: /tmp/finn_dev_emanuel-hernandez/vivado_stitch_proj_c78xp0ky/finn_design_wrapper.v:3854:2: Unsupported: Ignoring delay on this delayed statement.
[2026-04-21 23:56:39,871]                                                                                                           : ... In instance finn_design_wrapper.finn_design_i.MVAU_hls_0.MVAU_hls_0.inst
[2026-04-21 23:56:39,871]  3854 | #0 ap_CS_fsm = 4'd1;
[2026-04-21 23:56:39,871]       |  ^
[2026-04-21 23:56:39,871] %Warning-WIDTH: /tmp/finn_dev_emanuel-hernandez/vivado_stitch_proj_c78xp0ky/finn_design_wrapper.v:3996:23: Operator ASSIGN expects 4 bits on the Assign RHS, but Assign RHS's CONST '?32?bxxxxxxxxxxxxxxxxxxxxxxxxxxxxxxxx' generates 32 bits.
[2026-04-21 23:56:39,871]                                                                                                          : ... In instance finn_design_wrapper.finn_design_i.MVAU_hls_0.MVAU_hls_0.inst
[2026-04-21 23:56:39,871]  3996 |             ap_NS_fsm = 'bx;
[2026-04-21 23:56:39,871]       |                       ^
[2026-04-21 23:56:39,871] %Warning-COMBDLY: /tmp/finn_dev_emanuel-hernandez/vivado_stitch_proj_c78xp0ky/finn_design_wrapper.v:580:21: Non-blocking assignment '<=' in combinational logic process
[2026-04-21 23:56:39,871]                                                                                                           : ... This will be executed as a blocking assignment '='!
[2026-04-21 23:56:39,871]   580 |         srlo_       <=  'bx;
[2026-04-21 23:56:39,871]       |                     ^~
[2026-04-21 23:56:39,871]                   *** See https://verilator.org/warn/COMBDLY before disabling this,
[2026-04-21 23:56:39,871]                   else you may end up with different sim results.
[2026-04-21 23:56:39,871] %Warning-COMBDLY: /tmp/finn_dev_emanuel-hernandez/vivado_stitch_proj_c78xp0ky/finn_design_wrapper.v:581:21: Non-blocking assignment '<=' in combinational logic process
[2026-04-21 23:56:39,871]                                                                                                           : ... This will be executed as a blocking assignment '='!
[2026-04-21 23:56:39,871]   581 |         shift_en_o_ <= 1'bx;
[2026-04-21 23:56:39,871]       |                     ^~
[2026-04-21 23:56:39,871] %Warning-COMBDLY: /tmp/finn_dev_emanuel-hernandez/vivado_stitch_proj_c78xp0ky/finn_design_wrapper.v:582:21: Non-blocking assignment '<=' in combinational logic process
[2026-04-21 23:56:39,871]                                                                                                           : ... This will be executed as a blocking assignment '='!
[2026-04-21 23:56:39,871]   582 |         shift_en_   <= 1'bx;
[2026-04-21 23:56:39,871]       |                     ^~
[2026-04-21 23:56:39,871] %Warning-COMBDLY: /tmp/finn_dev_emanuel-hernandez/vivado_stitch_proj_c78xp0ky/finn_design_wrapper.v:583:21: Non-blocking assignment '<=' in combinational logic process
[2026-04-21 23:56:39,871]                                                                                                           : ... This will be executed as a blocking assignment '='!
[2026-04-21 23:56:39,871]   583 |         addr_       <=  'bx;
[2026-04-21 23:56:39,871]       |                     ^~
[2026-04-21 23:56:39,871] %Warning-COMBDLY: /tmp/finn_dev_emanuel-hernandez/vivado_stitch_proj_c78xp0ky/finn_design_wrapper.v:584:21: Non-blocking assignment '<=' in combinational logic process
[2026-04-21 23:56:39,871]                                                                                                           : ... This will be executed as a blocking assignment '='!
[2026-04-21 23:56:39,871]   584 |         state_      <= 2'bx;
[2026-04-21 23:56:39,871]       |                     ^~
[2026-04-21 23:56:39,871] %Warning-COMBDLY: /tmp/finn_dev_emanuel-hernandez/vivado_stitch_proj_c78xp0ky/finn_design_wrapper.v:589:16: Non-blocking assignment '<=' in combinational logic process
[2026-04-21 23:56:39,871]                                                                                                           : ... This will be executed as a blocking assignment '='!
[2026-04-21 23:56:39,871]   589 |    srlo_       <= i_d;
[2026-04-21 23:56:39,871]       |                ^~
[2026-04-21 23:56:39,871] %Warning-COMBDLY: /tmp/finn_dev_emanuel-hernandez/vivado_stitch_proj_c78xp0ky/finn_design_wrapper.v:590:16: Non-blocking assignment '<=' in combinational logic process
[2026-04-21 23:56:39,871]                                                                                                           : ... This will be executed as a blocking assignment '='!
[2026-04-21 23:56:39,871]   590 |    shift_en_o_ <= 1;
[2026-04-21 23:56:39,871]       |                ^~
[2026-04-21 23:56:39,871] %Warning-COMBDLY: /tmp/finn_dev_emanuel-hernandez/vivado_stitch_proj_c78xp0ky/finn_design_wrapper.v:591:16: Non-blocking assignment '<=' in combinational logic process
[2026-04-21 23:56:39,871]                                                                                                           : ... This will be executed as a blocking assignment '='!
[2026-04-21 23:56:39,871]   591 |    shift_en_   <= 1'bx;
[2026-04-21 23:56:39,871]       |                ^~
[2026-04-21 23:56:39,871] %Warning-COMBDLY: /tmp/finn_dev_emanuel-hernandez/vivado_stitch_proj_c78xp0ky/finn_design_wrapper.v:592:16: Non-blocking assignment '<=' in combinational logic process
[2026-04-21 23:56:39,871]                                                                                                           : ... This will be executed as a blocking assignment '='!
[2026-04-21 23:56:39,871]   592 |    addr_       <= 0;
[2026-04-21 23:56:39,871]       |                ^~
[2026-04-21 23:56:39,871] %Warning-COMBDLY: /tmp/finn_dev_emanuel-hernandez/vivado_stitch_proj_c78xp0ky/finn_design_wrapper.v:593:16: Non-blocking assignment '<=' in combinational logic process
[2026-04-21 23:56:39,872]                                                                                                           : ... This will be executed as a blocking assignment '='!
[2026-04-21 23:56:39,872]   593 |    state_      <= state_one;
[2026-04-21 23:56:39,872]       |                ^~
[2026-04-21 23:56:39,872] %Warning-COMBDLY: /tmp/finn_dev_emanuel-hernandez/vivado_stitch_proj_c78xp0ky/finn_design_wrapper.v:596:16: Non-blocking assignment '<=' in combinational logic process
[2026-04-21 23:56:39,872]                                                                                                           : ... This will be executed as a blocking assignment '='!
[2026-04-21 23:56:39,872]   596 |    srlo_       <= 'bx;
[2026-04-21 23:56:39,872]       |                ^~
[2026-04-21 23:56:39,872] %Warning-COMBDLY: /tmp/finn_dev_emanuel-hernandez/vivado_stitch_proj_c78xp0ky/finn_design_wrapper.v:597:16: Non-blocking assignment '<=' in combinational logic process
[2026-04-21 23:56:39,872]                                                                                                           : ... This will be executed as a blocking assignment '='!
[2026-04-21 23:56:39,872]   597 |    shift_en_o_ <= 0;
[2026-04-21 23:56:39,872]       |                ^~
[2026-04-21 23:56:39,872] %Warning-COMBDLY: /tmp/finn_dev_emanuel-hernandez/vivado_stitch_proj_c78xp0ky/finn_design_wrapper.v:598:16: Non-blocking assignment '<=' in combinational logic process
[2026-04-21 23:56:39,872]                                                                                                           : ... This will be executed as a blocking assignment '='!
[2026-04-21 23:56:39,872]   598 |    shift_en_   <= 1'bx;
[2026-04-21 23:56:39,872]       |                ^~
[2026-04-21 23:56:39,872] %Warning-COMBDLY: /tmp/finn_dev_emanuel-hernandez/vivado_stitch_proj_c78xp0ky/finn_design_wrapper.v:599:16: Non-blocking assignment '<=' in combinational logic process
[2026-04-21 23:56:39,872]                                                                                                           : ... This will be executed as a blocking assignment '='!
[2026-04-21 23:56:39,872]   599 |    addr_       <= 0;
[2026-04-21 23:56:39,872]       |                ^~
[2026-04-21 23:56:39,872] %Warning-COMBDLY: /tmp/finn_dev_emanuel-hernandez/vivado_stitch_proj_c78xp0ky/finn_design_wrapper.v:600:16: Non-blocking assignment '<=' in combinational logic process
[2026-04-21 23:56:39,872]                                                                                                           : ... This will be executed as a blocking assignment '='!
[2026-04-21 23:56:39,872]   600 |    state_      <= state_empty;
[2026-04-21 23:56:39,872]       |                ^~
[2026-04-21 23:56:39,872] %Warning-COMBDLY: /tmp/finn_dev_emanuel-hernandez/vivado_stitch_proj_c78xp0ky/finn_design_wrapper.v:606:16: Non-blocking assignment '<=' in combinational logic process
[2026-04-21 23:56:39,872]                                                                                                           : ... This will be executed as a blocking assignment '='!
[2026-04-21 23:56:39,872]   606 |    srlo_       <= 'bx;
[2026-04-21 23:56:39,872]       |                ^~
[2026-04-21 23:56:39,872] %Warning-COMBDLY: /tmp/finn_dev_emanuel-hernandez/vivado_stitch_proj_c78xp0ky/finn_design_wrapper.v:607:16: Non-blocking assignment '<=' in combinational logic process
[2026-04-21 23:56:39,872]                                                                                                           : ... This will be executed as a blocking assignment '='!
[2026-04-21 23:56:39,872]   607 |    shift_en_o_ <= 0;
[2026-04-21 23:56:39,872]       |                ^~
[2026-04-21 23:56:39,872] %Warning-COMBDLY: /tmp/finn_dev_emanuel-hernandez/vivado_stitch_proj_c78xp0ky/finn_design_wrapper.v:608:16: Non-blocking assignment '<=' in combinational logic process
[2026-04-21 23:56:39,872]                                                                                                           : ... This will be executed as a blocking assignment '='!
[2026-04-21 23:56:39,872]   608 |    shift_en_   <= 1;
[2026-04-21 23:56:39,872]       |                ^~
[2026-04-21 23:56:39,872] %Warning-COMBDLY: /tmp/finn_dev_emanuel-hernandez/vivado_stitch_proj_c78xp0ky/finn_design_wrapper.v:609:16: Non-blocking assignment '<=' in combinational logic process
[2026-04-21 23:56:39,872]                                                                                                           : ... This will be executed as a blocking assignment '='!
[2026-04-21 23:56:39,872]   609 |    addr_       <= 0;
[2026-04-21 23:56:39,872]       |                ^~
[2026-04-21 23:56:39,872] %Warning-COMBDLY: /tmp/finn_dev_emanuel-hernandez/vivado_stitch_proj_c78xp0ky/finn_design_wrapper.v:610:16: Non-blocking assignment '<=' in combinational logic process
[2026-04-21 23:56:39,872]                                                                                                           : ... This will be executed as a blocking assignment '='!
[2026-04-21 23:56:39,872]   610 |    state_      <= state_more;
[2026-04-21 23:56:39,872]       |                ^~
[2026-04-21 23:56:39,872] %Warning-COMBDLY: /tmp/finn_dev_emanuel-hernandez/vivado_stitch_proj_c78xp0ky/finn_design_wrapper.v:613:16: Non-blocking assignment '<=' in combinational logic process
[2026-04-21 23:56:39,872]                                                                                                           : ... This will be executed as a blocking assignment '='!
[2026-04-21 23:56:39,872]   613 |    srlo_       <= i_d;
[2026-04-21 23:56:39,872]       |                ^~
[2026-04-21 23:56:39,872] %Warning-COMBDLY: /tmp/finn_dev_emanuel-hernandez/vivado_stitch_proj_c78xp0ky/finn_design_wrapper.v:614:16: Non-blocking assignment '<=' in combinational logic process
[2026-04-21 23:56:39,872]                                                                                                           : ... This will be executed as a blocking assignment '='!
[2026-04-21 23:56:39,872]   614 |    shift_en_o_ <= 1;
[2026-04-21 23:56:39,872]       |                ^~
[2026-04-21 23:56:39,872] %Warning-COMBDLY: /tmp/finn_dev_emanuel-hernandez/vivado_stitch_proj_c78xp0ky/finn_design_wrapper.v:615:16: Non-blocking assignment '<=' in combinational logic process
[2026-04-21 23:56:39,872]                                                                                                           : ... This will be executed as a blocking assignment '='!
[2026-04-21 23:56:39,872]   615 |    shift_en_   <= 1;
[2026-04-21 23:56:39,872]       |                ^~
[2026-04-21 23:56:39,872] %Warning-COMBDLY: /tmp/finn_dev_emanuel-hernandez/vivado_stitch_proj_c78xp0ky/finn_design_wrapper.v:616:16: Non-blocking assignment '<=' in combinational logic process
[2026-04-21 23:56:39,872]                                                                                                           : ... This will be executed as a blocking assignment '='!
[2026-04-21 23:56:39,872]   616 |    addr_       <= 0;
[2026-04-21 23:56:39,872]       |                ^~
[2026-04-21 23:56:39,872] %Warning-COMBDLY: /tmp/finn_dev_emanuel-hernandez/vivado_stitch_proj_c78xp0ky/finn_design_wrapper.v:617:16: Non-blocking assignment '<=' in combinational logic process
[2026-04-21 23:56:39,872]                                                                                                           : ... This will be executed as a blocking assignment '='!
[2026-04-21 23:56:39,872]   617 |    state_      <= state_one;
[2026-04-21 23:56:39,872]       |                ^~
[2026-04-21 23:56:39,872] %Warning-COMBDLY: /tmp/finn_dev_emanuel-hernandez/vivado_stitch_proj_c78xp0ky/finn_design_wrapper.v:620:16: Non-blocking assignment '<=' in combinational logic process
[2026-04-21 23:56:39,872]                                                                                                           : ... This will be executed as a blocking assignment '='!
[2026-04-21 23:56:39,872]   620 |    srlo_       <= 'bx;
[2026-04-21 23:56:39,872]       |                ^~
[2026-04-21 23:56:39,872] %Warning-COMBDLY: /tmp/finn_dev_emanuel-hernandez/vivado_stitch_proj_c78xp0ky/finn_design_wrapper.v:621:16: Non-blocking assignment '<=' in combinational logic process
[2026-04-21 23:56:39,872]                                                                                                           : ... This will be executed as a blocking assignment '='!
[2026-04-21 23:56:39,872]   621 |    shift_en_o_ <= 0;
[2026-04-21 23:56:39,872]       |                ^~
[2026-04-21 23:56:39,872] %Warning-COMBDLY: /tmp/finn_dev_emanuel-hernandez/vivado_stitch_proj_c78xp0ky/finn_design_wrapper.v:622:16: Non-blocking assignment '<=' in combinational logic process
[2026-04-21 23:56:39,872]                                                                                                           : ... This will be executed as a blocking assignment '='!
[2026-04-21 23:56:39,872]   622 |    shift_en_   <= 1'bx;
[2026-04-21 23:56:39,872]       |                ^~
[2026-04-21 23:56:39,872] %Warning-COMBDLY: /tmp/finn_dev_emanuel-hernandez/vivado_stitch_proj_c78xp0ky/finn_design_wrapper.v:623:16: Non-blocking assignment '<=' in combinational logic process
[2026-04-21 23:56:39,872]                                                                                                           : ... This will be executed as a blocking assignment '='!
[2026-04-21 23:56:39,872]   623 |    addr_       <= 0;
[2026-04-21 23:56:39,872]       |                ^~
[2026-04-21 23:56:39,872] %Warning-COMBDLY: /tmp/finn_dev_emanuel-hernandez/vivado_stitch_proj_c78xp0ky/finn_design_wrapper.v:624:16: Non-blocking assignment '<=' in combinational logic process
[2026-04-21 23:56:39,872]                                                                                                           : ... This will be executed as a blocking assignment '='!
[2026-04-21 23:56:39,872]   624 |    state_      <= state_one;
[2026-04-21 23:56:39,872]       |                ^~
[2026-04-21 23:56:39,872] %Warning-COMBDLY: /tmp/finn_dev_emanuel-hernandez/vivado_stitch_proj_c78xp0ky/finn_design_wrapper.v:627:16: Non-blocking assignment '<=' in combinational logic process
[2026-04-21 23:56:39,872]                                                                                                           : ... This will be executed as a blocking assignment '='!
[2026-04-21 23:56:39,872]   627 |    srlo_       <= 'bx;
[2026-04-21 23:56:39,872]       |                ^~
[2026-04-21 23:56:39,872] %Warning-COMBDLY: /tmp/finn_dev_emanuel-hernandez/vivado_stitch_proj_c78xp0ky/finn_design_wrapper.v:628:16: Non-blocking assignment '<=' in combinational logic process
[2026-04-21 23:56:39,872]                                                                                                           : ... This will be executed as a blocking assignment '='!
[2026-04-21 23:56:39,872]   628 |    shift_en_o_ <= 0;
[2026-04-21 23:56:39,872]       |                ^~
[2026-04-21 23:56:39,872] %Warning-COMBDLY: /tmp/finn_dev_emanuel-hernandez/vivado_stitch_proj_c78xp0ky/finn_design_wrapper.v:629:16: Non-blocking assignment '<=' in combinational logic process
[2026-04-21 23:56:39,873]                                                                                                           : ... This will be executed as a blocking assignment '='!
[2026-04-21 23:56:39,873]   629 |    shift_en_   <= 1'bx;
[2026-04-21 23:56:39,873]       |                ^~
[2026-04-21 23:56:39,873] %Warning-COMBDLY: /tmp/finn_dev_emanuel-hernandez/vivado_stitch_proj_c78xp0ky/finn_design_wrapper.v:630:16: Non-blocking assignment '<=' in combinational logic process
[2026-04-21 23:56:39,873]                                                                                                           : ... This will be executed as a blocking assignment '='!
[2026-04-21 23:56:39,873]   630 |    addr_       <= 0;
[2026-04-21 23:56:39,873]       |                ^~
[2026-04-21 23:56:39,873] %Warning-COMBDLY: /tmp/finn_dev_emanuel-hernandez/vivado_stitch_proj_c78xp0ky/finn_design_wrapper.v:631:16: Non-blocking assignment '<=' in combinational logic process
[2026-04-21 23:56:39,873]                                                                                                           : ... This will be executed as a blocking assignment '='!
[2026-04-21 23:56:39,873]   631 |    state_      <= state_empty;
[2026-04-21 23:56:39,873]       |                ^~
[2026-04-21 23:56:39,873] %Warning-COMBDLY: /tmp/finn_dev_emanuel-hernandez/vivado_stitch_proj_c78xp0ky/finn_design_wrapper.v:640:16: Non-blocking assignment '<=' in combinational logic process
[2026-04-21 23:56:39,873]                                                                                                           : ... This will be executed as a blocking assignment '='!
[2026-04-21 23:56:39,873]   640 |    srlo_       <= 'bx;
[2026-04-21 23:56:39,873]       |                ^~
[2026-04-21 23:56:39,873] %Warning-COMBDLY: /tmp/finn_dev_emanuel-hernandez/vivado_stitch_proj_c78xp0ky/finn_design_wrapper.v:641:16: Non-blocking assignment '<=' in combinational logic process
[2026-04-21 23:56:39,873]                                                                                                           : ... This will be executed as a blocking assignment '='!
[2026-04-21 23:56:39,873]   641 |    shift_en_o_ <= 0;
[2026-04-21 23:56:39,873]       |                ^~
[2026-04-21 23:56:39,873] %Warning-COMBDLY: /tmp/finn_dev_emanuel-hernandez/vivado_stitch_proj_c78xp0ky/finn_design_wrapper.v:642:16: Non-blocking assignment '<=' in combinational logic process
[2026-04-21 23:56:39,873]                                                                                                           : ... This will be executed as a blocking assignment '='!
[2026-04-21 23:56:39,873]   642 |    shift_en_   <= 0;
[2026-04-21 23:56:39,873]       |                ^~
[2026-04-21 23:56:39,873] %Warning-COMBDLY: /tmp/finn_dev_emanuel-hernandez/vivado_stitch_proj_c78xp0ky/finn_design_wrapper.v:643:16: Non-blocking assignment '<=' in combinational logic process
[2026-04-21 23:56:39,873]                                                                                                           : ... This will be executed as a blocking assignment '='!
[2026-04-21 23:56:39,873]   643 |    addr_       <= addr;
[2026-04-21 23:56:39,873]       |                ^~
[2026-04-21 23:56:39,873] %Warning-COMBDLY: /tmp/finn_dev_emanuel-hernandez/vivado_stitch_proj_c78xp0ky/finn_design_wrapper.v:644:16: Non-blocking assignment '<=' in combinational logic process
[2026-04-21 23:56:39,873]                                                                                                           : ... This will be executed as a blocking assignment '='!
[2026-04-21 23:56:39,873]   644 |    state_      <= state_more;
[2026-04-21 23:56:39,873]       |                ^~
[2026-04-21 23:56:39,873] %Warning-COMBDLY: /tmp/finn_dev_emanuel-hernandez/vivado_stitch_proj_c78xp0ky/finn_design_wrapper.v:647:16: Non-blocking assignment '<=' in combinational logic process
[2026-04-21 23:56:39,873]                                                                                                           : ... This will be executed as a blocking assignment '='!
[2026-04-21 23:56:39,873]   647 |    srlo_       <= srl[addr];
[2026-04-21 23:56:39,873]       |                ^~
[2026-04-21 23:56:39,873] %Warning-COMBDLY: /tmp/finn_dev_emanuel-hernandez/vivado_stitch_proj_c78xp0ky/finn_design_wrapper.v:648:16: Non-blocking assignment '<=' in combinational logic process
[2026-04-21 23:56:39,873]                                                                                                           : ... This will be executed as a blocking assignment '='!
[2026-04-21 23:56:39,873]   648 |    shift_en_o_ <= 1;
[2026-04-21 23:56:39,873]       |                ^~
[2026-04-21 23:56:39,873] %Warning-COMBDLY: /tmp/finn_dev_emanuel-hernandez/vivado_stitch_proj_c78xp0ky/finn_design_wrapper.v:649:16: Non-blocking assignment '<=' in combinational logic process
[2026-04-21 23:56:39,873]                                                                                                           : ... This will be executed as a blocking assignment '='!
[2026-04-21 23:56:39,873]   649 |    shift_en_   <= 0;
[2026-04-21 23:56:39,873]       |                ^~
[2026-04-21 23:56:39,873] %Warning-COMBDLY: /tmp/finn_dev_emanuel-hernandez/vivado_stitch_proj_c78xp0ky/finn_design_wrapper.v:652:16: Non-blocking assignment '<=' in combinational logic process
[2026-04-21 23:56:39,873]                                                                                                           : ... This will be executed as a blocking assignment '='!
[2026-04-21 23:56:39,873]   652 |    addr_       <= addr_zero_ ? 0         : addr-1;
[2026-04-21 23:56:39,873]       |                ^~
[2026-04-21 23:56:39,873] %Warning-COMBDLY: /tmp/finn_dev_emanuel-hernandez/vivado_stitch_proj_c78xp0ky/finn_design_wrapper.v:653:16: Non-blocking assignment '<=' in combinational logic process
[2026-04-21 23:56:39,873]                                                                                                           : ... This will be executed as a blocking assignment '='!
[2026-04-21 23:56:39,873]   653 |    state_      <= addr_zero_ ? state_one : state_more;
[2026-04-21 23:56:39,873]       |                ^~
[2026-04-21 23:56:39,873] %Warning-COMBDLY: /tmp/finn_dev_emanuel-hernandez/vivado_stitch_proj_c78xp0ky/finn_design_wrapper.v:658:16: Non-blocking assignment '<=' in combinational logic process
[2026-04-21 23:56:39,873]                                                                                                           : ... This will be executed as a blocking assignment '='!
[2026-04-21 23:56:39,873]   658 |    srlo_       <= 'bx;
[2026-04-21 23:56:39,873]       |                ^~
[2026-04-21 23:56:39,873] %Warning-COMBDLY: /tmp/finn_dev_emanuel-hernandez/vivado_stitch_proj_c78xp0ky/finn_design_wrapper.v:659:16: Non-blocking assignment '<=' in combinational logic process
[2026-04-21 23:56:39,873]                                                                                                           : ... This will be executed as a blocking assignment '='!
[2026-04-21 23:56:39,873]   659 |    shift_en_o_ <= 0;
[2026-04-21 23:56:39,873]       |                ^~
[2026-04-21 23:56:39,873] %Warning-COMBDLY: /tmp/finn_dev_emanuel-hernandez/vivado_stitch_proj_c78xp0ky/finn_design_wrapper.v:660:16: Non-blocking assignment '<=' in combinational logic process
[2026-04-21 23:56:39,873]                                                                                                           : ... This will be executed as a blocking assignment '='!
[2026-04-21 23:56:39,873]   660 |    shift_en_   <= 1;
[2026-04-21 23:56:39,873]       |                ^~
[2026-04-21 23:56:39,873] %Warning-COMBDLY: /tmp/finn_dev_emanuel-hernandez/vivado_stitch_proj_c78xp0ky/finn_design_wrapper.v:661:16: Non-blocking assignment '<=' in combinational logic process
[2026-04-21 23:56:39,873]                                                                                                           : ... This will be executed as a blocking assignment '='!
[2026-04-21 23:56:39,873]   661 |    addr_       <= addr+1;
[2026-04-21 23:56:39,873]       |                ^~
[2026-04-21 23:56:39,873] %Warning-COMBDLY: /tmp/finn_dev_emanuel-hernandez/vivado_stitch_proj_c78xp0ky/finn_design_wrapper.v:662:16: Non-blocking assignment '<=' in combinational logic process
[2026-04-21 23:56:39,873]                                                                                                           : ... This will be executed as a blocking assignment '='!
[2026-04-21 23:56:39,873]   662 |    state_      <= state_more;
[2026-04-21 23:56:39,873]       |                ^~
[2026-04-21 23:56:39,873] %Warning-COMBDLY: /tmp/finn_dev_emanuel-hernandez/vivado_stitch_proj_c78xp0ky/finn_design_wrapper.v:665:16: Non-blocking assignment '<=' in combinational logic process
[2026-04-21 23:56:39,873]                                                                                                           : ... This will be executed as a blocking assignment '='!
[2026-04-21 23:56:39,873]   665 |    srlo_       <= srl[addr];
[2026-04-21 23:56:39,873]       |                ^~
[2026-04-21 23:56:39,873] %Warning-COMBDLY: /tmp/finn_dev_emanuel-hernandez/vivado_stitch_proj_c78xp0ky/finn_design_wrapper.v:666:16: Non-blocking assignment '<=' in combinational logic process
[2026-04-21 23:56:39,873]                                                                                                           : ... This will be executed as a blocking assignment '='!
[2026-04-21 23:56:39,873]   666 |    shift_en_o_ <= 1;
[2026-04-21 23:56:39,873]       |                ^~
[2026-04-21 23:56:39,873] %Warning-COMBDLY: /tmp/finn_dev_emanuel-hernandez/vivado_stitch_proj_c78xp0ky/finn_design_wrapper.v:667:16: Non-blocking assignment '<=' in combinational logic process
[2026-04-21 23:56:39,873]                                                                                                           : ... This will be executed as a blocking assignment '='!
[2026-04-21 23:56:39,873]   667 |    shift_en_   <= 1;
[2026-04-21 23:56:39,873]       |                ^~
[2026-04-21 23:56:39,873] %Warning-COMBDLY: /tmp/finn_dev_emanuel-hernandez/vivado_stitch_proj_c78xp0ky/finn_design_wrapper.v:668:16: Non-blocking assignment '<=' in combinational logic process
[2026-04-21 23:56:39,873]                                                                                                           : ... This will be executed as a blocking assignment '='!
[2026-04-21 23:56:39,873]   668 |    addr_       <= addr;
[2026-04-21 23:56:39,873]       |                ^~
[2026-04-21 23:56:39,873] %Warning-COMBDLY: /tmp/finn_dev_emanuel-hernandez/vivado_stitch_proj_c78xp0ky/finn_design_wrapper.v:669:16: Non-blocking assignment '<=' in combinational logic process
[2026-04-21 23:56:39,873]                                                                                                           : ... This will be executed as a blocking assignment '='!
[2026-04-21 23:56:39,873]   669 |    state_      <= state_more;
[2026-04-21 23:56:39,873]       |                ^~
[2026-04-21 23:56:39,873] %Warning-COMBDLY: /tmp/finn_dev_emanuel-hernandez/vivado_stitch_proj_c78xp0ky/finn_design_wrapper.v:672:16: Non-blocking assignment '<=' in combinational logic process
[2026-04-21 23:56:39,873]                                                                                                           : ... This will be executed as a blocking assignment '='!
[2026-04-21 23:56:39,873]   672 |    srlo_       <= 'bx;
[2026-04-21 23:56:39,873]       |                ^~
[2026-04-21 23:56:39,873] %Warning-COMBDLY: /tmp/finn_dev_emanuel-hernandez/vivado_stitch_proj_c78xp0ky/finn_design_wrapper.v:673:16: Non-blocking assignment '<=' in combinational logic process
[2026-04-21 23:56:39,873]                                                                                                           : ... This will be executed as a blocking assignment '='!
[2026-04-21 23:56:39,873]   673 |    shift_en_o_ <= 0;
[2026-04-21 23:56:39,873]       |                ^~
[2026-04-21 23:56:39,873] %Warning-COMBDLY: /tmp/finn_dev_emanuel-hernandez/vivado_stitch_proj_c78xp0ky/finn_design_wrapper.v:674:16: Non-blocking assignment '<=' in combinational logic process
[2026-04-21 23:56:39,873]                                                                                                           : ... This will be executed as a blocking assignment '='!
[2026-04-21 23:56:39,873]   674 |    shift_en_   <= 0;
[2026-04-21 23:56:39,873]       |                ^~
[2026-04-21 23:56:39,873] %Warning-COMBDLY: /tmp/finn_dev_emanuel-hernandez/vivado_stitch_proj_c78xp0ky/finn_design_wrapper.v:675:16: Non-blocking assignment '<=' in combinational logic process
[2026-04-21 23:56:39,873]                                                                                                           : ... This will be executed as a blocking assignment '='!
[2026-04-21 23:56:39,873]   675 |    addr_       <= addr;
[2026-04-21 23:56:39,873]       |                ^~
[2026-04-21 23:56:39,873] %Warning-COMBDLY: /tmp/finn_dev_emanuel-hernandez/vivado_stitch_proj_c78xp0ky/finn_design_wrapper.v:676:16: Non-blocking assignment '<=' in combinational logic process
[2026-04-21 23:56:39,873]                                                                                                           : ... This will be executed as a blocking assignment '='!
[2026-04-21 23:56:39,873]   676 |    state_      <= state_more;
[2026-04-21 23:56:39,873]       |                ^~
[2026-04-21 23:56:39,873] %Warning-COMBDLY: /tmp/finn_dev_emanuel-hernandez/vivado_stitch_proj_c78xp0ky/finn_design_wrapper.v:679:16: Non-blocking assignment '<=' in combinational logic process
[2026-04-21 23:56:39,873]                                                                                                           : ... This will be executed as a blocking assignment '='!
[2026-04-21 23:56:39,873]   679 |    srlo_       <= srl[addr];
[2026-04-21 23:56:39,873]       |                ^~
[2026-04-21 23:56:39,873] %Warning-COMBDLY: /tmp/finn_dev_emanuel-hernandez/vivado_stitch_proj_c78xp0ky/finn_design_wrapper.v:680:16: Non-blocking assignment '<=' in combinational logic process
[2026-04-21 23:56:39,873]                                                                                                           : ... This will be executed as a blocking assignment '='!
[2026-04-21 23:56:39,873]   680 |    shift_en_o_ <= 1;
[2026-04-21 23:56:39,873]       |                ^~
[2026-04-21 23:56:39,873] %Warning-COMBDLY: /tmp/finn_dev_emanuel-hernandez/vivado_stitch_proj_c78xp0ky/finn_design_wrapper.v:681:16: Non-blocking assignment '<=' in combinational logic process
[2026-04-21 23:56:39,873]                                                                                                           : ... This will be executed as a blocking assignment '='!
[2026-04-21 23:56:39,873]   681 |    shift_en_   <= 0;
[2026-04-21 23:56:39,873]       |                ^~
[2026-04-21 23:56:39,873] %Warning-COMBDLY: /tmp/finn_dev_emanuel-hernandez/vivado_stitch_proj_c78xp0ky/finn_design_wrapper.v:682:16: Non-blocking assignment '<=' in combinational logic process
[2026-04-21 23:56:39,873]                                                                                                           : ... This will be executed as a blocking assignment '='!
[2026-04-21 23:56:39,873]   682 |    addr_       <= addr_zero_ ? 0         : addr-1;
[2026-04-21 23:56:39,873]       |                ^~
[2026-04-21 23:56:39,873] %Warning-COMBDLY: /tmp/finn_dev_emanuel-hernandez/vivado_stitch_proj_c78xp0ky/finn_design_wrapper.v:683:16: Non-blocking assignment '<=' in combinational logic process
[2026-04-21 23:56:39,873]                                                                                                           : ... This will be executed as a blocking assignment '='!
[2026-04-21 23:56:39,873]   683 |    state_      <= addr_zero_ ? state_one : state_more;
[2026-04-21 23:56:39,874]       |                ^~
[2026-04-21 23:56:39,874] %Warning-COMBDLY: /tmp/finn_dev_emanuel-hernandez/vivado_stitch_proj_c78xp0ky/finn_design_wrapper.v:689:16: Non-blocking assignment '<=' in combinational logic process
[2026-04-21 23:56:39,874]                                                                                                           : ... This will be executed as a blocking assignment '='!
[2026-04-21 23:56:39,874]   689 |    srlo_       <=  'bx;
[2026-04-21 23:56:39,874]       |                ^~
[2026-04-21 23:56:39,874] %Warning-COMBDLY: /tmp/finn_dev_emanuel-hernandez/vivado_stitch_proj_c78xp0ky/finn_design_wrapper.v:690:16: Non-blocking assignment '<=' in combinational logic process
[2026-04-21 23:56:39,874]                                                                                                           : ... This will be executed as a blocking assignment '='!
[2026-04-21 23:56:39,874]   690 |    shift_en_o_ <= 1'bx;
[2026-04-21 23:56:39,874]       |                ^~
[2026-04-21 23:56:39,874] %Warning-COMBDLY: /tmp/finn_dev_emanuel-hernandez/vivado_stitch_proj_c78xp0ky/finn_design_wrapper.v:691:16: Non-blocking assignment '<=' in combinational logic process
[2026-04-21 23:56:39,874]                                                                                                           : ... This will be executed as a blocking assignment '='!
[2026-04-21 23:56:39,874]   691 |    shift_en_   <= 1'bx;
[2026-04-21 23:56:39,874]       |                ^~
[2026-04-21 23:56:39,874] %Warning-COMBDLY: /tmp/finn_dev_emanuel-hernandez/vivado_stitch_proj_c78xp0ky/finn_design_wrapper.v:692:16: Non-blocking assignment '<=' in combinational logic process
[2026-04-21 23:56:39,874]                                                                                                           : ... This will be executed as a blocking assignment '='!
[2026-04-21 23:56:39,874]   692 |    addr_       <=  'bx;
[2026-04-21 23:56:39,874]       |                ^~
[2026-04-21 23:56:39,874] %Warning-COMBDLY: /tmp/finn_dev_emanuel-hernandez/vivado_stitch_proj_c78xp0ky/finn_design_wrapper.v:693:16: Non-blocking assignment '<=' in combinational logic process
[2026-04-21 23:56:39,874]                                                                                                           : ... This will be executed as a blocking assignment '='!
[2026-04-21 23:56:39,874]   693 |    state_      <= 2'bx;
[2026-04-21 23:56:39,874]       |                ^~
[2026-04-21 23:56:41,460] make: Entering directory '/tmp/finn_dev_emanuel-hernandez/verilator_fifosim_nm1ghm9s'
[2026-04-21 23:56:41,461] ccache g++  -I.  -MMD -I/usr/local/share/verilator/include -I/usr/local/share/verilator/include/vltstd -DVM_COVERAGE=0 -DVM_SC=0 -DVM_TRACE=0 -DVM_TRACE_FST=0 -DVM_TRACE_VCD=0 -faligned-new -fcf-protection=none -Wno-bool-operation -Wno-sign-compare -Wno-uninitialized -Wno-unused-but-set-variable -Wno-unused-parameter -Wno-unused-variable -Wno-shadow     --std=c++11  -DVL_THREADED -std=gnu++17 -Os -c -o verilator_fifosim.o verilator_fifosim.cpp
[2026-04-21 23:56:41,461] ccache g++  -I.  -MMD -I/usr/local/share/verilator/include -I/usr/local/share/verilator/include/vltstd -DVM_COVERAGE=0 -DVM_SC=0 -DVM_TRACE=0 -DVM_TRACE_FST=0 -DVM_TRACE_VCD=0 -faligned-new -fcf-protection=none -Wno-bool-operation -Wno-sign-compare -Wno-uninitialized -Wno-unused-but-set-variable -Wno-unused-parameter -Wno-unused-variable -Wno-shadow     --std=c++11  -DVL_THREADED -std=gnu++17 -Os -c -o verilated.o /usr/local/share/verilator/include/verilated.cpp
[2026-04-21 23:56:41,461] ccache g++  -I.  -MMD -I/usr/local/share/verilator/include -I/usr/local/share/verilator/include/vltstd -DVM_COVERAGE=0 -DVM_SC=0 -DVM_TRACE=0 -DVM_TRACE_FST=0 -DVM_TRACE_VCD=0 -faligned-new -fcf-protection=none -Wno-bool-operation -Wno-sign-compare -Wno-uninitialized -Wno-unused-but-set-variable -Wno-unused-parameter -Wno-unused-variable -Wno-shadow     --std=c++11  -DVL_THREADED -std=gnu++17 -Os -c -o verilated_threads.o /usr/local/share/verilator/include/verilated_threads.cpp
[2026-04-21 23:56:41,461] ccache g++  -I.  -MMD -I/usr/local/share/verilator/include -I/usr/local/share/verilator/include/vltstd -DVM_COVERAGE=0 -DVM_SC=0 -DVM_TRACE=0 -DVM_TRACE_FST=0 -DVM_TRACE_VCD=0 -faligned-new -fcf-protection=none -Wno-bool-operation -Wno-sign-compare -Wno-uninitialized -Wno-unused-but-set-variable -Wno-unused-parameter -Wno-unused-variable -Wno-shadow     --std=c++11  -DVL_THREADED -std=gnu++17 -Os -c -o Vfinn_design_wrapper.o Vfinn_design_wrapper.cpp
[2026-04-21 23:56:41,461] ccache g++  -I.  -MMD -I/usr/local/share/verilator/include -I/usr/local/share/verilator/include/vltstd -DVM_COVERAGE=0 -DVM_SC=0 -DVM_TRACE=0 -DVM_TRACE_FST=0 -DVM_TRACE_VCD=0 -faligned-new -fcf-protection=none -Wno-bool-operation -Wno-sign-compare -Wno-uninitialized -Wno-unused-but-set-variable -Wno-unused-parameter -Wno-unused-variable -Wno-shadow     --std=c++11  -DVL_THREADED -std=gnu++17 -Os -c -o Vfinn_design_wrapper___024root__DepSet_h13beed7b__0.o Vfinn_design_wrapper___024root__DepSet_h13beed7b__0.cpp
[2026-04-21 23:56:41,461] ccache g++  -I.  -MMD -I/usr/local/share/verilator/include -I/usr/local/share/verilator/include/vltstd -DVM_COVERAGE=0 -DVM_SC=0 -DVM_TRACE=0 -DVM_TRACE_FST=0 -DVM_TRACE_VCD=0 -faligned-new -fcf-protection=none -Wno-bool-operation -Wno-sign-compare -Wno-uninitialized -Wno-unused-but-set-variable -Wno-unused-parameter -Wno-unused-variable -Wno-shadow     --std=c++11  -DVL_THREADED -std=gnu++17 -Os -c -o Vfinn_design_wrapper___024root__DepSet_h47b9eb99__0.o Vfinn_design_wrapper___024root__DepSet_h47b9eb99__0.cpp
[2026-04-21 23:56:41,461] ccache g++  -I.  -MMD -I/usr/local/share/verilator/include -I/usr/local/share/verilator/include/vltstd -DVM_COVERAGE=0 -DVM_SC=0 -DVM_TRACE=0 -DVM_TRACE_FST=0 -DVM_TRACE_VCD=0 -faligned-new -fcf-protection=none -Wno-bool-operation -Wno-sign-compare -Wno-uninitialized -Wno-unused-but-set-variable -Wno-unused-parameter -Wno-unused-variable -Wno-shadow     --std=c++11  -DVL_THREADED -std=gnu++17 -Os -c -o Vfinn_design_wrapper___024root__DepSet_h47b9eb99__1.o Vfinn_design_wrapper___024root__DepSet_h47b9eb99__1.cpp
[2026-04-21 23:56:41,461] ccache g++  -I.  -MMD -I/usr/local/share/verilator/include -I/usr/local/share/verilator/include/vltstd -DVM_COVERAGE=0 -DVM_SC=0 -DVM_TRACE=0 -DVM_TRACE_FST=0 -DVM_TRACE_VCD=0 -faligned-new -fcf-protection=none -Wno-bool-operation -Wno-sign-compare -Wno-uninitialized -Wno-unused-but-set-variable -Wno-unused-parameter -Wno-unused-variable -Wno-shadow     --std=c++11  -DVL_THREADED -std=gnu++17  -c -o Vfinn_design_wrapper__ConstPool_0.o Vfinn_design_wrapper__ConstPool_0.cpp
[2026-04-21 23:56:41,461] ccache g++  -I.  -MMD -I/usr/local/share/verilator/include -I/usr/local/share/verilator/include/vltstd -DVM_COVERAGE=0 -DVM_SC=0 -DVM_TRACE=0 -DVM_TRACE_FST=0 -DVM_TRACE_VCD=0 -faligned-new -fcf-protection=none -Wno-bool-operation -Wno-sign-compare -Wno-uninitialized -Wno-unused-but-set-variable -Wno-unused-parameter -Wno-unused-variable -Wno-shadow     --std=c++11  -DVL_THREADED -std=gnu++17  -c -o Vfinn_design_wrapper___024root__Slow.o Vfinn_design_wrapper___024root__Slow.cpp
[2026-04-21 23:56:41,461] ccache g++  -I.  -MMD -I/usr/local/share/verilator/include -I/usr/local/share/verilator/include/vltstd -DVM_COVERAGE=0 -DVM_SC=0 -DVM_TRACE=0 -DVM_TRACE_FST=0 -DVM_TRACE_VCD=0 -faligned-new -fcf-protection=none -Wno-bool-operation -Wno-sign-compare -Wno-uninitialized -Wno-unused-but-set-variable -Wno-unused-parameter -Wno-unused-variable -Wno-shadow     --std=c++11  -DVL_THREADED -std=gnu++17  -c -o Vfinn_design_wrapper___024root__DepSet_h47b9eb99__0__Slow.o Vfinn_design_wrapper___024root__DepSet_h47b9eb99__0__Slow.cpp
[2026-04-21 23:56:41,461] ccache g++  -I.  -MMD -I/usr/local/share/verilator/include -I/usr/local/share/verilator/include/vltstd -DVM_COVERAGE=0 -DVM_SC=0 -DVM_TRACE=0 -DVM_TRACE_FST=0 -DVM_TRACE_VCD=0 -faligned-new -fcf-protection=none -Wno-bool-operation -Wno-sign-compare -Wno-uninitialized -Wno-unused-but-set-variable -Wno-unused-parameter -Wno-unused-variable -Wno-shadow     --std=c++11  -DVL_THREADED -std=gnu++17  -c -o Vfinn_design_wrapper__Syms.o Vfinn_design_wrapper__Syms.cpp
[2026-04-21 23:56:41,461] echo "" > Vfinn_design_wrapper__ALL.verilator_deplist.tmp
[2026-04-21 23:56:41,461] Archive ar -rcs Vfinn_design_wrapper__ALL.a Vfinn_design_wrapper.o Vfinn_design_wrapper___024root__DepSet_h13beed7b__0.o Vfinn_design_wrapper___024root__DepSet_h47b9eb99__0.o Vfinn_design_wrapper___024root__DepSet_h47b9eb99__1.o Vfinn_design_wrapper__ConstPool_0.o Vfinn_design_wrapper___024root__Slow.o Vfinn_design_wrapper___024root__DepSet_h47b9eb99__0__Slow.o Vfinn_design_wrapper__Syms.o
[2026-04-21 23:56:41,461] g++    verilator_fifosim.o verilated.o verilated_threads.o Vfinn_design_wrapper__ALL.a    -pthread -lpthread -latomic   -o Vfinn_design_wrapper
[2026-04-21 23:56:41,461] rm Vfinn_design_wrapper__ALL.verilator_deplist.tmp
[2026-04-21 23:56:41,461] make: Leaving directory '/tmp/finn_dev_emanuel-hernandez/verilator_fifosim_nm1ghm9s'
[2026-04-21 23:56:48,785] Simulation starting
[2026-04-21 23:56:48,785] Number of inputs to write 12800
[2026-04-21 23:56:48,785] Number of outputs to expect 1000
[2026-04-21 23:56:48,785] No-output timeout clock cycles 100000000
[2026-04-21 23:56:48,785] Elapsed iters 1000 inps 257 outs 0
[2026-04-21 23:56:48,785] Elapsed since last report = 0[s]
[2026-04-21 23:56:48,785] Elapsed iters 2000 inps 257 outs 0
[2026-04-21 23:56:48,785] Elapsed since last report = 0[s]
[2026-04-21 23:56:48,785] Elapsed iters 3000 inps 257 outs 0
[2026-04-21 23:56:48,785] Elapsed since last report = 0[s]
[2026-04-21 23:56:48,785] Elapsed iters 4000 inps 257 outs 0
[2026-04-21 23:56:48,785] Elapsed since last report = 0[s]
[2026-04-21 23:56:48,785] Elapsed iters 5000 inps 257 outs 0
[2026-04-21 23:56:48,785] Elapsed since last report = 0[s]
[2026-04-21 23:56:48,785] Elapsed iters 6000 inps 257 outs 0
[2026-04-21 23:56:48,785] Elapsed since last report = 0[s]
[2026-04-21 23:56:48,785] Elapsed iters 7000 inps 257 outs 0
[2026-04-21 23:56:48,785] Elapsed since last report = 0[s]
[2026-04-21 23:56:48,785] Elapsed iters 8000 inps 257 outs 0
[2026-04-21 23:56:48,785] Elapsed since last report = 0[s]
[2026-04-21 23:56:48,785] Elapsed iters 9000 inps 257 outs 0
[2026-04-21 23:56:48,785] Elapsed since last report = 0[s]
[2026-04-21 23:56:48,785] Elapsed iters 10000 inps 257 outs 0
[2026-04-21 23:56:48,786] Elapsed since last report = 0[s]
[2026-04-21 23:56:48,786] Elapsed iters 11000 inps 257 outs 0
[2026-04-21 23:56:48,786] Elapsed since last report = 0[s]
[2026-04-21 23:56:48,786] Elapsed iters 12000 inps 257 outs 0
[2026-04-21 23:56:48,786] Elapsed since last report = 0[s]
[2026-04-21 23:56:48,786] Elapsed iters 13000 inps 257 outs 0
[2026-04-21 23:56:48,786] Elapsed since last report = 0[s]
[2026-04-21 23:56:48,786] Elapsed iters 14000 inps 257 outs 0
[2026-04-21 23:56:48,786] Elapsed since last report = 0[s]
[2026-04-21 23:56:48,786] Elapsed iters 15000 inps 257 outs 0
[2026-04-21 23:56:48,786] Elapsed since last report = 0[s]
[2026-04-21 23:56:48,786] Elapsed iters 16000 inps 257 outs 0
[2026-04-21 23:56:48,786] Elapsed since last report = 0[s]
[2026-04-21 23:56:48,786] Elapsed iters 17000 inps 385 outs 0
[2026-04-21 23:56:48,786] Elapsed since last report = 0[s]
[2026-04-21 23:56:48,786] Elapsed iters 18000 inps 385 outs 0
[2026-04-21 23:56:48,786] Elapsed since last report = 0[s]
[2026-04-21 23:56:48,786] Elapsed iters 19000 inps 385 outs 0
[2026-04-21 23:56:48,786] Elapsed since last report = 0[s]
[2026-04-21 23:56:48,786] Elapsed iters 20000 inps 385 outs 0
[2026-04-21 23:56:48,786] Elapsed since last report = 0[s]
[2026-04-21 23:56:48,786] Elapsed iters 21000 inps 385 outs 0
[2026-04-21 23:56:48,786] Elapsed since last report = 0[s]
[2026-04-21 23:56:48,786] Elapsed iters 22000 inps 385 outs 0
[2026-04-21 23:56:48,786] Elapsed since last report = 0[s]
[2026-04-21 23:56:48,786] Elapsed iters 23000 inps 385 outs 0
[2026-04-21 23:56:48,786] Elapsed since last report = 0[s]
[2026-04-21 23:56:48,786] Elapsed iters 24000 inps 385 outs 0
[2026-04-21 23:56:48,786] Elapsed since last report = 0[s]
[2026-04-21 23:56:48,786] Elapsed iters 25000 inps 385 outs 9
[2026-04-21 23:56:48,786] Elapsed since last report = 0[s]
[2026-04-21 23:56:48,786] Elapsed iters 26000 inps 385 outs 10
[2026-04-21 23:56:48,786] Elapsed since last report = 0[s]
[2026-04-21 23:56:48,786] Elapsed iters 27000 inps 385 outs 10
[2026-04-21 23:56:48,786] Elapsed since last report = 0[s]
[2026-04-21 23:56:48,786] Elapsed iters 28000 inps 385 outs 10
[2026-04-21 23:56:48,786] Elapsed since last report = 0[s]
[2026-04-21 23:56:48,786] Elapsed iters 29000 inps 385 outs 10
[2026-04-21 23:56:48,786] Elapsed since last report = 0[s]
[2026-04-21 23:56:48,786] Elapsed iters 30000 inps 385 outs 10
[2026-04-21 23:56:48,786] Elapsed since last report = 0[s]
[2026-04-21 23:56:48,786] Elapsed iters 31000 inps 385 outs 10
[2026-04-21 23:56:48,786] Elapsed since last report = 0[s]
[2026-04-21 23:56:48,786] Elapsed iters 32000 inps 385 outs 10
[2026-04-21 23:56:48,786] Elapsed since last report = 0[s]
[2026-04-21 23:56:48,786] Elapsed iters 33000 inps 513 outs 10
[2026-04-21 23:56:48,786] Elapsed since last report = 0[s]
[2026-04-21 23:56:48,786] Elapsed iters 34000 inps 513 outs 10
[2026-04-21 23:56:48,786] Elapsed since last report = 0[s]
[2026-04-21 23:56:48,786] Elapsed iters 35000 inps 513 outs 10
[2026-04-21 23:56:48,786] Elapsed since last report = 0[s]
[2026-04-21 23:56:48,786] Elapsed iters 36000 inps 513 outs 10
[2026-04-21 23:56:48,786] Elapsed since last report = 0[s]
[2026-04-21 23:56:48,786] Elapsed iters 37000 inps 513 outs 10
[2026-04-21 23:56:48,786] Elapsed since last report = 0[s]
[2026-04-21 23:56:48,786] Elapsed iters 38000 inps 513 outs 10
[2026-04-21 23:56:48,786] Elapsed since last report = 0[s]
[2026-04-21 23:56:48,786] Elapsed iters 39000 inps 513 outs 10
[2026-04-21 23:56:48,786] Elapsed since last report = 0[s]
[2026-04-21 23:56:48,786] Elapsed iters 40000 inps 513 outs 10
[2026-04-21 23:56:48,786] Elapsed since last report = 0[s]
[2026-04-21 23:56:48,786] Elapsed iters 41000 inps 513 outs 13
[2026-04-21 23:56:48,786] Elapsed since last report = 0[s]
[2026-04-21 23:56:48,786] Elapsed iters 42000 inps 513 outs 20
[2026-04-21 23:56:48,786] Elapsed since last report = 0[s]
[2026-04-21 23:56:48,786] Elapsed iters 43000 inps 513 outs 20
[2026-04-21 23:56:48,786] Elapsed since last report = 0[s]
[2026-04-21 23:56:48,786] Elapsed iters 44000 inps 513 outs 20
[2026-04-21 23:56:48,786] Elapsed since last report = 0[s]
[2026-04-21 23:56:48,786] Elapsed iters 45000 inps 513 outs 20
[2026-04-21 23:56:48,786] Elapsed since last report = 0[s]
[2026-04-21 23:56:48,786] Elapsed iters 46000 inps 513 outs 20
[2026-04-21 23:56:48,786] Elapsed since last report = 0[s]
[2026-04-21 23:56:48,786] Elapsed iters 47000 inps 513 outs 20
[2026-04-21 23:56:48,786] Elapsed since last report = 0[s]
[2026-04-21 23:56:48,786] Elapsed iters 48000 inps 513 outs 20
[2026-04-21 23:56:48,786] Elapsed since last report = 0[s]
[2026-04-21 23:56:48,786] Elapsed iters 49000 inps 513 outs 20
[2026-04-21 23:56:48,786] Elapsed since last report = 0[s]
[2026-04-21 23:56:48,786] Elapsed iters 50000 inps 641 outs 20
[2026-04-21 23:56:48,786] Elapsed since last report = 0[s]
[2026-04-21 23:56:48,786] Elapsed iters 51000 inps 641 outs 20
[2026-04-21 23:56:48,786] Elapsed since last report = 0[s]
[2026-04-21 23:56:48,786] Elapsed iters 52000 inps 641 outs 20
[2026-04-21 23:56:48,786] Elapsed since last report = 0[s]
[2026-04-21 23:56:48,786] Elapsed iters 53000 inps 641 outs 20
[2026-04-21 23:56:48,786] Elapsed since last report = 0[s]
[2026-04-21 23:56:48,786] Elapsed iters 54000 inps 641 outs 20
[2026-04-21 23:56:48,786] Elapsed since last report = 0[s]
[2026-04-21 23:56:48,786] Elapsed iters 55000 inps 641 outs 20
[2026-04-21 23:56:48,786] Elapsed since last report = 0[s]
[2026-04-21 23:56:48,786] Elapsed iters 56000 inps 641 outs 20
[2026-04-21 23:56:48,786] Elapsed since last report = 0[s]
[2026-04-21 23:56:48,786] Elapsed iters 57000 inps 641 outs 20
[2026-04-21 23:56:48,786] Elapsed since last report = 0[s]
[2026-04-21 23:56:48,787] Elapsed iters 58000 inps 641 outs 30
[2026-04-21 23:56:48,787] Elapsed since last report = 0[s]
[2026-04-21 23:56:48,787] Elapsed iters 59000 inps 641 outs 30
[2026-04-21 23:56:48,787] Elapsed since last report = 0[s]
[2026-04-21 23:56:48,787] Elapsed iters 60000 inps 641 outs 30
[2026-04-21 23:56:48,787] Elapsed since last report = 0[s]
[2026-04-21 23:56:48,787] Elapsed iters 61000 inps 641 outs 30
[2026-04-21 23:56:48,787] Elapsed since last report = 0[s]
[2026-04-21 23:56:48,787] Elapsed iters 62000 inps 641 outs 30
[2026-04-21 23:56:48,787] Elapsed since last report = 0[s]
[2026-04-21 23:56:48,787] Elapsed iters 63000 inps 641 outs 30
[2026-04-21 23:56:48,787] Elapsed since last report = 0[s]
[2026-04-21 23:56:48,787] Elapsed iters 64000 inps 641 outs 30
[2026-04-21 23:56:48,787] Elapsed since last report = 0[s]
[2026-04-21 23:56:48,787] Elapsed iters 65000 inps 641 outs 30
[2026-04-21 23:56:48,787] Elapsed since last report = 0[s]
[2026-04-21 23:56:48,787] Elapsed iters 66000 inps 769 outs 30
[2026-04-21 23:56:48,787] Elapsed since last report = 0[s]
[2026-04-21 23:56:48,787] Elapsed iters 67000 inps 769 outs 30
[2026-04-21 23:56:48,787] Elapsed since last report = 0[s]
[2026-04-21 23:56:48,787] Elapsed iters 68000 inps 769 outs 30
[2026-04-21 23:56:48,787] Elapsed since last report = 0[s]
[2026-04-21 23:56:48,787] Elapsed iters 69000 inps 769 outs 30
[2026-04-21 23:56:48,787] Elapsed since last report = 0[s]
[2026-04-21 23:56:48,787] Elapsed iters 70000 inps 769 outs 30
[2026-04-21 23:56:48,787] Elapsed since last report = 0[s]
[2026-04-21 23:56:48,787] Elapsed iters 71000 inps 769 outs 30
[2026-04-21 23:56:48,787] Elapsed since last report = 0[s]
[2026-04-21 23:56:48,787] Elapsed iters 72000 inps 769 outs 30
[2026-04-21 23:56:48,787] Elapsed since last report = 0[s]
[2026-04-21 23:56:48,787] Elapsed iters 73000 inps 769 outs 30
[2026-04-21 23:56:48,787] Elapsed since last report = 0[s]
[2026-04-21 23:56:48,787] Elapsed iters 74000 inps 769 outs 36
[2026-04-21 23:56:48,787] Elapsed since last report = 0[s]
[2026-04-21 23:56:48,787] Elapsed iters 75000 inps 769 outs 40
[2026-04-21 23:56:48,787] Elapsed since last report = 0[s]
[2026-04-21 23:56:48,787] Elapsed iters 76000 inps 769 outs 40
[2026-04-21 23:56:48,787] Elapsed since last report = 0[s]
[2026-04-21 23:56:48,787] Elapsed iters 77000 inps 769 outs 40
[2026-04-21 23:56:48,787] Elapsed since last report = 0[s]
[2026-04-21 23:56:48,787] Elapsed iters 78000 inps 769 outs 40
[2026-04-21 23:56:48,787] Elapsed since last report = 0[s]
[2026-04-21 23:56:48,787] Elapsed iters 79000 inps 769 outs 40
[2026-04-21 23:56:48,787] Elapsed since last report = 0[s]
[2026-04-21 23:56:48,787] Elapsed iters 80000 inps 769 outs 40
[2026-04-21 23:56:48,787] Elapsed since last report = 0[s]
[2026-04-21 23:56:48,787] Elapsed iters 81000 inps 769 outs 40
[2026-04-21 23:56:48,787] Elapsed since last report = 0[s]
[2026-04-21 23:56:48,787] Elapsed iters 82000 inps 794 outs 40
[2026-04-21 23:56:48,787] Elapsed since last report = 0[s]
[2026-04-21 23:56:48,787] Elapsed iters 83000 inps 897 outs 40
[2026-04-21 23:56:48,787] Elapsed since last report = 0[s]
[2026-04-21 23:56:48,787] Elapsed iters 84000 inps 897 outs 40
[2026-04-21 23:56:48,787] Elapsed since last report = 0[s]
[2026-04-21 23:56:48,787] Elapsed iters 85000 inps 897 outs 40
[2026-04-21 23:56:48,787] Elapsed since last report = 0[s]
[2026-04-21 23:56:48,787] Elapsed iters 86000 inps 897 outs 40
[2026-04-21 23:56:48,787] Elapsed since last report = 0[s]
[2026-04-21 23:56:48,787] Elapsed iters 87000 inps 897 outs 40
[2026-04-21 23:56:48,787] Elapsed since last report = 0[s]
[2026-04-21 23:56:48,787] Elapsed iters 88000 inps 897 outs 40
[2026-04-21 23:56:48,787] Elapsed since last report = 0[s]
[2026-04-21 23:56:48,787] Elapsed iters 89000 inps 897 outs 40
[2026-04-21 23:56:48,787] Elapsed since last report = 0[s]
[2026-04-21 23:56:48,787] Elapsed iters 90000 inps 897 outs 40
[2026-04-21 23:56:48,787] Elapsed since last report = 0[s]
[2026-04-21 23:56:48,787] Elapsed iters 91000 inps 897 outs 50
[2026-04-21 23:56:48,787] Elapsed since last report = 0[s]
[2026-04-21 23:56:48,787] Elapsed iters 92000 inps 897 outs 50
[2026-04-21 23:56:48,787] Elapsed since last report = 0[s]
[2026-04-21 23:56:48,787] Elapsed iters 93000 inps 897 outs 50
[2026-04-21 23:56:48,787] Elapsed since last report = 0[s]
[2026-04-21 23:56:48,787] Elapsed iters 94000 inps 897 outs 50
[2026-04-21 23:56:48,787] Elapsed since last report = 0[s]
[2026-04-21 23:56:48,787] Elapsed iters 95000 inps 897 outs 50
[2026-04-21 23:56:48,787] Elapsed since last report = 0[s]
[2026-04-21 23:56:48,787] Elapsed iters 96000 inps 897 outs 50
[2026-04-21 23:56:48,787] Elapsed since last report = 0[s]
[2026-04-21 23:56:48,787] Elapsed iters 97000 inps 897 outs 50
[2026-04-21 23:56:48,787] Elapsed since last report = 0[s]
[2026-04-21 23:56:48,787] Elapsed iters 98000 inps 897 outs 50
[2026-04-21 23:56:48,787] Elapsed since last report = 0[s]
[2026-04-21 23:56:48,787] Elapsed iters 99000 inps 1025 outs 50
[2026-04-21 23:56:48,787] Elapsed since last report = 0[s]
[2026-04-21 23:56:48,787] Elapsed iters 100000 inps 1025 outs 50
[2026-04-21 23:56:48,787] Elapsed since last report = 0[s]
[2026-04-21 23:56:48,787] Elapsed iters 101000 inps 1025 outs 50
[2026-04-21 23:56:48,787] Elapsed since last report = 0[s]
[2026-04-21 23:56:48,787] Elapsed iters 102000 inps 1025 outs 50
[2026-04-21 23:56:48,787] Elapsed since last report = 0[s]
[2026-04-21 23:56:48,787] Elapsed iters 103000 inps 1025 outs 50
[2026-04-21 23:56:48,787] Elapsed since last report = 0[s]
[2026-04-21 23:56:48,787] Elapsed iters 104000 inps 1025 outs 50
[2026-04-21 23:56:48,787] Elapsed since last report = 0[s]
[2026-04-21 23:56:48,787] Elapsed iters 105000 inps 1025 outs 50
[2026-04-21 23:56:48,787] Elapsed since last report = 0[s]
[2026-04-21 23:56:48,787] Elapsed iters 106000 inps 1025 outs 50
[2026-04-21 23:56:48,787] Elapsed since last report = 0[s]
[2026-04-21 23:56:48,787] Elapsed iters 107000 inps 1025 outs 59
[2026-04-21 23:56:48,787] Elapsed since last report = 0[s]
[2026-04-21 23:56:48,787] Elapsed iters 108000 inps 1025 outs 60
[2026-04-21 23:56:48,787] Elapsed since last report = 0[s]
[2026-04-21 23:56:48,787] Elapsed iters 109000 inps 1025 outs 60
[2026-04-21 23:56:48,787] Elapsed since last report = 0[s]
[2026-04-21 23:56:48,787] Elapsed iters 110000 inps 1025 outs 60
[2026-04-21 23:56:48,787] Elapsed since last report = 0[s]
[2026-04-21 23:56:48,787] Elapsed iters 111000 inps 1025 outs 60
[2026-04-21 23:56:48,787] Elapsed since last report = 0[s]
[2026-04-21 23:56:48,787] Elapsed iters 112000 inps 1025 outs 60
[2026-04-21 23:56:48,787] Elapsed since last report = 0[s]
[2026-04-21 23:56:48,787] Elapsed iters 113000 inps 1025 outs 60
[2026-04-21 23:56:48,787] Elapsed since last report = 0[s]
[2026-04-21 23:56:48,787] Elapsed iters 114000 inps 1025 outs 60
[2026-04-21 23:56:48,787] Elapsed since last report = 0[s]
[2026-04-21 23:56:48,787] Elapsed iters 115000 inps 1153 outs 60
[2026-04-21 23:56:48,787] Elapsed since last report = 0[s]
[2026-04-21 23:56:48,787] Elapsed iters 116000 inps 1153 outs 60
[2026-04-21 23:56:48,787] Elapsed since last report = 0[s]
[2026-04-21 23:56:48,787] Elapsed iters 117000 inps 1153 outs 60
[2026-04-21 23:56:48,787] Elapsed since last report = 0[s]
[2026-04-21 23:56:48,787] Elapsed iters 118000 inps 1153 outs 60
[2026-04-21 23:56:48,787] Elapsed since last report = 0[s]
[2026-04-21 23:56:48,787] Elapsed iters 119000 inps 1153 outs 60
[2026-04-21 23:56:48,787] Elapsed since last report = 0[s]
[2026-04-21 23:56:48,787] Elapsed iters 120000 inps 1153 outs 60
[2026-04-21 23:56:48,787] Elapsed since last report = 0[s]
[2026-04-21 23:56:48,787] Elapsed iters 121000 inps 1153 outs 60
[2026-04-21 23:56:48,787] Elapsed since last report = 0[s]
[2026-04-21 23:56:48,787] Elapsed iters 122000 inps 1153 outs 60
[2026-04-21 23:56:48,787] Elapsed since last report = 0[s]
[2026-04-21 23:56:48,788] Elapsed iters 123000 inps 1153 outs 63
[2026-04-21 23:56:48,788] Elapsed since last report = 0[s]
[2026-04-21 23:56:48,788] Elapsed iters 124000 inps 1153 outs 70
[2026-04-21 23:56:48,788] Elapsed since last report = 0[s]
[2026-04-21 23:56:48,788] Elapsed iters 125000 inps 1153 outs 70
[2026-04-21 23:56:48,788] Elapsed since last report = 0[s]
[2026-04-21 23:56:48,788] Elapsed iters 126000 inps 1153 outs 70
[2026-04-21 23:56:48,788] Elapsed since last report = 0[s]
[2026-04-21 23:56:48,788] Elapsed iters 127000 inps 1153 outs 70
[2026-04-21 23:56:48,788] Elapsed since last report = 0[s]
[2026-04-21 23:56:48,788] Elapsed iters 128000 inps 1153 outs 70
[2026-04-21 23:56:48,788] Elapsed since last report = 0[s]
[2026-04-21 23:56:48,788] Elapsed iters 129000 inps 1153 outs 70
[2026-04-21 23:56:48,788] Elapsed since last report = 0[s]
[2026-04-21 23:56:48,788] Elapsed iters 130000 inps 1153 outs 70
[2026-04-21 23:56:48,788] Elapsed since last report = 0[s]
[2026-04-21 23:56:48,788] Elapsed iters 131000 inps 1153 outs 70
[2026-04-21 23:56:48,788] Elapsed since last report = 0[s]
[2026-04-21 23:56:48,788] Elapsed iters 132000 inps 1281 outs 70
[2026-04-21 23:56:48,788] Elapsed since last report = 0[s]
[2026-04-21 23:56:48,788] Elapsed iters 133000 inps 1281 outs 70
[2026-04-21 23:56:48,788] Elapsed since last report = 0[s]
[2026-04-21 23:56:48,788] Elapsed iters 134000 inps 1281 outs 70
[2026-04-21 23:56:48,788] Elapsed since last report = 0[s]
[2026-04-21 23:56:48,788] Elapsed iters 135000 inps 1281 outs 70
[2026-04-21 23:56:48,788] Elapsed since last report = 0[s]
[2026-04-21 23:56:48,788] Elapsed iters 136000 inps 1281 outs 70
[2026-04-21 23:56:48,788] Elapsed since last report = 0[s]
[2026-04-21 23:56:48,788] Elapsed iters 137000 inps 1281 outs 70
[2026-04-21 23:56:48,788] Elapsed since last report = 0[s]
[2026-04-21 23:56:48,788] Elapsed iters 138000 inps 1281 outs 70
[2026-04-21 23:56:48,788] Elapsed since last report = 0[s]
[2026-04-21 23:56:48,788] Elapsed iters 139000 inps 1281 outs 70
[2026-04-21 23:56:48,788] Elapsed since last report = 0[s]
[2026-04-21 23:56:48,788] Elapsed iters 140000 inps 1281 outs 80
[2026-04-21 23:56:48,788] Elapsed since last report = 0[s]
[2026-04-21 23:56:48,788] Elapsed iters 141000 inps 1281 outs 80
[2026-04-21 23:56:48,788] Elapsed since last report = 0[s]
[2026-04-21 23:56:48,788] Elapsed iters 142000 inps 1281 outs 80
[2026-04-21 23:56:48,788] Elapsed since last report = 0[s]
[2026-04-21 23:56:48,788] Elapsed iters 143000 inps 1281 outs 80
[2026-04-21 23:56:48,788] Elapsed since last report = 0[s]
[2026-04-21 23:56:48,788] Elapsed iters 144000 inps 1281 outs 80
[2026-04-21 23:56:48,788] Elapsed since last report = 0[s]
[2026-04-21 23:56:48,788] Elapsed iters 145000 inps 1281 outs 80
[2026-04-21 23:56:48,788] Elapsed since last report = 0[s]
[2026-04-21 23:56:48,788] Elapsed iters 146000 inps 1281 outs 80
[2026-04-21 23:56:48,788] Elapsed since last report = 0[s]
[2026-04-21 23:56:48,788] Elapsed iters 147000 inps 1281 outs 80
[2026-04-21 23:56:48,788] Elapsed since last report = 0[s]
[2026-04-21 23:56:48,788] Elapsed iters 148000 inps 1409 outs 80
[2026-04-21 23:56:48,788] Elapsed since last report = 0[s]
[2026-04-21 23:56:48,788] Elapsed iters 149000 inps 1409 outs 80
[2026-04-21 23:56:48,788] Elapsed since last report = 0[s]
[2026-04-21 23:56:48,788] Elapsed iters 150000 inps 1409 outs 80
[2026-04-21 23:56:48,788] Elapsed since last report = 0[s]
[2026-04-21 23:56:48,788] Elapsed iters 151000 inps 1409 outs 80
[2026-04-21 23:56:48,788] Elapsed since last report = 0[s]
[2026-04-21 23:56:48,788] Elapsed iters 152000 inps 1409 outs 80
[2026-04-21 23:56:48,788] Elapsed since last report = 0[s]
[2026-04-21 23:56:48,788] Elapsed iters 153000 inps 1409 outs 80
[2026-04-21 23:56:48,788] Elapsed since last report = 0[s]
[2026-04-21 23:56:48,788] Elapsed iters 154000 inps 1409 outs 80
[2026-04-21 23:56:48,788] Elapsed since last report = 0[s]
[2026-04-21 23:56:48,788] Elapsed iters 155000 inps 1409 outs 80
[2026-04-21 23:56:48,788] Elapsed since last report = 0[s]
[2026-04-21 23:56:48,788] Elapsed iters 156000 inps 1409 outs 86
[2026-04-21 23:56:48,788] Elapsed since last report = 0[s]
[2026-04-21 23:56:48,788] Elapsed iters 157000 inps 1409 outs 90
[2026-04-21 23:56:48,788] Elapsed since last report = 0[s]
[2026-04-21 23:56:48,788] Elapsed iters 158000 inps 1409 outs 90
[2026-04-21 23:56:48,788] Elapsed since last report = 0[s]
[2026-04-21 23:56:48,788] Elapsed iters 159000 inps 1409 outs 90
[2026-04-21 23:56:48,788] Elapsed since last report = 0[s]
[2026-04-21 23:56:48,788] Elapsed iters 160000 inps 1409 outs 90
[2026-04-21 23:56:48,788] Elapsed since last report = 0[s]
[2026-04-21 23:56:48,788] Elapsed iters 161000 inps 1409 outs 90
[2026-04-21 23:56:48,788] Elapsed since last report = 0[s]
[2026-04-21 23:56:48,788] Elapsed iters 162000 inps 1409 outs 90
[2026-04-21 23:56:48,788] Elapsed since last report = 0[s]
[2026-04-21 23:56:48,788] Elapsed iters 163000 inps 1409 outs 90
[2026-04-21 23:56:48,788] Elapsed since last report = 0[s]
[2026-04-21 23:56:48,788] Elapsed iters 164000 inps 1464 outs 90
[2026-04-21 23:56:48,788] Elapsed since last report = 0[s]
[2026-04-21 23:56:48,788] Elapsed iters 165000 inps 1537 outs 90
[2026-04-21 23:56:48,788] Elapsed since last report = 0[s]
[2026-04-21 23:56:48,788] Elapsed iters 166000 inps 1537 outs 90
[2026-04-21 23:56:48,788] Elapsed since last report = 0[s]
[2026-04-21 23:56:48,788] Elapsed iters 167000 inps 1537 outs 90
[2026-04-21 23:56:48,788] Elapsed since last report = 0[s]
[2026-04-21 23:56:48,788] Elapsed iters 168000 inps 1537 outs 90
[2026-04-21 23:56:48,788] Elapsed since last report = 0[s]
[2026-04-21 23:56:48,788] Elapsed iters 169000 inps 1537 outs 90
[2026-04-21 23:56:48,788] Elapsed since last report = 0[s]
[2026-04-21 23:56:48,788] Elapsed iters 170000 inps 1537 outs 90
[2026-04-21 23:56:48,788] Elapsed since last report = 0[s]
[2026-04-21 23:56:48,788] Elapsed iters 171000 inps 1537 outs 90
[2026-04-21 23:56:48,788] Elapsed since last report = 0[s]
[2026-04-21 23:56:48,788] Elapsed iters 172000 inps 1537 outs 90
[2026-04-21 23:56:48,788] Elapsed since last report = 0[s]
[2026-04-21 23:56:48,788] Elapsed iters 173000 inps 1537 outs 100
[2026-04-21 23:56:48,788] Elapsed since last report = 0[s]
[2026-04-21 23:56:48,788] Elapsed iters 174000 inps 1537 outs 100
[2026-04-21 23:56:48,788] Elapsed since last report = 0[s]
[2026-04-21 23:56:48,788] Elapsed iters 175000 inps 1537 outs 100
[2026-04-21 23:56:48,788] Elapsed since last report = 0[s]
[2026-04-21 23:56:48,788] Elapsed iters 176000 inps 1537 outs 100
[2026-04-21 23:56:48,788] Elapsed since last report = 0[s]
[2026-04-21 23:56:48,788] Elapsed iters 177000 inps 1537 outs 100
[2026-04-21 23:56:48,788] Elapsed since last report = 0[s]
[2026-04-21 23:56:48,788] Elapsed iters 178000 inps 1537 outs 100
[2026-04-21 23:56:48,788] Elapsed since last report = 0[s]
[2026-04-21 23:56:48,788] Elapsed iters 179000 inps 1537 outs 100
[2026-04-21 23:56:48,788] Elapsed since last report = 0[s]
[2026-04-21 23:56:48,788] Elapsed iters 180000 inps 1537 outs 100
[2026-04-21 23:56:48,788] Elapsed since last report = 0[s]
[2026-04-21 23:56:48,788] Elapsed iters 181000 inps 1665 outs 100
[2026-04-21 23:56:48,788] Elapsed since last report = 0[s]
[2026-04-21 23:56:48,788] Elapsed iters 182000 inps 1665 outs 100
[2026-04-21 23:56:48,788] Elapsed since last report = 0[s]
[2026-04-21 23:56:48,788] Elapsed iters 183000 inps 1665 outs 100
[2026-04-21 23:56:48,788] Elapsed since last report = 0[s]
[2026-04-21 23:56:48,788] Elapsed iters 184000 inps 1665 outs 100
[2026-04-21 23:56:48,788] Elapsed since last report = 0[s]
[2026-04-21 23:56:48,788] Elapsed iters 185000 inps 1665 outs 100
[2026-04-21 23:56:48,788] Elapsed since last report = 0[s]
[2026-04-21 23:56:48,788] Elapsed iters 186000 inps 1665 outs 100
[2026-04-21 23:56:48,788] Elapsed since last report = 0[s]
[2026-04-21 23:56:48,788] Elapsed iters 187000 inps 1665 outs 100
[2026-04-21 23:56:48,788] Elapsed since last report = 0[s]
[2026-04-21 23:56:48,788] Elapsed iters 188000 inps 1665 outs 100
[2026-04-21 23:56:48,788] Elapsed since last report = 0[s]
[2026-04-21 23:56:48,789] Elapsed iters 189000 inps 1665 outs 110
[2026-04-21 23:56:48,789] Elapsed since last report = 0[s]
[2026-04-21 23:56:48,789] Elapsed iters 190000 inps 1665 outs 110
[2026-04-21 23:56:48,789] Elapsed since last report = 0[s]
[2026-04-21 23:56:48,789] Elapsed iters 191000 inps 1665 outs 110
[2026-04-21 23:56:48,789] Elapsed since last report = 0[s]
[2026-04-21 23:56:48,789] Elapsed iters 192000 inps 1665 outs 110
[2026-04-21 23:56:48,789] Elapsed since last report = 0[s]
[2026-04-21 23:56:48,789] Elapsed iters 193000 inps 1665 outs 110
[2026-04-21 23:56:48,789] Elapsed since last report = 0[s]
[2026-04-21 23:56:48,789] Elapsed iters 194000 inps 1665 outs 110
[2026-04-21 23:56:48,789] Elapsed since last report = 0[s]
[2026-04-21 23:56:48,789] Elapsed iters 195000 inps 1665 outs 110
[2026-04-21 23:56:48,789] Elapsed since last report = 0[s]
[2026-04-21 23:56:48,789] Elapsed iters 196000 inps 1665 outs 110
[2026-04-21 23:56:48,789] Elapsed since last report = 0[s]
[2026-04-21 23:56:48,789] Elapsed iters 197000 inps 1793 outs 110
[2026-04-21 23:56:48,789] Elapsed since last report = 0[s]
[2026-04-21 23:56:48,789] Elapsed iters 198000 inps 1793 outs 110
[2026-04-21 23:56:48,789] Elapsed since last report = 0[s]
[2026-04-21 23:56:48,789] Elapsed iters 199000 inps 1793 outs 110
[2026-04-21 23:56:48,789] Elapsed since last report = 0[s]
[2026-04-21 23:56:48,789] Elapsed iters 200000 inps 1793 outs 110
[2026-04-21 23:56:48,789] Elapsed since last report = 0[s]
[2026-04-21 23:56:48,789] Elapsed iters 201000 inps 1793 outs 110
[2026-04-21 23:56:48,789] Elapsed since last report = 0[s]
[2026-04-21 23:56:48,789] Elapsed iters 202000 inps 1793 outs 110
[2026-04-21 23:56:48,789] Elapsed since last report = 0[s]
[2026-04-21 23:56:48,789] Elapsed iters 203000 inps 1793 outs 110
[2026-04-21 23:56:48,789] Elapsed since last report = 0[s]
[2026-04-21 23:56:48,789] Elapsed iters 204000 inps 1793 outs 110
[2026-04-21 23:56:48,789] Elapsed since last report = 0[s]
[2026-04-21 23:56:48,789] Elapsed iters 205000 inps 1793 outs 113
[2026-04-21 23:56:48,789] Elapsed since last report = 0[s]
[2026-04-21 23:56:48,789] Elapsed iters 206000 inps 1793 outs 120
[2026-04-21 23:56:48,789] Elapsed since last report = 0[s]
[2026-04-21 23:56:48,789] Elapsed iters 207000 inps 1793 outs 120
[2026-04-21 23:56:48,789] Elapsed since last report = 0[s]
[2026-04-21 23:56:48,789] Elapsed iters 208000 inps 1793 outs 120
[2026-04-21 23:56:48,789] Elapsed since last report = 0[s]
[2026-04-21 23:56:48,789] Elapsed iters 209000 inps 1793 outs 120
[2026-04-21 23:56:48,789] Elapsed since last report = 0[s]
[2026-04-21 23:56:48,789] Elapsed iters 210000 inps 1793 outs 120
[2026-04-21 23:56:48,789] Elapsed since last report = 0[s]
[2026-04-21 23:56:48,789] Elapsed iters 211000 inps 1793 outs 120
[2026-04-21 23:56:48,789] Elapsed since last report = 0[s]
[2026-04-21 23:56:48,789] Elapsed iters 212000 inps 1793 outs 120
[2026-04-21 23:56:48,789] Elapsed since last report = 0[s]
[2026-04-21 23:56:48,789] Elapsed iters 213000 inps 1793 outs 120
[2026-04-21 23:56:48,789] Elapsed since last report = 0[s]
[2026-04-21 23:56:48,789] Elapsed iters 214000 inps 1921 outs 120
[2026-04-21 23:56:48,789] Elapsed since last report = 0[s]
[2026-04-21 23:56:48,789] Elapsed iters 215000 inps 1921 outs 120
[2026-04-21 23:56:48,789] Elapsed since last report = 0[s]
[2026-04-21 23:56:48,789] Elapsed iters 216000 inps 1921 outs 120
[2026-04-21 23:56:48,789] Elapsed since last report = 0[s]
[2026-04-21 23:56:48,789] Elapsed iters 217000 inps 1921 outs 120
[2026-04-21 23:56:48,789] Elapsed since last report = 0[s]
[2026-04-21 23:56:48,789] Elapsed iters 218000 inps 1921 outs 120
[2026-04-21 23:56:48,789] Elapsed since last report = 0[s]
[2026-04-21 23:56:48,789] Elapsed iters 219000 inps 1921 outs 120
[2026-04-21 23:56:48,789] Elapsed since last report = 0[s]
[2026-04-21 23:56:48,789] Elapsed iters 220000 inps 1921 outs 120
[2026-04-21 23:56:48,789] Elapsed since last report = 0[s]
[2026-04-21 23:56:48,789] Elapsed iters 221000 inps 1921 outs 120
[2026-04-21 23:56:48,789] Elapsed since last report = 0[s]
[2026-04-21 23:56:48,789] Elapsed iters 222000 inps 1921 outs 130
[2026-04-21 23:56:48,789] Elapsed since last report = 0[s]
[2026-04-21 23:56:48,789] Elapsed iters 223000 inps 1921 outs 130
[2026-04-21 23:56:48,789] Elapsed since last report = 0[s]
[2026-04-21 23:56:48,789] Elapsed iters 224000 inps 1921 outs 130
[2026-04-21 23:56:48,789] Elapsed since last report = 0[s]
[2026-04-21 23:56:48,789] Elapsed iters 225000 inps 1921 outs 130
[2026-04-21 23:56:48,789] Elapsed since last report = 0[s]
[2026-04-21 23:56:48,789] Elapsed iters 226000 inps 1921 outs 130
[2026-04-21 23:56:48,789] Elapsed since last report = 0[s]
[2026-04-21 23:56:48,789] Elapsed iters 227000 inps 1921 outs 130
[2026-04-21 23:56:48,789] Elapsed since last report = 0[s]
[2026-04-21 23:56:48,789] Elapsed iters 228000 inps 1921 outs 130
[2026-04-21 23:56:48,789] Elapsed since last report = 0[s]
[2026-04-21 23:56:48,789] Elapsed iters 229000 inps 1921 outs 130
[2026-04-21 23:56:48,789] Elapsed since last report = 0[s]
[2026-04-21 23:56:48,789] Elapsed iters 230000 inps 2049 outs 130
[2026-04-21 23:56:48,789] Elapsed since last report = 0[s]
[2026-04-21 23:56:48,789] Elapsed iters 231000 inps 2049 outs 130
[2026-04-21 23:56:48,789] Elapsed since last report = 0[s]
[2026-04-21 23:56:48,789] Elapsed iters 232000 inps 2049 outs 130
[2026-04-21 23:56:48,789] Elapsed since last report = 0[s]
[2026-04-21 23:56:48,789] Elapsed iters 233000 inps 2049 outs 130
[2026-04-21 23:56:48,789] Elapsed since last report = 0[s]
[2026-04-21 23:56:48,789] Elapsed iters 234000 inps 2049 outs 130
[2026-04-21 23:56:48,789] Elapsed since last report = 0[s]
[2026-04-21 23:56:48,789] Elapsed iters 235000 inps 2049 outs 130
[2026-04-21 23:56:48,789] Elapsed since last report = 0[s]
[2026-04-21 23:56:48,789] Elapsed iters 236000 inps 2049 outs 130
[2026-04-21 23:56:48,789] Elapsed since last report = 0[s]
[2026-04-21 23:56:48,789] Elapsed iters 237000 inps 2049 outs 130
[2026-04-21 23:56:48,789] Elapsed since last report = 0[s]
[2026-04-21 23:56:48,789] Elapsed iters 238000 inps 2049 outs 137
[2026-04-21 23:56:48,789] Elapsed since last report = 0[s]
[2026-04-21 23:56:48,789] Elapsed iters 239000 inps 2049 outs 140
[2026-04-21 23:56:48,789] Elapsed since last report = 0[s]
[2026-04-21 23:56:48,789] Elapsed iters 240000 inps 2049 outs 140
[2026-04-21 23:56:48,789] Elapsed since last report = 0[s]
[2026-04-21 23:56:48,789] Elapsed iters 241000 inps 2049 outs 140
[2026-04-21 23:56:48,789] Elapsed since last report = 0[s]
[2026-04-21 23:56:48,789] Elapsed iters 242000 inps 2049 outs 140
[2026-04-21 23:56:48,789] Elapsed since last report = 0[s]
[2026-04-21 23:56:48,789] Elapsed iters 243000 inps 2049 outs 140
[2026-04-21 23:56:48,789] Elapsed since last report = 0[s]
[2026-04-21 23:56:48,789] Elapsed iters 244000 inps 2049 outs 140
[2026-04-21 23:56:48,789] Elapsed since last report = 0[s]
[2026-04-21 23:56:48,789] Elapsed iters 245000 inps 2049 outs 140
[2026-04-21 23:56:48,789] Elapsed since last report = 0[s]
[2026-04-21 23:56:48,789] Elapsed iters 246000 inps 2134 outs 140
[2026-04-21 23:56:48,789] Elapsed since last report = 0[s]
[2026-04-21 23:56:48,789] Elapsed iters 247000 inps 2177 outs 140
[2026-04-21 23:56:48,789] Elapsed since last report = 0[s]
[2026-04-21 23:56:48,789] Elapsed iters 248000 inps 2177 outs 140
[2026-04-21 23:56:48,789] Elapsed since last report = 0[s]
[2026-04-21 23:56:48,789] Elapsed iters 249000 inps 2177 outs 140
[2026-04-21 23:56:48,789] Elapsed since last report = 0[s]
[2026-04-21 23:56:48,789] Elapsed iters 250000 inps 2177 outs 140
[2026-04-21 23:56:48,789] Elapsed since last report = 0[s]
[2026-04-21 23:56:48,789] Elapsed iters 251000 inps 2177 outs 140
[2026-04-21 23:56:48,789] Elapsed since last report = 0[s]
[2026-04-21 23:56:48,789] Elapsed iters 252000 inps 2177 outs 140
[2026-04-21 23:56:48,789] Elapsed since last report = 0[s]
[2026-04-21 23:56:48,789] Elapsed iters 253000 inps 2177 outs 140
[2026-04-21 23:56:48,789] Elapsed since last report = 0[s]
[2026-04-21 23:56:48,789] Elapsed iters 254000 inps 2177 outs 141
[2026-04-21 23:56:48,790] Elapsed since last report = 0[s]
[2026-04-21 23:56:48,790] Elapsed iters 255000 inps 2177 outs 150
[2026-04-21 23:56:48,790] Elapsed since last report = 0[s]
[2026-04-21 23:56:48,790] Elapsed iters 256000 inps 2177 outs 150
[2026-04-21 23:56:48,790] Elapsed since last report = 0[s]
[2026-04-21 23:56:48,790] Elapsed iters 257000 inps 2177 outs 150
[2026-04-21 23:56:48,790] Elapsed since last report = 0[s]
[2026-04-21 23:56:48,790] Elapsed iters 258000 inps 2177 outs 150
[2026-04-21 23:56:48,790] Elapsed since last report = 0[s]
[2026-04-21 23:56:48,790] Elapsed iters 259000 inps 2177 outs 150
[2026-04-21 23:56:48,790] Elapsed since last report = 0[s]
[2026-04-21 23:56:48,790] Elapsed iters 260000 inps 2177 outs 150
[2026-04-21 23:56:48,790] Elapsed since last report = 0[s]
[2026-04-21 23:56:48,790] Elapsed iters 261000 inps 2177 outs 150
[2026-04-21 23:56:48,790] Elapsed since last report = 0[s]
[2026-04-21 23:56:48,790] Elapsed iters 262000 inps 2177 outs 150
[2026-04-21 23:56:48,790] Elapsed since last report = 0[s]
[2026-04-21 23:56:48,790] Elapsed iters 263000 inps 2305 outs 150
[2026-04-21 23:56:48,790] Elapsed since last report = 0[s]
[2026-04-21 23:56:48,790] Elapsed iters 264000 inps 2305 outs 150
[2026-04-21 23:56:48,790] Elapsed since last report = 0[s]
[2026-04-21 23:56:48,790] Elapsed iters 265000 inps 2305 outs 150
[2026-04-21 23:56:48,790] Elapsed since last report = 0[s]
[2026-04-21 23:56:48,790] Elapsed iters 266000 inps 2305 outs 150
[2026-04-21 23:56:48,790] Elapsed since last report = 0[s]
[2026-04-21 23:56:48,790] Elapsed iters 267000 inps 2305 outs 150
[2026-04-21 23:56:48,790] Elapsed since last report = 0[s]
[2026-04-21 23:56:48,790] Elapsed iters 268000 inps 2305 outs 150
[2026-04-21 23:56:48,790] Elapsed since last report = 0[s]
[2026-04-21 23:56:48,790] Elapsed iters 269000 inps 2305 outs 150
[2026-04-21 23:56:48,790] Elapsed since last report = 0[s]
[2026-04-21 23:56:48,790] Elapsed iters 270000 inps 2305 outs 150
[2026-04-21 23:56:48,790] Elapsed since last report = 0[s]
[2026-04-21 23:56:48,790] Elapsed iters 271000 inps 2305 outs 160
[2026-04-21 23:56:48,790] Elapsed since last report = 0[s]
[2026-04-21 23:56:48,790] Elapsed iters 272000 inps 2305 outs 160
[2026-04-21 23:56:48,790] Elapsed since last report = 0[s]
[2026-04-21 23:56:48,790] Elapsed iters 273000 inps 2305 outs 160
[2026-04-21 23:56:48,790] Elapsed since last report = 0[s]
[2026-04-21 23:56:48,790] Elapsed iters 274000 inps 2305 outs 160
[2026-04-21 23:56:48,790] Elapsed since last report = 0[s]
[2026-04-21 23:56:48,790] Elapsed iters 275000 inps 2305 outs 160
[2026-04-21 23:56:48,790] Elapsed since last report = 0[s]
[2026-04-21 23:56:48,790] Elapsed iters 276000 inps 2305 outs 160
[2026-04-21 23:56:48,790] Elapsed since last report = 0[s]
[2026-04-21 23:56:48,790] Elapsed iters 277000 inps 2305 outs 160
[2026-04-21 23:56:48,790] Elapsed since last report = 0[s]
[2026-04-21 23:56:48,790] Elapsed iters 278000 inps 2305 outs 160
[2026-04-21 23:56:48,790] Elapsed since last report = 0[s]
[2026-04-21 23:56:48,790] Elapsed iters 279000 inps 2433 outs 160
[2026-04-21 23:56:48,790] Elapsed since last report = 0[s]
[2026-04-21 23:56:48,790] Elapsed iters 280000 inps 2433 outs 160
[2026-04-21 23:56:48,790] Elapsed since last report = 0[s]
[2026-04-21 23:56:48,790] Elapsed iters 281000 inps 2433 outs 160
[2026-04-21 23:56:48,790] Elapsed since last report = 0[s]
[2026-04-21 23:56:48,790] Elapsed iters 282000 inps 2433 outs 160
[2026-04-21 23:56:48,790] Elapsed since last report = 0[s]
[2026-04-21 23:56:48,790] Elapsed iters 283000 inps 2433 outs 160
[2026-04-21 23:56:48,790] Elapsed since last report = 0[s]
[2026-04-21 23:56:48,790] Elapsed iters 284000 inps 2433 outs 160
[2026-04-21 23:56:48,790] Elapsed since last report = 0[s]
[2026-04-21 23:56:48,790] Elapsed iters 285000 inps 2433 outs 160
[2026-04-21 23:56:48,790] Elapsed since last report = 0[s]
[2026-04-21 23:56:48,790] Elapsed iters 286000 inps 2433 outs 160
[2026-04-21 23:56:48,790] Elapsed since last report = 0[s]
[2026-04-21 23:56:48,790] Elapsed iters 287000 inps 2433 outs 164
[2026-04-21 23:56:48,790] Elapsed since last report = 0[s]
[2026-04-21 23:56:48,790] Elapsed iters 288000 inps 2433 outs 170
[2026-04-21 23:56:48,790] Elapsed since last report = 0[s]
[2026-04-21 23:56:48,790] Elapsed iters 289000 inps 2433 outs 170
[2026-04-21 23:56:48,790] Elapsed since last report = 0[s]
[2026-04-21 23:56:48,790] Elapsed iters 290000 inps 2433 outs 170
[2026-04-21 23:56:48,790] Elapsed since last report = 0[s]
[2026-04-21 23:56:48,790] Elapsed iters 291000 inps 2433 outs 170
[2026-04-21 23:56:48,790] Elapsed since last report = 0[s]
[2026-04-21 23:56:48,790] Elapsed iters 292000 inps 2433 outs 170
[2026-04-21 23:56:48,790] Elapsed since last report = 0[s]
[2026-04-21 23:56:48,790] Elapsed iters 293000 inps 2433 outs 170
[2026-04-21 23:56:48,790] Elapsed since last report = 0[s]
[2026-04-21 23:56:48,790] Elapsed iters 294000 inps 2433 outs 170
[2026-04-21 23:56:48,790] Elapsed since last report = 0[s]
[2026-04-21 23:56:48,790] Elapsed iters 295000 inps 2433 outs 170
[2026-04-21 23:56:48,790] Elapsed since last report = 0[s]
[2026-04-21 23:56:48,790] Elapsed iters 296000 inps 2561 outs 170
[2026-04-21 23:56:48,790] Elapsed since last report = 0[s]
[2026-04-21 23:56:48,790] Elapsed iters 297000 inps 2561 outs 170
[2026-04-21 23:56:48,790] Elapsed since last report = 0[s]
[2026-04-21 23:56:48,790] Elapsed iters 298000 inps 2561 outs 170
[2026-04-21 23:56:48,790] Elapsed since last report = 0[s]
[2026-04-21 23:56:48,790] Elapsed iters 299000 inps 2561 outs 170
[2026-04-21 23:56:48,790] Elapsed since last report = 0[s]
[2026-04-21 23:56:48,790] Elapsed iters 300000 inps 2561 outs 170
[2026-04-21 23:56:48,790] Elapsed since last report = 0[s]
[2026-04-21 23:56:48,790] Elapsed iters 301000 inps 2561 outs 170
[2026-04-21 23:56:48,790] Elapsed since last report = 0[s]
[2026-04-21 23:56:48,790] Elapsed iters 302000 inps 2561 outs 170
[2026-04-21 23:56:48,790] Elapsed since last report = 0[s]
[2026-04-21 23:56:48,790] Elapsed iters 303000 inps 2561 outs 170
[2026-04-21 23:56:48,790] Elapsed since last report = 0[s]
[2026-04-21 23:56:48,790] Elapsed iters 304000 inps 2561 outs 180
[2026-04-21 23:56:48,790] Elapsed since last report = 0[s]
[2026-04-21 23:56:48,790] Elapsed iters 305000 inps 2561 outs 180
[2026-04-21 23:56:48,790] Elapsed since last report = 0[s]
[2026-04-21 23:56:48,790] Elapsed iters 306000 inps 2561 outs 180
[2026-04-21 23:56:48,790] Elapsed since last report = 0[s]
[2026-04-21 23:56:48,790] Elapsed iters 307000 inps 2561 outs 180
[2026-04-21 23:56:48,790] Elapsed since last report = 0[s]
[2026-04-21 23:56:48,790] Elapsed iters 308000 inps 2561 outs 180
[2026-04-21 23:56:48,790] Elapsed since last report = 0[s]
[2026-04-21 23:56:48,790] Elapsed iters 309000 inps 2561 outs 180
[2026-04-21 23:56:48,790] Elapsed since last report = 0[s]
[2026-04-21 23:56:48,790] Elapsed iters 310000 inps 2561 outs 180
[2026-04-21 23:56:48,790] Elapsed since last report = 0[s]
[2026-04-21 23:56:48,790] Elapsed iters 311000 inps 2561 outs 180
[2026-04-21 23:56:48,790] Elapsed since last report = 0[s]
[2026-04-21 23:56:48,790] Elapsed iters 312000 inps 2689 outs 180
[2026-04-21 23:56:48,790] Elapsed since last report = 0[s]
[2026-04-21 23:56:48,790] Elapsed iters 313000 inps 2689 outs 180
[2026-04-21 23:56:48,790] Elapsed since last report = 0[s]
[2026-04-21 23:56:48,790] Elapsed iters 314000 inps 2689 outs 180
[2026-04-21 23:56:48,790] Elapsed since last report = 0[s]
[2026-04-21 23:56:48,790] Elapsed iters 315000 inps 2689 outs 180
[2026-04-21 23:56:48,790] Elapsed since last report = 0[s]
[2026-04-21 23:56:48,790] Elapsed iters 316000 inps 2689 outs 180
[2026-04-21 23:56:48,790] Elapsed since last report = 0[s]
[2026-04-21 23:56:48,790] Elapsed iters 317000 inps 2689 outs 180
[2026-04-21 23:56:48,790] Elapsed since last report = 0[s]
[2026-04-21 23:56:48,790] Elapsed iters 318000 inps 2689 outs 180
[2026-04-21 23:56:48,790] Elapsed since last report = 0[s]
[2026-04-21 23:56:48,790] Elapsed iters 319000 inps 2689 outs 180
[2026-04-21 23:56:48,790] Elapsed since last report = 0[s]
[2026-04-21 23:56:48,791] Elapsed iters 320000 inps 2689 outs 187
[2026-04-21 23:56:48,791] Elapsed since last report = 0[s]
[2026-04-21 23:56:48,791] Elapsed iters 321000 inps 2689 outs 190
[2026-04-21 23:56:48,791] Elapsed since last report = 0[s]
[2026-04-21 23:56:48,791] Elapsed iters 322000 inps 2689 outs 190
[2026-04-21 23:56:48,791] Elapsed since last report = 0[s]
[2026-04-21 23:56:48,791] Elapsed iters 323000 inps 2689 outs 190
[2026-04-21 23:56:48,791] Elapsed since last report = 0[s]
[2026-04-21 23:56:48,791] Elapsed iters 324000 inps 2689 outs 190
[2026-04-21 23:56:48,791] Elapsed since last report = 0[s]
[2026-04-21 23:56:48,791] Elapsed iters 325000 inps 2689 outs 190
[2026-04-21 23:56:48,791] Elapsed since last report = 0[s]
[2026-04-21 23:56:48,791] Elapsed iters 326000 inps 2689 outs 190
[2026-04-21 23:56:48,791] Elapsed since last report = 0[s]
[2026-04-21 23:56:48,791] Elapsed iters 327000 inps 2689 outs 190
[2026-04-21 23:56:48,791] Elapsed since last report = 0[s]
[2026-04-21 23:56:48,791] Elapsed iters 328000 inps 2804 outs 190
[2026-04-21 23:56:48,791] Elapsed since last report = 0[s]
[2026-04-21 23:56:48,791] Elapsed iters 329000 inps 2817 outs 190
[2026-04-21 23:56:48,791] Elapsed since last report = 0[s]
[2026-04-21 23:56:48,791] Elapsed iters 330000 inps 2817 outs 190
[2026-04-21 23:56:48,791] Elapsed since last report = 0[s]
[2026-04-21 23:56:48,791] Elapsed iters 331000 inps 2817 outs 190
[2026-04-21 23:56:48,791] Elapsed since last report = 0[s]
[2026-04-21 23:56:48,791] Elapsed iters 332000 inps 2817 outs 190
[2026-04-21 23:56:48,791] Elapsed since last report = 0[s]
[2026-04-21 23:56:48,791] Elapsed iters 333000 inps 2817 outs 190
[2026-04-21 23:56:48,791] Elapsed since last report = 0[s]
[2026-04-21 23:56:48,791] Elapsed iters 334000 inps 2817 outs 190
[2026-04-21 23:56:48,791] Elapsed since last report = 0[s]
[2026-04-21 23:56:48,791] Elapsed iters 335000 inps 2817 outs 190
[2026-04-21 23:56:48,791] Elapsed since last report = 0[s]
[2026-04-21 23:56:48,791] Elapsed iters 336000 inps 2817 outs 191
[2026-04-21 23:56:48,791] Elapsed since last report = 0[s]
[2026-04-21 23:56:48,791] Elapsed iters 337000 inps 2817 outs 200
[2026-04-21 23:56:48,791] Elapsed since last report = 0[s]
[2026-04-21 23:56:48,791] Elapsed iters 338000 inps 2817 outs 200
[2026-04-21 23:56:48,791] Elapsed since last report = 0[s]
[2026-04-21 23:56:48,791] Elapsed iters 339000 inps 2817 outs 200
[2026-04-21 23:56:48,791] Elapsed since last report = 0[s]
[2026-04-21 23:56:48,791] Elapsed iters 340000 inps 2817 outs 200
[2026-04-21 23:56:48,791] Elapsed since last report = 0[s]
[2026-04-21 23:56:48,791] Elapsed iters 341000 inps 2817 outs 200
[2026-04-21 23:56:48,791] Elapsed since last report = 0[s]
[2026-04-21 23:56:48,791] Elapsed iters 342000 inps 2817 outs 200
[2026-04-21 23:56:48,791] Elapsed since last report = 0[s]
[2026-04-21 23:56:48,791] Elapsed iters 343000 inps 2817 outs 200
[2026-04-21 23:56:48,791] Elapsed since last report = 0[s]
[2026-04-21 23:56:48,791] Elapsed iters 344000 inps 2817 outs 200
[2026-04-21 23:56:48,791] Elapsed since last report = 0[s]
[2026-04-21 23:56:48,791] Elapsed iters 345000 inps 2945 outs 200
[2026-04-21 23:56:48,791] Elapsed since last report = 0[s]
[2026-04-21 23:56:48,791] Elapsed iters 346000 inps 2945 outs 200
[2026-04-21 23:56:48,791] Elapsed since last report = 0[s]
[2026-04-21 23:56:48,791] Elapsed iters 347000 inps 2945 outs 200
[2026-04-21 23:56:48,791] Elapsed since last report = 0[s]
[2026-04-21 23:56:48,791] Elapsed iters 348000 inps 2945 outs 200
[2026-04-21 23:56:48,791] Elapsed since last report = 0[s]
[2026-04-21 23:56:48,791] Elapsed iters 349000 inps 2945 outs 200
[2026-04-21 23:56:48,791] Elapsed since last report = 0[s]
[2026-04-21 23:56:48,791] Elapsed iters 350000 inps 2945 outs 200
[2026-04-21 23:56:48,791] Elapsed since last report = 0[s]
[2026-04-21 23:56:48,791] Elapsed iters 351000 inps 2945 outs 200
[2026-04-21 23:56:48,791] Elapsed since last report = 0[s]
[2026-04-21 23:56:48,791] Elapsed iters 352000 inps 2945 outs 200
[2026-04-21 23:56:48,791] Elapsed since last report = 0[s]
[2026-04-21 23:56:48,791] Elapsed iters 353000 inps 2945 outs 210
[2026-04-21 23:56:48,791] Elapsed since last report = 0[s]
[2026-04-21 23:56:48,791] Elapsed iters 354000 inps 2945 outs 210
[2026-04-21 23:56:48,791] Elapsed since last report = 0[s]
[2026-04-21 23:56:48,791] Elapsed iters 355000 inps 2945 outs 210
[2026-04-21 23:56:48,791] Elapsed since last report = 0[s]
[2026-04-21 23:56:48,791] Elapsed iters 356000 inps 2945 outs 210
[2026-04-21 23:56:48,791] Elapsed since last report = 0[s]
[2026-04-21 23:56:48,791] Elapsed iters 357000 inps 2945 outs 210
[2026-04-21 23:56:48,791] Elapsed since last report = 0[s]
[2026-04-21 23:56:48,791] Elapsed iters 358000 inps 2945 outs 210
[2026-04-21 23:56:48,791] Elapsed since last report = 0[s]
[2026-04-21 23:56:48,791] Elapsed iters 359000 inps 2945 outs 210
[2026-04-21 23:56:48,791] Elapsed since last report = 0[s]
[2026-04-21 23:56:48,791] Elapsed iters 360000 inps 2945 outs 210
[2026-04-21 23:56:48,791] Elapsed since last report = 0[s]
[2026-04-21 23:56:48,791] Elapsed iters 361000 inps 3073 outs 210
[2026-04-21 23:56:48,791] Elapsed since last report = 0[s]
[2026-04-21 23:56:48,791] Elapsed iters 362000 inps 3073 outs 210
[2026-04-21 23:56:48,791] Elapsed since last report = 0[s]
[2026-04-21 23:56:48,791] Elapsed iters 363000 inps 3073 outs 210
[2026-04-21 23:56:48,791] Elapsed since last report = 0[s]
[2026-04-21 23:56:48,791] Elapsed iters 364000 inps 3073 outs 210
[2026-04-21 23:56:48,791] Elapsed since last report = 0[s]
[2026-04-21 23:56:48,791] Elapsed iters 365000 inps 3073 outs 210
[2026-04-21 23:56:48,791] Elapsed since last report = 0[s]
[2026-04-21 23:56:48,791] Elapsed iters 366000 inps 3073 outs 210
[2026-04-21 23:56:48,791] Elapsed since last report = 0[s]
[2026-04-21 23:56:48,791] Elapsed iters 367000 inps 3073 outs 210
[2026-04-21 23:56:48,791] Elapsed since last report = 0[s]
[2026-04-21 23:56:48,791] Elapsed iters 368000 inps 3073 outs 210
[2026-04-21 23:56:48,791] Elapsed since last report = 0[s]
[2026-04-21 23:56:48,791] Elapsed iters 369000 inps 3073 outs 214
[2026-04-21 23:56:48,791] Elapsed since last report = 0[s]
[2026-04-21 23:56:48,791] Elapsed iters 370000 inps 3073 outs 220
[2026-04-21 23:56:48,791] Elapsed since last report = 0[s]
[2026-04-21 23:56:48,791] Elapsed iters 371000 inps 3073 outs 220
[2026-04-21 23:56:48,791] Elapsed since last report = 0[s]
[2026-04-21 23:56:48,791] Elapsed iters 372000 inps 3073 outs 220
[2026-04-21 23:56:48,791] Elapsed since last report = 0[s]
[2026-04-21 23:56:48,791] Elapsed iters 373000 inps 3073 outs 220
[2026-04-21 23:56:48,791] Elapsed since last report = 0[s]
[2026-04-21 23:56:48,791] Elapsed iters 374000 inps 3073 outs 220
[2026-04-21 23:56:48,791] Elapsed since last report = 0[s]
[2026-04-21 23:56:48,791] Elapsed iters 375000 inps 3073 outs 220
[2026-04-21 23:56:48,791] Elapsed since last report = 0[s]
[2026-04-21 23:56:48,791] Elapsed iters 376000 inps 3073 outs 220
[2026-04-21 23:56:48,791] Elapsed since last report = 0[s]
[2026-04-21 23:56:48,791] Elapsed iters 377000 inps 3073 outs 220
[2026-04-21 23:56:48,791] Elapsed since last report = 0[s]
[2026-04-21 23:56:48,791] Elapsed iters 378000 inps 3201 outs 220
[2026-04-21 23:56:48,791] Elapsed since last report = 0[s]
[2026-04-21 23:56:48,791] Elapsed iters 379000 inps 3201 outs 220
[2026-04-21 23:56:48,791] Elapsed since last report = 0[s]
[2026-04-21 23:56:48,791] Elapsed iters 380000 inps 3201 outs 220
[2026-04-21 23:56:48,791] Elapsed since last report = 0[s]
[2026-04-21 23:56:48,791] Elapsed iters 381000 inps 3201 outs 220
[2026-04-21 23:56:48,791] Elapsed since last report = 0[s]
[2026-04-21 23:56:48,791] Elapsed iters 382000 inps 3201 outs 220
[2026-04-21 23:56:48,791] Elapsed since last report = 0[s]
[2026-04-21 23:56:48,791] Elapsed iters 383000 inps 3201 outs 220
[2026-04-21 23:56:48,792] Elapsed since last report = 0[s]
[2026-04-21 23:56:48,792] Elapsed iters 384000 inps 3201 outs 220
[2026-04-21 23:56:48,792] Elapsed since last report = 0[s]
[2026-04-21 23:56:48,792] Elapsed iters 385000 inps 3201 outs 220
[2026-04-21 23:56:48,792] Elapsed since last report = 0[s]
[2026-04-21 23:56:48,792] Elapsed iters 386000 inps 3201 outs 230
[2026-04-21 23:56:48,792] Elapsed since last report = 0[s]
[2026-04-21 23:56:48,792] Elapsed iters 387000 inps 3201 outs 230
[2026-04-21 23:56:48,792] Elapsed since last report = 0[s]
[2026-04-21 23:56:48,792] Elapsed iters 388000 inps 3201 outs 230
[2026-04-21 23:56:48,792] Elapsed since last report = 0[s]
[2026-04-21 23:56:48,792] Elapsed iters 389000 inps 3201 outs 230
[2026-04-21 23:56:48,792] Elapsed since last report = 0[s]
[2026-04-21 23:56:48,792] Elapsed iters 390000 inps 3201 outs 230
[2026-04-21 23:56:48,792] Elapsed since last report = 0[s]
[2026-04-21 23:56:48,792] Elapsed iters 391000 inps 3201 outs 230
[2026-04-21 23:56:48,792] Elapsed since last report = 0[s]
[2026-04-21 23:56:48,792] Elapsed iters 392000 inps 3201 outs 230
[2026-04-21 23:56:48,792] Elapsed since last report = 0[s]
[2026-04-21 23:56:48,792] Elapsed iters 393000 inps 3201 outs 230
[2026-04-21 23:56:48,792] Elapsed since last report = 0[s]
[2026-04-21 23:56:48,792] Elapsed iters 394000 inps 3329 outs 230
[2026-04-21 23:56:48,792] Elapsed since last report = 0[s]
[2026-04-21 23:56:48,792] Elapsed iters 395000 inps 3329 outs 230
[2026-04-21 23:56:48,792] Elapsed since last report = 0[s]
[2026-04-21 23:56:48,792] Elapsed iters 396000 inps 3329 outs 230
[2026-04-21 23:56:48,792] Elapsed since last report = 0[s]
[2026-04-21 23:56:48,792] Elapsed iters 397000 inps 3329 outs 230
[2026-04-21 23:56:48,792] Elapsed since last report = 0[s]
[2026-04-21 23:56:48,792] Elapsed iters 398000 inps 3329 outs 230
[2026-04-21 23:56:48,792] Elapsed since last report = 0[s]
[2026-04-21 23:56:48,792] Elapsed iters 399000 inps 3329 outs 230
[2026-04-21 23:56:48,792] Elapsed since last report = 0[s]
[2026-04-21 23:56:48,792] Elapsed iters 400000 inps 3329 outs 230
[2026-04-21 23:56:48,792] Elapsed since last report = 0[s]
[2026-04-21 23:56:48,792] Elapsed iters 401000 inps 3329 outs 230
[2026-04-21 23:56:48,792] Elapsed since last report = 0[s]
[2026-04-21 23:56:48,792] Elapsed iters 402000 inps 3329 outs 238
[2026-04-21 23:56:48,792] Elapsed since last report = 0[s]
[2026-04-21 23:56:48,792] Elapsed iters 403000 inps 3329 outs 240
[2026-04-21 23:56:48,792] Elapsed since last report = 0[s]
[2026-04-21 23:56:48,792] Elapsed iters 404000 inps 3329 outs 240
[2026-04-21 23:56:48,792] Elapsed since last report = 0[s]
[2026-04-21 23:56:48,792] Elapsed iters 405000 inps 3329 outs 240
[2026-04-21 23:56:48,792] Elapsed since last report = 0[s]
[2026-04-21 23:56:48,792] Elapsed iters 406000 inps 3329 outs 240
[2026-04-21 23:56:48,792] Elapsed since last report = 0[s]
[2026-04-21 23:56:48,792] Elapsed iters 407000 inps 3329 outs 240
[2026-04-21 23:56:48,792] Elapsed since last report = 0[s]
[2026-04-21 23:56:48,792] Elapsed iters 408000 inps 3329 outs 240
[2026-04-21 23:56:48,792] Elapsed since last report = 0[s]
[2026-04-21 23:56:48,792] Elapsed iters 409000 inps 3329 outs 240
[2026-04-21 23:56:48,792] Elapsed since last report = 0[s]
[2026-04-21 23:56:48,792] Elapsed iters 410000 inps 3457 outs 240
[2026-04-21 23:56:48,792] Elapsed since last report = 0[s]
[2026-04-21 23:56:48,792] Elapsed iters 411000 inps 3457 outs 240
[2026-04-21 23:56:48,792] Elapsed since last report = 0[s]
[2026-04-21 23:56:48,792] Elapsed iters 412000 inps 3457 outs 240
[2026-04-21 23:56:48,792] Elapsed since last report = 0[s]
[2026-04-21 23:56:48,792] Elapsed iters 413000 inps 3457 outs 240
[2026-04-21 23:56:48,792] Elapsed since last report = 0[s]
[2026-04-21 23:56:48,792] Elapsed iters 414000 inps 3457 outs 240
[2026-04-21 23:56:48,792] Elapsed since last report = 0[s]
[2026-04-21 23:56:48,792] Elapsed iters 415000 inps 3457 outs 240
[2026-04-21 23:56:48,792] Elapsed since last report = 0[s]
[2026-04-21 23:56:48,792] Elapsed iters 416000 inps 3457 outs 240
[2026-04-21 23:56:48,792] Elapsed since last report = 0[s]
[2026-04-21 23:56:48,792] Elapsed iters 417000 inps 3457 outs 240
[2026-04-21 23:56:48,792] Elapsed since last report = 0[s]
[2026-04-21 23:56:48,792] Elapsed iters 418000 inps 3457 outs 242
[2026-04-21 23:56:48,792] Elapsed since last report = 0[s]
[2026-04-21 23:56:48,792] Elapsed iters 419000 inps 3457 outs 250
[2026-04-21 23:56:48,792] Elapsed since last report = 0[s]
[2026-04-21 23:56:48,792] Elapsed iters 420000 inps 3457 outs 250
[2026-04-21 23:56:48,792] Elapsed since last report = 0[s]
[2026-04-21 23:56:48,792] Elapsed iters 421000 inps 3457 outs 250
[2026-04-21 23:56:48,792] Elapsed since last report = 0[s]
[2026-04-21 23:56:48,792] Elapsed iters 422000 inps 3457 outs 250
[2026-04-21 23:56:48,792] Elapsed since last report = 0[s]
[2026-04-21 23:56:48,792] Elapsed iters 423000 inps 3457 outs 250
[2026-04-21 23:56:48,792] Elapsed since last report = 0[s]
[2026-04-21 23:56:48,792] Elapsed iters 424000 inps 3457 outs 250
[2026-04-21 23:56:48,792] Elapsed since last report = 0[s]
[2026-04-21 23:56:48,792] Elapsed iters 425000 inps 3457 outs 250
[2026-04-21 23:56:48,792] Elapsed since last report = 0[s]
[2026-04-21 23:56:48,792] Elapsed iters 426000 inps 3457 outs 250
[2026-04-21 23:56:48,792] Elapsed since last report = 0[s]
[2026-04-21 23:56:48,792] Elapsed iters 427000 inps 3585 outs 250
[2026-04-21 23:56:48,792] Elapsed since last report = 0[s]
[2026-04-21 23:56:48,792] Elapsed iters 428000 inps 3585 outs 250
[2026-04-21 23:56:48,792] Elapsed since last report = 0[s]
[2026-04-21 23:56:48,792] Elapsed iters 429000 inps 3585 outs 250
[2026-04-21 23:56:48,792] Elapsed since last report = 0[s]
[2026-04-21 23:56:48,792] Elapsed iters 430000 inps 3585 outs 250
[2026-04-21 23:56:48,792] Elapsed since last report = 0[s]
[2026-04-21 23:56:48,792] Elapsed iters 431000 inps 3585 outs 250
[2026-04-21 23:56:48,792] Elapsed since last report = 0[s]
[2026-04-21 23:56:48,792] Elapsed iters 432000 inps 3585 outs 250
[2026-04-21 23:56:48,792] Elapsed since last report = 0[s]
[2026-04-21 23:56:48,792] Elapsed iters 433000 inps 3585 outs 250
[2026-04-21 23:56:48,792] Elapsed since last report = 0[s]
[2026-04-21 23:56:48,792] Elapsed iters 434000 inps 3585 outs 250
[2026-04-21 23:56:48,792] Elapsed since last report = 0[s]
[2026-04-21 23:56:48,792] Elapsed iters 435000 inps 3585 outs 260
[2026-04-21 23:56:48,792] Elapsed since last report = 0[s]
[2026-04-21 23:56:48,792] Elapsed iters 436000 inps 3585 outs 260
[2026-04-21 23:56:48,792] Elapsed since last report = 0[s]
[2026-04-21 23:56:48,792] Elapsed iters 437000 inps 3585 outs 260
[2026-04-21 23:56:48,792] Elapsed since last report = 0[s]
[2026-04-21 23:56:48,792] Elapsed iters 438000 inps 3585 outs 260
[2026-04-21 23:56:48,792] Elapsed since last report = 0[s]
[2026-04-21 23:56:48,792] Elapsed iters 439000 inps 3585 outs 260
[2026-04-21 23:56:48,792] Elapsed since last report = 0[s]
[2026-04-21 23:56:48,792] Elapsed iters 440000 inps 3585 outs 260
[2026-04-21 23:56:48,792] Elapsed since last report = 0[s]
[2026-04-21 23:56:48,792] Elapsed iters 441000 inps 3585 outs 260
[2026-04-21 23:56:48,792] Elapsed since last report = 0[s]
[2026-04-21 23:56:48,792] Elapsed iters 442000 inps 3585 outs 260
[2026-04-21 23:56:48,792] Elapsed since last report = 0[s]
[2026-04-21 23:56:48,792] Elapsed iters 443000 inps 3713 outs 260
[2026-04-21 23:56:48,792] Elapsed since last report = 0[s]
[2026-04-21 23:56:48,792] Elapsed iters 444000 inps 3713 outs 260
[2026-04-21 23:56:48,792] Elapsed since last report = 0[s]
[2026-04-21 23:56:48,792] Elapsed iters 445000 inps 3713 outs 260
[2026-04-21 23:56:48,792] Elapsed since last report = 0[s]
[2026-04-21 23:56:48,792] Elapsed iters 446000 inps 3713 outs 260
[2026-04-21 23:56:48,792] Elapsed since last report = 0[s]
[2026-04-21 23:56:48,792] Elapsed iters 447000 inps 3713 outs 260
[2026-04-21 23:56:48,792] Elapsed since last report = 0[s]
[2026-04-21 23:56:48,793] Elapsed iters 448000 inps 3713 outs 260
[2026-04-21 23:56:48,793] Elapsed since last report = 0[s]
[2026-04-21 23:56:48,793] Elapsed iters 449000 inps 3713 outs 260
[2026-04-21 23:56:48,793] Elapsed since last report = 0[s]
[2026-04-21 23:56:48,793] Elapsed iters 450000 inps 3713 outs 260
[2026-04-21 23:56:48,793] Elapsed since last report = 0[s]
[2026-04-21 23:56:48,793] Elapsed iters 451000 inps 3713 outs 265
[2026-04-21 23:56:48,793] Elapsed since last report = 0[s]
[2026-04-21 23:56:48,793] Elapsed iters 452000 inps 3713 outs 270
[2026-04-21 23:56:48,793] Elapsed since last report = 0[s]
[2026-04-21 23:56:48,793] Elapsed iters 453000 inps 3713 outs 270
[2026-04-21 23:56:48,793] Elapsed since last report = 0[s]
[2026-04-21 23:56:48,793] Elapsed iters 454000 inps 3713 outs 270
[2026-04-21 23:56:48,793] Elapsed since last report = 0[s]
[2026-04-21 23:56:48,793] Elapsed iters 455000 inps 3713 outs 270
[2026-04-21 23:56:48,793] Elapsed since last report = 0[s]
[2026-04-21 23:56:48,793] Elapsed iters 456000 inps 3713 outs 270
[2026-04-21 23:56:48,793] Elapsed since last report = 0[s]
[2026-04-21 23:56:48,793] Elapsed iters 457000 inps 3713 outs 270
[2026-04-21 23:56:48,793] Elapsed since last report = 0[s]
[2026-04-21 23:56:48,793] Elapsed iters 458000 inps 3713 outs 270
[2026-04-21 23:56:48,793] Elapsed since last report = 0[s]
[2026-04-21 23:56:48,793] Elapsed iters 459000 inps 3713 outs 270
[2026-04-21 23:56:48,793] Elapsed since last report = 0[s]
[2026-04-21 23:56:48,793] Elapsed iters 460000 inps 3841 outs 270
[2026-04-21 23:56:48,793] Elapsed since last report = 0[s]
[2026-04-21 23:56:48,793] Elapsed iters 461000 inps 3841 outs 270
[2026-04-21 23:56:48,793] Elapsed since last report = 0[s]
[2026-04-21 23:56:48,793] Elapsed iters 462000 inps 3841 outs 270
[2026-04-21 23:56:48,793] Elapsed since last report = 0[s]
[2026-04-21 23:56:48,793] Elapsed iters 463000 inps 3841 outs 270
[2026-04-21 23:56:48,793] Elapsed since last report = 0[s]
[2026-04-21 23:56:48,793] Elapsed iters 464000 inps 3841 outs 270
[2026-04-21 23:56:48,793] Elapsed since last report = 0[s]
[2026-04-21 23:56:48,793] Elapsed iters 465000 inps 3841 outs 270
[2026-04-21 23:56:48,793] Elapsed since last report = 0[s]
[2026-04-21 23:56:48,793] Elapsed iters 466000 inps 3841 outs 270
[2026-04-21 23:56:48,793] Elapsed since last report = 0[s]
[2026-04-21 23:56:48,793] Elapsed iters 467000 inps 3841 outs 270
[2026-04-21 23:56:48,793] Elapsed since last report = 0[s]
[2026-04-21 23:56:48,793] Elapsed iters 468000 inps 3841 outs 280
[2026-04-21 23:56:48,793] Elapsed since last report = 0[s]
[2026-04-21 23:56:48,793] Elapsed iters 469000 inps 3841 outs 280
[2026-04-21 23:56:48,793] Elapsed since last report = 0[s]
[2026-04-21 23:56:48,793] Elapsed iters 470000 inps 3841 outs 280
[2026-04-21 23:56:48,793] Elapsed since last report = 0[s]
[2026-04-21 23:56:48,793] Elapsed iters 471000 inps 3841 outs 280
[2026-04-21 23:56:48,793] Elapsed since last report = 0[s]
[2026-04-21 23:56:48,793] Elapsed iters 472000 inps 3841 outs 280
[2026-04-21 23:56:48,793] Elapsed since last report = 0[s]
[2026-04-21 23:56:48,793] Elapsed iters 473000 inps 3841 outs 280
[2026-04-21 23:56:48,793] Elapsed since last report = 0[s]
[2026-04-21 23:56:48,793] Elapsed iters 474000 inps 3841 outs 280
[2026-04-21 23:56:48,793] Elapsed since last report = 0[s]
[2026-04-21 23:56:48,793] Elapsed iters 475000 inps 3841 outs 280
[2026-04-21 23:56:48,793] Elapsed since last report = 0[s]
[2026-04-21 23:56:48,793] Elapsed iters 476000 inps 3969 outs 280
[2026-04-21 23:56:48,793] Elapsed since last report = 0[s]
[2026-04-21 23:56:48,793] Elapsed iters 477000 inps 3969 outs 280
[2026-04-21 23:56:48,793] Elapsed since last report = 0[s]
[2026-04-21 23:56:48,793] Elapsed iters 478000 inps 3969 outs 280
[2026-04-21 23:56:48,793] Elapsed since last report = 0[s]
[2026-04-21 23:56:48,793] Elapsed iters 479000 inps 3969 outs 280
[2026-04-21 23:56:48,793] Elapsed since last report = 0[s]
[2026-04-21 23:56:48,793] Elapsed iters 480000 inps 3969 outs 280
[2026-04-21 23:56:48,793] Elapsed since last report = 0[s]
[2026-04-21 23:56:48,793] Elapsed iters 481000 inps 3969 outs 280
[2026-04-21 23:56:48,793] Elapsed since last report = 0[s]
[2026-04-21 23:56:48,793] Elapsed iters 482000 inps 3969 outs 280
[2026-04-21 23:56:48,793] Elapsed since last report = 0[s]
[2026-04-21 23:56:48,793] Elapsed iters 483000 inps 3969 outs 280
[2026-04-21 23:56:48,793] Elapsed since last report = 0[s]
[2026-04-21 23:56:48,793] Elapsed iters 484000 inps 3969 outs 288
[2026-04-21 23:56:48,793] Elapsed since last report = 0[s]
[2026-04-21 23:56:48,793] Elapsed iters 485000 inps 3969 outs 290
[2026-04-21 23:56:48,793] Elapsed since last report = 0[s]
[2026-04-21 23:56:48,793] Elapsed iters 486000 inps 3969 outs 290
[2026-04-21 23:56:48,793] Elapsed since last report = 0[s]
[2026-04-21 23:56:48,793] Elapsed iters 487000 inps 3969 outs 290
[2026-04-21 23:56:48,793] Elapsed since last report = 0[s]
[2026-04-21 23:56:48,793] Elapsed iters 488000 inps 3969 outs 290
[2026-04-21 23:56:48,793] Elapsed since last report = 0[s]
[2026-04-21 23:56:48,793] Elapsed iters 489000 inps 3969 outs 290
[2026-04-21 23:56:48,793] Elapsed since last report = 0[s]
[2026-04-21 23:56:48,793] Elapsed iters 490000 inps 3969 outs 290
[2026-04-21 23:56:48,793] Elapsed since last report = 0[s]
[2026-04-21 23:56:48,793] Elapsed iters 491000 inps 3969 outs 290
[2026-04-21 23:56:48,793] Elapsed since last report = 0[s]
[2026-04-21 23:56:48,793] Elapsed iters 492000 inps 4097 outs 290
[2026-04-21 23:56:48,793] Elapsed since last report = 0[s]
[2026-04-21 23:56:48,793] Elapsed iters 493000 inps 4097 outs 290
[2026-04-21 23:56:48,793] Elapsed since last report = 0[s]
[2026-04-21 23:56:48,793] Elapsed iters 494000 inps 4097 outs 290
[2026-04-21 23:56:48,793] Elapsed since last report = 0[s]
[2026-04-21 23:56:48,793] Elapsed iters 495000 inps 4097 outs 290
[2026-04-21 23:56:48,793] Elapsed since last report = 0[s]
[2026-04-21 23:56:48,793] Elapsed iters 496000 inps 4097 outs 290
[2026-04-21 23:56:48,793] Elapsed since last report = 0[s]
[2026-04-21 23:56:48,793] Elapsed iters 497000 inps 4097 outs 290
[2026-04-21 23:56:48,793] Elapsed since last report = 0[s]
[2026-04-21 23:56:48,793] Elapsed iters 498000 inps 4097 outs 290
[2026-04-21 23:56:48,793] Elapsed since last report = 0[s]
[2026-04-21 23:56:48,793] Elapsed iters 499000 inps 4097 outs 290
[2026-04-21 23:56:48,793] Elapsed since last report = 0[s]
[2026-04-21 23:56:48,793] Elapsed iters 500000 inps 4097 outs 292
[2026-04-21 23:56:48,793] Elapsed since last report = 0[s]
[2026-04-21 23:56:48,793] Elapsed iters 501000 inps 4097 outs 300
[2026-04-21 23:56:48,793] Elapsed since last report = 0[s]
[2026-04-21 23:56:48,793] Elapsed iters 502000 inps 4097 outs 300
[2026-04-21 23:56:48,793] Elapsed since last report = 0[s]
[2026-04-21 23:56:48,793] Elapsed iters 503000 inps 4097 outs 300
[2026-04-21 23:56:48,793] Elapsed since last report = 0[s]
[2026-04-21 23:56:48,793] Elapsed iters 504000 inps 4097 outs 300
[2026-04-21 23:56:48,793] Elapsed since last report = 0[s]
[2026-04-21 23:56:48,793] Elapsed iters 505000 inps 4097 outs 300
[2026-04-21 23:56:48,793] Elapsed since last report = 0[s]
[2026-04-21 23:56:48,793] Elapsed iters 506000 inps 4097 outs 300
[2026-04-21 23:56:48,793] Elapsed since last report = 0[s]
[2026-04-21 23:56:48,793] Elapsed iters 507000 inps 4097 outs 300
[2026-04-21 23:56:48,793] Elapsed since last report = 0[s]
[2026-04-21 23:56:48,793] Elapsed iters 508000 inps 4097 outs 300
[2026-04-21 23:56:48,793] Elapsed since last report = 0[s]
[2026-04-21 23:56:48,793] Elapsed iters 509000 inps 4225 outs 300
[2026-04-21 23:56:48,793] Elapsed since last report = 0[s]
[2026-04-21 23:56:48,793] Elapsed iters 510000 inps 4225 outs 300
[2026-04-21 23:56:48,793] Elapsed since last report = 0[s]
[2026-04-21 23:56:48,794] Elapsed iters 511000 inps 4225 outs 300
[2026-04-21 23:56:48,794] Elapsed since last report = 0[s]
[2026-04-21 23:56:48,794] Elapsed iters 512000 inps 4225 outs 300
[2026-04-21 23:56:48,794] Elapsed since last report = 0[s]
[2026-04-21 23:56:48,794] Elapsed iters 513000 inps 4225 outs 300
[2026-04-21 23:56:48,794] Elapsed since last report = 0[s]
[2026-04-21 23:56:48,794] Elapsed iters 514000 inps 4225 outs 300
[2026-04-21 23:56:48,794] Elapsed since last report = 0[s]
[2026-04-21 23:56:48,794] Elapsed iters 515000 inps 4225 outs 300
[2026-04-21 23:56:48,794] Elapsed since last report = 0[s]
[2026-04-21 23:56:48,794] Elapsed iters 516000 inps 4225 outs 300
[2026-04-21 23:56:48,794] Elapsed since last report = 0[s]
[2026-04-21 23:56:48,794] Elapsed iters 517000 inps 4225 outs 310
[2026-04-21 23:56:48,794] Elapsed since last report = 0[s]
[2026-04-21 23:56:48,794] Elapsed iters 518000 inps 4225 outs 310
[2026-04-21 23:56:48,794] Elapsed since last report = 0[s]
[2026-04-21 23:56:48,794] Elapsed iters 519000 inps 4225 outs 310
[2026-04-21 23:56:48,794] Elapsed since last report = 0[s]
[2026-04-21 23:56:48,794] Elapsed iters 520000 inps 4225 outs 310
[2026-04-21 23:56:48,794] Elapsed since last report = 0[s]
[2026-04-21 23:56:48,794] Elapsed iters 521000 inps 4225 outs 310
[2026-04-21 23:56:48,794] Elapsed since last report = 0[s]
[2026-04-21 23:56:48,794] Elapsed iters 522000 inps 4225 outs 310
[2026-04-21 23:56:48,794] Elapsed since last report = 0[s]
[2026-04-21 23:56:48,794] Elapsed iters 523000 inps 4225 outs 310
[2026-04-21 23:56:48,794] Elapsed since last report = 0[s]
[2026-04-21 23:56:48,794] Elapsed iters 524000 inps 4225 outs 310
[2026-04-21 23:56:48,794] Elapsed since last report = 0[s]
[2026-04-21 23:56:48,794] Elapsed iters 525000 inps 4353 outs 310
[2026-04-21 23:56:48,794] Elapsed since last report = 0[s]
[2026-04-21 23:56:48,794] Elapsed iters 526000 inps 4353 outs 310
[2026-04-21 23:56:48,794] Elapsed since last report = 0[s]
[2026-04-21 23:56:48,794] Elapsed iters 527000 inps 4353 outs 310
[2026-04-21 23:56:48,794] Elapsed since last report = 0[s]
[2026-04-21 23:56:48,794] Elapsed iters 528000 inps 4353 outs 310
[2026-04-21 23:56:48,794] Elapsed since last report = 0[s]
[2026-04-21 23:56:48,794] Elapsed iters 529000 inps 4353 outs 310
[2026-04-21 23:56:48,794] Elapsed since last report = 0[s]
[2026-04-21 23:56:48,794] Elapsed iters 530000 inps 4353 outs 310
[2026-04-21 23:56:48,794] Elapsed since last report = 0[s]
[2026-04-21 23:56:48,794] Elapsed iters 531000 inps 4353 outs 310
[2026-04-21 23:56:48,794] Elapsed since last report = 0[s]
[2026-04-21 23:56:48,794] Elapsed iters 532000 inps 4353 outs 310
[2026-04-21 23:56:48,794] Elapsed since last report = 0[s]
[2026-04-21 23:56:48,794] Elapsed iters 533000 inps 4353 outs 315
[2026-04-21 23:56:48,794] Elapsed since last report = 0[s]
[2026-04-21 23:56:48,794] Elapsed iters 534000 inps 4353 outs 320
[2026-04-21 23:56:48,794] Elapsed since last report = 0[s]
[2026-04-21 23:56:48,794] Elapsed iters 535000 inps 4353 outs 320
[2026-04-21 23:56:48,794] Elapsed since last report = 0[s]
[2026-04-21 23:56:48,794] Elapsed iters 536000 inps 4353 outs 320
[2026-04-21 23:56:48,794] Elapsed since last report = 0[s]
[2026-04-21 23:56:48,794] Elapsed iters 537000 inps 4353 outs 320
[2026-04-21 23:56:48,794] Elapsed since last report = 0[s]
[2026-04-21 23:56:48,794] Elapsed iters 538000 inps 4353 outs 320
[2026-04-21 23:56:48,794] Elapsed since last report = 0[s]
[2026-04-21 23:56:48,794] Elapsed iters 539000 inps 4353 outs 320
[2026-04-21 23:56:48,794] Elapsed since last report = 0[s]
[2026-04-21 23:56:48,794] Elapsed iters 540000 inps 4353 outs 320
[2026-04-21 23:56:48,794] Elapsed since last report = 0[s]
[2026-04-21 23:56:48,794] Elapsed iters 541000 inps 4353 outs 320
[2026-04-21 23:56:48,794] Elapsed since last report = 0[s]
[2026-04-21 23:56:48,794] Elapsed iters 542000 inps 4481 outs 320
[2026-04-21 23:56:48,794] Elapsed since last report = 0[s]
[2026-04-21 23:56:48,794] Elapsed iters 543000 inps 4481 outs 320
[2026-04-21 23:56:48,794] Elapsed since last report = 0[s]
[2026-04-21 23:56:48,794] Elapsed iters 544000 inps 4481 outs 320
[2026-04-21 23:56:48,794] Elapsed since last report = 0[s]
[2026-04-21 23:56:48,794] Elapsed iters 545000 inps 4481 outs 320
[2026-04-21 23:56:48,794] Elapsed since last report = 0[s]
[2026-04-21 23:56:48,794] Elapsed iters 546000 inps 4481 outs 320
[2026-04-21 23:56:48,794] Elapsed since last report = 0[s]
[2026-04-21 23:56:48,794] Elapsed iters 547000 inps 4481 outs 320
[2026-04-21 23:56:48,794] Elapsed since last report = 0[s]
[2026-04-21 23:56:48,794] Elapsed iters 548000 inps 4481 outs 320
[2026-04-21 23:56:48,794] Elapsed since last report = 0[s]
[2026-04-21 23:56:48,794] Elapsed iters 549000 inps 4481 outs 320
[2026-04-21 23:56:48,794] Elapsed since last report = 0[s]
[2026-04-21 23:56:48,794] Elapsed iters 550000 inps 4481 outs 330
[2026-04-21 23:56:48,794] Elapsed since last report = 0[s]
[2026-04-21 23:56:48,794] Elapsed iters 551000 inps 4481 outs 330
[2026-04-21 23:56:48,794] Elapsed since last report = 0[s]
[2026-04-21 23:56:48,794] Elapsed iters 552000 inps 4481 outs 330
[2026-04-21 23:56:48,794] Elapsed since last report = 0[s]
[2026-04-21 23:56:48,794] Elapsed iters 553000 inps 4481 outs 330
[2026-04-21 23:56:48,794] Elapsed since last report = 0[s]
[2026-04-21 23:56:48,794] Elapsed iters 554000 inps 4481 outs 330
[2026-04-21 23:56:48,794] Elapsed since last report = 0[s]
[2026-04-21 23:56:48,794] Elapsed iters 555000 inps 4481 outs 330
[2026-04-21 23:56:48,794] Elapsed since last report = 0[s]
[2026-04-21 23:56:48,794] Elapsed iters 556000 inps 4481 outs 330
[2026-04-21 23:56:48,794] Elapsed since last report = 0[s]
[2026-04-21 23:56:48,794] Elapsed iters 557000 inps 4481 outs 330
[2026-04-21 23:56:48,794] Elapsed since last report = 0[s]
[2026-04-21 23:56:48,794] Elapsed iters 558000 inps 4609 outs 330
[2026-04-21 23:56:48,794] Elapsed since last report = 0[s]
[2026-04-21 23:56:48,794] Elapsed iters 559000 inps 4609 outs 330
[2026-04-21 23:56:48,794] Elapsed since last report = 0[s]
[2026-04-21 23:56:48,794] Elapsed iters 560000 inps 4609 outs 330
[2026-04-21 23:56:48,794] Elapsed since last report = 0[s]
[2026-04-21 23:56:48,794] Elapsed iters 561000 inps 4609 outs 330
[2026-04-21 23:56:48,794] Elapsed since last report = 0[s]
[2026-04-21 23:56:48,794] Elapsed iters 562000 inps 4609 outs 330
[2026-04-21 23:56:48,794] Elapsed since last report = 0[s]
[2026-04-21 23:56:48,794] Elapsed iters 563000 inps 4609 outs 330
[2026-04-21 23:56:48,794] Elapsed since last report = 0[s]
[2026-04-21 23:56:48,794] Elapsed iters 564000 inps 4609 outs 330
[2026-04-21 23:56:48,794] Elapsed since last report = 0[s]
[2026-04-21 23:56:48,794] Elapsed iters 565000 inps 4609 outs 330
[2026-04-21 23:56:48,794] Elapsed since last report = 0[s]
[2026-04-21 23:56:48,794] Elapsed iters 566000 inps 4609 outs 339
[2026-04-21 23:56:48,794] Elapsed since last report = 0[s]
[2026-04-21 23:56:48,794] Elapsed iters 567000 inps 4609 outs 340
[2026-04-21 23:56:48,794] Elapsed since last report = 0[s]
[2026-04-21 23:56:48,794] Elapsed iters 568000 inps 4609 outs 340
[2026-04-21 23:56:48,794] Elapsed since last report = 0[s]
[2026-04-21 23:56:48,794] Elapsed iters 569000 inps 4609 outs 340
[2026-04-21 23:56:48,794] Elapsed since last report = 0[s]
[2026-04-21 23:56:48,794] Elapsed iters 570000 inps 4609 outs 340
[2026-04-21 23:56:48,794] Elapsed since last report = 0[s]
[2026-04-21 23:56:48,794] Elapsed iters 571000 inps 4609 outs 340
[2026-04-21 23:56:48,794] Elapsed since last report = 0[s]
[2026-04-21 23:56:48,794] Elapsed iters 572000 inps 4609 outs 340
[2026-04-21 23:56:48,794] Elapsed since last report = 0[s]
[2026-04-21 23:56:48,794] Elapsed iters 573000 inps 4609 outs 340
[2026-04-21 23:56:48,795] Elapsed since last report = 0[s]
[2026-04-21 23:56:48,795] Elapsed iters 574000 inps 4737 outs 340
[2026-04-21 23:56:48,795] Elapsed since last report = 0[s]
[2026-04-21 23:56:48,795] Elapsed iters 575000 inps 4737 outs 340
[2026-04-21 23:56:48,795] Elapsed since last report = 0[s]
[2026-04-21 23:56:48,795] Elapsed iters 576000 inps 4737 outs 340
[2026-04-21 23:56:48,795] Elapsed since last report = 0[s]
[2026-04-21 23:56:48,795] Elapsed iters 577000 inps 4737 outs 340
[2026-04-21 23:56:48,795] Elapsed since last report = 0[s]
[2026-04-21 23:56:48,795] Elapsed iters 578000 inps 4737 outs 340
[2026-04-21 23:56:48,795] Elapsed since last report = 0[s]
[2026-04-21 23:56:48,795] Elapsed iters 579000 inps 4737 outs 340
[2026-04-21 23:56:48,795] Elapsed since last report = 0[s]
[2026-04-21 23:56:48,795] Elapsed iters 580000 inps 4737 outs 340
[2026-04-21 23:56:48,795] Elapsed since last report = 0[s]
[2026-04-21 23:56:48,795] Elapsed iters 581000 inps 4737 outs 340
[2026-04-21 23:56:48,795] Elapsed since last report = 0[s]
[2026-04-21 23:56:48,795] Elapsed iters 582000 inps 4737 outs 343
[2026-04-21 23:56:48,795] Elapsed since last report = 0[s]
[2026-04-21 23:56:48,795] Elapsed iters 583000 inps 4737 outs 350
[2026-04-21 23:56:48,795] Elapsed since last report = 0[s]
[2026-04-21 23:56:48,795] Elapsed iters 584000 inps 4737 outs 350
[2026-04-21 23:56:48,795] Elapsed since last report = 0[s]
[2026-04-21 23:56:48,795] Elapsed iters 585000 inps 4737 outs 350
[2026-04-21 23:56:48,795] Elapsed since last report = 0[s]
[2026-04-21 23:56:48,795] Elapsed iters 586000 inps 4737 outs 350
[2026-04-21 23:56:48,795] Elapsed since last report = 0[s]
[2026-04-21 23:56:48,795] Elapsed iters 587000 inps 4737 outs 350
[2026-04-21 23:56:48,795] Elapsed since last report = 0[s]
[2026-04-21 23:56:48,795] Elapsed iters 588000 inps 4737 outs 350
[2026-04-21 23:56:48,795] Elapsed since last report = 0[s]
[2026-04-21 23:56:48,795] Elapsed iters 589000 inps 4737 outs 350
[2026-04-21 23:56:48,795] Elapsed since last report = 0[s]
[2026-04-21 23:56:48,795] Elapsed iters 590000 inps 4737 outs 350
[2026-04-21 23:56:48,795] Elapsed since last report = 0[s]
[2026-04-21 23:56:48,795] Elapsed iters 591000 inps 4865 outs 350
[2026-04-21 23:56:48,795] Elapsed since last report = 0[s]
[2026-04-21 23:56:48,795] Elapsed iters 592000 inps 4865 outs 350
[2026-04-21 23:56:48,795] Elapsed since last report = 0[s]
[2026-04-21 23:56:48,795] Elapsed iters 593000 inps 4865 outs 350
[2026-04-21 23:56:48,795] Elapsed since last report = 0[s]
[2026-04-21 23:56:48,795] Elapsed iters 594000 inps 4865 outs 350
[2026-04-21 23:56:48,795] Elapsed since last report = 0[s]
[2026-04-21 23:56:48,795] Elapsed iters 595000 inps 4865 outs 350
[2026-04-21 23:56:48,795] Elapsed since last report = 0[s]
[2026-04-21 23:56:48,795] Elapsed iters 596000 inps 4865 outs 350
[2026-04-21 23:56:48,795] Elapsed since last report = 0[s]
[2026-04-21 23:56:48,795] Elapsed iters 597000 inps 4865 outs 350
[2026-04-21 23:56:48,795] Elapsed since last report = 0[s]
[2026-04-21 23:56:48,795] Elapsed iters 598000 inps 4865 outs 350
[2026-04-21 23:56:48,795] Elapsed since last report = 0[s]
[2026-04-21 23:56:48,795] Elapsed iters 599000 inps 4865 outs 360
[2026-04-21 23:56:48,795] Elapsed since last report = 0[s]
[2026-04-21 23:56:48,795] Elapsed iters 600000 inps 4865 outs 360
[2026-04-21 23:56:48,795] Elapsed since last report = 0[s]
[2026-04-21 23:56:48,795] Elapsed iters 601000 inps 4865 outs 360
[2026-04-21 23:56:48,795] Elapsed since last report = 0[s]
[2026-04-21 23:56:48,795] Elapsed iters 602000 inps 4865 outs 360
[2026-04-21 23:56:48,795] Elapsed since last report = 0[s]
[2026-04-21 23:56:48,795] Elapsed iters 603000 inps 4865 outs 360
[2026-04-21 23:56:48,795] Elapsed since last report = 0[s]
[2026-04-21 23:56:48,795] Elapsed iters 604000 inps 4865 outs 360
[2026-04-21 23:56:48,795] Elapsed since last report = 0[s]
[2026-04-21 23:56:48,795] Elapsed iters 605000 inps 4865 outs 360
[2026-04-21 23:56:48,795] Elapsed since last report = 0[s]
[2026-04-21 23:56:48,795] Elapsed iters 606000 inps 4865 outs 360
[2026-04-21 23:56:48,795] Elapsed since last report = 0[s]
[2026-04-21 23:56:48,795] Elapsed iters 607000 inps 4993 outs 360
[2026-04-21 23:56:48,795] Elapsed since last report = 0[s]
[2026-04-21 23:56:48,795] Elapsed iters 608000 inps 4993 outs 360
[2026-04-21 23:56:48,795] Elapsed since last report = 0[s]
[2026-04-21 23:56:48,795] Elapsed iters 609000 inps 4993 outs 360
[2026-04-21 23:56:48,795] Elapsed since last report = 0[s]
[2026-04-21 23:56:48,795] Elapsed iters 610000 inps 4993 outs 360
[2026-04-21 23:56:48,795] Elapsed since last report = 0[s]
[2026-04-21 23:56:48,795] Elapsed iters 611000 inps 4993 outs 360
[2026-04-21 23:56:48,795] Elapsed since last report = 0[s]
[2026-04-21 23:56:48,795] Elapsed iters 612000 inps 4993 outs 360
[2026-04-21 23:56:48,795] Elapsed since last report = 0[s]
[2026-04-21 23:56:48,795] Elapsed iters 613000 inps 4993 outs 360
[2026-04-21 23:56:48,795] Elapsed since last report = 0[s]
[2026-04-21 23:56:48,795] Elapsed iters 614000 inps 4993 outs 360
[2026-04-21 23:56:48,795] Elapsed since last report = 0[s]
[2026-04-21 23:56:48,795] Elapsed iters 615000 inps 4993 outs 366
[2026-04-21 23:56:48,795] Elapsed since last report = 0[s]
[2026-04-21 23:56:48,795] Elapsed iters 616000 inps 4993 outs 370
[2026-04-21 23:56:48,795] Elapsed since last report = 0[s]
[2026-04-21 23:56:48,795] Elapsed iters 617000 inps 4993 outs 370
[2026-04-21 23:56:48,795] Elapsed since last report = 0[s]
[2026-04-21 23:56:48,795] Elapsed iters 618000 inps 4993 outs 370
[2026-04-21 23:56:48,795] Elapsed since last report = 0[s]
[2026-04-21 23:56:48,795] Elapsed iters 619000 inps 4993 outs 370
[2026-04-21 23:56:48,795] Elapsed since last report = 0[s]
[2026-04-21 23:56:48,795] Elapsed iters 620000 inps 4993 outs 370
[2026-04-21 23:56:48,795] Elapsed since last report = 0[s]
[2026-04-21 23:56:48,795] Elapsed iters 621000 inps 4993 outs 370
[2026-04-21 23:56:48,795] Elapsed since last report = 0[s]
[2026-04-21 23:56:48,795] Elapsed iters 622000 inps 4993 outs 370
[2026-04-21 23:56:48,795] Elapsed since last report = 0[s]
[2026-04-21 23:56:48,795] Elapsed iters 623000 inps 5016 outs 370
[2026-04-21 23:56:48,795] Elapsed since last report = 0[s]
[2026-04-21 23:56:48,795] Elapsed iters 624000 inps 5121 outs 370
[2026-04-21 23:56:48,795] Elapsed since last report = 0[s]
[2026-04-21 23:56:48,795] Elapsed iters 625000 inps 5121 outs 370
[2026-04-21 23:56:48,795] Elapsed since last report = 0[s]
[2026-04-21 23:56:48,795] Elapsed iters 626000 inps 5121 outs 370
[2026-04-21 23:56:48,795] Elapsed since last report = 0[s]
[2026-04-21 23:56:48,795] Elapsed iters 627000 inps 5121 outs 370
[2026-04-21 23:56:48,795] Elapsed since last report = 0[s]
[2026-04-21 23:56:48,795] Elapsed iters 628000 inps 5121 outs 370
[2026-04-21 23:56:48,795] Elapsed since last report = 0[s]
[2026-04-21 23:56:48,795] Elapsed iters 629000 inps 5121 outs 370
[2026-04-21 23:56:48,795] Elapsed since last report = 0[s]
[2026-04-21 23:56:48,795] Elapsed iters 630000 inps 5121 outs 370
[2026-04-21 23:56:48,795] Elapsed since last report = 0[s]
[2026-04-21 23:56:48,795] Elapsed iters 631000 inps 5121 outs 370
[2026-04-21 23:56:48,795] Elapsed since last report = 0[s]
[2026-04-21 23:56:48,795] Elapsed iters 632000 inps 5121 outs 380
[2026-04-21 23:56:48,795] Elapsed since last report = 0[s]
[2026-04-21 23:56:48,795] Elapsed iters 633000 inps 5121 outs 380
[2026-04-21 23:56:48,795] Elapsed since last report = 0[s]
[2026-04-21 23:56:48,795] Elapsed iters 634000 inps 5121 outs 380
[2026-04-21 23:56:48,795] Elapsed since last report = 0[s]
[2026-04-21 23:56:48,795] Elapsed iters 635000 inps 5121 outs 380
[2026-04-21 23:56:48,795] Elapsed since last report = 0[s]
[2026-04-21 23:56:48,795] Elapsed iters 636000 inps 5121 outs 380
[2026-04-21 23:56:48,796] Elapsed since last report = 0[s]
[2026-04-21 23:56:48,796] Elapsed iters 637000 inps 5121 outs 380
[2026-04-21 23:56:48,796] Elapsed since last report = 0[s]
[2026-04-21 23:56:48,796] Elapsed iters 638000 inps 5121 outs 380
[2026-04-21 23:56:48,796] Elapsed since last report = 0[s]
[2026-04-21 23:56:48,796] Elapsed iters 639000 inps 5121 outs 380
[2026-04-21 23:56:48,796] Elapsed since last report = 0[s]
[2026-04-21 23:56:48,796] Elapsed iters 640000 inps 5249 outs 380
[2026-04-21 23:56:48,796] Elapsed since last report = 0[s]
[2026-04-21 23:56:48,796] Elapsed iters 641000 inps 5249 outs 380
[2026-04-21 23:56:48,796] Elapsed since last report = 0[s]
[2026-04-21 23:56:48,796] Elapsed iters 642000 inps 5249 outs 380
[2026-04-21 23:56:48,796] Elapsed since last report = 0[s]
[2026-04-21 23:56:48,796] Elapsed iters 643000 inps 5249 outs 380
[2026-04-21 23:56:48,796] Elapsed since last report = 0[s]
[2026-04-21 23:56:48,796] Elapsed iters 644000 inps 5249 outs 380
[2026-04-21 23:56:48,796] Elapsed since last report = 0[s]
[2026-04-21 23:56:48,796] Elapsed iters 645000 inps 5249 outs 380
[2026-04-21 23:56:48,796] Elapsed since last report = 0[s]
[2026-04-21 23:56:48,796] Elapsed iters 646000 inps 5249 outs 380
[2026-04-21 23:56:48,796] Elapsed since last report = 0[s]
[2026-04-21 23:56:48,796] Elapsed iters 647000 inps 5249 outs 380
[2026-04-21 23:56:48,796] Elapsed since last report = 0[s]
[2026-04-21 23:56:48,796] Elapsed iters 648000 inps 5249 outs 389
[2026-04-21 23:56:48,796] Elapsed since last report = 0[s]
[2026-04-21 23:56:48,796] Elapsed iters 649000 inps 5249 outs 390
[2026-04-21 23:56:48,796] Elapsed since last report = 0[s]
[2026-04-21 23:56:48,796] Elapsed iters 650000 inps 5249 outs 390
[2026-04-21 23:56:48,796] Elapsed since last report = 0[s]
[2026-04-21 23:56:48,796] Elapsed iters 651000 inps 5249 outs 390
[2026-04-21 23:56:48,796] Elapsed since last report = 0[s]
[2026-04-21 23:56:48,796] Elapsed iters 652000 inps 5249 outs 390
[2026-04-21 23:56:48,796] Elapsed since last report = 0[s]
[2026-04-21 23:56:48,796] Elapsed iters 653000 inps 5249 outs 390
[2026-04-21 23:56:48,796] Elapsed since last report = 0[s]
[2026-04-21 23:56:48,796] Elapsed iters 654000 inps 5249 outs 390
[2026-04-21 23:56:48,796] Elapsed since last report = 0[s]
[2026-04-21 23:56:48,796] Elapsed iters 655000 inps 5249 outs 390
[2026-04-21 23:56:48,796] Elapsed since last report = 0[s]
[2026-04-21 23:56:48,796] Elapsed iters 656000 inps 5377 outs 390
[2026-04-21 23:56:48,796] Elapsed since last report = 0[s]
[2026-04-21 23:56:48,796] Elapsed iters 657000 inps 5377 outs 390
[2026-04-21 23:56:48,796] Elapsed since last report = 0[s]
[2026-04-21 23:56:48,796] Elapsed iters 658000 inps 5377 outs 390
[2026-04-21 23:56:48,796] Elapsed since last report = 0[s]
[2026-04-21 23:56:48,796] Elapsed iters 659000 inps 5377 outs 390
[2026-04-21 23:56:48,796] Elapsed since last report = 0[s]
[2026-04-21 23:56:48,796] Elapsed iters 660000 inps 5377 outs 390
[2026-04-21 23:56:48,796] Elapsed since last report = 0[s]
[2026-04-21 23:56:48,796] Elapsed iters 661000 inps 5377 outs 390
[2026-04-21 23:56:48,796] Elapsed since last report = 0[s]
[2026-04-21 23:56:48,796] Elapsed iters 662000 inps 5377 outs 390
[2026-04-21 23:56:48,796] Elapsed since last report = 0[s]
[2026-04-21 23:56:48,796] Elapsed iters 663000 inps 5377 outs 390
[2026-04-21 23:56:48,796] Elapsed since last report = 0[s]
[2026-04-21 23:56:48,796] Elapsed iters 664000 inps 5377 outs 393
[2026-04-21 23:56:48,796] Elapsed since last report = 0[s]
[2026-04-21 23:56:48,796] Elapsed iters 665000 inps 5377 outs 400
[2026-04-21 23:56:48,796] Elapsed since last report = 0[s]
[2026-04-21 23:56:48,796] Elapsed iters 666000 inps 5377 outs 400
[2026-04-21 23:56:48,796] Elapsed since last report = 0[s]
[2026-04-21 23:56:48,796] Elapsed iters 667000 inps 5377 outs 400
[2026-04-21 23:56:48,796] Elapsed since last report = 0[s]
[2026-04-21 23:56:48,796] Elapsed iters 668000 inps 5377 outs 400
[2026-04-21 23:56:48,796] Elapsed since last report = 0[s]
[2026-04-21 23:56:48,796] Elapsed iters 669000 inps 5377 outs 400
[2026-04-21 23:56:48,796] Elapsed since last report = 0[s]
[2026-04-21 23:56:48,796] Elapsed iters 670000 inps 5377 outs 400
[2026-04-21 23:56:48,796] Elapsed since last report = 0[s]
[2026-04-21 23:56:48,796] Elapsed iters 671000 inps 5377 outs 400
[2026-04-21 23:56:48,796] Elapsed since last report = 0[s]
[2026-04-21 23:56:48,796] Elapsed iters 672000 inps 5377 outs 400
[2026-04-21 23:56:48,796] Elapsed since last report = 0[s]
[2026-04-21 23:56:48,796] Elapsed iters 673000 inps 5505 outs 400
[2026-04-21 23:56:48,796] Elapsed since last report = 0[s]
[2026-04-21 23:56:48,796] Elapsed iters 674000 inps 5505 outs 400
[2026-04-21 23:56:48,796] Elapsed since last report = 0[s]
[2026-04-21 23:56:48,796] Elapsed iters 675000 inps 5505 outs 400
[2026-04-21 23:56:48,796] Elapsed since last report = 0[s]
[2026-04-21 23:56:48,796] Elapsed iters 676000 inps 5505 outs 400
[2026-04-21 23:56:48,796] Elapsed since last report = 0[s]
[2026-04-21 23:56:48,796] Elapsed iters 677000 inps 5505 outs 400
[2026-04-21 23:56:48,796] Elapsed since last report = 0[s]
[2026-04-21 23:56:48,796] Elapsed iters 678000 inps 5505 outs 400
[2026-04-21 23:56:48,796] Elapsed since last report = 0[s]
[2026-04-21 23:56:48,796] Elapsed iters 679000 inps 5505 outs 400
[2026-04-21 23:56:48,796] Elapsed since last report = 0[s]
[2026-04-21 23:56:48,796] Elapsed iters 680000 inps 5505 outs 400
[2026-04-21 23:56:48,796] Elapsed since last report = 0[s]
[2026-04-21 23:56:48,796] Elapsed iters 681000 inps 5505 outs 410
[2026-04-21 23:56:48,796] Elapsed since last report = 0[s]
[2026-04-21 23:56:48,796] Elapsed iters 682000 inps 5505 outs 410
[2026-04-21 23:56:48,796] Elapsed since last report = 0[s]
[2026-04-21 23:56:48,796] Elapsed iters 683000 inps 5505 outs 410
[2026-04-21 23:56:48,796] Elapsed since last report = 0[s]
[2026-04-21 23:56:48,796] Elapsed iters 684000 inps 5505 outs 410
[2026-04-21 23:56:48,796] Elapsed since last report = 0[s]
[2026-04-21 23:56:48,796] Elapsed iters 685000 inps 5505 outs 410
[2026-04-21 23:56:48,796] Elapsed since last report = 0[s]
[2026-04-21 23:56:48,796] Elapsed iters 686000 inps 5505 outs 410
[2026-04-21 23:56:48,796] Elapsed since last report = 0[s]
[2026-04-21 23:56:48,796] Elapsed iters 687000 inps 5505 outs 410
[2026-04-21 23:56:48,796] Elapsed since last report = 0[s]
[2026-04-21 23:56:48,796] Elapsed iters 688000 inps 5505 outs 410
[2026-04-21 23:56:48,796] Elapsed since last report = 0[s]
[2026-04-21 23:56:48,796] Elapsed iters 689000 inps 5633 outs 410
[2026-04-21 23:56:48,796] Elapsed since last report = 0[s]
[2026-04-21 23:56:48,796] Elapsed iters 690000 inps 5633 outs 410
[2026-04-21 23:56:48,796] Elapsed since last report = 0[s]
[2026-04-21 23:56:48,796] Elapsed iters 691000 inps 5633 outs 410
[2026-04-21 23:56:48,796] Elapsed since last report = 0[s]
[2026-04-21 23:56:48,796] Elapsed iters 692000 inps 5633 outs 410
[2026-04-21 23:56:48,796] Elapsed since last report = 0[s]
[2026-04-21 23:56:48,796] Elapsed iters 693000 inps 5633 outs 410
[2026-04-21 23:56:48,796] Elapsed since last report = 0[s]
[2026-04-21 23:56:48,796] Elapsed iters 694000 inps 5633 outs 410
[2026-04-21 23:56:48,796] Elapsed since last report = 0[s]
[2026-04-21 23:56:48,796] Elapsed iters 695000 inps 5633 outs 410
[2026-04-21 23:56:48,796] Elapsed since last report = 0[s]
[2026-04-21 23:56:48,796] Elapsed iters 696000 inps 5633 outs 410
[2026-04-21 23:56:48,796] Elapsed since last report = 0[s]
[2026-04-21 23:56:48,796] Elapsed iters 697000 inps 5633 outs 416
[2026-04-21 23:56:48,796] Elapsed since last report = 0[s]
[2026-04-21 23:56:48,796] Elapsed iters 698000 inps 5633 outs 420
[2026-04-21 23:56:48,796] Elapsed since last report = 0[s]
[2026-04-21 23:56:48,796] Elapsed iters 699000 inps 5633 outs 420
[2026-04-21 23:56:48,797] Elapsed since last report = 0[s]
[2026-04-21 23:56:48,797] Elapsed iters 700000 inps 5633 outs 420
[2026-04-21 23:56:48,797] Elapsed since last report = 0[s]
[2026-04-21 23:56:48,797] Elapsed iters 701000 inps 5633 outs 420
[2026-04-21 23:56:48,797] Elapsed since last report = 0[s]
[2026-04-21 23:56:48,797] Elapsed iters 702000 inps 5633 outs 420
[2026-04-21 23:56:48,797] Elapsed since last report = 0[s]
[2026-04-21 23:56:48,797] Elapsed iters 703000 inps 5633 outs 420
[2026-04-21 23:56:48,797] Elapsed since last report = 0[s]
[2026-04-21 23:56:48,797] Elapsed iters 704000 inps 5633 outs 420
[2026-04-21 23:56:48,797] Elapsed since last report = 0[s]
[2026-04-21 23:56:48,797] Elapsed iters 705000 inps 5686 outs 420
[2026-04-21 23:56:48,797] Elapsed since last report = 0[s]
[2026-04-21 23:56:48,797] Elapsed iters 706000 inps 5761 outs 420
[2026-04-21 23:56:48,797] Elapsed since last report = 0[s]
[2026-04-21 23:56:48,797] Elapsed iters 707000 inps 5761 outs 420
[2026-04-21 23:56:48,797] Elapsed since last report = 0[s]
[2026-04-21 23:56:48,797] Elapsed iters 708000 inps 5761 outs 420
[2026-04-21 23:56:48,797] Elapsed since last report = 0[s]
[2026-04-21 23:56:48,797] Elapsed iters 709000 inps 5761 outs 420
[2026-04-21 23:56:48,797] Elapsed since last report = 0[s]
[2026-04-21 23:56:48,797] Elapsed iters 710000 inps 5761 outs 420
[2026-04-21 23:56:48,797] Elapsed since last report = 0[s]
[2026-04-21 23:56:48,797] Elapsed iters 711000 inps 5761 outs 420
[2026-04-21 23:56:48,797] Elapsed since last report = 0[s]
[2026-04-21 23:56:48,797] Elapsed iters 712000 inps 5761 outs 420
[2026-04-21 23:56:48,797] Elapsed since last report = 0[s]
[2026-04-21 23:56:48,797] Elapsed iters 713000 inps 5761 outs 420
[2026-04-21 23:56:48,797] Elapsed since last report = 0[s]
[2026-04-21 23:56:48,797] Elapsed iters 714000 inps 5761 outs 430
[2026-04-21 23:56:48,797] Elapsed since last report = 0[s]
[2026-04-21 23:56:48,797] Elapsed iters 715000 inps 5761 outs 430
[2026-04-21 23:56:48,797] Elapsed since last report = 0[s]
[2026-04-21 23:56:48,797] Elapsed iters 716000 inps 5761 outs 430
[2026-04-21 23:56:48,797] Elapsed since last report = 0[s]
[2026-04-21 23:56:48,797] Elapsed iters 717000 inps 5761 outs 430
[2026-04-21 23:56:48,797] Elapsed since last report = 0[s]
[2026-04-21 23:56:48,797] Elapsed iters 718000 inps 5761 outs 430
[2026-04-21 23:56:48,797] Elapsed since last report = 0[s]
[2026-04-21 23:56:48,797] Elapsed iters 719000 inps 5761 outs 430
[2026-04-21 23:56:48,797] Elapsed since last report = 0[s]
[2026-04-21 23:56:48,797] Elapsed iters 720000 inps 5761 outs 430
[2026-04-21 23:56:48,797] Elapsed since last report = 0[s]
[2026-04-21 23:56:48,797] Elapsed iters 721000 inps 5761 outs 430
[2026-04-21 23:56:48,797] Elapsed since last report = 0[s]
[2026-04-21 23:56:48,797] Elapsed iters 722000 inps 5889 outs 430
[2026-04-21 23:56:48,797] Elapsed since last report = 0[s]
[2026-04-21 23:56:48,797] Elapsed iters 723000 inps 5889 outs 430
[2026-04-21 23:56:48,797] Elapsed since last report = 0[s]
[2026-04-21 23:56:48,797] Elapsed iters 724000 inps 5889 outs 430
[2026-04-21 23:56:48,797] Elapsed since last report = 0[s]
[2026-04-21 23:56:48,797] Elapsed iters 725000 inps 5889 outs 430
[2026-04-21 23:56:48,797] Elapsed since last report = 0[s]
[2026-04-21 23:56:48,797] Elapsed iters 726000 inps 5889 outs 430
[2026-04-21 23:56:48,797] Elapsed since last report = 0[s]
[2026-04-21 23:56:48,797] Elapsed iters 727000 inps 5889 outs 430
[2026-04-21 23:56:48,797] Elapsed since last report = 0[s]
[2026-04-21 23:56:48,797] Elapsed iters 728000 inps 5889 outs 430
[2026-04-21 23:56:48,797] Elapsed since last report = 0[s]
[2026-04-21 23:56:48,797] Elapsed iters 729000 inps 5889 outs 430
[2026-04-21 23:56:48,797] Elapsed since last report = 0[s]
[2026-04-21 23:56:48,797] Elapsed iters 730000 inps 5889 outs 440
[2026-04-21 23:56:48,797] Elapsed since last report = 0[s]
[2026-04-21 23:56:48,797] Elapsed iters 731000 inps 5889 outs 440
[2026-04-21 23:56:48,797] Elapsed since last report = 0[s]
[2026-04-21 23:56:48,797] Elapsed iters 732000 inps 5889 outs 440
[2026-04-21 23:56:48,797] Elapsed since last report = 0[s]
[2026-04-21 23:56:48,797] Elapsed iters 733000 inps 5889 outs 440
[2026-04-21 23:56:48,797] Elapsed since last report = 0[s]
[2026-04-21 23:56:48,797] Elapsed iters 734000 inps 5889 outs 440
[2026-04-21 23:56:48,797] Elapsed since last report = 0[s]
[2026-04-21 23:56:48,797] Elapsed iters 735000 inps 5889 outs 440
[2026-04-21 23:56:48,797] Elapsed since last report = 0[s]
[2026-04-21 23:56:48,797] Elapsed iters 736000 inps 5889 outs 440
[2026-04-21 23:56:48,797] Elapsed since last report = 0[s]
[2026-04-21 23:56:48,797] Elapsed iters 737000 inps 5889 outs 440
[2026-04-21 23:56:48,797] Elapsed since last report = 0[s]
[2026-04-21 23:56:48,797] Elapsed iters 738000 inps 6017 outs 440
[2026-04-21 23:56:48,797] Elapsed since last report = 0[s]
[2026-04-21 23:56:48,797] Elapsed iters 739000 inps 6017 outs 440
[2026-04-21 23:56:48,797] Elapsed since last report = 0[s]
[2026-04-21 23:56:48,797] Elapsed iters 740000 inps 6017 outs 440
[2026-04-21 23:56:48,797] Elapsed since last report = 0[s]
[2026-04-21 23:56:48,797] Elapsed iters 741000 inps 6017 outs 440
[2026-04-21 23:56:48,797] Elapsed since last report = 0[s]
[2026-04-21 23:56:48,797] Elapsed iters 742000 inps 6017 outs 440
[2026-04-21 23:56:48,797] Elapsed since last report = 0[s]
[2026-04-21 23:56:48,797] Elapsed iters 743000 inps 6017 outs 440
[2026-04-21 23:56:48,797] Elapsed since last report = 0[s]
[2026-04-21 23:56:48,797] Elapsed iters 744000 inps 6017 outs 440
[2026-04-21 23:56:48,797] Elapsed since last report = 0[s]
[2026-04-21 23:56:48,797] Elapsed iters 745000 inps 6017 outs 440
[2026-04-21 23:56:48,797] Elapsed since last report = 0[s]
[2026-04-21 23:56:48,797] Elapsed iters 746000 inps 6017 outs 443
[2026-04-21 23:56:48,797] Elapsed since last report = 0[s]
[2026-04-21 23:56:48,797] Elapsed iters 747000 inps 6017 outs 450
[2026-04-21 23:56:48,797] Elapsed since last report = 0[s]
[2026-04-21 23:56:48,797] Elapsed iters 748000 inps 6017 outs 450
[2026-04-21 23:56:48,797] Elapsed since last report = 0[s]
[2026-04-21 23:56:48,797] Elapsed iters 749000 inps 6017 outs 450
[2026-04-21 23:56:48,797] Elapsed since last report = 0[s]
[2026-04-21 23:56:48,797] Elapsed iters 750000 inps 6017 outs 450
[2026-04-21 23:56:48,797] Elapsed since last report = 0[s]
[2026-04-21 23:56:48,797] Elapsed iters 751000 inps 6017 outs 450
[2026-04-21 23:56:48,797] Elapsed since last report = 0[s]
[2026-04-21 23:56:48,797] Elapsed iters 752000 inps 6017 outs 450
[2026-04-21 23:56:48,797] Elapsed since last report = 0[s]
[2026-04-21 23:56:48,797] Elapsed iters 753000 inps 6017 outs 450
[2026-04-21 23:56:48,797] Elapsed since last report = 0[s]
[2026-04-21 23:56:48,797] Elapsed iters 754000 inps 6017 outs 450
[2026-04-21 23:56:48,797] Elapsed since last report = 0[s]
[2026-04-21 23:56:48,797] Elapsed iters 755000 inps 6145 outs 450
[2026-04-21 23:56:48,797] Elapsed since last report = 0[s]
[2026-04-21 23:56:48,797] Elapsed iters 756000 inps 6145 outs 450
[2026-04-21 23:56:48,797] Elapsed since last report = 0[s]
[2026-04-21 23:56:48,797] Elapsed iters 757000 inps 6145 outs 450
[2026-04-21 23:56:48,797] Elapsed since last report = 0[s]
[2026-04-21 23:56:48,797] Elapsed iters 758000 inps 6145 outs 450
[2026-04-21 23:56:48,797] Elapsed since last report = 0[s]
[2026-04-21 23:56:48,797] Elapsed iters 759000 inps 6145 outs 450
[2026-04-21 23:56:48,797] Elapsed since last report = 0[s]
[2026-04-21 23:56:48,797] Elapsed iters 760000 inps 6145 outs 450
[2026-04-21 23:56:48,797] Elapsed since last report = 0[s]
[2026-04-21 23:56:48,797] Elapsed iters 761000 inps 6145 outs 450
[2026-04-21 23:56:48,797] Elapsed since last report = 0[s]
[2026-04-21 23:56:48,797] Elapsed iters 762000 inps 6145 outs 450
[2026-04-21 23:56:48,797] Elapsed since last report = 0[s]
[2026-04-21 23:56:48,797] Elapsed iters 763000 inps 6145 outs 460
[2026-04-21 23:56:48,798] Elapsed since last report = 0[s]
[2026-04-21 23:56:48,798] Elapsed iters 764000 inps 6145 outs 460
[2026-04-21 23:56:48,798] Elapsed since last report = 0[s]
[2026-04-21 23:56:48,798] Elapsed iters 765000 inps 6145 outs 460
[2026-04-21 23:56:48,798] Elapsed since last report = 0[s]
[2026-04-21 23:56:48,798] Elapsed iters 766000 inps 6145 outs 460
[2026-04-21 23:56:48,798] Elapsed since last report = 0[s]
[2026-04-21 23:56:48,798] Elapsed iters 767000 inps 6145 outs 460
[2026-04-21 23:56:48,798] Elapsed since last report = 0[s]
[2026-04-21 23:56:48,798] Elapsed iters 768000 inps 6145 outs 460
[2026-04-21 23:56:48,798] Elapsed since last report = 0[s]
[2026-04-21 23:56:48,798] Elapsed iters 769000 inps 6145 outs 460
[2026-04-21 23:56:48,798] Elapsed since last report = 0[s]
[2026-04-21 23:56:48,798] Elapsed iters 770000 inps 6145 outs 460
[2026-04-21 23:56:48,798] Elapsed since last report = 0[s]
[2026-04-21 23:56:48,798] Elapsed iters 771000 inps 6273 outs 460
[2026-04-21 23:56:48,798] Elapsed since last report = 0[s]
[2026-04-21 23:56:48,798] Elapsed iters 772000 inps 6273 outs 460
[2026-04-21 23:56:48,798] Elapsed since last report = 0[s]
[2026-04-21 23:56:48,798] Elapsed iters 773000 inps 6273 outs 460
[2026-04-21 23:56:48,798] Elapsed since last report = 0[s]
[2026-04-21 23:56:48,798] Elapsed iters 774000 inps 6273 outs 460
[2026-04-21 23:56:48,798] Elapsed since last report = 0[s]
[2026-04-21 23:56:48,798] Elapsed iters 775000 inps 6273 outs 460
[2026-04-21 23:56:48,798] Elapsed since last report = 0[s]
[2026-04-21 23:56:48,798] Elapsed iters 776000 inps 6273 outs 460
[2026-04-21 23:56:48,798] Elapsed since last report = 0[s]
[2026-04-21 23:56:48,798] Elapsed iters 777000 inps 6273 outs 460
[2026-04-21 23:56:48,798] Elapsed since last report = 0[s]
[2026-04-21 23:56:48,798] Elapsed iters 778000 inps 6273 outs 460
[2026-04-21 23:56:48,798] Elapsed since last report = 0[s]
[2026-04-21 23:56:48,798] Elapsed iters 779000 inps 6273 outs 467
[2026-04-21 23:56:48,798] Elapsed since last report = 0[s]
[2026-04-21 23:56:48,798] Elapsed iters 780000 inps 6273 outs 470
[2026-04-21 23:56:48,798] Elapsed since last report = 0[s]
[2026-04-21 23:56:48,798] Elapsed iters 781000 inps 6273 outs 470
[2026-04-21 23:56:48,798] Elapsed since last report = 0[s]
[2026-04-21 23:56:48,798] Elapsed iters 782000 inps 6273 outs 470
[2026-04-21 23:56:48,798] Elapsed since last report = 0[s]
[2026-04-21 23:56:48,798] Elapsed iters 783000 inps 6273 outs 470
[2026-04-21 23:56:48,798] Elapsed since last report = 0[s]
[2026-04-21 23:56:48,798] Elapsed iters 784000 inps 6273 outs 470
[2026-04-21 23:56:48,798] Elapsed since last report = 0[s]
[2026-04-21 23:56:48,798] Elapsed iters 785000 inps 6273 outs 470
[2026-04-21 23:56:48,798] Elapsed since last report = 0[s]
[2026-04-21 23:56:48,798] Elapsed iters 786000 inps 6273 outs 470
[2026-04-21 23:56:48,798] Elapsed since last report = 0[s]
[2026-04-21 23:56:48,798] Elapsed iters 787000 inps 6356 outs 470
[2026-04-21 23:56:48,798] Elapsed since last report = 0[s]
[2026-04-21 23:56:48,798] Elapsed iters 788000 inps 6401 outs 470
[2026-04-21 23:56:48,798] Elapsed since last report = 0[s]
[2026-04-21 23:56:48,798] Elapsed iters 789000 inps 6401 outs 470
[2026-04-21 23:56:48,798] Elapsed since last report = 0[s]
[2026-04-21 23:56:48,798] Elapsed iters 790000 inps 6401 outs 470
[2026-04-21 23:56:48,798] Elapsed since last report = 0[s]
[2026-04-21 23:56:48,798] Elapsed iters 791000 inps 6401 outs 470
[2026-04-21 23:56:48,798] Elapsed since last report = 0[s]
[2026-04-21 23:56:48,798] Elapsed iters 792000 inps 6401 outs 470
[2026-04-21 23:56:48,798] Elapsed since last report = 0[s]
[2026-04-21 23:56:48,798] Elapsed iters 793000 inps 6401 outs 470
[2026-04-21 23:56:48,798] Elapsed since last report = 0[s]
[2026-04-21 23:56:48,798] Elapsed iters 794000 inps 6401 outs 470
[2026-04-21 23:56:48,798] Elapsed since last report = 0[s]
[2026-04-21 23:56:48,798] Elapsed iters 795000 inps 6401 outs 471
[2026-04-21 23:56:48,798] Elapsed since last report = 0[s]
[2026-04-21 23:56:48,798] Elapsed iters 796000 inps 6401 outs 480
[2026-04-21 23:56:48,798] Elapsed since last report = 0[s]
[2026-04-21 23:56:48,798] Elapsed iters 797000 inps 6401 outs 480
[2026-04-21 23:56:48,798] Elapsed since last report = 0[s]
[2026-04-21 23:56:48,798] Elapsed iters 798000 inps 6401 outs 480
[2026-04-21 23:56:48,798] Elapsed since last report = 0[s]
[2026-04-21 23:56:48,798] Elapsed iters 799000 inps 6401 outs 480
[2026-04-21 23:56:48,798] Elapsed since last report = 0[s]
[2026-04-21 23:56:48,798] Elapsed iters 800000 inps 6401 outs 480
[2026-04-21 23:56:48,798] Elapsed since last report = 0[s]
[2026-04-21 23:56:48,798] Elapsed iters 801000 inps 6401 outs 480
[2026-04-21 23:56:48,798] Elapsed since last report = 0[s]
[2026-04-21 23:56:48,798] Elapsed iters 802000 inps 6401 outs 480
[2026-04-21 23:56:48,798] Elapsed since last report = 0[s]
[2026-04-21 23:56:48,798] Elapsed iters 803000 inps 6401 outs 480
[2026-04-21 23:56:48,798] Elapsed since last report = 0[s]
[2026-04-21 23:56:48,798] Elapsed iters 804000 inps 6529 outs 480
[2026-04-21 23:56:48,798] Elapsed since last report = 0[s]
[2026-04-21 23:56:48,798] Elapsed iters 805000 inps 6529 outs 480
[2026-04-21 23:56:48,798] Elapsed since last report = 0[s]
[2026-04-21 23:56:48,798] Elapsed iters 806000 inps 6529 outs 480
[2026-04-21 23:56:48,798] Elapsed since last report = 0[s]
[2026-04-21 23:56:48,798] Elapsed iters 807000 inps 6529 outs 480
[2026-04-21 23:56:48,798] Elapsed since last report = 0[s]
[2026-04-21 23:56:48,798] Elapsed iters 808000 inps 6529 outs 480
[2026-04-21 23:56:48,798] Elapsed since last report = 0[s]
[2026-04-21 23:56:48,798] Elapsed iters 809000 inps 6529 outs 480
[2026-04-21 23:56:48,798] Elapsed since last report = 0[s]
[2026-04-21 23:56:48,798] Elapsed iters 810000 inps 6529 outs 480
[2026-04-21 23:56:48,798] Elapsed since last report = 0[s]
[2026-04-21 23:56:48,798] Elapsed iters 811000 inps 6529 outs 480
[2026-04-21 23:56:48,798] Elapsed since last report = 0[s]
[2026-04-21 23:56:48,798] Elapsed iters 812000 inps 6529 outs 490
[2026-04-21 23:56:48,798] Elapsed since last report = 0[s]
[2026-04-21 23:56:48,798] Elapsed iters 813000 inps 6529 outs 490
[2026-04-21 23:56:48,798] Elapsed since last report = 0[s]
[2026-04-21 23:56:48,798] Elapsed iters 814000 inps 6529 outs 490
[2026-04-21 23:56:48,798] Elapsed since last report = 0[s]
[2026-04-21 23:56:48,798] Elapsed iters 815000 inps 6529 outs 490
[2026-04-21 23:56:48,798] Elapsed since last report = 0[s]
[2026-04-21 23:56:48,798] Elapsed iters 816000 inps 6529 outs 490
[2026-04-21 23:56:48,798] Elapsed since last report = 0[s]
[2026-04-21 23:56:48,798] Elapsed iters 817000 inps 6529 outs 490
[2026-04-21 23:56:48,798] Elapsed since last report = 0[s]
[2026-04-21 23:56:48,798] Elapsed iters 818000 inps 6529 outs 490
[2026-04-21 23:56:48,798] Elapsed since last report = 0[s]
[2026-04-21 23:56:48,798] Elapsed iters 819000 inps 6529 outs 490
[2026-04-21 23:56:48,798] Elapsed since last report = 0[s]
[2026-04-21 23:56:48,798] Elapsed iters 820000 inps 6657 outs 490
[2026-04-21 23:56:48,798] Elapsed since last report = 0[s]
[2026-04-21 23:56:48,798] Elapsed iters 821000 inps 6657 outs 490
[2026-04-21 23:56:48,798] Elapsed since last report = 0[s]
[2026-04-21 23:56:48,798] Elapsed iters 822000 inps 6657 outs 490
[2026-04-21 23:56:48,798] Elapsed since last report = 0[s]
[2026-04-21 23:56:48,798] Elapsed iters 823000 inps 6657 outs 490
[2026-04-21 23:56:48,798] Elapsed since last report = 0[s]
[2026-04-21 23:56:48,798] Elapsed iters 824000 inps 6657 outs 490
[2026-04-21 23:56:48,798] Elapsed since last report = 0[s]
[2026-04-21 23:56:48,798] Elapsed iters 825000 inps 6657 outs 490
[2026-04-21 23:56:48,798] Elapsed since last report = 0[s]
[2026-04-21 23:56:48,798] Elapsed iters 826000 inps 6657 outs 490
[2026-04-21 23:56:48,798] Elapsed since last report = 0[s]
[2026-04-21 23:56:48,799] Elapsed iters 827000 inps 6657 outs 490
[2026-04-21 23:56:48,799] Elapsed since last report = 0[s]
[2026-04-21 23:56:48,799] Elapsed iters 828000 inps 6657 outs 494
[2026-04-21 23:56:48,799] Elapsed since last report = 0[s]
[2026-04-21 23:56:48,799] Elapsed iters 829000 inps 6657 outs 500
[2026-04-21 23:56:48,799] Elapsed since last report = 0[s]
[2026-04-21 23:56:48,799] Elapsed iters 830000 inps 6657 outs 500
[2026-04-21 23:56:48,799] Elapsed since last report = 0[s]
[2026-04-21 23:56:48,799] Elapsed iters 831000 inps 6657 outs 500
[2026-04-21 23:56:48,799] Elapsed since last report = 0[s]
[2026-04-21 23:56:48,799] Elapsed iters 832000 inps 6657 outs 500
[2026-04-21 23:56:48,799] Elapsed since last report = 0[s]
[2026-04-21 23:56:48,799] Elapsed iters 833000 inps 6657 outs 500
[2026-04-21 23:56:48,799] Elapsed since last report = 0[s]
[2026-04-21 23:56:48,799] Elapsed iters 834000 inps 6657 outs 500
[2026-04-21 23:56:48,799] Elapsed since last report = 0[s]
[2026-04-21 23:56:48,799] Elapsed iters 835000 inps 6657 outs 500
[2026-04-21 23:56:48,799] Elapsed since last report = 0[s]
[2026-04-21 23:56:48,799] Elapsed iters 836000 inps 6657 outs 500
[2026-04-21 23:56:48,799] Elapsed since last report = 0[s]
[2026-04-21 23:56:48,799] Elapsed iters 837000 inps 6785 outs 500
[2026-04-21 23:56:48,799] Elapsed since last report = 0[s]
[2026-04-21 23:56:48,799] Elapsed iters 838000 inps 6785 outs 500
[2026-04-21 23:56:48,799] Elapsed since last report = 0[s]
[2026-04-21 23:56:48,799] Elapsed iters 839000 inps 6785 outs 500
[2026-04-21 23:56:48,799] Elapsed since last report = 0[s]
[2026-04-21 23:56:48,799] Elapsed iters 840000 inps 6785 outs 500
[2026-04-21 23:56:48,799] Elapsed since last report = 0[s]
[2026-04-21 23:56:48,799] Elapsed iters 841000 inps 6785 outs 500
[2026-04-21 23:56:48,799] Elapsed since last report = 0[s]
[2026-04-21 23:56:48,799] Elapsed iters 842000 inps 6785 outs 500
[2026-04-21 23:56:48,799] Elapsed since last report = 0[s]
[2026-04-21 23:56:48,799] Elapsed iters 843000 inps 6785 outs 500
[2026-04-21 23:56:48,799] Elapsed since last report = 0[s]
[2026-04-21 23:56:48,799] Elapsed iters 844000 inps 6785 outs 500
[2026-04-21 23:56:48,799] Elapsed since last report = 0[s]
[2026-04-21 23:56:48,799] Elapsed iters 845000 inps 6785 outs 510
[2026-04-21 23:56:48,799] Elapsed since last report = 0[s]
[2026-04-21 23:56:48,799] Elapsed iters 846000 inps 6785 outs 510
[2026-04-21 23:56:48,799] Elapsed since last report = 0[s]
[2026-04-21 23:56:48,799] Elapsed iters 847000 inps 6785 outs 510
[2026-04-21 23:56:48,799] Elapsed since last report = 0[s]
[2026-04-21 23:56:48,799] Elapsed iters 848000 inps 6785 outs 510
[2026-04-21 23:56:48,799] Elapsed since last report = 0[s]
[2026-04-21 23:56:48,799] Elapsed iters 849000 inps 6785 outs 510
[2026-04-21 23:56:48,799] Elapsed since last report = 0[s]
[2026-04-21 23:56:48,799] Elapsed iters 850000 inps 6785 outs 510
[2026-04-21 23:56:48,799] Elapsed since last report = 0[s]
[2026-04-21 23:56:48,799] Elapsed iters 851000 inps 6785 outs 510
[2026-04-21 23:56:48,799] Elapsed since last report = 0[s]
[2026-04-21 23:56:48,799] Elapsed iters 852000 inps 6785 outs 510
[2026-04-21 23:56:48,799] Elapsed since last report = 0[s]
[2026-04-21 23:56:48,799] Elapsed iters 853000 inps 6913 outs 510
[2026-04-21 23:56:48,799] Elapsed since last report = 0[s]
[2026-04-21 23:56:48,799] Elapsed iters 854000 inps 6913 outs 510
[2026-04-21 23:56:48,799] Elapsed since last report = 0[s]
[2026-04-21 23:56:48,799] Elapsed iters 855000 inps 6913 outs 510
[2026-04-21 23:56:48,799] Elapsed since last report = 0[s]
[2026-04-21 23:56:48,799] Elapsed iters 856000 inps 6913 outs 510
[2026-04-21 23:56:48,799] Elapsed since last report = 0[s]
[2026-04-21 23:56:48,799] Elapsed iters 857000 inps 6913 outs 510
[2026-04-21 23:56:48,799] Elapsed since last report = 0[s]
[2026-04-21 23:56:48,799] Elapsed iters 858000 inps 6913 outs 510
[2026-04-21 23:56:48,799] Elapsed since last report = 0[s]
[2026-04-21 23:56:48,799] Elapsed iters 859000 inps 6913 outs 510
[2026-04-21 23:56:48,799] Elapsed since last report = 0[s]
[2026-04-21 23:56:48,799] Elapsed iters 860000 inps 6913 outs 510
[2026-04-21 23:56:48,799] Elapsed since last report = 0[s]
[2026-04-21 23:56:48,799] Elapsed iters 861000 inps 6913 outs 517
[2026-04-21 23:56:48,799] Elapsed since last report = 0[s]
[2026-04-21 23:56:48,799] Elapsed iters 862000 inps 6913 outs 520
[2026-04-21 23:56:48,799] Elapsed since last report = 0[s]
[2026-04-21 23:56:48,799] Elapsed iters 863000 inps 6913 outs 520
[2026-04-21 23:56:48,799] Elapsed since last report = 0[s]
[2026-04-21 23:56:48,799] Elapsed iters 864000 inps 6913 outs 520
[2026-04-21 23:56:48,799] Elapsed since last report = 0[s]
[2026-04-21 23:56:48,799] Elapsed iters 865000 inps 6913 outs 520
[2026-04-21 23:56:48,799] Elapsed since last report = 0[s]
[2026-04-21 23:56:48,799] Elapsed iters 866000 inps 6913 outs 520
[2026-04-21 23:56:48,799] Elapsed since last report = 0[s]
[2026-04-21 23:56:48,799] Elapsed iters 867000 inps 6913 outs 520
[2026-04-21 23:56:48,799] Elapsed since last report = 0[s]
[2026-04-21 23:56:48,799] Elapsed iters 868000 inps 6913 outs 520
[2026-04-21 23:56:48,799] Elapsed since last report = 0[s]
[2026-04-21 23:56:48,799] Elapsed iters 869000 inps 7026 outs 520
[2026-04-21 23:56:48,799] Elapsed since last report = 0[s]
[2026-04-21 23:56:48,799] Elapsed iters 870000 inps 7041 outs 520
[2026-04-21 23:56:48,799] Elapsed since last report = 0[s]
[2026-04-21 23:56:48,799] Elapsed iters 871000 inps 7041 outs 520
[2026-04-21 23:56:48,799] Elapsed since last report = 0[s]
[2026-04-21 23:56:48,799] Elapsed iters 872000 inps 7041 outs 520
[2026-04-21 23:56:48,799] Elapsed since last report = 0[s]
[2026-04-21 23:56:48,799] Elapsed iters 873000 inps 7041 outs 520
[2026-04-21 23:56:48,799] Elapsed since last report = 0[s]
[2026-04-21 23:56:48,799] Elapsed iters 874000 inps 7041 outs 520
[2026-04-21 23:56:48,799] Elapsed since last report = 0[s]
[2026-04-21 23:56:48,799] Elapsed iters 875000 inps 7041 outs 520
[2026-04-21 23:56:48,799] Elapsed since last report = 0[s]
[2026-04-21 23:56:48,799] Elapsed iters 876000 inps 7041 outs 520
[2026-04-21 23:56:48,799] Elapsed since last report = 0[s]
[2026-04-21 23:56:48,799] Elapsed iters 877000 inps 7041 outs 521
[2026-04-21 23:56:48,799] Elapsed since last report = 0[s]
[2026-04-21 23:56:48,799] Elapsed iters 878000 inps 7041 outs 530
[2026-04-21 23:56:48,799] Elapsed since last report = 0[s]
[2026-04-21 23:56:48,799] Elapsed iters 879000 inps 7041 outs 530
[2026-04-21 23:56:48,799] Elapsed since last report = 0[s]
[2026-04-21 23:56:48,799] Elapsed iters 880000 inps 7041 outs 530
[2026-04-21 23:56:48,799] Elapsed since last report = 0[s]
[2026-04-21 23:56:48,799] Elapsed iters 881000 inps 7041 outs 530
[2026-04-21 23:56:48,799] Elapsed since last report = 0[s]
[2026-04-21 23:56:48,799] Elapsed iters 882000 inps 7041 outs 530
[2026-04-21 23:56:48,799] Elapsed since last report = 0[s]
[2026-04-21 23:56:48,799] Elapsed iters 883000 inps 7041 outs 530
[2026-04-21 23:56:48,799] Elapsed since last report = 0[s]
[2026-04-21 23:56:48,799] Elapsed iters 884000 inps 7041 outs 530
[2026-04-21 23:56:48,799] Elapsed since last report = 0[s]
[2026-04-21 23:56:48,799] Elapsed iters 885000 inps 7041 outs 530
[2026-04-21 23:56:48,799] Elapsed since last report = 0[s]
[2026-04-21 23:56:48,799] Elapsed iters 886000 inps 7169 outs 530
[2026-04-21 23:56:48,799] Elapsed since last report = 0[s]
[2026-04-21 23:56:48,799] Elapsed iters 887000 inps 7169 outs 530
[2026-04-21 23:56:48,799] Elapsed since last report = 0[s]
[2026-04-21 23:56:48,799] Elapsed iters 888000 inps 7169 outs 530
[2026-04-21 23:56:48,799] Elapsed since last report = 0[s]
[2026-04-21 23:56:48,799] Elapsed iters 889000 inps 7169 outs 530
[2026-04-21 23:56:48,799] Elapsed since last report = 0[s]
[2026-04-21 23:56:48,799] Elapsed iters 890000 inps 7169 outs 530
[2026-04-21 23:56:48,799] Elapsed since last report = 0[s]
[2026-04-21 23:56:48,800] Elapsed iters 891000 inps 7169 outs 530
[2026-04-21 23:56:48,800] Elapsed since last report = 0[s]
[2026-04-21 23:56:48,800] Elapsed iters 892000 inps 7169 outs 530
[2026-04-21 23:56:48,800] Elapsed since last report = 0[s]
[2026-04-21 23:56:48,800] Elapsed iters 893000 inps 7169 outs 530
[2026-04-21 23:56:48,800] Elapsed since last report = 0[s]
[2026-04-21 23:56:48,800] Elapsed iters 894000 inps 7169 outs 540
[2026-04-21 23:56:48,800] Elapsed since last report = 0[s]
[2026-04-21 23:56:48,800] Elapsed iters 895000 inps 7169 outs 540
[2026-04-21 23:56:48,800] Elapsed since last report = 0[s]
[2026-04-21 23:56:48,800] Elapsed iters 896000 inps 7169 outs 540
[2026-04-21 23:56:48,800] Elapsed since last report = 0[s]
[2026-04-21 23:56:48,800] Elapsed iters 897000 inps 7169 outs 540
[2026-04-21 23:56:48,800] Elapsed since last report = 0[s]
[2026-04-21 23:56:48,800] Elapsed iters 898000 inps 7169 outs 540
[2026-04-21 23:56:48,800] Elapsed since last report = 0[s]
[2026-04-21 23:56:48,800] Elapsed iters 899000 inps 7169 outs 540
[2026-04-21 23:56:48,800] Elapsed since last report = 0[s]
[2026-04-21 23:56:48,800] Elapsed iters 900000 inps 7169 outs 540
[2026-04-21 23:56:48,800] Elapsed since last report = 0[s]
[2026-04-21 23:56:48,800] Elapsed iters 901000 inps 7169 outs 540
[2026-04-21 23:56:48,800] Elapsed since last report = 0[s]
[2026-04-21 23:56:48,800] Elapsed iters 902000 inps 7297 outs 540
[2026-04-21 23:56:48,800] Elapsed since last report = 0[s]
[2026-04-21 23:56:48,800] Elapsed iters 903000 inps 7297 outs 540
[2026-04-21 23:56:48,800] Elapsed since last report = 0[s]
[2026-04-21 23:56:48,800] Elapsed iters 904000 inps 7297 outs 540
[2026-04-21 23:56:48,800] Elapsed since last report = 0[s]
[2026-04-21 23:56:48,800] Elapsed iters 905000 inps 7297 outs 540
[2026-04-21 23:56:48,800] Elapsed since last report = 0[s]
[2026-04-21 23:56:48,800] Elapsed iters 906000 inps 7297 outs 540
[2026-04-21 23:56:48,800] Elapsed since last report = 0[s]
[2026-04-21 23:56:48,800] Elapsed iters 907000 inps 7297 outs 540
[2026-04-21 23:56:48,800] Elapsed since last report = 0[s]
[2026-04-21 23:56:48,800] Elapsed iters 908000 inps 7297 outs 540
[2026-04-21 23:56:48,800] Elapsed since last report = 0[s]
[2026-04-21 23:56:48,800] Elapsed iters 909000 inps 7297 outs 540
[2026-04-21 23:56:48,800] Elapsed since last report = 0[s]
[2026-04-21 23:56:48,800] Elapsed iters 910000 inps 7297 outs 544
[2026-04-21 23:56:48,800] Elapsed since last report = 0[s]
[2026-04-21 23:56:48,800] Elapsed iters 911000 inps 7297 outs 550
[2026-04-21 23:56:48,800] Elapsed since last report = 0[s]
[2026-04-21 23:56:48,800] Elapsed iters 912000 inps 7297 outs 550
[2026-04-21 23:56:48,800] Elapsed since last report = 0[s]
[2026-04-21 23:56:48,800] Elapsed iters 913000 inps 7297 outs 550
[2026-04-21 23:56:48,800] Elapsed since last report = 0[s]
[2026-04-21 23:56:48,800] Elapsed iters 914000 inps 7297 outs 550
[2026-04-21 23:56:48,800] Elapsed since last report = 0[s]
[2026-04-21 23:56:48,800] Elapsed iters 915000 inps 7297 outs 550
[2026-04-21 23:56:48,800] Elapsed since last report = 0[s]
[2026-04-21 23:56:48,800] Elapsed iters 916000 inps 7297 outs 550
[2026-04-21 23:56:48,800] Elapsed since last report = 0[s]
[2026-04-21 23:56:48,800] Elapsed iters 917000 inps 7297 outs 550
[2026-04-21 23:56:48,800] Elapsed since last report = 0[s]
[2026-04-21 23:56:48,800] Elapsed iters 918000 inps 7297 outs 550
[2026-04-21 23:56:48,800] Elapsed since last report = 0[s]
[2026-04-21 23:56:48,800] Elapsed iters 919000 inps 7425 outs 550
[2026-04-21 23:56:48,800] Elapsed since last report = 0[s]
[2026-04-21 23:56:48,800] Elapsed iters 920000 inps 7425 outs 550
[2026-04-21 23:56:48,800] Elapsed since last report = 0[s]
[2026-04-21 23:56:48,800] Elapsed iters 921000 inps 7425 outs 550
[2026-04-21 23:56:48,800] Elapsed since last report = 0[s]
[2026-04-21 23:56:48,800] Elapsed iters 922000 inps 7425 outs 550
[2026-04-21 23:56:48,800] Elapsed since last report = 0[s]
[2026-04-21 23:56:48,800] Elapsed iters 923000 inps 7425 outs 550
[2026-04-21 23:56:48,800] Elapsed since last report = 0[s]
[2026-04-21 23:56:48,800] Elapsed iters 924000 inps 7425 outs 550
[2026-04-21 23:56:48,800] Elapsed since last report = 0[s]
[2026-04-21 23:56:48,800] Elapsed iters 925000 inps 7425 outs 550
[2026-04-21 23:56:48,800] Elapsed since last report = 0[s]
[2026-04-21 23:56:48,800] Elapsed iters 926000 inps 7425 outs 550
[2026-04-21 23:56:48,800] Elapsed since last report = 0[s]
[2026-04-21 23:56:48,800] Elapsed iters 927000 inps 7425 outs 560
[2026-04-21 23:56:48,800] Elapsed since last report = 0[s]
[2026-04-21 23:56:48,800] Elapsed iters 928000 inps 7425 outs 560
[2026-04-21 23:56:48,800] Elapsed since last report = 0[s]
[2026-04-21 23:56:48,800] Elapsed iters 929000 inps 7425 outs 560
[2026-04-21 23:56:48,800] Elapsed since last report = 0[s]
[2026-04-21 23:56:48,800] Elapsed iters 930000 inps 7425 outs 560
[2026-04-21 23:56:48,800] Elapsed since last report = 0[s]
[2026-04-21 23:56:48,800] Elapsed iters 931000 inps 7425 outs 560
[2026-04-21 23:56:48,800] Elapsed since last report = 0[s]
[2026-04-21 23:56:48,800] Elapsed iters 932000 inps 7425 outs 560
[2026-04-21 23:56:48,800] Elapsed since last report = 0[s]
[2026-04-21 23:56:48,800] Elapsed iters 933000 inps 7425 outs 560
[2026-04-21 23:56:48,800] Elapsed since last report = 0[s]
[2026-04-21 23:56:48,800] Elapsed iters 934000 inps 7425 outs 560
[2026-04-21 23:56:48,800] Elapsed since last report = 0[s]
[2026-04-21 23:56:48,800] Elapsed iters 935000 inps 7553 outs 560
[2026-04-21 23:56:48,800] Elapsed since last report = 0[s]
[2026-04-21 23:56:48,800] Elapsed iters 936000 inps 7553 outs 560
[2026-04-21 23:56:48,800] Elapsed since last report = 0[s]
[2026-04-21 23:56:48,800] Elapsed iters 937000 inps 7553 outs 560
[2026-04-21 23:56:48,800] Elapsed since last report = 0[s]
[2026-04-21 23:56:48,800] Elapsed iters 938000 inps 7553 outs 560
[2026-04-21 23:56:48,800] Elapsed since last report = 0[s]
[2026-04-21 23:56:48,800] Elapsed iters 939000 inps 7553 outs 560
[2026-04-21 23:56:48,800] Elapsed since last report = 0[s]
[2026-04-21 23:56:48,800] Elapsed iters 940000 inps 7553 outs 560
[2026-04-21 23:56:48,800] Elapsed since last report = 0[s]
[2026-04-21 23:56:48,800] Elapsed iters 941000 inps 7553 outs 560
[2026-04-21 23:56:48,800] Elapsed since last report = 0[s]
[2026-04-21 23:56:48,800] Elapsed iters 942000 inps 7553 outs 560
[2026-04-21 23:56:48,800] Elapsed since last report = 0[s]
[2026-04-21 23:56:48,800] Elapsed iters 943000 inps 7553 outs 568
[2026-04-21 23:56:48,800] Elapsed since last report = 0[s]
[2026-04-21 23:56:48,800] Elapsed iters 944000 inps 7553 outs 570
[2026-04-21 23:56:48,800] Elapsed since last report = 0[s]
[2026-04-21 23:56:48,800] Elapsed iters 945000 inps 7553 outs 570
[2026-04-21 23:56:48,800] Elapsed since last report = 0[s]
[2026-04-21 23:56:48,800] Elapsed iters 946000 inps 7553 outs 570
[2026-04-21 23:56:48,800] Elapsed since last report = 0[s]
[2026-04-21 23:56:48,800] Elapsed iters 947000 inps 7553 outs 570
[2026-04-21 23:56:48,800] Elapsed since last report = 0[s]
[2026-04-21 23:56:48,800] Elapsed iters 948000 inps 7553 outs 570
[2026-04-21 23:56:48,800] Elapsed since last report = 0[s]
[2026-04-21 23:56:48,800] Elapsed iters 949000 inps 7553 outs 570
[2026-04-21 23:56:48,800] Elapsed since last report = 0[s]
[2026-04-21 23:56:48,800] Elapsed iters 950000 inps 7553 outs 570
[2026-04-21 23:56:48,800] Elapsed since last report = 0[s]
[2026-04-21 23:56:48,800] Elapsed iters 951000 inps 7681 outs 570
[2026-04-21 23:56:48,800] Elapsed since last report = 0[s]
[2026-04-21 23:56:48,800] Elapsed iters 952000 inps 7681 outs 570
[2026-04-21 23:56:48,800] Elapsed since last report = 0[s]
[2026-04-21 23:56:48,800] Elapsed iters 953000 inps 7681 outs 570
[2026-04-21 23:56:48,800] Elapsed since last report = 0[s]
[2026-04-21 23:56:48,801] Elapsed iters 954000 inps 7681 outs 570
[2026-04-21 23:56:48,801] Elapsed since last report = 0[s]
[2026-04-21 23:56:48,801] Elapsed iters 955000 inps 7681 outs 570
[2026-04-21 23:56:48,801] Elapsed since last report = 0[s]
[2026-04-21 23:56:48,801] Elapsed iters 956000 inps 7681 outs 570
[2026-04-21 23:56:48,801] Elapsed since last report = 0[s]
[2026-04-21 23:56:48,801] Elapsed iters 957000 inps 7681 outs 570
[2026-04-21 23:56:48,801] Elapsed since last report = 0[s]
[2026-04-21 23:56:48,801] Elapsed iters 958000 inps 7681 outs 570
[2026-04-21 23:56:48,801] Elapsed since last report = 0[s]
[2026-04-21 23:56:48,801] Elapsed iters 959000 inps 7681 outs 572
[2026-04-21 23:56:48,801] Elapsed since last report = 0[s]
[2026-04-21 23:56:48,801] Elapsed iters 960000 inps 7681 outs 580
[2026-04-21 23:56:48,801] Elapsed since last report = 0[s]
[2026-04-21 23:56:48,801] Elapsed iters 961000 inps 7681 outs 580
[2026-04-21 23:56:48,801] Elapsed since last report = 0[s]
[2026-04-21 23:56:48,801] Elapsed iters 962000 inps 7681 outs 580
[2026-04-21 23:56:48,801] Elapsed since last report = 0[s]
[2026-04-21 23:56:48,801] Elapsed iters 963000 inps 7681 outs 580
[2026-04-21 23:56:48,801] Elapsed since last report = 0[s]
[2026-04-21 23:56:48,801] Elapsed iters 964000 inps 7681 outs 580
[2026-04-21 23:56:48,801] Elapsed since last report = 0[s]
[2026-04-21 23:56:48,801] Elapsed iters 965000 inps 7681 outs 580
[2026-04-21 23:56:48,801] Elapsed since last report = 0[s]
[2026-04-21 23:56:48,801] Elapsed iters 966000 inps 7681 outs 580
[2026-04-21 23:56:48,801] Elapsed since last report = 0[s]
[2026-04-21 23:56:48,801] Elapsed iters 967000 inps 7681 outs 580
[2026-04-21 23:56:48,801] Elapsed since last report = 0[s]
[2026-04-21 23:56:48,801] Elapsed iters 968000 inps 7809 outs 580
[2026-04-21 23:56:48,801] Elapsed since last report = 0[s]
[2026-04-21 23:56:48,801] Elapsed iters 969000 inps 7809 outs 580
[2026-04-21 23:56:48,801] Elapsed since last report = 0[s]
[2026-04-21 23:56:48,801] Elapsed iters 970000 inps 7809 outs 580
[2026-04-21 23:56:48,801] Elapsed since last report = 0[s]
[2026-04-21 23:56:48,801] Elapsed iters 971000 inps 7809 outs 580
[2026-04-21 23:56:48,801] Elapsed since last report = 0[s]
[2026-04-21 23:56:48,801] Elapsed iters 972000 inps 7809 outs 580
[2026-04-21 23:56:48,801] Elapsed since last report = 0[s]
[2026-04-21 23:56:48,801] Elapsed iters 973000 inps 7809 outs 580
[2026-04-21 23:56:48,801] Elapsed since last report = 0[s]
[2026-04-21 23:56:48,801] Elapsed iters 974000 inps 7809 outs 580
[2026-04-21 23:56:48,801] Elapsed since last report = 0[s]
[2026-04-21 23:56:48,801] Elapsed iters 975000 inps 7809 outs 580
[2026-04-21 23:56:48,801] Elapsed since last report = 0[s]
[2026-04-21 23:56:48,801] Elapsed iters 976000 inps 7809 outs 590
[2026-04-21 23:56:48,801] Elapsed since last report = 0[s]
[2026-04-21 23:56:48,801] Elapsed iters 977000 inps 7809 outs 590
[2026-04-21 23:56:48,801] Elapsed since last report = 0[s]
[2026-04-21 23:56:48,801] Elapsed iters 978000 inps 7809 outs 590
[2026-04-21 23:56:48,801] Elapsed since last report = 0[s]
[2026-04-21 23:56:48,801] Elapsed iters 979000 inps 7809 outs 590
[2026-04-21 23:56:48,801] Elapsed since last report = 0[s]
[2026-04-21 23:56:48,801] Elapsed iters 980000 inps 7809 outs 590
[2026-04-21 23:56:48,801] Elapsed since last report = 0[s]
[2026-04-21 23:56:48,801] Elapsed iters 981000 inps 7809 outs 590
[2026-04-21 23:56:48,801] Elapsed since last report = 0[s]
[2026-04-21 23:56:48,801] Elapsed iters 982000 inps 7809 outs 590
[2026-04-21 23:56:48,801] Elapsed since last report = 0[s]
[2026-04-21 23:56:48,801] Elapsed iters 983000 inps 7809 outs 590
[2026-04-21 23:56:48,801] Elapsed since last report = 0[s]
[2026-04-21 23:56:48,801] Elapsed iters 984000 inps 7937 outs 590
[2026-04-21 23:56:48,801] Elapsed since last report = 0[s]
[2026-04-21 23:56:48,801] Elapsed iters 985000 inps 7937 outs 590
[2026-04-21 23:56:48,801] Elapsed since last report = 0[s]
[2026-04-21 23:56:48,801] Elapsed iters 986000 inps 7937 outs 590
[2026-04-21 23:56:48,801] Elapsed since last report = 0[s]
[2026-04-21 23:56:48,801] Elapsed iters 987000 inps 7937 outs 590
[2026-04-21 23:56:48,801] Elapsed since last report = 0[s]
[2026-04-21 23:56:48,801] Elapsed iters 988000 inps 7937 outs 590
[2026-04-21 23:56:48,801] Elapsed since last report = 0[s]
[2026-04-21 23:56:48,801] Elapsed iters 989000 inps 7937 outs 590
[2026-04-21 23:56:48,801] Elapsed since last report = 0[s]
[2026-04-21 23:56:48,801] Elapsed iters 990000 inps 7937 outs 590
[2026-04-21 23:56:48,801] Elapsed since last report = 0[s]
[2026-04-21 23:56:48,801] Elapsed iters 991000 inps 7937 outs 590
[2026-04-21 23:56:48,801] Elapsed since last report = 0[s]
[2026-04-21 23:56:48,801] Elapsed iters 992000 inps 7937 outs 595
[2026-04-21 23:56:48,801] Elapsed since last report = 0[s]
[2026-04-21 23:56:48,801] Elapsed iters 993000 inps 7937 outs 600
[2026-04-21 23:56:48,801] Elapsed since last report = 0[s]
[2026-04-21 23:56:48,801] Elapsed iters 994000 inps 7937 outs 600
[2026-04-21 23:56:48,801] Elapsed since last report = 0[s]
[2026-04-21 23:56:48,801] Elapsed iters 995000 inps 7937 outs 600
[2026-04-21 23:56:48,801] Elapsed since last report = 0[s]
[2026-04-21 23:56:48,801] Elapsed iters 996000 inps 7937 outs 600
[2026-04-21 23:56:48,801] Elapsed since last report = 0[s]
[2026-04-21 23:56:48,801] Elapsed iters 997000 inps 7937 outs 600
[2026-04-21 23:56:48,801] Elapsed since last report = 0[s]
[2026-04-21 23:56:48,801] Elapsed iters 998000 inps 7937 outs 600
[2026-04-21 23:56:48,801] Elapsed since last report = 0[s]
[2026-04-21 23:56:48,801] Elapsed iters 999000 inps 7937 outs 600
[2026-04-21 23:56:48,801] Elapsed since last report = 0[s]
[2026-04-21 23:56:48,801] Elapsed iters 1000000 inps 7937 outs 600
[2026-04-21 23:56:48,801] Elapsed since last report = 0[s]
[2026-04-21 23:56:48,801] Elapsed iters 1001000 inps 8065 outs 600
[2026-04-21 23:56:48,801] Elapsed since last report = 0[s]
[2026-04-21 23:56:48,801] Elapsed iters 1002000 inps 8065 outs 600
[2026-04-21 23:56:48,801] Elapsed since last report = 0[s]
[2026-04-21 23:56:48,801] Elapsed iters 1003000 inps 8065 outs 600
[2026-04-21 23:56:48,801] Elapsed since last report = 0[s]
[2026-04-21 23:56:48,801] Elapsed iters 1004000 inps 8065 outs 600
[2026-04-21 23:56:48,801] Elapsed since last report = 0[s]
[2026-04-21 23:56:48,801] Elapsed iters 1005000 inps 8065 outs 600
[2026-04-21 23:56:48,801] Elapsed since last report = 0[s]
[2026-04-21 23:56:48,801] Elapsed iters 1006000 inps 8065 outs 600
[2026-04-21 23:56:48,801] Elapsed since last report = 0[s]
[2026-04-21 23:56:48,801] Elapsed iters 1007000 inps 8065 outs 600
[2026-04-21 23:56:48,801] Elapsed since last report = 0[s]
[2026-04-21 23:56:48,801] Elapsed iters 1008000 inps 8065 outs 600
[2026-04-21 23:56:48,801] Elapsed since last report = 0[s]
[2026-04-21 23:56:48,801] Elapsed iters 1009000 inps 8065 outs 610
[2026-04-21 23:56:48,801] Elapsed since last report = 0[s]
[2026-04-21 23:56:48,801] Elapsed iters 1010000 inps 8065 outs 610
[2026-04-21 23:56:48,801] Elapsed since last report = 0[s]
[2026-04-21 23:56:48,801] Elapsed iters 1011000 inps 8065 outs 610
[2026-04-21 23:56:48,801] Elapsed since last report = 0[s]
[2026-04-21 23:56:48,801] Elapsed iters 1012000 inps 8065 outs 610
[2026-04-21 23:56:48,801] Elapsed since last report = 0[s]
[2026-04-21 23:56:48,801] Elapsed iters 1013000 inps 8065 outs 610
[2026-04-21 23:56:48,801] Elapsed since last report = 0[s]
[2026-04-21 23:56:48,801] Elapsed iters 1014000 inps 8065 outs 610
[2026-04-21 23:56:48,801] Elapsed since last report = 0[s]
[2026-04-21 23:56:48,801] Elapsed iters 1015000 inps 8065 outs 610
[2026-04-21 23:56:48,801] Elapsed since last report = 0[s]
[2026-04-21 23:56:48,801] Elapsed iters 1016000 inps 8065 outs 610
[2026-04-21 23:56:48,801] Elapsed since last report = 0[s]
[2026-04-21 23:56:48,801] Elapsed iters 1017000 inps 8193 outs 610
[2026-04-21 23:56:48,802] Elapsed since last report = 0[s]
[2026-04-21 23:56:48,802] Elapsed iters 1018000 inps 8193 outs 610
[2026-04-21 23:56:48,802] Elapsed since last report = 0[s]
[2026-04-21 23:56:48,802] Elapsed iters 1019000 inps 8193 outs 610
[2026-04-21 23:56:48,802] Elapsed since last report = 0[s]
[2026-04-21 23:56:48,802] Elapsed iters 1020000 inps 8193 outs 610
[2026-04-21 23:56:48,802] Elapsed since last report = 0[s]
[2026-04-21 23:56:48,802] Elapsed iters 1021000 inps 8193 outs 610
[2026-04-21 23:56:48,802] Elapsed since last report = 0[s]
[2026-04-21 23:56:48,802] Elapsed iters 1022000 inps 8193 outs 610
[2026-04-21 23:56:48,802] Elapsed since last report = 0[s]
[2026-04-21 23:56:48,802] Elapsed iters 1023000 inps 8193 outs 610
[2026-04-21 23:56:48,802] Elapsed since last report = 0[s]
[2026-04-21 23:56:48,802] Elapsed iters 1024000 inps 8193 outs 610
[2026-04-21 23:56:48,802] Elapsed since last report = 0[s]
[2026-04-21 23:56:48,802] Elapsed iters 1025000 inps 8193 outs 618
[2026-04-21 23:56:48,802] Elapsed since last report = 0[s]
[2026-04-21 23:56:48,802] Elapsed iters 1026000 inps 8193 outs 620
[2026-04-21 23:56:48,802] Elapsed since last report = 0[s]
[2026-04-21 23:56:48,802] Elapsed iters 1027000 inps 8193 outs 620
[2026-04-21 23:56:48,802] Elapsed since last report = 0[s]
[2026-04-21 23:56:48,802] Elapsed iters 1028000 inps 8193 outs 620
[2026-04-21 23:56:48,802] Elapsed since last report = 0[s]
[2026-04-21 23:56:48,802] Elapsed iters 1029000 inps 8193 outs 620
[2026-04-21 23:56:48,802] Elapsed since last report = 0[s]
[2026-04-21 23:56:48,802] Elapsed iters 1030000 inps 8193 outs 620
[2026-04-21 23:56:48,802] Elapsed since last report = 0[s]
[2026-04-21 23:56:48,802] Elapsed iters 1031000 inps 8193 outs 620
[2026-04-21 23:56:48,802] Elapsed since last report = 0[s]
[2026-04-21 23:56:48,802] Elapsed iters 1032000 inps 8193 outs 620
[2026-04-21 23:56:48,802] Elapsed since last report = 0[s]
[2026-04-21 23:56:48,802] Elapsed iters 1033000 inps 8321 outs 620
[2026-04-21 23:56:48,802] Elapsed since last report = 0[s]
[2026-04-21 23:56:48,802] Elapsed iters 1034000 inps 8321 outs 620
[2026-04-21 23:56:48,802] Elapsed since last report = 0[s]
[2026-04-21 23:56:48,802] Elapsed iters 1035000 inps 8321 outs 620
[2026-04-21 23:56:48,802] Elapsed since last report = 0[s]
[2026-04-21 23:56:48,802] Elapsed iters 1036000 inps 8321 outs 620
[2026-04-21 23:56:48,802] Elapsed since last report = 0[s]
[2026-04-21 23:56:48,802] Elapsed iters 1037000 inps 8321 outs 620
[2026-04-21 23:56:48,802] Elapsed since last report = 0[s]
[2026-04-21 23:56:48,802] Elapsed iters 1038000 inps 8321 outs 620
[2026-04-21 23:56:48,802] Elapsed since last report = 0[s]
[2026-04-21 23:56:48,802] Elapsed iters 1039000 inps 8321 outs 620
[2026-04-21 23:56:48,802] Elapsed since last report = 0[s]
[2026-04-21 23:56:48,802] Elapsed iters 1040000 inps 8321 outs 620
[2026-04-21 23:56:48,802] Elapsed since last report = 0[s]
[2026-04-21 23:56:48,802] Elapsed iters 1041000 inps 8321 outs 622
[2026-04-21 23:56:48,802] Elapsed since last report = 0[s]
[2026-04-21 23:56:48,802] Elapsed iters 1042000 inps 8321 outs 630
[2026-04-21 23:56:48,802] Elapsed since last report = 0[s]
[2026-04-21 23:56:48,802] Elapsed iters 1043000 inps 8321 outs 630
[2026-04-21 23:56:48,802] Elapsed since last report = 0[s]
[2026-04-21 23:56:48,802] Elapsed iters 1044000 inps 8321 outs 630
[2026-04-21 23:56:48,802] Elapsed since last report = 0[s]
[2026-04-21 23:56:48,802] Elapsed iters 1045000 inps 8321 outs 630
[2026-04-21 23:56:48,802] Elapsed since last report = 0[s]
[2026-04-21 23:56:48,802] Elapsed iters 1046000 inps 8321 outs 630
[2026-04-21 23:56:48,802] Elapsed since last report = 0[s]
[2026-04-21 23:56:48,802] Elapsed iters 1047000 inps 8321 outs 630
[2026-04-21 23:56:48,802] Elapsed since last report = 0[s]
[2026-04-21 23:56:48,802] Elapsed iters 1048000 inps 8321 outs 630
[2026-04-21 23:56:48,802] Elapsed since last report = 0[s]
[2026-04-21 23:56:48,802] Elapsed iters 1049000 inps 8321 outs 630
[2026-04-21 23:56:48,802] Elapsed since last report = 0[s]
[2026-04-21 23:56:48,802] Elapsed iters 1050000 inps 8449 outs 630
[2026-04-21 23:56:48,802] Elapsed since last report = 0[s]
[2026-04-21 23:56:48,802] Elapsed iters 1051000 inps 8449 outs 630
[2026-04-21 23:56:48,802] Elapsed since last report = 0[s]
[2026-04-21 23:56:48,802] Elapsed iters 1052000 inps 8449 outs 630
[2026-04-21 23:56:48,802] Elapsed since last report = 0[s]
[2026-04-21 23:56:48,802] Elapsed iters 1053000 inps 8449 outs 630
[2026-04-21 23:56:48,802] Elapsed since last report = 0[s]
[2026-04-21 23:56:48,802] Elapsed iters 1054000 inps 8449 outs 630
[2026-04-21 23:56:48,802] Elapsed since last report = 0[s]
[2026-04-21 23:56:48,802] Elapsed iters 1055000 inps 8449 outs 630
[2026-04-21 23:56:48,802] Elapsed since last report = 0[s]
[2026-04-21 23:56:48,802] Elapsed iters 1056000 inps 8449 outs 630
[2026-04-21 23:56:48,802] Elapsed since last report = 0[s]
[2026-04-21 23:56:48,802] Elapsed iters 1057000 inps 8449 outs 630
[2026-04-21 23:56:48,802] Elapsed since last report = 0[s]
[2026-04-21 23:56:48,802] Elapsed iters 1058000 inps 8449 outs 640
[2026-04-21 23:56:48,802] Elapsed since last report = 0[s]
[2026-04-21 23:56:48,802] Elapsed iters 1059000 inps 8449 outs 640
[2026-04-21 23:56:48,802] Elapsed since last report = 0[s]
[2026-04-21 23:56:48,802] Elapsed iters 1060000 inps 8449 outs 640
[2026-04-21 23:56:48,802] Elapsed since last report = 0[s]
[2026-04-21 23:56:48,802] Elapsed iters 1061000 inps 8449 outs 640
[2026-04-21 23:56:48,802] Elapsed since last report = 0[s]
[2026-04-21 23:56:48,802] Elapsed iters 1062000 inps 8449 outs 640
[2026-04-21 23:56:48,802] Elapsed since last report = 0[s]
[2026-04-21 23:56:48,802] Elapsed iters 1063000 inps 8449 outs 640
[2026-04-21 23:56:48,802] Elapsed since last report = 0[s]
[2026-04-21 23:56:48,802] Elapsed iters 1064000 inps 8449 outs 640
[2026-04-21 23:56:48,802] Elapsed since last report = 0[s]
[2026-04-21 23:56:48,802] Elapsed iters 1065000 inps 8449 outs 640
[2026-04-21 23:56:48,802] Elapsed since last report = 0[s]
[2026-04-21 23:56:48,802] Elapsed iters 1066000 inps 8577 outs 640
[2026-04-21 23:56:48,802] Elapsed since last report = 0[s]
[2026-04-21 23:56:48,802] Elapsed iters 1067000 inps 8577 outs 640
[2026-04-21 23:56:48,802] Elapsed since last report = 0[s]
[2026-04-21 23:56:48,802] Elapsed iters 1068000 inps 8577 outs 640
[2026-04-21 23:56:48,802] Elapsed since last report = 0[s]
[2026-04-21 23:56:48,802] Elapsed iters 1069000 inps 8577 outs 640
[2026-04-21 23:56:48,802] Elapsed since last report = 0[s]
[2026-04-21 23:56:48,802] Elapsed iters 1070000 inps 8577 outs 640
[2026-04-21 23:56:48,802] Elapsed since last report = 0[s]
[2026-04-21 23:56:48,802] Elapsed iters 1071000 inps 8577 outs 640
[2026-04-21 23:56:48,802] Elapsed since last report = 0[s]
[2026-04-21 23:56:48,802] Elapsed iters 1072000 inps 8577 outs 640
[2026-04-21 23:56:48,802] Elapsed since last report = 0[s]
[2026-04-21 23:56:48,802] Elapsed iters 1073000 inps 8577 outs 640
[2026-04-21 23:56:48,802] Elapsed since last report = 0[s]
[2026-04-21 23:56:48,802] Elapsed iters 1074000 inps 8577 outs 645
[2026-04-21 23:56:48,802] Elapsed since last report = 0[s]
[2026-04-21 23:56:48,802] Elapsed iters 1075000 inps 8577 outs 650
[2026-04-21 23:56:48,802] Elapsed since last report = 0[s]
[2026-04-21 23:56:48,802] Elapsed iters 1076000 inps 8577 outs 650
[2026-04-21 23:56:48,802] Elapsed since last report = 0[s]
[2026-04-21 23:56:48,802] Elapsed iters 1077000 inps 8577 outs 650
[2026-04-21 23:56:48,802] Elapsed since last report = 0[s]
[2026-04-21 23:56:48,802] Elapsed iters 1078000 inps 8577 outs 650
[2026-04-21 23:56:48,802] Elapsed since last report = 0[s]
[2026-04-21 23:56:48,802] Elapsed iters 1079000 inps 8577 outs 650
[2026-04-21 23:56:48,802] Elapsed since last report = 0[s]
[2026-04-21 23:56:48,802] Elapsed iters 1080000 inps 8577 outs 650
[2026-04-21 23:56:48,802] Elapsed since last report = 0[s]
[2026-04-21 23:56:48,802] Elapsed iters 1081000 inps 8577 outs 650
[2026-04-21 23:56:48,802] Elapsed since last report = 0[s]
[2026-04-21 23:56:48,802] Elapsed iters 1082000 inps 8577 outs 650
[2026-04-21 23:56:48,802] Elapsed since last report = 0[s]
[2026-04-21 23:56:48,802] Elapsed iters 1083000 inps 8705 outs 650
[2026-04-21 23:56:48,802] Elapsed since last report = 0[s]
[2026-04-21 23:56:48,802] Elapsed iters 1084000 inps 8705 outs 650
[2026-04-21 23:56:48,802] Elapsed since last report = 0[s]
[2026-04-21 23:56:48,803] Elapsed iters 1085000 inps 8705 outs 650
[2026-04-21 23:56:48,803] Elapsed since last report = 0[s]
[2026-04-21 23:56:48,803] Elapsed iters 1086000 inps 8705 outs 650
[2026-04-21 23:56:48,803] Elapsed since last report = 0[s]
[2026-04-21 23:56:48,803] Elapsed iters 1087000 inps 8705 outs 650
[2026-04-21 23:56:48,803] Elapsed since last report = 0[s]
[2026-04-21 23:56:48,803] Elapsed iters 1088000 inps 8705 outs 650
[2026-04-21 23:56:48,803] Elapsed since last report = 0[s]
[2026-04-21 23:56:48,803] Elapsed iters 1089000 inps 8705 outs 650
[2026-04-21 23:56:48,803] Elapsed since last report = 0[s]
[2026-04-21 23:56:48,803] Elapsed iters 1090000 inps 8705 outs 650
[2026-04-21 23:56:48,803] Elapsed since last report = 0[s]
[2026-04-21 23:56:48,803] Elapsed iters 1091000 inps 8705 outs 660
[2026-04-21 23:56:48,803] Elapsed since last report = 0[s]
[2026-04-21 23:56:48,803] Elapsed iters 1092000 inps 8705 outs 660
[2026-04-21 23:56:48,803] Elapsed since last report = 0[s]
[2026-04-21 23:56:48,803] Elapsed iters 1093000 inps 8705 outs 660
[2026-04-21 23:56:48,803] Elapsed since last report = 0[s]
[2026-04-21 23:56:48,803] Elapsed iters 1094000 inps 8705 outs 660
[2026-04-21 23:56:48,803] Elapsed since last report = 0[s]
[2026-04-21 23:56:48,803] Elapsed iters 1095000 inps 8705 outs 660
[2026-04-21 23:56:48,803] Elapsed since last report = 0[s]
[2026-04-21 23:56:48,803] Elapsed iters 1096000 inps 8705 outs 660
[2026-04-21 23:56:48,803] Elapsed since last report = 0[s]
[2026-04-21 23:56:48,803] Elapsed iters 1097000 inps 8705 outs 660
[2026-04-21 23:56:48,803] Elapsed since last report = 0[s]
[2026-04-21 23:56:48,803] Elapsed iters 1098000 inps 8705 outs 660
[2026-04-21 23:56:48,803] Elapsed since last report = 0[s]
[2026-04-21 23:56:48,803] Elapsed iters 1099000 inps 8833 outs 660
[2026-04-21 23:56:48,803] Elapsed since last report = 0[s]
[2026-04-21 23:56:48,803] Elapsed iters 1100000 inps 8833 outs 660
[2026-04-21 23:56:48,803] Elapsed since last report = 0[s]
[2026-04-21 23:56:48,803] Elapsed iters 1101000 inps 8833 outs 660
[2026-04-21 23:56:48,803] Elapsed since last report = 0[s]
[2026-04-21 23:56:48,803] Elapsed iters 1102000 inps 8833 outs 660
[2026-04-21 23:56:48,803] Elapsed since last report = 0[s]
[2026-04-21 23:56:48,803] Elapsed iters 1103000 inps 8833 outs 660
[2026-04-21 23:56:48,803] Elapsed since last report = 0[s]
[2026-04-21 23:56:48,803] Elapsed iters 1104000 inps 8833 outs 660
[2026-04-21 23:56:48,803] Elapsed since last report = 0[s]
[2026-04-21 23:56:48,803] Elapsed iters 1105000 inps 8833 outs 660
[2026-04-21 23:56:48,803] Elapsed since last report = 0[s]
[2026-04-21 23:56:48,803] Elapsed iters 1106000 inps 8833 outs 660
[2026-04-21 23:56:48,803] Elapsed since last report = 0[s]
[2026-04-21 23:56:48,803] Elapsed iters 1107000 inps 8833 outs 669
[2026-04-21 23:56:48,803] Elapsed since last report = 0[s]
[2026-04-21 23:56:48,803] Elapsed iters 1108000 inps 8833 outs 670
[2026-04-21 23:56:48,803] Elapsed since last report = 0[s]
[2026-04-21 23:56:48,803] Elapsed iters 1109000 inps 8833 outs 670
[2026-04-21 23:56:48,803] Elapsed since last report = 0[s]
[2026-04-21 23:56:48,803] Elapsed iters 1110000 inps 8833 outs 670
[2026-04-21 23:56:48,803] Elapsed since last report = 0[s]
[2026-04-21 23:56:48,803] Elapsed iters 1111000 inps 8833 outs 670
[2026-04-21 23:56:48,803] Elapsed since last report = 0[s]
[2026-04-21 23:56:48,803] Elapsed iters 1112000 inps 8833 outs 670
[2026-04-21 23:56:48,803] Elapsed since last report = 0[s]
[2026-04-21 23:56:48,803] Elapsed iters 1113000 inps 8833 outs 670
[2026-04-21 23:56:48,803] Elapsed since last report = 0[s]
[2026-04-21 23:56:48,803] Elapsed iters 1114000 inps 8833 outs 670
[2026-04-21 23:56:48,803] Elapsed since last report = 0[s]
[2026-04-21 23:56:48,803] Elapsed iters 1115000 inps 8961 outs 670
[2026-04-21 23:56:48,803] Elapsed since last report = 0[s]
[2026-04-21 23:56:48,803] Elapsed iters 1116000 inps 8961 outs 670
[2026-04-21 23:56:48,803] Elapsed since last report = 0[s]
[2026-04-21 23:56:48,803] Elapsed iters 1117000 inps 8961 outs 670
[2026-04-21 23:56:48,803] Elapsed since last report = 0[s]
[2026-04-21 23:56:48,803] Elapsed iters 1118000 inps 8961 outs 670
[2026-04-21 23:56:48,803] Elapsed since last report = 0[s]
[2026-04-21 23:56:48,803] Elapsed iters 1119000 inps 8961 outs 670
[2026-04-21 23:56:48,803] Elapsed since last report = 0[s]
[2026-04-21 23:56:48,803] Elapsed iters 1120000 inps 8961 outs 670
[2026-04-21 23:56:48,803] Elapsed since last report = 0[s]
[2026-04-21 23:56:48,803] Elapsed iters 1121000 inps 8961 outs 670
[2026-04-21 23:56:48,803] Elapsed since last report = 0[s]
[2026-04-21 23:56:48,803] Elapsed iters 1122000 inps 8961 outs 670
[2026-04-21 23:56:48,803] Elapsed since last report = 0[s]
[2026-04-21 23:56:48,803] Elapsed iters 1123000 inps 8961 outs 672
[2026-04-21 23:56:48,803] Elapsed since last report = 0[s]
[2026-04-21 23:56:48,803] Elapsed iters 1124000 inps 8961 outs 680
[2026-04-21 23:56:48,803] Elapsed since last report = 0[s]
[2026-04-21 23:56:48,803] Elapsed iters 1125000 inps 8961 outs 680
[2026-04-21 23:56:48,803] Elapsed since last report = 0[s]
[2026-04-21 23:56:48,803] Elapsed iters 1126000 inps 8961 outs 680
[2026-04-21 23:56:48,803] Elapsed since last report = 0[s]
[2026-04-21 23:56:48,803] Elapsed iters 1127000 inps 8961 outs 680
[2026-04-21 23:56:48,803] Elapsed since last report = 0[s]
[2026-04-21 23:56:48,803] Elapsed iters 1128000 inps 8961 outs 680
[2026-04-21 23:56:48,803] Elapsed since last report = 0[s]
[2026-04-21 23:56:48,803] Elapsed iters 1129000 inps 8961 outs 680
[2026-04-21 23:56:48,803] Elapsed since last report = 0[s]
[2026-04-21 23:56:48,803] Elapsed iters 1130000 inps 8961 outs 680
[2026-04-21 23:56:48,803] Elapsed since last report = 0[s]
[2026-04-21 23:56:48,803] Elapsed iters 1131000 inps 8961 outs 680
[2026-04-21 23:56:48,803] Elapsed since last report = 0[s]
[2026-04-21 23:56:48,803] Elapsed iters 1132000 inps 9089 outs 680
[2026-04-21 23:56:48,803] Elapsed since last report = 0[s]
[2026-04-21 23:56:48,803] Elapsed iters 1133000 inps 9089 outs 680
[2026-04-21 23:56:48,803] Elapsed since last report = 0[s]
[2026-04-21 23:56:48,803] Elapsed iters 1134000 inps 9089 outs 680
[2026-04-21 23:56:48,803] Elapsed since last report = 0[s]
[2026-04-21 23:56:48,803] Elapsed iters 1135000 inps 9089 outs 680
[2026-04-21 23:56:48,803] Elapsed since last report = 0[s]
[2026-04-21 23:56:48,803] Elapsed iters 1136000 inps 9089 outs 680
[2026-04-21 23:56:48,803] Elapsed since last report = 0[s]
[2026-04-21 23:56:48,803] Elapsed iters 1137000 inps 9089 outs 680
[2026-04-21 23:56:48,803] Elapsed since last report = 0[s]
[2026-04-21 23:56:48,803] Elapsed iters 1138000 inps 9089 outs 680
[2026-04-21 23:56:48,803] Elapsed since last report = 0[s]
[2026-04-21 23:56:48,803] Elapsed iters 1139000 inps 9089 outs 680
[2026-04-21 23:56:48,803] Elapsed since last report = 0[s]
[2026-04-21 23:56:48,803] Elapsed iters 1140000 inps 9089 outs 690
[2026-04-21 23:56:48,803] Elapsed since last report = 0[s]
[2026-04-21 23:56:48,803] Elapsed iters 1141000 inps 9089 outs 690
[2026-04-21 23:56:48,803] Elapsed since last report = 0[s]
[2026-04-21 23:56:48,803] Elapsed iters 1142000 inps 9089 outs 690
[2026-04-21 23:56:48,803] Elapsed since last report = 0[s]
[2026-04-21 23:56:48,803] Elapsed iters 1143000 inps 9089 outs 690
[2026-04-21 23:56:48,803] Elapsed since last report = 0[s]
[2026-04-21 23:56:48,803] Elapsed iters 1144000 inps 9089 outs 690
[2026-04-21 23:56:48,803] Elapsed since last report = 0[s]
[2026-04-21 23:56:48,803] Elapsed iters 1145000 inps 9089 outs 690
[2026-04-21 23:56:48,803] Elapsed since last report = 0[s]
[2026-04-21 23:56:48,803] Elapsed iters 1146000 inps 9089 outs 690
[2026-04-21 23:56:48,803] Elapsed since last report = 0[s]
[2026-04-21 23:56:48,803] Elapsed iters 1147000 inps 9089 outs 690
[2026-04-21 23:56:48,803] Elapsed since last report = 0[s]
[2026-04-21 23:56:48,803] Elapsed iters 1148000 inps 9217 outs 690
[2026-04-21 23:56:48,803] Elapsed since last report = 0[s]
[2026-04-21 23:56:48,803] Elapsed iters 1149000 inps 9217 outs 690
[2026-04-21 23:56:48,803] Elapsed since last report = 0[s]
[2026-04-21 23:56:48,803] Elapsed iters 1150000 inps 9217 outs 690
[2026-04-21 23:56:48,803] Elapsed since last report = 0[s]
[2026-04-21 23:56:48,803] Elapsed iters 1151000 inps 9217 outs 690
[2026-04-21 23:56:48,803] Elapsed since last report = 0[s]
[2026-04-21 23:56:48,803] Elapsed iters 1152000 inps 9217 outs 690
[2026-04-21 23:56:48,803] Elapsed since last report = 0[s]
[2026-04-21 23:56:48,803] Elapsed iters 1153000 inps 9217 outs 690
[2026-04-21 23:56:48,804] Elapsed since last report = 0[s]
[2026-04-21 23:56:48,804] Elapsed iters 1154000 inps 9217 outs 690
[2026-04-21 23:56:48,804] Elapsed since last report = 0[s]
[2026-04-21 23:56:48,804] Elapsed iters 1155000 inps 9217 outs 690
[2026-04-21 23:56:48,804] Elapsed since last report = 0[s]
[2026-04-21 23:56:48,804] Elapsed iters 1156000 inps 9217 outs 696
[2026-04-21 23:56:48,804] Elapsed since last report = 0[s]
[2026-04-21 23:56:48,804] Elapsed iters 1157000 inps 9217 outs 700
[2026-04-21 23:56:48,804] Elapsed since last report = 0[s]
[2026-04-21 23:56:48,804] Elapsed iters 1158000 inps 9217 outs 700
[2026-04-21 23:56:48,804] Elapsed since last report = 0[s]
[2026-04-21 23:56:48,804] Elapsed iters 1159000 inps 9217 outs 700
[2026-04-21 23:56:48,804] Elapsed since last report = 0[s]
[2026-04-21 23:56:48,804] Elapsed iters 1160000 inps 9217 outs 700
[2026-04-21 23:56:48,804] Elapsed since last report = 0[s]
[2026-04-21 23:56:48,804] Elapsed iters 1161000 inps 9217 outs 700
[2026-04-21 23:56:48,804] Elapsed since last report = 0[s]
[2026-04-21 23:56:48,804] Elapsed iters 1162000 inps 9217 outs 700
[2026-04-21 23:56:48,804] Elapsed since last report = 0[s]
[2026-04-21 23:56:48,804] Elapsed iters 1163000 inps 9217 outs 700
[2026-04-21 23:56:48,804] Elapsed since last report = 0[s]
[2026-04-21 23:56:48,804] Elapsed iters 1164000 inps 9238 outs 700
[2026-04-21 23:56:48,804] Elapsed since last report = 0[s]
[2026-04-21 23:56:48,804] Elapsed iters 1165000 inps 9345 outs 700
[2026-04-21 23:56:48,804] Elapsed since last report = 0[s]
[2026-04-21 23:56:48,804] Elapsed iters 1166000 inps 9345 outs 700
[2026-04-21 23:56:48,804] Elapsed since last report = 0[s]
[2026-04-21 23:56:48,804] Elapsed iters 1167000 inps 9345 outs 700
[2026-04-21 23:56:48,804] Elapsed since last report = 0[s]
[2026-04-21 23:56:48,804] Elapsed iters 1168000 inps 9345 outs 700
[2026-04-21 23:56:48,804] Elapsed since last report = 0[s]
[2026-04-21 23:56:48,804] Elapsed iters 1169000 inps 9345 outs 700
[2026-04-21 23:56:48,804] Elapsed since last report = 0[s]
[2026-04-21 23:56:48,804] Elapsed iters 1170000 inps 9345 outs 700
[2026-04-21 23:56:48,804] Elapsed since last report = 0[s]
[2026-04-21 23:56:48,804] Elapsed iters 1171000 inps 9345 outs 700
[2026-04-21 23:56:48,804] Elapsed since last report = 0[s]
[2026-04-21 23:56:48,804] Elapsed iters 1172000 inps 9345 outs 700
[2026-04-21 23:56:48,804] Elapsed since last report = 0[s]
[2026-04-21 23:56:48,804] Elapsed iters 1173000 inps 9345 outs 710
[2026-04-21 23:56:48,804] Elapsed since last report = 0[s]
[2026-04-21 23:56:48,804] Elapsed iters 1174000 inps 9345 outs 710
[2026-04-21 23:56:48,804] Elapsed since last report = 0[s]
[2026-04-21 23:56:48,804] Elapsed iters 1175000 inps 9345 outs 710
[2026-04-21 23:56:48,804] Elapsed since last report = 0[s]
[2026-04-21 23:56:48,804] Elapsed iters 1176000 inps 9345 outs 710
[2026-04-21 23:56:48,804] Elapsed since last report = 0[s]
[2026-04-21 23:56:48,804] Elapsed iters 1177000 inps 9345 outs 710
[2026-04-21 23:56:48,804] Elapsed since last report = 0[s]
[2026-04-21 23:56:48,804] Elapsed iters 1178000 inps 9345 outs 710
[2026-04-21 23:56:48,804] Elapsed since last report = 0[s]
[2026-04-21 23:56:48,804] Elapsed iters 1179000 inps 9345 outs 710
[2026-04-21 23:56:48,804] Elapsed since last report = 0[s]
[2026-04-21 23:56:48,804] Elapsed iters 1180000 inps 9345 outs 710
[2026-04-21 23:56:48,804] Elapsed since last report = 0[s]
[2026-04-21 23:56:48,804] Elapsed iters 1181000 inps 9473 outs 710
[2026-04-21 23:56:48,804] Elapsed since last report = 0[s]
[2026-04-21 23:56:48,804] Elapsed iters 1182000 inps 9473 outs 710
[2026-04-21 23:56:48,804] Elapsed since last report = 0[s]
[2026-04-21 23:56:48,804] Elapsed iters 1183000 inps 9473 outs 710
[2026-04-21 23:56:48,804] Elapsed since last report = 0[s]
[2026-04-21 23:56:48,804] Elapsed iters 1184000 inps 9473 outs 710
[2026-04-21 23:56:48,804] Elapsed since last report = 0[s]
[2026-04-21 23:56:48,804] Elapsed iters 1185000 inps 9473 outs 710
[2026-04-21 23:56:48,804] Elapsed since last report = 0[s]
[2026-04-21 23:56:48,804] Elapsed iters 1186000 inps 9473 outs 710
[2026-04-21 23:56:48,804] Elapsed since last report = 0[s]
[2026-04-21 23:56:48,804] Elapsed iters 1187000 inps 9473 outs 710
[2026-04-21 23:56:48,804] Elapsed since last report = 0[s]
[2026-04-21 23:56:48,804] Elapsed iters 1188000 inps 9473 outs 710
[2026-04-21 23:56:48,804] Elapsed since last report = 0[s]
[2026-04-21 23:56:48,804] Elapsed iters 1189000 inps 9473 outs 719
[2026-04-21 23:56:48,804] Elapsed since last report = 0[s]
[2026-04-21 23:56:48,804] Elapsed iters 1190000 inps 9473 outs 720
[2026-04-21 23:56:48,804] Elapsed since last report = 0[s]
[2026-04-21 23:56:48,804] Elapsed iters 1191000 inps 9473 outs 720
[2026-04-21 23:56:48,804] Elapsed since last report = 0[s]
[2026-04-21 23:56:48,804] Elapsed iters 1192000 inps 9473 outs 720
[2026-04-21 23:56:48,804] Elapsed since last report = 0[s]
[2026-04-21 23:56:48,804] Elapsed iters 1193000 inps 9473 outs 720
[2026-04-21 23:56:48,804] Elapsed since last report = 0[s]
[2026-04-21 23:56:48,804] Elapsed iters 1194000 inps 9473 outs 720
[2026-04-21 23:56:48,804] Elapsed since last report = 0[s]
[2026-04-21 23:56:48,804] Elapsed iters 1195000 inps 9473 outs 720
[2026-04-21 23:56:48,804] Elapsed since last report = 0[s]
[2026-04-21 23:56:48,804] Elapsed iters 1196000 inps 9473 outs 720
[2026-04-21 23:56:48,804] Elapsed since last report = 0[s]
[2026-04-21 23:56:48,804] Elapsed iters 1197000 inps 9601 outs 720
[2026-04-21 23:56:48,804] Elapsed since last report = 0[s]
[2026-04-21 23:56:48,804] Elapsed iters 1198000 inps 9601 outs 720
[2026-04-21 23:56:48,804] Elapsed since last report = 0[s]
[2026-04-21 23:56:48,804] Elapsed iters 1199000 inps 9601 outs 720
[2026-04-21 23:56:48,804] Elapsed since last report = 0[s]
[2026-04-21 23:56:48,804] Elapsed iters 1200000 inps 9601 outs 720
[2026-04-21 23:56:48,804] Elapsed since last report = 0[s]
[2026-04-21 23:56:48,804] Elapsed iters 1201000 inps 9601 outs 720
[2026-04-21 23:56:48,804] Elapsed since last report = 0[s]
[2026-04-21 23:56:48,804] Elapsed iters 1202000 inps 9601 outs 720
[2026-04-21 23:56:48,804] Elapsed since last report = 0[s]
[2026-04-21 23:56:48,804] Elapsed iters 1203000 inps 9601 outs 720
[2026-04-21 23:56:48,804] Elapsed since last report = 0[s]
[2026-04-21 23:56:48,804] Elapsed iters 1204000 inps 9601 outs 720
[2026-04-21 23:56:48,804] Elapsed since last report = 0[s]
[2026-04-21 23:56:48,804] Elapsed iters 1205000 inps 9601 outs 723
[2026-04-21 23:56:48,804] Elapsed since last report = 0[s]
[2026-04-21 23:56:48,804] Elapsed iters 1206000 inps 9601 outs 730
[2026-04-21 23:56:48,804] Elapsed since last report = 0[s]
[2026-04-21 23:56:48,804] Elapsed iters 1207000 inps 9601 outs 730
[2026-04-21 23:56:48,804] Elapsed since last report = 0[s]
[2026-04-21 23:56:48,804] Elapsed iters 1208000 inps 9601 outs 730
[2026-04-21 23:56:48,804] Elapsed since last report = 0[s]
[2026-04-21 23:56:48,804] Elapsed iters 1209000 inps 9601 outs 730
[2026-04-21 23:56:48,804] Elapsed since last report = 0[s]
[2026-04-21 23:56:48,804] Elapsed iters 1210000 inps 9601 outs 730
[2026-04-21 23:56:48,804] Elapsed since last report = 0[s]
[2026-04-21 23:56:48,804] Elapsed iters 1211000 inps 9601 outs 730
[2026-04-21 23:56:48,804] Elapsed since last report = 0[s]
[2026-04-21 23:56:48,804] Elapsed iters 1212000 inps 9601 outs 730
[2026-04-21 23:56:48,804] Elapsed since last report = 0[s]
[2026-04-21 23:56:48,804] Elapsed iters 1213000 inps 9601 outs 730
[2026-04-21 23:56:48,804] Elapsed since last report = 0[s]
[2026-04-21 23:56:48,804] Elapsed iters 1214000 inps 9729 outs 730
[2026-04-21 23:56:48,804] Elapsed since last report = 0[s]
[2026-04-21 23:56:48,804] Elapsed iters 1215000 inps 9729 outs 730
[2026-04-21 23:56:48,804] Elapsed since last report = 0[s]
[2026-04-21 23:56:48,804] Elapsed iters 1216000 inps 9729 outs 730
[2026-04-21 23:56:48,804] Elapsed since last report = 0[s]
[2026-04-21 23:56:48,804] Elapsed iters 1217000 inps 9729 outs 730
[2026-04-21 23:56:48,804] Elapsed since last report = 0[s]
[2026-04-21 23:56:48,804] Elapsed iters 1218000 inps 9729 outs 730
[2026-04-21 23:56:48,804] Elapsed since last report = 0[s]
[2026-04-21 23:56:48,804] Elapsed iters 1219000 inps 9729 outs 730
[2026-04-21 23:56:48,804] Elapsed since last report = 0[s]
[2026-04-21 23:56:48,804] Elapsed iters 1220000 inps 9729 outs 730
[2026-04-21 23:56:48,804] Elapsed since last report = 0[s]
[2026-04-21 23:56:48,804] Elapsed iters 1221000 inps 9729 outs 730
[2026-04-21 23:56:48,804] Elapsed since last report = 0[s]
[2026-04-21 23:56:48,805] Elapsed iters 1222000 inps 9729 outs 740
[2026-04-21 23:56:48,805] Elapsed since last report = 0[s]
[2026-04-21 23:56:48,805] Elapsed iters 1223000 inps 9729 outs 740
[2026-04-21 23:56:48,805] Elapsed since last report = 0[s]
[2026-04-21 23:56:48,805] Elapsed iters 1224000 inps 9729 outs 740
[2026-04-21 23:56:48,805] Elapsed since last report = 0[s]
[2026-04-21 23:56:48,805] Elapsed iters 1225000 inps 9729 outs 740
[2026-04-21 23:56:48,805] Elapsed since last report = 0[s]
[2026-04-21 23:56:48,805] Elapsed iters 1226000 inps 9729 outs 740
[2026-04-21 23:56:48,805] Elapsed since last report = 0[s]
[2026-04-21 23:56:48,805] Elapsed iters 1227000 inps 9729 outs 740
[2026-04-21 23:56:48,805] Elapsed since last report = 0[s]
[2026-04-21 23:56:48,805] Elapsed iters 1228000 inps 9729 outs 740
[2026-04-21 23:56:48,805] Elapsed since last report = 0[s]
[2026-04-21 23:56:48,805] Elapsed iters 1229000 inps 9729 outs 740
[2026-04-21 23:56:48,805] Elapsed since last report = 0[s]
[2026-04-21 23:56:48,805] Elapsed iters 1230000 inps 9857 outs 740
[2026-04-21 23:56:48,805] Elapsed since last report = 0[s]
[2026-04-21 23:56:48,805] Elapsed iters 1231000 inps 9857 outs 740
[2026-04-21 23:56:48,805] Elapsed since last report = 0[s]
[2026-04-21 23:56:48,805] Elapsed iters 1232000 inps 9857 outs 740
[2026-04-21 23:56:48,805] Elapsed since last report = 0[s]
[2026-04-21 23:56:48,805] Elapsed iters 1233000 inps 9857 outs 740
[2026-04-21 23:56:48,805] Elapsed since last report = 0[s]
[2026-04-21 23:56:48,805] Elapsed iters 1234000 inps 9857 outs 740
[2026-04-21 23:56:48,805] Elapsed since last report = 0[s]
[2026-04-21 23:56:48,805] Elapsed iters 1235000 inps 9857 outs 740
[2026-04-21 23:56:48,805] Elapsed since last report = 0[s]
[2026-04-21 23:56:48,805] Elapsed iters 1236000 inps 9857 outs 740
[2026-04-21 23:56:48,805] Elapsed since last report = 0[s]
[2026-04-21 23:56:48,805] Elapsed iters 1237000 inps 9857 outs 740
[2026-04-21 23:56:48,805] Elapsed since last report = 0[s]
[2026-04-21 23:56:48,805] Elapsed iters 1238000 inps 9857 outs 746
[2026-04-21 23:56:48,805] Elapsed since last report = 0[s]
[2026-04-21 23:56:48,805] Elapsed iters 1239000 inps 9857 outs 750
[2026-04-21 23:56:48,805] Elapsed since last report = 0[s]
[2026-04-21 23:56:48,805] Elapsed iters 1240000 inps 9857 outs 750
[2026-04-21 23:56:48,805] Elapsed since last report = 0[s]
[2026-04-21 23:56:48,805] Elapsed iters 1241000 inps 9857 outs 750
[2026-04-21 23:56:48,805] Elapsed since last report = 0[s]
[2026-04-21 23:56:48,805] Elapsed iters 1242000 inps 9857 outs 750
[2026-04-21 23:56:48,805] Elapsed since last report = 0[s]
[2026-04-21 23:56:48,805] Elapsed iters 1243000 inps 9857 outs 750
[2026-04-21 23:56:48,805] Elapsed since last report = 0[s]
[2026-04-21 23:56:48,805] Elapsed iters 1244000 inps 9857 outs 750
[2026-04-21 23:56:48,805] Elapsed since last report = 0[s]
[2026-04-21 23:56:48,805] Elapsed iters 1245000 inps 9857 outs 750
[2026-04-21 23:56:48,805] Elapsed since last report = 0[s]
[2026-04-21 23:56:48,805] Elapsed iters 1246000 inps 9908 outs 750
[2026-04-21 23:56:48,805] Elapsed since last report = 0[s]
[2026-04-21 23:56:48,805] Elapsed iters 1247000 inps 9985 outs 750
[2026-04-21 23:56:48,805] Elapsed since last report = 0[s]
[2026-04-21 23:56:48,805] Elapsed iters 1248000 inps 9985 outs 750
[2026-04-21 23:56:48,805] Elapsed since last report = 0[s]
[2026-04-21 23:56:48,805] Elapsed iters 1249000 inps 9985 outs 750
[2026-04-21 23:56:48,805] Elapsed since last report = 0[s]
[2026-04-21 23:56:48,805] Elapsed iters 1250000 inps 9985 outs 750
[2026-04-21 23:56:48,805] Elapsed since last report = 0[s]
[2026-04-21 23:56:48,805] Elapsed iters 1251000 inps 9985 outs 750
[2026-04-21 23:56:48,805] Elapsed since last report = 0[s]
[2026-04-21 23:56:48,805] Elapsed iters 1252000 inps 9985 outs 750
[2026-04-21 23:56:48,805] Elapsed since last report = 0[s]
[2026-04-21 23:56:48,805] Elapsed iters 1253000 inps 9985 outs 750
[2026-04-21 23:56:48,805] Elapsed since last report = 0[s]
[2026-04-21 23:56:48,805] Elapsed iters 1254000 inps 9985 outs 750
[2026-04-21 23:56:48,805] Elapsed since last report = 0[s]
[2026-04-21 23:56:48,805] Elapsed iters 1255000 inps 9985 outs 760
[2026-04-21 23:56:48,805] Elapsed since last report = 0[s]
[2026-04-21 23:56:48,805] Elapsed iters 1256000 inps 9985 outs 760
[2026-04-21 23:56:48,805] Elapsed since last report = 0[s]
[2026-04-21 23:56:48,805] Elapsed iters 1257000 inps 9985 outs 760
[2026-04-21 23:56:48,805] Elapsed since last report = 0[s]
[2026-04-21 23:56:48,805] Elapsed iters 1258000 inps 9985 outs 760
[2026-04-21 23:56:48,805] Elapsed since last report = 0[s]
[2026-04-21 23:56:48,805] Elapsed iters 1259000 inps 9985 outs 760
[2026-04-21 23:56:48,805] Elapsed since last report = 0[s]
[2026-04-21 23:56:48,805] Elapsed iters 1260000 inps 9985 outs 760
[2026-04-21 23:56:48,805] Elapsed since last report = 0[s]
[2026-04-21 23:56:48,805] Elapsed iters 1261000 inps 9985 outs 760
[2026-04-21 23:56:48,805] Elapsed since last report = 0[s]
[2026-04-21 23:56:48,805] Elapsed iters 1262000 inps 9985 outs 760
[2026-04-21 23:56:48,805] Elapsed since last report = 0[s]
[2026-04-21 23:56:48,805] Elapsed iters 1263000 inps 10113 outs 760
[2026-04-21 23:56:48,805] Elapsed since last report = 0[s]
[2026-04-21 23:56:48,805] Elapsed iters 1264000 inps 10113 outs 760
[2026-04-21 23:56:48,805] Elapsed since last report = 0[s]
[2026-04-21 23:56:48,805] Elapsed iters 1265000 inps 10113 outs 760
[2026-04-21 23:56:48,805] Elapsed since last report = 0[s]
[2026-04-21 23:56:48,805] Elapsed iters 1266000 inps 10113 outs 760
[2026-04-21 23:56:48,805] Elapsed since last report = 0[s]
[2026-04-21 23:56:48,805] Elapsed iters 1267000 inps 10113 outs 760
[2026-04-21 23:56:48,805] Elapsed since last report = 0[s]
[2026-04-21 23:56:48,805] Elapsed iters 1268000 inps 10113 outs 760
[2026-04-21 23:56:48,805] Elapsed since last report = 0[s]
[2026-04-21 23:56:48,805] Elapsed iters 1269000 inps 10113 outs 760
[2026-04-21 23:56:48,805] Elapsed since last report = 0[s]
[2026-04-21 23:56:48,805] Elapsed iters 1270000 inps 10113 outs 760
[2026-04-21 23:56:48,805] Elapsed since last report = 0[s]
[2026-04-21 23:56:48,805] Elapsed iters 1271000 inps 10113 outs 770
[2026-04-21 23:56:48,805] Elapsed since last report = 0[s]
[2026-04-21 23:56:48,805] Elapsed iters 1272000 inps 10113 outs 770
[2026-04-21 23:56:48,805] Elapsed since last report = 0[s]
[2026-04-21 23:56:48,805] Elapsed iters 1273000 inps 10113 outs 770
[2026-04-21 23:56:48,805] Elapsed since last report = 0[s]
[2026-04-21 23:56:48,805] Elapsed iters 1274000 inps 10113 outs 770
[2026-04-21 23:56:48,805] Elapsed since last report = 0[s]
[2026-04-21 23:56:48,805] Elapsed iters 1275000 inps 10113 outs 770
[2026-04-21 23:56:48,805] Elapsed since last report = 0[s]
[2026-04-21 23:56:48,805] Elapsed iters 1276000 inps 10113 outs 770
[2026-04-21 23:56:48,805] Elapsed since last report = 0[s]
[2026-04-21 23:56:48,805] Elapsed iters 1277000 inps 10113 outs 770
[2026-04-21 23:56:48,805] Elapsed since last report = 0[s]
[2026-04-21 23:56:48,805] Elapsed iters 1278000 inps 10113 outs 770
[2026-04-21 23:56:48,805] Elapsed since last report = 0[s]
[2026-04-21 23:56:48,805] Elapsed iters 1279000 inps 10241 outs 770
[2026-04-21 23:56:48,805] Elapsed since last report = 0[s]
[2026-04-21 23:56:48,805] Elapsed iters 1280000 inps 10241 outs 770
[2026-04-21 23:56:48,805] Elapsed since last report = 0[s]
[2026-04-21 23:56:48,805] Elapsed iters 1281000 inps 10241 outs 770
[2026-04-21 23:56:48,805] Elapsed since last report = 0[s]
[2026-04-21 23:56:48,805] Elapsed iters 1282000 inps 10241 outs 770
[2026-04-21 23:56:48,805] Elapsed since last report = 0[s]
[2026-04-21 23:56:48,805] Elapsed iters 1283000 inps 10241 outs 770
[2026-04-21 23:56:48,805] Elapsed since last report = 0[s]
[2026-04-21 23:56:48,805] Elapsed iters 1284000 inps 10241 outs 770
[2026-04-21 23:56:48,805] Elapsed since last report = 0[s]
[2026-04-21 23:56:48,805] Elapsed iters 1285000 inps 10241 outs 770
[2026-04-21 23:56:48,805] Elapsed since last report = 0[s]
[2026-04-21 23:56:48,805] Elapsed iters 1286000 inps 10241 outs 770
[2026-04-21 23:56:48,805] Elapsed since last report = 0[s]
[2026-04-21 23:56:48,805] Elapsed iters 1287000 inps 10241 outs 773
[2026-04-21 23:56:48,805] Elapsed since last report = 0[s]
[2026-04-21 23:56:48,805] Elapsed iters 1288000 inps 10241 outs 780
[2026-04-21 23:56:48,805] Elapsed since last report = 0[s]
[2026-04-21 23:56:48,805] Elapsed iters 1289000 inps 10241 outs 780
[2026-04-21 23:56:48,805] Elapsed since last report = 0[s]
[2026-04-21 23:56:48,805] Elapsed iters 1290000 inps 10241 outs 780
[2026-04-21 23:56:48,806] Elapsed since last report = 0[s]
[2026-04-21 23:56:48,806] Elapsed iters 1291000 inps 10241 outs 780
[2026-04-21 23:56:48,806] Elapsed since last report = 0[s]
[2026-04-21 23:56:48,806] Elapsed iters 1292000 inps 10241 outs 780
[2026-04-21 23:56:48,806] Elapsed since last report = 0[s]
[2026-04-21 23:56:48,806] Elapsed iters 1293000 inps 10241 outs 780
[2026-04-21 23:56:48,806] Elapsed since last report = 0[s]
[2026-04-21 23:56:48,806] Elapsed iters 1294000 inps 10241 outs 780
[2026-04-21 23:56:48,806] Elapsed since last report = 0[s]
[2026-04-21 23:56:48,806] Elapsed iters 1295000 inps 10241 outs 780
[2026-04-21 23:56:48,806] Elapsed since last report = 0[s]
[2026-04-21 23:56:48,806] Elapsed iters 1296000 inps 10369 outs 780
[2026-04-21 23:56:48,806] Elapsed since last report = 0[s]
[2026-04-21 23:56:48,806] Elapsed iters 1297000 inps 10369 outs 780
[2026-04-21 23:56:48,806] Elapsed since last report = 0[s]
[2026-04-21 23:56:48,806] Elapsed iters 1298000 inps 10369 outs 780
[2026-04-21 23:56:48,806] Elapsed since last report = 0[s]
[2026-04-21 23:56:48,806] Elapsed iters 1299000 inps 10369 outs 780
[2026-04-21 23:56:48,806] Elapsed since last report = 0[s]
[2026-04-21 23:56:48,806] Elapsed iters 1300000 inps 10369 outs 780
[2026-04-21 23:56:48,806] Elapsed since last report = 0[s]
[2026-04-21 23:56:48,806] Elapsed iters 1301000 inps 10369 outs 780
[2026-04-21 23:56:48,806] Elapsed since last report = 0[s]
[2026-04-21 23:56:48,806] Elapsed iters 1302000 inps 10369 outs 780
[2026-04-21 23:56:48,806] Elapsed since last report = 0[s]
[2026-04-21 23:56:48,806] Elapsed iters 1303000 inps 10369 outs 780
[2026-04-21 23:56:48,806] Elapsed since last report = 0[s]
[2026-04-21 23:56:48,806] Elapsed iters 1304000 inps 10369 outs 790
[2026-04-21 23:56:48,806] Elapsed since last report = 0[s]
[2026-04-21 23:56:48,806] Elapsed iters 1305000 inps 10369 outs 790
[2026-04-21 23:56:48,806] Elapsed since last report = 0[s]
[2026-04-21 23:56:48,806] Elapsed iters 1306000 inps 10369 outs 790
[2026-04-21 23:56:48,806] Elapsed since last report = 0[s]
[2026-04-21 23:56:48,806] Elapsed iters 1307000 inps 10369 outs 790
[2026-04-21 23:56:48,806] Elapsed since last report = 0[s]
[2026-04-21 23:56:48,806] Elapsed iters 1308000 inps 10369 outs 790
[2026-04-21 23:56:48,806] Elapsed since last report = 0[s]
[2026-04-21 23:56:48,806] Elapsed iters 1309000 inps 10369 outs 790
[2026-04-21 23:56:48,806] Elapsed since last report = 0[s]
[2026-04-21 23:56:48,806] Elapsed iters 1310000 inps 10369 outs 790
[2026-04-21 23:56:48,806] Elapsed since last report = 0[s]
[2026-04-21 23:56:48,806] Elapsed iters 1311000 inps 10369 outs 790
[2026-04-21 23:56:48,806] Elapsed since last report = 0[s]
[2026-04-21 23:56:48,806] Elapsed iters 1312000 inps 10497 outs 790
[2026-04-21 23:56:48,806] Elapsed since last report = 0[s]
[2026-04-21 23:56:48,806] Elapsed iters 1313000 inps 10497 outs 790
[2026-04-21 23:56:48,806] Elapsed since last report = 0[s]
[2026-04-21 23:56:48,806] Elapsed iters 1314000 inps 10497 outs 790
[2026-04-21 23:56:48,806] Elapsed since last report = 0[s]
[2026-04-21 23:56:48,806] Elapsed iters 1315000 inps 10497 outs 790
[2026-04-21 23:56:48,806] Elapsed since last report = 0[s]
[2026-04-21 23:56:48,806] Elapsed iters 1316000 inps 10497 outs 790
[2026-04-21 23:56:48,806] Elapsed since last report = 0[s]
[2026-04-21 23:56:48,806] Elapsed iters 1317000 inps 10497 outs 790
[2026-04-21 23:56:48,806] Elapsed since last report = 0[s]
[2026-04-21 23:56:48,806] Elapsed iters 1318000 inps 10497 outs 790
[2026-04-21 23:56:48,806] Elapsed since last report = 0[s]
[2026-04-21 23:56:48,806] Elapsed iters 1319000 inps 10497 outs 790
[2026-04-21 23:56:48,806] Elapsed since last report = 0[s]
[2026-04-21 23:56:48,806] Elapsed iters 1320000 inps 10497 outs 797
[2026-04-21 23:56:48,806] Elapsed since last report = 0[s]
[2026-04-21 23:56:48,806] Elapsed iters 1321000 inps 10497 outs 800
[2026-04-21 23:56:48,806] Elapsed since last report = 0[s]
[2026-04-21 23:56:48,806] Elapsed iters 1322000 inps 10497 outs 800
[2026-04-21 23:56:48,806] Elapsed since last report = 0[s]
[2026-04-21 23:56:48,806] Elapsed iters 1323000 inps 10497 outs 800
[2026-04-21 23:56:48,806] Elapsed since last report = 0[s]
[2026-04-21 23:56:48,806] Elapsed iters 1324000 inps 10497 outs 800
[2026-04-21 23:56:48,806] Elapsed since last report = 0[s]
[2026-04-21 23:56:48,806] Elapsed iters 1325000 inps 10497 outs 800
[2026-04-21 23:56:48,806] Elapsed since last report = 0[s]
[2026-04-21 23:56:48,806] Elapsed iters 1326000 inps 10497 outs 800
[2026-04-21 23:56:48,806] Elapsed since last report = 0[s]
[2026-04-21 23:56:48,806] Elapsed iters 1327000 inps 10497 outs 800
[2026-04-21 23:56:48,806] Elapsed since last report = 0[s]
[2026-04-21 23:56:48,806] Elapsed iters 1328000 inps 10578 outs 800
[2026-04-21 23:56:48,806] Elapsed since last report = 0[s]
[2026-04-21 23:56:48,806] Elapsed iters 1329000 inps 10625 outs 800
[2026-04-21 23:56:48,806] Elapsed since last report = 0[s]
[2026-04-21 23:56:48,806] Elapsed iters 1330000 inps 10625 outs 800
[2026-04-21 23:56:48,806] Elapsed since last report = 0[s]
[2026-04-21 23:56:48,806] Elapsed iters 1331000 inps 10625 outs 800
[2026-04-21 23:56:48,806] Elapsed since last report = 0[s]
[2026-04-21 23:56:48,806] Elapsed iters 1332000 inps 10625 outs 800
[2026-04-21 23:56:48,806] Elapsed since last report = 0[s]
[2026-04-21 23:56:48,806] Elapsed iters 1333000 inps 10625 outs 800
[2026-04-21 23:56:48,806] Elapsed since last report = 0[s]
[2026-04-21 23:56:48,806] Elapsed iters 1334000 inps 10625 outs 800
[2026-04-21 23:56:48,806] Elapsed since last report = 0[s]
[2026-04-21 23:56:48,806] Elapsed iters 1335000 inps 10625 outs 800
[2026-04-21 23:56:48,806] Elapsed since last report = 0[s]
[2026-04-21 23:56:48,806] Elapsed iters 1336000 inps 10625 outs 801
[2026-04-21 23:56:48,806] Elapsed since last report = 0[s]
[2026-04-21 23:56:48,806] Elapsed iters 1337000 inps 10625 outs 810
[2026-04-21 23:56:48,806] Elapsed since last report = 0[s]
[2026-04-21 23:56:48,806] Elapsed iters 1338000 inps 10625 outs 810
[2026-04-21 23:56:48,806] Elapsed since last report = 0[s]
[2026-04-21 23:56:48,806] Elapsed iters 1339000 inps 10625 outs 810
[2026-04-21 23:56:48,806] Elapsed since last report = 0[s]
[2026-04-21 23:56:48,806] Elapsed iters 1340000 inps 10625 outs 810
[2026-04-21 23:56:48,806] Elapsed since last report = 0[s]
[2026-04-21 23:56:48,806] Elapsed iters 1341000 inps 10625 outs 810
[2026-04-21 23:56:48,806] Elapsed since last report = 0[s]
[2026-04-21 23:56:48,806] Elapsed iters 1342000 inps 10625 outs 810
[2026-04-21 23:56:48,806] Elapsed since last report = 0[s]
[2026-04-21 23:56:48,806] Elapsed iters 1343000 inps 10625 outs 810
[2026-04-21 23:56:48,806] Elapsed since last report = 0[s]
[2026-04-21 23:56:48,806] Elapsed iters 1344000 inps 10625 outs 810
[2026-04-21 23:56:48,806] Elapsed since last report = 0[s]
[2026-04-21 23:56:48,806] Elapsed iters 1345000 inps 10753 outs 810
[2026-04-21 23:56:48,806] Elapsed since last report = 0[s]
[2026-04-21 23:56:48,806] Elapsed iters 1346000 inps 10753 outs 810
[2026-04-21 23:56:48,806] Elapsed since last report = 0[s]
[2026-04-21 23:56:48,806] Elapsed iters 1347000 inps 10753 outs 810
[2026-04-21 23:56:48,806] Elapsed since last report = 0[s]
[2026-04-21 23:56:48,806] Elapsed iters 1348000 inps 10753 outs 810
[2026-04-21 23:56:48,806] Elapsed since last report = 0[s]
[2026-04-21 23:56:48,806] Elapsed iters 1349000 inps 10753 outs 810
[2026-04-21 23:56:48,806] Elapsed since last report = 0[s]
[2026-04-21 23:56:48,806] Elapsed iters 1350000 inps 10753 outs 810
[2026-04-21 23:56:48,806] Elapsed since last report = 0[s]
[2026-04-21 23:56:48,806] Elapsed iters 1351000 inps 10753 outs 810
[2026-04-21 23:56:48,806] Elapsed since last report = 0[s]
[2026-04-21 23:56:48,806] Elapsed iters 1352000 inps 10753 outs 810
[2026-04-21 23:56:48,806] Elapsed since last report = 0[s]
[2026-04-21 23:56:48,806] Elapsed iters 1353000 inps 10753 outs 820
[2026-04-21 23:56:48,806] Elapsed since last report = 0[s]
[2026-04-21 23:56:48,806] Elapsed iters 1354000 inps 10753 outs 820
[2026-04-21 23:56:48,806] Elapsed since last report = 0[s]
[2026-04-21 23:56:48,806] Elapsed iters 1355000 inps 10753 outs 820
[2026-04-21 23:56:48,806] Elapsed since last report = 0[s]
[2026-04-21 23:56:48,806] Elapsed iters 1356000 inps 10753 outs 820
[2026-04-21 23:56:48,806] Elapsed since last report = 0[s]
[2026-04-21 23:56:48,806] Elapsed iters 1357000 inps 10753 outs 820
[2026-04-21 23:56:48,806] Elapsed since last report = 0[s]
[2026-04-21 23:56:48,806] Elapsed iters 1358000 inps 10753 outs 820
[2026-04-21 23:56:48,807] Elapsed since last report = 0[s]
[2026-04-21 23:56:48,807] Elapsed iters 1359000 inps 10753 outs 820
[2026-04-21 23:56:48,807] Elapsed since last report = 0[s]
[2026-04-21 23:56:48,807] Elapsed iters 1360000 inps 10753 outs 820
[2026-04-21 23:56:48,807] Elapsed since last report = 0[s]
[2026-04-21 23:56:48,807] Elapsed iters 1361000 inps 10881 outs 820
[2026-04-21 23:56:48,807] Elapsed since last report = 0[s]
[2026-04-21 23:56:48,807] Elapsed iters 1362000 inps 10881 outs 820
[2026-04-21 23:56:48,807] Elapsed since last report = 0[s]
[2026-04-21 23:56:48,807] Elapsed iters 1363000 inps 10881 outs 820
[2026-04-21 23:56:48,807] Elapsed since last report = 0[s]
[2026-04-21 23:56:48,807] Elapsed iters 1364000 inps 10881 outs 820
[2026-04-21 23:56:48,807] Elapsed since last report = 0[s]
[2026-04-21 23:56:48,807] Elapsed iters 1365000 inps 10881 outs 820
[2026-04-21 23:56:48,807] Elapsed since last report = 0[s]
[2026-04-21 23:56:48,807] Elapsed iters 1366000 inps 10881 outs 820
[2026-04-21 23:56:48,807] Elapsed since last report = 0[s]
[2026-04-21 23:56:48,807] Elapsed iters 1367000 inps 10881 outs 820
[2026-04-21 23:56:48,807] Elapsed since last report = 0[s]
[2026-04-21 23:56:48,807] Elapsed iters 1368000 inps 10881 outs 820
[2026-04-21 23:56:48,807] Elapsed since last report = 0[s]
[2026-04-21 23:56:48,807] Elapsed iters 1369000 inps 10881 outs 824
[2026-04-21 23:56:48,807] Elapsed since last report = 0[s]
[2026-04-21 23:56:48,807] Elapsed iters 1370000 inps 10881 outs 830
[2026-04-21 23:56:48,807] Elapsed since last report = 0[s]
[2026-04-21 23:56:48,807] Elapsed iters 1371000 inps 10881 outs 830
[2026-04-21 23:56:48,807] Elapsed since last report = 0[s]
[2026-04-21 23:56:48,807] Elapsed iters 1372000 inps 10881 outs 830
[2026-04-21 23:56:48,807] Elapsed since last report = 0[s]
[2026-04-21 23:56:48,807] Elapsed iters 1373000 inps 10881 outs 830
[2026-04-21 23:56:48,807] Elapsed since last report = 0[s]
[2026-04-21 23:56:48,807] Elapsed iters 1374000 inps 10881 outs 830
[2026-04-21 23:56:48,807] Elapsed since last report = 0[s]
[2026-04-21 23:56:48,807] Elapsed iters 1375000 inps 10881 outs 830
[2026-04-21 23:56:48,807] Elapsed since last report = 0[s]
[2026-04-21 23:56:48,807] Elapsed iters 1376000 inps 10881 outs 830
[2026-04-21 23:56:48,807] Elapsed since last report = 0[s]
[2026-04-21 23:56:48,807] Elapsed iters 1377000 inps 10881 outs 830
[2026-04-21 23:56:48,807] Elapsed since last report = 0[s]
[2026-04-21 23:56:48,807] Elapsed iters 1378000 inps 11009 outs 830
[2026-04-21 23:56:48,807] Elapsed since last report = 0[s]
[2026-04-21 23:56:48,807] Elapsed iters 1379000 inps 11009 outs 830
[2026-04-21 23:56:48,807] Elapsed since last report = 0[s]
[2026-04-21 23:56:48,807] Elapsed iters 1380000 inps 11009 outs 830
[2026-04-21 23:56:48,807] Elapsed since last report = 0[s]
[2026-04-21 23:56:48,807] Elapsed iters 1381000 inps 11009 outs 830
[2026-04-21 23:56:48,807] Elapsed since last report = 0[s]
[2026-04-21 23:56:48,807] Elapsed iters 1382000 inps 11009 outs 830
[2026-04-21 23:56:48,807] Elapsed since last report = 0[s]
[2026-04-21 23:56:48,807] Elapsed iters 1383000 inps 11009 outs 830
[2026-04-21 23:56:48,807] Elapsed since last report = 0[s]
[2026-04-21 23:56:48,807] Elapsed iters 1384000 inps 11009 outs 830
[2026-04-21 23:56:48,807] Elapsed since last report = 0[s]
[2026-04-21 23:56:48,807] Elapsed iters 1385000 inps 11009 outs 830
[2026-04-21 23:56:48,807] Elapsed since last report = 0[s]
[2026-04-21 23:56:48,807] Elapsed iters 1386000 inps 11009 outs 840
[2026-04-21 23:56:48,807] Elapsed since last report = 0[s]
[2026-04-21 23:56:48,807] Elapsed iters 1387000 inps 11009 outs 840
[2026-04-21 23:56:48,807] Elapsed since last report = 0[s]
[2026-04-21 23:56:48,807] Elapsed iters 1388000 inps 11009 outs 840
[2026-04-21 23:56:48,807] Elapsed since last report = 0[s]
[2026-04-21 23:56:48,807] Elapsed iters 1389000 inps 11009 outs 840
[2026-04-21 23:56:48,807] Elapsed since last report = 0[s]
[2026-04-21 23:56:48,807] Elapsed iters 1390000 inps 11009 outs 840
[2026-04-21 23:56:48,807] Elapsed since last report = 0[s]
[2026-04-21 23:56:48,807] Elapsed iters 1391000 inps 11009 outs 840
[2026-04-21 23:56:48,807] Elapsed since last report = 0[s]
[2026-04-21 23:56:48,807] Elapsed iters 1392000 inps 11009 outs 840
[2026-04-21 23:56:48,807] Elapsed since last report = 0[s]
[2026-04-21 23:56:48,807] Elapsed iters 1393000 inps 11009 outs 840
[2026-04-21 23:56:48,807] Elapsed since last report = 0[s]
[2026-04-21 23:56:48,807] Elapsed iters 1394000 inps 11137 outs 840
[2026-04-21 23:56:48,807] Elapsed since last report = 0[s]
[2026-04-21 23:56:48,807] Elapsed iters 1395000 inps 11137 outs 840
[2026-04-21 23:56:48,807] Elapsed since last report = 0[s]
[2026-04-21 23:56:48,807] Elapsed iters 1396000 inps 11137 outs 840
[2026-04-21 23:56:48,807] Elapsed since last report = 0[s]
[2026-04-21 23:56:48,807] Elapsed iters 1397000 inps 11137 outs 840
[2026-04-21 23:56:48,807] Elapsed since last report = 0[s]
[2026-04-21 23:56:48,807] Elapsed iters 1398000 inps 11137 outs 840
[2026-04-21 23:56:48,807] Elapsed since last report = 0[s]
[2026-04-21 23:56:48,807] Elapsed iters 1399000 inps 11137 outs 840
[2026-04-21 23:56:48,807] Elapsed since last report = 0[s]
[2026-04-21 23:56:48,807] Elapsed iters 1400000 inps 11137 outs 840
[2026-04-21 23:56:48,807] Elapsed since last report = 0[s]
[2026-04-21 23:56:48,807] Elapsed iters 1401000 inps 11137 outs 840
[2026-04-21 23:56:48,807] Elapsed since last report = 0[s]
[2026-04-21 23:56:48,807] Elapsed iters 1402000 inps 11137 outs 847
[2026-04-21 23:56:48,807] Elapsed since last report = 0[s]
[2026-04-21 23:56:48,807] Elapsed iters 1403000 inps 11137 outs 850
[2026-04-21 23:56:48,807] Elapsed since last report = 0[s]
[2026-04-21 23:56:48,807] Elapsed iters 1404000 inps 11137 outs 850
[2026-04-21 23:56:48,807] Elapsed since last report = 0[s]
[2026-04-21 23:56:48,807] Elapsed iters 1405000 inps 11137 outs 850
[2026-04-21 23:56:48,807] Elapsed since last report = 0[s]
[2026-04-21 23:56:48,807] Elapsed iters 1406000 inps 11137 outs 850
[2026-04-21 23:56:48,807] Elapsed since last report = 0[s]
[2026-04-21 23:56:48,807] Elapsed iters 1407000 inps 11137 outs 850
[2026-04-21 23:56:48,807] Elapsed since last report = 0[s]
[2026-04-21 23:56:48,807] Elapsed iters 1408000 inps 11137 outs 850
[2026-04-21 23:56:48,807] Elapsed since last report = 0[s]
[2026-04-21 23:56:48,807] Elapsed iters 1409000 inps 11137 outs 850
[2026-04-21 23:56:48,807] Elapsed since last report = 0[s]
[2026-04-21 23:56:48,807] Elapsed iters 1410000 inps 11248 outs 850
[2026-04-21 23:56:48,807] Elapsed since last report = 0[s]
[2026-04-21 23:56:48,807] Elapsed iters 1411000 inps 11265 outs 850
[2026-04-21 23:56:48,807] Elapsed since last report = 0[s]
[2026-04-21 23:56:48,807] Elapsed iters 1412000 inps 11265 outs 850
[2026-04-21 23:56:48,807] Elapsed since last report = 0[s]
[2026-04-21 23:56:48,807] Elapsed iters 1413000 inps 11265 outs 850
[2026-04-21 23:56:48,807] Elapsed since last report = 0[s]
[2026-04-21 23:56:48,807] Elapsed iters 1414000 inps 11265 outs 850
[2026-04-21 23:56:48,807] Elapsed since last report = 0[s]
[2026-04-21 23:56:48,807] Elapsed iters 1415000 inps 11265 outs 850
[2026-04-21 23:56:48,807] Elapsed since last report = 0[s]
[2026-04-21 23:56:48,807] Elapsed iters 1416000 inps 11265 outs 850
[2026-04-21 23:56:48,807] Elapsed since last report = 0[s]
[2026-04-21 23:56:48,807] Elapsed iters 1417000 inps 11265 outs 850
[2026-04-21 23:56:48,807] Elapsed since last report = 0[s]
[2026-04-21 23:56:48,807] Elapsed iters 1418000 inps 11265 outs 851
[2026-04-21 23:56:48,807] Elapsed since last report = 0[s]
[2026-04-21 23:56:48,807] Elapsed iters 1419000 inps 11265 outs 860
[2026-04-21 23:56:48,807] Elapsed since last report = 0[s]
[2026-04-21 23:56:48,807] Elapsed iters 1420000 inps 11265 outs 860
[2026-04-21 23:56:48,807] Elapsed since last report = 0[s]
[2026-04-21 23:56:48,807] Elapsed iters 1421000 inps 11265 outs 860
[2026-04-21 23:56:48,807] Elapsed since last report = 0[s]
[2026-04-21 23:56:48,807] Elapsed iters 1422000 inps 11265 outs 860
[2026-04-21 23:56:48,807] Elapsed since last report = 0[s]
[2026-04-21 23:56:48,807] Elapsed iters 1423000 inps 11265 outs 860
[2026-04-21 23:56:48,807] Elapsed since last report = 0[s]
[2026-04-21 23:56:48,807] Elapsed iters 1424000 inps 11265 outs 860
[2026-04-21 23:56:48,807] Elapsed since last report = 0[s]
[2026-04-21 23:56:48,807] Elapsed iters 1425000 inps 11265 outs 860
[2026-04-21 23:56:48,807] Elapsed since last report = 0[s]
[2026-04-21 23:56:48,807] Elapsed iters 1426000 inps 11265 outs 860
[2026-04-21 23:56:48,808] Elapsed since last report = 0[s]
[2026-04-21 23:56:48,808] Elapsed iters 1427000 inps 11393 outs 860
[2026-04-21 23:56:48,808] Elapsed since last report = 0[s]
[2026-04-21 23:56:48,808] Elapsed iters 1428000 inps 11393 outs 860
[2026-04-21 23:56:48,808] Elapsed since last report = 0[s]
[2026-04-21 23:56:48,808] Elapsed iters 1429000 inps 11393 outs 860
[2026-04-21 23:56:48,808] Elapsed since last report = 0[s]
[2026-04-21 23:56:48,808] Elapsed iters 1430000 inps 11393 outs 860
[2026-04-21 23:56:48,808] Elapsed since last report = 0[s]
[2026-04-21 23:56:48,808] Elapsed iters 1431000 inps 11393 outs 860
[2026-04-21 23:56:48,808] Elapsed since last report = 0[s]
[2026-04-21 23:56:48,808] Elapsed iters 1432000 inps 11393 outs 860
[2026-04-21 23:56:48,808] Elapsed since last report = 0[s]
[2026-04-21 23:56:48,808] Elapsed iters 1433000 inps 11393 outs 860
[2026-04-21 23:56:48,808] Elapsed since last report = 0[s]
[2026-04-21 23:56:48,808] Elapsed iters 1434000 inps 11393 outs 860
[2026-04-21 23:56:48,808] Elapsed since last report = 0[s]
[2026-04-21 23:56:48,808] Elapsed iters 1435000 inps 11393 outs 870
[2026-04-21 23:56:48,808] Elapsed since last report = 0[s]
[2026-04-21 23:56:48,808] Elapsed iters 1436000 inps 11393 outs 870
[2026-04-21 23:56:48,808] Elapsed since last report = 0[s]
[2026-04-21 23:56:48,808] Elapsed iters 1437000 inps 11393 outs 870
[2026-04-21 23:56:48,808] Elapsed since last report = 0[s]
[2026-04-21 23:56:48,808] Elapsed iters 1438000 inps 11393 outs 870
[2026-04-21 23:56:48,808] Elapsed since last report = 0[s]
[2026-04-21 23:56:48,808] Elapsed iters 1439000 inps 11393 outs 870
[2026-04-21 23:56:48,808] Elapsed since last report = 0[s]
[2026-04-21 23:56:48,808] Elapsed iters 1440000 inps 11393 outs 870
[2026-04-21 23:56:48,808] Elapsed since last report = 0[s]
[2026-04-21 23:56:48,808] Elapsed iters 1441000 inps 11393 outs 870
[2026-04-21 23:56:48,808] Elapsed since last report = 0[s]
[2026-04-21 23:56:48,808] Elapsed iters 1442000 inps 11393 outs 870
[2026-04-21 23:56:48,808] Elapsed since last report = 0[s]
[2026-04-21 23:56:48,808] Elapsed iters 1443000 inps 11521 outs 870
[2026-04-21 23:56:48,808] Elapsed since last report = 0[s]
[2026-04-21 23:56:48,808] Elapsed iters 1444000 inps 11521 outs 870
[2026-04-21 23:56:48,808] Elapsed since last report = 0[s]
[2026-04-21 23:56:48,808] Elapsed iters 1445000 inps 11521 outs 870
[2026-04-21 23:56:48,808] Elapsed since last report = 0[s]
[2026-04-21 23:56:48,808] Elapsed iters 1446000 inps 11521 outs 870
[2026-04-21 23:56:48,808] Elapsed since last report = 0[s]
[2026-04-21 23:56:48,808] Elapsed iters 1447000 inps 11521 outs 870
[2026-04-21 23:56:48,808] Elapsed since last report = 0[s]
[2026-04-21 23:56:48,808] Elapsed iters 1448000 inps 11521 outs 870
[2026-04-21 23:56:48,808] Elapsed since last report = 0[s]
[2026-04-21 23:56:48,808] Elapsed iters 1449000 inps 11521 outs 870
[2026-04-21 23:56:48,808] Elapsed since last report = 0[s]
[2026-04-21 23:56:48,808] Elapsed iters 1450000 inps 11521 outs 870
[2026-04-21 23:56:48,808] Elapsed since last report = 0[s]
[2026-04-21 23:56:48,808] Elapsed iters 1451000 inps 11521 outs 874
[2026-04-21 23:56:48,808] Elapsed since last report = 0[s]
[2026-04-21 23:56:48,808] Elapsed iters 1452000 inps 11521 outs 880
[2026-04-21 23:56:48,808] Elapsed since last report = 0[s]
[2026-04-21 23:56:48,808] Elapsed iters 1453000 inps 11521 outs 880
[2026-04-21 23:56:48,808] Elapsed since last report = 0[s]
[2026-04-21 23:56:48,808] Elapsed iters 1454000 inps 11521 outs 880
[2026-04-21 23:56:48,808] Elapsed since last report = 0[s]
[2026-04-21 23:56:48,808] Elapsed iters 1455000 inps 11521 outs 880
[2026-04-21 23:56:48,808] Elapsed since last report = 0[s]
[2026-04-21 23:56:48,808] Elapsed iters 1456000 inps 11521 outs 880
[2026-04-21 23:56:48,808] Elapsed since last report = 0[s]
[2026-04-21 23:56:48,808] Elapsed iters 1457000 inps 11521 outs 880
[2026-04-21 23:56:48,808] Elapsed since last report = 0[s]
[2026-04-21 23:56:48,808] Elapsed iters 1458000 inps 11521 outs 880
[2026-04-21 23:56:48,808] Elapsed since last report = 0[s]
[2026-04-21 23:56:48,808] Elapsed iters 1459000 inps 11521 outs 880
[2026-04-21 23:56:48,808] Elapsed since last report = 0[s]
[2026-04-21 23:56:48,808] Elapsed iters 1460000 inps 11649 outs 880
[2026-04-21 23:56:48,808] Elapsed since last report = 0[s]
[2026-04-21 23:56:48,808] Elapsed iters 1461000 inps 11649 outs 880
[2026-04-21 23:56:48,808] Elapsed since last report = 0[s]
[2026-04-21 23:56:48,808] Elapsed iters 1462000 inps 11649 outs 880
[2026-04-21 23:56:48,808] Elapsed since last report = 0[s]
[2026-04-21 23:56:48,808] Elapsed iters 1463000 inps 11649 outs 880
[2026-04-21 23:56:48,808] Elapsed since last report = 0[s]
[2026-04-21 23:56:48,808] Elapsed iters 1464000 inps 11649 outs 880
[2026-04-21 23:56:48,808] Elapsed since last report = 0[s]
[2026-04-21 23:56:48,808] Elapsed iters 1465000 inps 11649 outs 880
[2026-04-21 23:56:48,808] Elapsed since last report = 0[s]
[2026-04-21 23:56:48,808] Elapsed iters 1466000 inps 11649 outs 880
[2026-04-21 23:56:48,808] Elapsed since last report = 0[s]
[2026-04-21 23:56:48,808] Elapsed iters 1467000 inps 11649 outs 880
[2026-04-21 23:56:48,808] Elapsed since last report = 0[s]
[2026-04-21 23:56:48,808] Elapsed iters 1468000 inps 11649 outs 890
[2026-04-21 23:56:48,808] Elapsed since last report = 0[s]
[2026-04-21 23:56:48,808] Elapsed iters 1469000 inps 11649 outs 890
[2026-04-21 23:56:48,808] Elapsed since last report = 0[s]
[2026-04-21 23:56:48,808] Elapsed iters 1470000 inps 11649 outs 890
[2026-04-21 23:56:48,808] Elapsed since last report = 0[s]
[2026-04-21 23:56:48,808] Elapsed iters 1471000 inps 11649 outs 890
[2026-04-21 23:56:48,808] Elapsed since last report = 0[s]
[2026-04-21 23:56:48,808] Elapsed iters 1472000 inps 11649 outs 890
[2026-04-21 23:56:48,808] Elapsed since last report = 0[s]
[2026-04-21 23:56:48,808] Elapsed iters 1473000 inps 11649 outs 890
[2026-04-21 23:56:48,808] Elapsed since last report = 0[s]
[2026-04-21 23:56:48,808] Elapsed iters 1474000 inps 11649 outs 890
[2026-04-21 23:56:48,808] Elapsed since last report = 0[s]
[2026-04-21 23:56:48,808] Elapsed iters 1475000 inps 11649 outs 890
[2026-04-21 23:56:48,808] Elapsed since last report = 0[s]
[2026-04-21 23:56:48,808] Elapsed iters 1476000 inps 11777 outs 890
[2026-04-21 23:56:48,808] Elapsed since last report = 0[s]
[2026-04-21 23:56:48,808] Elapsed iters 1477000 inps 11777 outs 890
[2026-04-21 23:56:48,808] Elapsed since last report = 0[s]
[2026-04-21 23:56:48,808] Elapsed iters 1478000 inps 11777 outs 890
[2026-04-21 23:56:48,808] Elapsed since last report = 0[s]
[2026-04-21 23:56:48,808] Elapsed iters 1479000 inps 11777 outs 890
[2026-04-21 23:56:48,808] Elapsed since last report = 0[s]
[2026-04-21 23:56:48,808] Elapsed iters 1480000 inps 11777 outs 890
[2026-04-21 23:56:48,808] Elapsed since last report = 0[s]
[2026-04-21 23:56:48,808] Elapsed iters 1481000 inps 11777 outs 890
[2026-04-21 23:56:48,808] Elapsed since last report = 0[s]
[2026-04-21 23:56:48,808] Elapsed iters 1482000 inps 11777 outs 890
[2026-04-21 23:56:48,808] Elapsed since last report = 0[s]
[2026-04-21 23:56:48,808] Elapsed iters 1483000 inps 11777 outs 890
[2026-04-21 23:56:48,808] Elapsed since last report = 0[s]
[2026-04-21 23:56:48,808] Elapsed iters 1484000 inps 11777 outs 898
[2026-04-21 23:56:48,808] Elapsed since last report = 0[s]
[2026-04-21 23:56:48,808] Elapsed iters 1485000 inps 11777 outs 900
[2026-04-21 23:56:48,808] Elapsed since last report = 0[s]
[2026-04-21 23:56:48,808] Elapsed iters 1486000 inps 11777 outs 900
[2026-04-21 23:56:48,808] Elapsed since last report = 0[s]
[2026-04-21 23:56:48,808] Elapsed iters 1487000 inps 11777 outs 900
[2026-04-21 23:56:48,808] Elapsed since last report = 0[s]
[2026-04-21 23:56:48,808] Elapsed iters 1488000 inps 11777 outs 900
[2026-04-21 23:56:48,808] Elapsed since last report = 0[s]
[2026-04-21 23:56:48,808] Elapsed iters 1489000 inps 11777 outs 900
[2026-04-21 23:56:48,808] Elapsed since last report = 0[s]
[2026-04-21 23:56:48,808] Elapsed iters 1490000 inps 11777 outs 900
[2026-04-21 23:56:48,808] Elapsed since last report = 0[s]
[2026-04-21 23:56:48,808] Elapsed iters 1491000 inps 11777 outs 900
[2026-04-21 23:56:48,808] Elapsed since last report = 0[s]
[2026-04-21 23:56:48,808] Elapsed iters 1492000 inps 11905 outs 900
[2026-04-21 23:56:48,808] Elapsed since last report = 0[s]
[2026-04-21 23:56:48,808] Elapsed iters 1493000 inps 11905 outs 900
[2026-04-21 23:56:48,808] Elapsed since last report = 0[s]
[2026-04-21 23:56:48,808] Elapsed iters 1494000 inps 11905 outs 900
[2026-04-21 23:56:48,808] Elapsed since last report = 0[s]
[2026-04-21 23:56:48,808] Elapsed iters 1495000 inps 11905 outs 900
[2026-04-21 23:56:48,809] Elapsed since last report = 0[s]
[2026-04-21 23:56:48,809] Elapsed iters 1496000 inps 11905 outs 900
[2026-04-21 23:56:48,809] Elapsed since last report = 0[s]
[2026-04-21 23:56:48,809] Elapsed iters 1497000 inps 11905 outs 900
[2026-04-21 23:56:48,809] Elapsed since last report = 0[s]
[2026-04-21 23:56:48,809] Elapsed iters 1498000 inps 11905 outs 900
[2026-04-21 23:56:48,809] Elapsed since last report = 0[s]
[2026-04-21 23:56:48,809] Elapsed iters 1499000 inps 11905 outs 900
[2026-04-21 23:56:48,809] Elapsed since last report = 0[s]
[2026-04-21 23:56:48,809] Elapsed iters 1500000 inps 11905 outs 902
[2026-04-21 23:56:48,809] Elapsed since last report = 0[s]
[2026-04-21 23:56:48,809] Elapsed iters 1501000 inps 11905 outs 910
[2026-04-21 23:56:48,809] Elapsed since last report = 0[s]
[2026-04-21 23:56:48,809] Elapsed iters 1502000 inps 11905 outs 910
[2026-04-21 23:56:48,809] Elapsed since last report = 0[s]
[2026-04-21 23:56:48,809] Elapsed iters 1503000 inps 11905 outs 910
[2026-04-21 23:56:48,809] Elapsed since last report = 0[s]
[2026-04-21 23:56:48,809] Elapsed iters 1504000 inps 11905 outs 910
[2026-04-21 23:56:48,809] Elapsed since last report = 0[s]
[2026-04-21 23:56:48,809] Elapsed iters 1505000 inps 11905 outs 910
[2026-04-21 23:56:48,809] Elapsed since last report = 0[s]
[2026-04-21 23:56:48,809] Elapsed iters 1506000 inps 11905 outs 910
[2026-04-21 23:56:48,809] Elapsed since last report = 0[s]
[2026-04-21 23:56:48,809] Elapsed iters 1507000 inps 11905 outs 910
[2026-04-21 23:56:48,809] Elapsed since last report = 0[s]
[2026-04-21 23:56:48,809] Elapsed iters 1508000 inps 11905 outs 910
[2026-04-21 23:56:48,809] Elapsed since last report = 0[s]
[2026-04-21 23:56:48,809] Elapsed iters 1509000 inps 12033 outs 910
[2026-04-21 23:56:48,809] Elapsed since last report = 0[s]
[2026-04-21 23:56:48,809] Elapsed iters 1510000 inps 12033 outs 910
[2026-04-21 23:56:48,809] Elapsed since last report = 0[s]
[2026-04-21 23:56:48,809] Elapsed iters 1511000 inps 12033 outs 910
[2026-04-21 23:56:48,809] Elapsed since last report = 0[s]
[2026-04-21 23:56:48,809] Elapsed iters 1512000 inps 12033 outs 910
[2026-04-21 23:56:48,809] Elapsed since last report = 0[s]
[2026-04-21 23:56:48,809] Elapsed iters 1513000 inps 12033 outs 910
[2026-04-21 23:56:48,809] Elapsed since last report = 0[s]
[2026-04-21 23:56:48,809] Elapsed iters 1514000 inps 12033 outs 910
[2026-04-21 23:56:48,809] Elapsed since last report = 0[s]
[2026-04-21 23:56:48,809] Elapsed iters 1515000 inps 12033 outs 910
[2026-04-21 23:56:48,809] Elapsed since last report = 0[s]
[2026-04-21 23:56:48,809] Elapsed iters 1516000 inps 12033 outs 910
[2026-04-21 23:56:48,809] Elapsed since last report = 0[s]
[2026-04-21 23:56:48,809] Elapsed iters 1517000 inps 12033 outs 920
[2026-04-21 23:56:48,809] Elapsed since last report = 0[s]
[2026-04-21 23:56:48,809] Elapsed iters 1518000 inps 12033 outs 920
[2026-04-21 23:56:48,809] Elapsed since last report = 0[s]
[2026-04-21 23:56:48,809] Elapsed iters 1519000 inps 12033 outs 920
[2026-04-21 23:56:48,809] Elapsed since last report = 0[s]
[2026-04-21 23:56:48,809] Elapsed iters 1520000 inps 12033 outs 920
[2026-04-21 23:56:48,809] Elapsed since last report = 0[s]
[2026-04-21 23:56:48,809] Elapsed iters 1521000 inps 12033 outs 920
[2026-04-21 23:56:48,809] Elapsed since last report = 0[s]
[2026-04-21 23:56:48,809] Elapsed iters 1522000 inps 12033 outs 920
[2026-04-21 23:56:48,809] Elapsed since last report = 0[s]
[2026-04-21 23:56:48,809] Elapsed iters 1523000 inps 12033 outs 920
[2026-04-21 23:56:48,809] Elapsed since last report = 0[s]
[2026-04-21 23:56:48,809] Elapsed iters 1524000 inps 12033 outs 920
[2026-04-21 23:56:48,809] Elapsed since last report = 0[s]
[2026-04-21 23:56:48,809] Elapsed iters 1525000 inps 12161 outs 920
[2026-04-21 23:56:48,809] Elapsed since last report = 0[s]
[2026-04-21 23:56:48,809] Elapsed iters 1526000 inps 12161 outs 920
[2026-04-21 23:56:48,809] Elapsed since last report = 0[s]
[2026-04-21 23:56:48,809] Elapsed iters 1527000 inps 12161 outs 920
[2026-04-21 23:56:48,809] Elapsed since last report = 0[s]
[2026-04-21 23:56:48,809] Elapsed iters 1528000 inps 12161 outs 920
[2026-04-21 23:56:48,809] Elapsed since last report = 0[s]
[2026-04-21 23:56:48,809] Elapsed iters 1529000 inps 12161 outs 920
[2026-04-21 23:56:48,809] Elapsed since last report = 0[s]
[2026-04-21 23:56:48,809] Elapsed iters 1530000 inps 12161 outs 920
[2026-04-21 23:56:48,809] Elapsed since last report = 0[s]
[2026-04-21 23:56:48,809] Elapsed iters 1531000 inps 12161 outs 920
[2026-04-21 23:56:48,809] Elapsed since last report = 0[s]
[2026-04-21 23:56:48,809] Elapsed iters 1532000 inps 12161 outs 920
[2026-04-21 23:56:48,809] Elapsed since last report = 0[s]
[2026-04-21 23:56:48,809] Elapsed iters 1533000 inps 12161 outs 925
[2026-04-21 23:56:48,809] Elapsed since last report = 0[s]
[2026-04-21 23:56:48,809] Elapsed iters 1534000 inps 12161 outs 930
[2026-04-21 23:56:48,809] Elapsed since last report = 0[s]
[2026-04-21 23:56:48,809] Elapsed iters 1535000 inps 12161 outs 930
[2026-04-21 23:56:48,809] Elapsed since last report = 0[s]
[2026-04-21 23:56:48,809] Elapsed iters 1536000 inps 12161 outs 930
[2026-04-21 23:56:48,809] Elapsed since last report = 0[s]
[2026-04-21 23:56:48,809] Elapsed iters 1537000 inps 12161 outs 930
[2026-04-21 23:56:48,809] Elapsed since last report = 0[s]
[2026-04-21 23:56:48,809] Elapsed iters 1538000 inps 12161 outs 930
[2026-04-21 23:56:48,809] Elapsed since last report = 0[s]
[2026-04-21 23:56:48,809] Elapsed iters 1539000 inps 12161 outs 930
[2026-04-21 23:56:48,809] Elapsed since last report = 0[s]
[2026-04-21 23:56:48,809] Elapsed iters 1540000 inps 12161 outs 930
[2026-04-21 23:56:48,809] Elapsed since last report = 0[s]
[2026-04-21 23:56:48,809] Elapsed iters 1541000 inps 12161 outs 930
[2026-04-21 23:56:48,809] Elapsed since last report = 0[s]
[2026-04-21 23:56:48,809] Elapsed iters 1542000 inps 12289 outs 930
[2026-04-21 23:56:48,809] Elapsed since last report = 0[s]
[2026-04-21 23:56:48,809] Elapsed iters 1543000 inps 12289 outs 930
[2026-04-21 23:56:48,809] Elapsed since last report = 0[s]
[2026-04-21 23:56:48,809] Elapsed iters 1544000 inps 12289 outs 930
[2026-04-21 23:56:48,809] Elapsed since last report = 0[s]
[2026-04-21 23:56:48,809] Elapsed iters 1545000 inps 12289 outs 930
[2026-04-21 23:56:48,809] Elapsed since last report = 0[s]
[2026-04-21 23:56:48,809] Elapsed iters 1546000 inps 12289 outs 930
[2026-04-21 23:56:48,809] Elapsed since last report = 0[s]
[2026-04-21 23:56:48,809] Elapsed iters 1547000 inps 12289 outs 930
[2026-04-21 23:56:48,809] Elapsed since last report = 0[s]
[2026-04-21 23:56:48,809] Elapsed iters 1548000 inps 12289 outs 930
[2026-04-21 23:56:48,809] Elapsed since last report = 0[s]
[2026-04-21 23:56:48,809] Elapsed iters 1549000 inps 12289 outs 930
[2026-04-21 23:56:48,809] Elapsed since last report = 0[s]
[2026-04-21 23:56:48,809] Elapsed iters 1550000 inps 12289 outs 940
[2026-04-21 23:56:48,809] Elapsed since last report = 0[s]
[2026-04-21 23:56:48,809] Elapsed iters 1551000 inps 12289 outs 940
[2026-04-21 23:56:48,809] Elapsed since last report = 0[s]
[2026-04-21 23:56:48,809] Elapsed iters 1552000 inps 12289 outs 940
[2026-04-21 23:56:48,809] Elapsed since last report = 0[s]
[2026-04-21 23:56:48,809] Elapsed iters 1553000 inps 12289 outs 940
[2026-04-21 23:56:48,809] Elapsed since last report = 0[s]
[2026-04-21 23:56:48,809] Elapsed iters 1554000 inps 12289 outs 940
[2026-04-21 23:56:48,809] Elapsed since last report = 0[s]
[2026-04-21 23:56:48,809] Elapsed iters 1555000 inps 12289 outs 940
[2026-04-21 23:56:48,809] Elapsed since last report = 0[s]
[2026-04-21 23:56:48,809] Elapsed iters 1556000 inps 12289 outs 940
[2026-04-21 23:56:48,809] Elapsed since last report = 0[s]
[2026-04-21 23:56:48,809] Elapsed iters 1557000 inps 12289 outs 940
[2026-04-21 23:56:48,809] Elapsed since last report = 0[s]
[2026-04-21 23:56:48,809] Elapsed iters 1558000 inps 12417 outs 940
[2026-04-21 23:56:48,809] Elapsed since last report = 0[s]
[2026-04-21 23:56:48,809] Elapsed iters 1559000 inps 12417 outs 940
[2026-04-21 23:56:48,809] Elapsed since last report = 0[s]
[2026-04-21 23:56:48,809] Elapsed iters 1560000 inps 12417 outs 940
[2026-04-21 23:56:48,809] Elapsed since last report = 0[s]
[2026-04-21 23:56:48,809] Elapsed iters 1561000 inps 12417 outs 940
[2026-04-21 23:56:48,809] Elapsed since last report = 0[s]
[2026-04-21 23:56:48,809] Elapsed iters 1562000 inps 12417 outs 940
[2026-04-21 23:56:48,809] Elapsed since last report = 0[s]
[2026-04-21 23:56:48,809] Elapsed iters 1563000 inps 12417 outs 940
[2026-04-21 23:56:48,810] Elapsed since last report = 0[s]
[2026-04-21 23:56:48,810] Elapsed iters 1564000 inps 12417 outs 940
[2026-04-21 23:56:48,810] Elapsed since last report = 0[s]
[2026-04-21 23:56:48,810] Elapsed iters 1565000 inps 12417 outs 940
[2026-04-21 23:56:48,810] Elapsed since last report = 0[s]
[2026-04-21 23:56:48,810] Elapsed iters 1566000 inps 12417 outs 948
[2026-04-21 23:56:48,810] Elapsed since last report = 0[s]
[2026-04-21 23:56:48,810] Elapsed iters 1567000 inps 12417 outs 950
[2026-04-21 23:56:48,810] Elapsed since last report = 0[s]
[2026-04-21 23:56:48,810] Elapsed iters 1568000 inps 12417 outs 950
[2026-04-21 23:56:48,810] Elapsed since last report = 0[s]
[2026-04-21 23:56:48,810] Elapsed iters 1569000 inps 12417 outs 950
[2026-04-21 23:56:48,810] Elapsed since last report = 0[s]
[2026-04-21 23:56:48,810] Elapsed iters 1570000 inps 12417 outs 950
[2026-04-21 23:56:48,810] Elapsed since last report = 0[s]
[2026-04-21 23:56:48,810] Elapsed iters 1571000 inps 12417 outs 950
[2026-04-21 23:56:48,810] Elapsed since last report = 0[s]
[2026-04-21 23:56:48,810] Elapsed iters 1572000 inps 12417 outs 950
[2026-04-21 23:56:48,810] Elapsed since last report = 0[s]
[2026-04-21 23:56:48,810] Elapsed iters 1573000 inps 12417 outs 950
[2026-04-21 23:56:48,810] Elapsed since last report = 0[s]
[2026-04-21 23:56:48,810] Elapsed iters 1574000 inps 12545 outs 950
[2026-04-21 23:56:48,810] Elapsed since last report = 0[s]
[2026-04-21 23:56:48,810] Elapsed iters 1575000 inps 12545 outs 950
[2026-04-21 23:56:48,810] Elapsed since last report = 0[s]
[2026-04-21 23:56:48,810] Elapsed iters 1576000 inps 12545 outs 950
[2026-04-21 23:56:48,810] Elapsed since last report = 0[s]
[2026-04-21 23:56:48,810] Elapsed iters 1577000 inps 12545 outs 950
[2026-04-21 23:56:48,810] Elapsed since last report = 0[s]
[2026-04-21 23:56:48,810] Elapsed iters 1578000 inps 12545 outs 950
[2026-04-21 23:56:48,810] Elapsed since last report = 0[s]
[2026-04-21 23:56:48,810] Elapsed iters 1579000 inps 12545 outs 950
[2026-04-21 23:56:48,810] Elapsed since last report = 0[s]
[2026-04-21 23:56:48,810] Elapsed iters 1580000 inps 12545 outs 950
[2026-04-21 23:56:48,810] Elapsed since last report = 0[s]
[2026-04-21 23:56:48,810] Elapsed iters 1581000 inps 12545 outs 950
[2026-04-21 23:56:48,810] Elapsed since last report = 0[s]
[2026-04-21 23:56:48,810] Elapsed iters 1582000 inps 12545 outs 952
[2026-04-21 23:56:48,810] Elapsed since last report = 0[s]
[2026-04-21 23:56:48,810] Elapsed iters 1583000 inps 12545 outs 960
[2026-04-21 23:56:48,810] Elapsed since last report = 0[s]
[2026-04-21 23:56:48,810] Elapsed iters 1584000 inps 12545 outs 960
[2026-04-21 23:56:48,810] Elapsed since last report = 0[s]
[2026-04-21 23:56:48,810] Elapsed iters 1585000 inps 12545 outs 960
[2026-04-21 23:56:48,810] Elapsed since last report = 0[s]
[2026-04-21 23:56:48,810] Elapsed iters 1586000 inps 12545 outs 960
[2026-04-21 23:56:48,810] Elapsed since last report = 0[s]
[2026-04-21 23:56:48,810] Elapsed iters 1587000 inps 12545 outs 960
[2026-04-21 23:56:48,810] Elapsed since last report = 0[s]
[2026-04-21 23:56:48,810] Elapsed iters 1588000 inps 12545 outs 960
[2026-04-21 23:56:48,810] Elapsed since last report = 0[s]
[2026-04-21 23:56:48,810] Elapsed iters 1589000 inps 12545 outs 960
[2026-04-21 23:56:48,810] Elapsed since last report = 0[s]
[2026-04-21 23:56:48,810] Elapsed iters 1590000 inps 12545 outs 960
[2026-04-21 23:56:48,810] Elapsed since last report = 0[s]
[2026-04-21 23:56:48,810] Elapsed iters 1591000 inps 12673 outs 960
[2026-04-21 23:56:48,810] Elapsed since last report = 0[s]
[2026-04-21 23:56:48,810] Elapsed iters 1592000 inps 12673 outs 960
[2026-04-21 23:56:48,810] Elapsed since last report = 0[s]
[2026-04-21 23:56:48,810] Elapsed iters 1593000 inps 12673 outs 960
[2026-04-21 23:56:48,810] Elapsed since last report = 0[s]
[2026-04-21 23:56:48,810] Elapsed iters 1594000 inps 12673 outs 960
[2026-04-21 23:56:48,810] Elapsed since last report = 0[s]
[2026-04-21 23:56:48,810] Elapsed iters 1595000 inps 12673 outs 960
[2026-04-21 23:56:48,810] Elapsed since last report = 0[s]
[2026-04-21 23:56:48,810] Elapsed iters 1596000 inps 12673 outs 960
[2026-04-21 23:56:48,810] Elapsed since last report = 0[s]
[2026-04-21 23:56:48,810] Elapsed iters 1597000 inps 12673 outs 960
[2026-04-21 23:56:48,810] Elapsed since last report = 0[s]
[2026-04-21 23:56:48,810] Elapsed iters 1598000 inps 12673 outs 960
[2026-04-21 23:56:48,810] Elapsed since last report = 0[s]
[2026-04-21 23:56:48,810] Elapsed iters 1599000 inps 12673 outs 970
[2026-04-21 23:56:48,810] Elapsed since last report = 0[s]
[2026-04-21 23:56:48,810] Elapsed iters 1600000 inps 12673 outs 970
[2026-04-21 23:56:48,810] Elapsed since last report = 0[s]
[2026-04-21 23:56:48,810] Elapsed iters 1601000 inps 12673 outs 970
[2026-04-21 23:56:48,810] Elapsed since last report = 0[s]
[2026-04-21 23:56:48,810] Elapsed iters 1602000 inps 12673 outs 970
[2026-04-21 23:56:48,810] Elapsed since last report = 0[s]
[2026-04-21 23:56:48,810] Elapsed iters 1603000 inps 12673 outs 970
[2026-04-21 23:56:48,810] Elapsed since last report = 0[s]
[2026-04-21 23:56:48,810] Elapsed iters 1604000 inps 12673 outs 970
[2026-04-21 23:56:48,810] Elapsed since last report = 0[s]
[2026-04-21 23:56:48,810] Elapsed iters 1605000 inps 12673 outs 970
[2026-04-21 23:56:48,810] Elapsed since last report = 0[s]
[2026-04-21 23:56:48,810] Elapsed iters 1606000 inps 12673 outs 970
[2026-04-21 23:56:48,810] Elapsed since last report = 0[s]
[2026-04-21 23:56:48,810] All inputs written at cycle 1606743
[2026-04-21 23:56:48,810] Elapsed iters 1607000 inps 12800 outs 970
[2026-04-21 23:56:48,810] Elapsed since last report = 0[s]
[2026-04-21 23:56:48,810] Elapsed iters 1608000 inps 12800 outs 970
[2026-04-21 23:56:48,810] Elapsed since last report = 0[s]
[2026-04-21 23:56:48,810] Elapsed iters 1609000 inps 12800 outs 970
[2026-04-21 23:56:48,810] Elapsed since last report = 0[s]
[2026-04-21 23:56:48,810] Elapsed iters 1610000 inps 12800 outs 970
[2026-04-21 23:56:48,810] Elapsed since last report = 0[s]
[2026-04-21 23:56:48,810] Elapsed iters 1611000 inps 12800 outs 970
[2026-04-21 23:56:48,810] Elapsed since last report = 0[s]
[2026-04-21 23:56:48,810] Elapsed iters 1612000 inps 12800 outs 970
[2026-04-21 23:56:48,810] Elapsed since last report = 0[s]
[2026-04-21 23:56:48,810] Elapsed iters 1613000 inps 12800 outs 970
[2026-04-21 23:56:48,810] Elapsed since last report = 0[s]
[2026-04-21 23:56:48,810] Elapsed iters 1614000 inps 12800 outs 970
[2026-04-21 23:56:48,810] Elapsed since last report = 0[s]
[2026-04-21 23:56:48,810] Elapsed iters 1615000 inps 12800 outs 975
[2026-04-21 23:56:48,810] Elapsed since last report = 0[s]
[2026-04-21 23:56:48,810] Elapsed iters 1616000 inps 12800 outs 980
[2026-04-21 23:56:48,810] Elapsed since last report = 0[s]
[2026-04-21 23:56:48,810] Elapsed iters 1617000 inps 12800 outs 980
[2026-04-21 23:56:48,810] Elapsed since last report = 0[s]
[2026-04-21 23:56:48,810] Elapsed iters 1618000 inps 12800 outs 980
[2026-04-21 23:56:48,810] Elapsed since last report = 0[s]
[2026-04-21 23:56:48,810] Elapsed iters 1619000 inps 12800 outs 980
[2026-04-21 23:56:48,810] Elapsed since last report = 0[s]
[2026-04-21 23:56:48,810] Elapsed iters 1620000 inps 12800 outs 980
[2026-04-21 23:56:48,810] Elapsed since last report = 0[s]
[2026-04-21 23:56:48,810] Elapsed iters 1621000 inps 12800 outs 980
[2026-04-21 23:56:48,810] Elapsed since last report = 0[s]
[2026-04-21 23:56:48,810] Elapsed iters 1622000 inps 12800 outs 980
[2026-04-21 23:56:48,810] Elapsed since last report = 0[s]
[2026-04-21 23:56:48,810] Elapsed iters 1623000 inps 12800 outs 980
[2026-04-21 23:56:48,810] Elapsed since last report = 0[s]
[2026-04-21 23:56:48,810] Elapsed iters 1624000 inps 12800 outs 980
[2026-04-21 23:56:48,810] Elapsed since last report = 0[s]
[2026-04-21 23:56:48,810] Elapsed iters 1625000 inps 12800 outs 980
[2026-04-21 23:56:48,810] Elapsed since last report = 0[s]
[2026-04-21 23:56:48,810] Elapsed iters 1626000 inps 12800 outs 980
[2026-04-21 23:56:48,810] Elapsed since last report = 0[s]
[2026-04-21 23:56:48,810] Elapsed iters 1627000 inps 12800 outs 980
[2026-04-21 23:56:48,810] Elapsed since last report = 0[s]
[2026-04-21 23:56:48,810] Elapsed iters 1628000 inps 12800 outs 980
[2026-04-21 23:56:48,810] Elapsed since last report = 0[s]
[2026-04-21 23:56:48,810] Elapsed iters 1629000 inps 12800 outs 980
[2026-04-21 23:56:48,810] Elapsed since last report = 0[s]
[2026-04-21 23:56:48,810] Elapsed iters 1630000 inps 12800 outs 980
[2026-04-21 23:56:48,810] Elapsed since last report = 0[s]
[2026-04-21 23:56:48,810] Elapsed iters 1631000 inps 12800 outs 980
[2026-04-21 23:56:48,811] Elapsed since last report = 0[s]
[2026-04-21 23:56:48,811] Elapsed iters 1632000 inps 12800 outs 990
[2026-04-21 23:56:48,811] Elapsed since last report = 0[s]
[2026-04-21 23:56:48,811] Elapsed iters 1633000 inps 12800 outs 990
[2026-04-21 23:56:48,811] Elapsed since last report = 0[s]
[2026-04-21 23:56:48,811] Elapsed iters 1634000 inps 12800 outs 990
[2026-04-21 23:56:48,811] Elapsed since last report = 0[s]
[2026-04-21 23:56:48,811] Elapsed iters 1635000 inps 12800 outs 990
[2026-04-21 23:56:48,811] Elapsed since last report = 0[s]
[2026-04-21 23:56:48,811] Elapsed iters 1636000 inps 12800 outs 990
[2026-04-21 23:56:48,811] Elapsed since last report = 0[s]
[2026-04-21 23:56:48,811] Elapsed iters 1637000 inps 12800 outs 990
[2026-04-21 23:56:48,811] Elapsed since last report = 0[s]
[2026-04-21 23:56:48,811] Elapsed iters 1638000 inps 12800 outs 990
[2026-04-21 23:56:48,811] Elapsed since last report = 0[s]
[2026-04-21 23:56:48,811] Elapsed iters 1639000 inps 12800 outs 990
[2026-04-21 23:56:48,811] Elapsed since last report = 0[s]
[2026-04-21 23:56:48,811] Elapsed iters 1640000 inps 12800 outs 990
[2026-04-21 23:56:48,811] Elapsed since last report = 0[s]
[2026-04-21 23:56:48,811] Elapsed iters 1641000 inps 12800 outs 990
[2026-04-21 23:56:48,811] Elapsed since last report = 0[s]
[2026-04-21 23:56:48,811] Elapsed iters 1642000 inps 12800 outs 990
[2026-04-21 23:56:48,811] Elapsed since last report = 0[s]
[2026-04-21 23:56:48,811] Elapsed iters 1643000 inps 12800 outs 990
[2026-04-21 23:56:48,811] Elapsed since last report = 0[s]
[2026-04-21 23:56:48,811] Elapsed iters 1644000 inps 12800 outs 990
[2026-04-21 23:56:48,811] Elapsed since last report = 0[s]
[2026-04-21 23:56:48,811] Elapsed iters 1645000 inps 12800 outs 990
[2026-04-21 23:56:48,811] Elapsed since last report = 0[s]
[2026-04-21 23:56:48,811] Elapsed iters 1646000 inps 12800 outs 990
[2026-04-21 23:56:48,811] Elapsed since last report = 0[s]
[2026-04-21 23:56:48,811] Elapsed iters 1647000 inps 12800 outs 990
[2026-04-21 23:56:48,811] Elapsed since last report = 0[s]
[2026-04-21 23:56:48,811] Elapsed iters 1648000 inps 12800 outs 999
[2026-04-21 23:56:48,811] Elapsed since last report = 0[s]
[2026-04-21 23:56:48,811] Simulation finished
[2026-04-21 23:56:48,811] Number of inputs consumed 12800
[2026-04-21 23:56:48,811] Number of outputs produced 1000
[2026-04-21 23:56:48,811] Number of clock cycles 1648056
[2026-04-21 23:56:48,812] Running step: step_synthesize_bitfile [16/18]
[2026-04-21 23:56:48,823] /home/emanuel-hernandez/finn/src/finn/transformation/fpgadataflow/floorplan.py:107: UserWarning: 9 nodes have no entry in the provided floorplan, SLR was set to -1
[2026-04-21 23:56:48,823]   warnings.warn(
[2026-04-21 23:57:43,140] /home/emanuel-hernandez/finn/src/finn/transformation/fpgadataflow/prepare_ip.py:56: UserWarning: Using pre-existing code for StreamingDataflowPartition_1_StreamingFIFO_rtl_0
[2026-04-21 23:57:43,140]   warnings.warn("Using pre-existing code for %s" % node.name)
[2026-04-21 23:57:43,140] /home/emanuel-hernandez/finn/src/finn/transformation/fpgadataflow/prepare_ip.py:56: UserWarning: Using pre-existing code for StreamingDataflowPartition_1_MVAU_hls_0
[2026-04-21 23:57:43,140]   warnings.warn("Using pre-existing code for %s" % node.name)
[2026-04-21 23:57:43,140] /home/emanuel-hernandez/finn/src/finn/transformation/fpgadataflow/prepare_ip.py:56: UserWarning: Using pre-existing code for StreamingDataflowPartition_1_StreamingFIFO_rtl_1
[2026-04-21 23:57:43,140]   warnings.warn("Using pre-existing code for %s" % node.name)
[2026-04-21 23:57:43,140] /home/emanuel-hernandez/finn/src/finn/transformation/fpgadataflow/prepare_ip.py:56: UserWarning: Using pre-existing code for StreamingDataflowPartition_1_MVAU_hls_1
[2026-04-21 23:57:43,140]   warnings.warn("Using pre-existing code for %s" % node.name)
[2026-04-21 23:57:43,140] /home/emanuel-hernandez/finn/src/finn/transformation/fpgadataflow/prepare_ip.py:56: UserWarning: Using pre-existing code for StreamingDataflowPartition_1_StreamingFIFO_rtl_2
[2026-04-21 23:57:43,140]   warnings.warn("Using pre-existing code for %s" % node.name)
[2026-04-21 23:57:43,141] /home/emanuel-hernandez/finn/src/finn/transformation/fpgadataflow/prepare_ip.py:56: UserWarning: Using pre-existing code for StreamingDataflowPartition_1_MVAU_rtl_0
[2026-04-21 23:57:43,141]   warnings.warn("Using pre-existing code for %s" % node.name)
[2026-04-21 23:57:43,141] /home/emanuel-hernandez/finn/src/finn/transformation/fpgadataflow/prepare_ip.py:56: UserWarning: Using pre-existing code for StreamingDataflowPartition_1_StreamingFIFO_rtl_3
[2026-04-21 23:57:43,141]   warnings.warn("Using pre-existing code for %s" % node.name)
[2026-04-21 23:57:43,194] /home/emanuel-hernandez/finn/src/finn/transformation/fpgadataflow/hlssynth_ip.py:74: UserWarning: Using pre-existing IP for StreamingDataflowPartition_1_MVAU_hls_1
[2026-04-21 23:57:43,195]   warnings.warn("Using pre-existing IP for %s" % node.name)
[2026-04-21 23:57:43,196] /home/emanuel-hernandez/finn/src/finn/transformation/fpgadataflow/hlssynth_ip.py:74: UserWarning: Using pre-existing IP for StreamingDataflowPartition_1_MVAU_hls_0
[2026-04-21 23:57:43,196]   warnings.warn("Using pre-existing IP for %s" % node.name)
[2026-04-22 00:13:16,980] Bitfile written into 4-bits/finn_build/fc/bitfile
[2026-04-22 00:13:16,981] Running step: step_make_pynq_driver [17/18]
[2026-04-22 00:13:17,005] creating 4-bits/finn_build/fc/driver
[2026-04-22 00:13:17,005] copying /tmp/finn_dev_emanuel-hernandez/pynq_driver_6dolxq0i/validate.py -> 4-bits/finn_build/fc/driver
[2026-04-22 00:13:17,005] creating 4-bits/finn_build/fc/driver/finn
[2026-04-22 00:13:17,005] creating 4-bits/finn_build/fc/driver/finn/util
[2026-04-22 00:13:17,005] copying /tmp/finn_dev_emanuel-hernandez/pynq_driver_6dolxq0i/finn/util/data_packing.py -> 4-bits/finn_build/fc/driver/finn/util
[2026-04-22 00:13:17,005] copying /tmp/finn_dev_emanuel-hernandez/pynq_driver_6dolxq0i/finn/util/__init__.py -> 4-bits/finn_build/fc/driver/finn/util
[2026-04-22 00:13:17,005] creating 4-bits/finn_build/fc/driver/runtime_weights
[2026-04-22 00:13:17,006] copying /tmp/finn_dev_emanuel-hernandez/pynq_driver_6dolxq0i/driver_base.py -> 4-bits/finn_build/fc/driver
[2026-04-22 00:13:17,006] copying /tmp/finn_dev_emanuel-hernandez/pynq_driver_6dolxq0i/driver.py -> 4-bits/finn_build/fc/driver
[2026-04-22 00:13:17,006] creating 4-bits/finn_build/fc/driver/qonnx
[2026-04-22 00:13:17,006] creating 4-bits/finn_build/fc/driver/qonnx/util
[2026-04-22 00:13:17,006] copying /tmp/finn_dev_emanuel-hernandez/pynq_driver_6dolxq0i/qonnx/util/basic.py -> 4-bits/finn_build/fc/driver/qonnx/util
[2026-04-22 00:13:17,006] copying /tmp/finn_dev_emanuel-hernandez/pynq_driver_6dolxq0i/qonnx/util/__init__.py -> 4-bits/finn_build/fc/driver/qonnx/util
[2026-04-22 00:13:17,006] creating 4-bits/finn_build/fc/driver/qonnx/core
[2026-04-22 00:13:17,006] copying /tmp/finn_dev_emanuel-hernandez/pynq_driver_6dolxq0i/qonnx/core/datatype.py -> 4-bits/finn_build/fc/driver/qonnx/core
[2026-04-22 00:13:17,006] copying /tmp/finn_dev_emanuel-hernandez/pynq_driver_6dolxq0i/qonnx/core/__init__.py -> 4-bits/finn_build/fc/driver/qonnx/core
[2026-04-22 00:13:17,006] PYNQ Python driver written into 4-bits/finn_build/fc/driver
[2026-04-22 00:13:17,006] Running step: step_deployment_package [18/18]
[2026-04-22 00:13:17,006] creating 4-bits/finn_build/fc/deploy/bitfile
[2026-04-22 00:13:17,006] copying 4-bits/finn_build/fc/bitfile/finn-accel.bit -> 4-bits/finn_build/fc/deploy/bitfile
[2026-04-22 00:13:17,010] copying 4-bits/finn_build/fc/bitfile/finn-accel.hwh -> 4-bits/finn_build/fc/deploy/bitfile
[2026-04-22 00:13:17,010] creating 4-bits/finn_build/fc/deploy/driver
[2026-04-22 00:13:17,010] copying 4-bits/finn_build/fc/driver/validate.py -> 4-bits/finn_build/fc/deploy/driver
[2026-04-22 00:13:17,010] creating 4-bits/finn_build/fc/deploy/driver/finn
[2026-04-22 00:13:17,010] creating 4-bits/finn_build/fc/deploy/driver/finn/util
[2026-04-22 00:13:17,010] copying 4-bits/finn_build/fc/driver/finn/util/data_packing.py -> 4-bits/finn_build/fc/deploy/driver/finn/util
[2026-04-22 00:13:17,010] copying 4-bits/finn_build/fc/driver/finn/util/__init__.py -> 4-bits/finn_build/fc/deploy/driver/finn/util
[2026-04-22 00:13:17,010] creating 4-bits/finn_build/fc/deploy/driver/runtime_weights
[2026-04-22 00:13:17,010] copying 4-bits/finn_build/fc/driver/driver_base.py -> 4-bits/finn_build/fc/deploy/driver
[2026-04-22 00:13:17,010] copying 4-bits/finn_build/fc/driver/driver.py -> 4-bits/finn_build/fc/deploy/driver
[2026-04-22 00:13:17,010] creating 4-bits/finn_build/fc/deploy/driver/qonnx
[2026-04-22 00:13:17,010] creating 4-bits/finn_build/fc/deploy/driver/qonnx/util
[2026-04-22 00:13:17,011] copying 4-bits/finn_build/fc/driver/qonnx/util/basic.py -> 4-bits/finn_build/fc/deploy/driver/qonnx/util
[2026-04-22 00:13:17,011] copying 4-bits/finn_build/fc/driver/qonnx/util/__init__.py -> 4-bits/finn_build/fc/deploy/driver/qonnx/util
[2026-04-22 00:13:17,011] creating 4-bits/finn_build/fc/deploy/driver/qonnx/core
[2026-04-22 00:13:17,011] copying 4-bits/finn_build/fc/driver/qonnx/core/datatype.py -> 4-bits/finn_build/fc/deploy/driver/qonnx/core
[2026-04-22 00:13:17,011] copying 4-bits/finn_build/fc/driver/qonnx/core/__init__.py -> 4-bits/finn_build/fc/deploy/driver/qonnx/core
[2026-04-22 00:26:48,420] Using selector: EpollSelector
[2026-04-22 00:26:48,426] handle_msg[ebdcc029-c67f-4d6f-a1ee-6e300d46fb12]({'header': {'date': datetime.datetime(2026, 4, 22, 0, 26, 48, 353000, tzinfo=tzutc()), 'msg_id': '707df21b-2def-4b61-89e1-906df47db909', 'msg_type': 'comm_msg', 'session': '239688f1-a8f0-4c81-b325-8de1b15e04ea', 'username': '', 'subshell_id': None, 'version': '5.2'}, 'msg_id': '707df21b-2def-4b61-89e1-906df47db909', 'msg_type': 'comm_msg', 'parent_header': {}, 'metadata': {}, 'content': {'comm_id': 'ebdcc029-c67f-4d6f-a1ee-6e300d46fb12', 'data': {'method': 'request_states'}}, 'buffers': []})
[2026-04-22 00:26:48,439] handle_close[ebdcc029-c67f-4d6f-a1ee-6e300d46fb12]({'header': {'date': datetime.datetime(2026, 4, 22, 0, 26, 48, 437000, tzinfo=tzutc()), 'msg_id': 'fb352811-948f-46b9-a608-437f7b45cc2b', 'msg_type': 'comm_close', 'session': '239688f1-a8f0-4c81-b325-8de1b15e04ea', 'username': '', 'subshell_id': 'bd80ad84-1d2c-4e6b-915b-050bc06b00eb', 'version': '5.2'}, 'msg_id': 'fb352811-948f-46b9-a608-437f7b45cc2b', 'msg_type': 'comm_close', 'parent_header': {}, 'metadata': {}, 'content': {'comm_id': 'ebdcc029-c67f-4d6f-a1ee-6e300d46fb12', 'data': {}}, 'buffers': []})
[2026-04-22 00:26:53,063] Using selector: EpollSelector
[2026-04-22 00:26:53,068] handle_msg[affcac12-b5be-4db2-a40c-61a33f305988]({'header': {'date': datetime.datetime(2026, 4, 22, 0, 26, 53, 2000, tzinfo=tzutc()), 'msg_id': '48ae3a6b-7dbd-40a7-b7c4-73f76073dd3b', 'msg_type': 'comm_msg', 'session': '8d9549e7-fa0f-458b-bb9d-03154218e37c', 'username': '', 'subshell_id': None, 'version': '5.2'}, 'msg_id': '48ae3a6b-7dbd-40a7-b7c4-73f76073dd3b', 'msg_type': 'comm_msg', 'parent_header': {}, 'metadata': {}, 'content': {'comm_id': 'affcac12-b5be-4db2-a40c-61a33f305988', 'data': {'method': 'request_states'}}, 'buffers': []})
[2026-04-22 00:26:53,080] Task was destroyed but it is pending!
task: <Task pending name='Task-164' coro=<_async_in_context.<locals>.run_in_context_pre311() running at /usr/local/lib/python3.10/dist-packages/ipykernel/utils.py:76> cb=[ZMQStream._run_callback.<locals>._log_error() at /usr/local/lib/python3.10/dist-packages/zmq/eventloop/zmqstream.py:563]>
