{"accuracy": [0.10443864017724991, 0.1788511723279953, 0.23933856189250946, 0.24456048011779785, 0.3141862452030182, 0.3167972266674042, 0.3520452678203583, 0.3724978268146515, 0.4116623103618622, 0.42776328325271606, 0.44125327467918396, 0.4564839005470276, 0.4773716330528259, 0.5013054609298706, 0.5134899616241455, 0.5317667722702026, 0.5282854437828064, 0.5426457524299622, 0.5535247921943665, 0.5896431803703308, 0.5765883326530457, 0.5831157565116882, 0.6057441234588623, 0.6201044321060181, 0.6083551049232483, 0.6379460692405701, 0.6257615089416504, 0.6335944533348083, 0.6557876467704773, 0.6583986282348633, 0.6666666865348816, 0.6588337421417236, 0.6801566481590271, 0.6879895329475403, 0.6901653409004211, 0.6966927647590637, 0.7014795541763306, 0.7093124389648438, 0.7110530734062195, 0.7197563052177429, 0.7145344018936157, 0.7223672866821289, 0.7336814403533936, 0.7502175569534302, 0.7402088642120361, 0.7402088642120361, 0.7445604801177979, 0.7593559622764587, 0.7497824430465698, 0.7610965967178345, 0.7615317702293396, 0.767624020576477, 0.7789382338523865, 0.7919930219650269, 0.7911227345466614, 0.792428195476532, 0.7819843292236328, 0.79982590675354, 0.8067885041236877, 0.7932985424995422, 0.7893821001052856, 0.807658851146698, 0.807658851146698, 0.8046126961708069, 0.8294168710708618, 0.8133159279823303, 0.8307223916053772, 0.8311575055122375, 0.8342036604881287, 0.8298520445823669, 0.8359442949295044, 0.8302872180938721, 0.8376849293708801, 0.8420365452766418, 0.8368146419525146, 0.8294168710708618, 0.8463881611824036, 0.8542210459709167, 0.8337684869766235, 0.8459529876708984, 0.8494343161582947, 0.8507397770881653, 0.8516101241111755, 0.8603132963180542, 0.857702374458313, 0.8594430088996887, 0.8568320274353027, 0.8664055466651917, 0.8572672009468079, 0.8603132963180542, 0.8685813546180725, 0.8611836433410645, 0.8681462407112122, 0.8781549334526062, 0.8707571625709534, 0.8781549334526062, 0.8659704327583313, 0.877284586429596, 0.8877284526824951, 0.8724977970123291], "loss": [2.982905387878418, 2.279690742492676, 2.1329166889190674, 2.0777132511138916, 1.9796326160430908, 1.9332376718521118, 1.8543574810028076, 1.786043405532837, 1.7306486368179321, 1.651699185371399, 1.5959638357162476, 1.5687094926834106, 1.5136793851852417, 1.4492814540863037, 1.4132647514343262, 1.3774007558822632, 1.3548568487167358, 1.3173431158065796, 1.2662861347198486, 1.2273664474487305, 1.222822904586792, 1.1976162195205688, 1.137251377105713, 1.113924264907837, 1.0974100828170776, 1.0768181085586548, 1.0821090936660767, 1.032895565032959, 0.9813432097434998, 0.9957409501075745, 0.9695426821708679, 0.9584579467773438, 0.9287214279174805, 0.9179195761680603, 0.8928707242012024, 0.8611281514167786, 0.8673577904701233, 0.8427194356918335, 0.8308574557304382, 0.8309690356254578, 0.8343314528465271, 0.8027087450027466, 0.7755264639854431, 0.7473078370094299, 0.7579483389854431, 0.7444655895233154, 0.7272024154663086, 0.6998752951622009, 0.7178922891616821, 0.6864957213401794, 0.6669454574584961, 0.6635833382606506, 0.643355131149292, 0.617959201335907, 0.6362573504447937, 0.6179322004318237, 0.6309350728988647, 0.5932758450508118, 0.5790436863899231, 0.596670925617218, 0.5877465009689331, 0.5728059411048889, 0.555784285068512, 0.5569320321083069, 0.5352426171302795, 0.5335577726364136, 0.5111408233642578, 0.507777214050293, 0.4979635775089264, 0.4887687861919403, 0.4997462034225464, 0.4894482493400574, 0.4788425862789154, 0.46126943826675415, 0.47757333517074585, 0.47451892495155334, 0.45673009753227234, 0.43337759375572205, 0.47233784198760986, 0.4380166232585907, 0.4475770592689514, 0.4329257011413574, 0.43400219082832336, 0.42825382947921753, 0.41760483384132385, 0.40731287002563477, 0.4141680598258972, 0.39648640155792236, 0.4003038704395294, 0.3988823890686035, 0.38507333397865295, 0.39581534266471863, 0.3774033784866333, 0.3728177547454834, 0.387106329202652, 0.3656953275203705, 0.38220518827438354, 0.36458832025527954, 0.3538070023059845, 0.36048051714897156], "val_accuracy": [0.11585365980863571, 0.10569106042385101, 0.13008129596710205, 0.15040650963783264, 0.26829269528388977, 0.36178863048553467, 0.4268292784690857, 0.45325204730033875, 0.4918699264526367, 0.522357702255249, 0.5304877758026123, 0.5487805008888245, 0.565040647983551, 0.577235758304596, 0.5914633870124817, 0.630081295967102, 0.6565040946006775, 0.6768292784690857, 0.672764241695404, 0.6788617968559265, 0.6930894255638123, 0.7113820910453796, 0.7256097793579102, 0.672764241695404, 0.7317073345184326, 0.7357723712921143, 0.75, 0.7560975551605225, 0.7845528721809387, 0.7581300735473633, 0.792682945728302, 0.7987805008888245, 0.7886179089546204, 0.8008130192756653, 0.8069105744361877, 0.7987805008888245, 0.8170731663703918, 0.8211382031440735, 0.827235758304596, 0.8333333134651184, 0.8313007950782776, 0.8475610017776489, 0.8394308686256409, 0.8434959053993225, 0.8414633870124817, 0.8556910753250122, 0.8516260385513306, 0.857723593711853, 0.8597561120986938, 0.8475610017776489, 0.8658536672592163, 0.8617886304855347, 0.880081295967102, 0.857723593711853, 0.8902438879013062, 0.8780487775802612, 0.8780487775802612, 0.8821138143539429, 0.8861788511276245, 0.892276406288147, 0.9085366129875183, 0.8902438879013062, 0.9044715166091919, 0.8739837408065796, 0.9065040946006775, 0.9085366129875183, 0.9044715166091919, 0.9186992049217224, 0.9166666865348816, 0.9146341681480408, 0.922764241695404, 0.9288617968559265, 0.9329268336296082, 0.9308943152427673, 0.9105691313743591, 0.9126016497612, 0.9268292784690857, 0.934959352016449, 0.9451219439506531, 0.9430894255638123, 0.9491869807243347, 0.9390243887901306, 0.9288617968559265, 0.9410569071769714, 0.9430894255638123, 0.9491869807243347, 0.9430894255638123, 0.9491869807243347, 0.9369918704032898, 0.9512194991111755, 0.9512194991111755, 0.9512194991111755, 0.9552845358848572, 0.9552845358848572, 0.957317054271698, 0.9593495726585388, 0.957317054271698, 0.9552845358848572, 0.957317054271698, 0.9593495726585388],