{
  "loss": [
    2.2295477390289307,
    1.8665430545806885,
    1.5226680040359497,
    1.2397005558013916,
    1.0669320821762085,
    0.9217532277107239,
    0.829539954662323,
    0.7234551310539246,
    0.6795041561126709,
    0.656471312046051,
    0.5749292969703674,
    0.5512901544570923,
    0.5038391947746277,
    0.4854116439819336,
    0.475361704826355,
    0.4131641685962677,
    0.3892252445220947,
    0.38013264536857605,
    0.35792624950408936,
    0.3510911762714386,
    0.3198854625225067,
    0.31479957699775696,
    0.297576367855072,
    0.29420197010040283,
    0.3011793792247772,
    0.2648972272872925,
    0.2612434923648834,
    0.24999745190143585,
    0.24523627758026123,
    0.22578638792037964,
    0.2335285097360611,
    0.22017134726047516,
    0.2202773243188858,
    0.21186043322086334,
    0.20815862715244293,
    0.18090330064296722,
    0.21593813598155975,
    0.20320695638656616,
    0.20235614478588104,
    0.17614689469337463,
    0.15864288806915283,
    0.1609766185283661,
    0.1522645801305771,
    0.15463149547576904,
    0.14190685749053955,
    0.13804040849208832,
    0.1473933309316635,
    0.142776757478714,
    0.14220179617404938,
    0.1484667956829071,
    0.1408647745847702,
    0.142048180103302,
    0.12890903651714325,
    0.14206796884536743,
    0.13264068961143494,
    0.11678048223257065,
    0.11011292785406113,
    0.10812819004058838,
    0.10211281478404999,
    0.11182627081871033,
    0.10881420969963074,
    0.10557421296834946,
    0.09317542612552643,
    0.10064887255430222,
    0.09529252350330353,
    0.10991232097148895,
    0.09983938932418823,
    0.11055881530046463,
    0.09556515514850616,
    0.09217886626720428,
    0.10070996731519699,
    0.1001596748828888,
    0.09270134568214417,
    0.0942162573337555,
    0.09692005068063736,
    0.0916726291179657,
    0.0848555639386177,
    0.09063452482223511,
    0.09435531497001648,
    0.08633127808570862,
    0.09343072026968002,
    0.08210587501525879,
    0.08637022972106934,
    0.08115751296281815,
    0.08347836136817932,
    0.07571547478437424,
    0.08192429691553116,
    0.08267359435558319,
    0.0700894296169281,
    0.07839684933423996,
    0.07456482946872711,
    0.07528070360422134,
    0.08122701197862625,
    0.07473409920930862,
    0.07939188927412033,
    0.0783282071352005,
    0.0829697996377945,
    0.07454434037208557,
    0.0798489898443222,
    0.07648191601037979
  ],
  "accuracy": [
    0.23281113803386688,
    0.3485639691352844,
    0.4808529019355774,
    0.5639686584472656,
    0.6270670294761658,
    0.6779808402061462,
    0.6988685727119446,
    0.744995653629303,
    0.7497824430465698,
    0.7728459239006042,
    0.8002610802650452,
    0.815056562423706,
    0.8220191597938538,
    0.8350739479064941,
    0.8394255638122559,
    0.8633594512939453,
    0.8637946248054504,
    0.8633594512939453,
    0.8759791254997253,
    0.8751087784767151,
    0.8964316844940186,
    0.8907746076583862,
    0.902523934841156,
    0.9003481268882751,
    0.8929504156112671,
    0.905134916305542,
    0.9086161851882935,
    0.9147084355354309,
    0.9142732620239258,
    0.9238468408584595,
    0.9229764938354492,
    0.9225413203239441,
    0.9234116673469543,
    0.9229764938354492,
    0.9268929362297058,
    0.9456048607826233,
    0.9281984567642212,
    0.9312445521354675,
    0.9290687441825867,
    0.9438642263412476,
    0.9490861892700195,
    0.9442993998527527,
    0.9543080925941467,
    0.9460400342941284,
    0.9530026316642761,
    0.9530026316642761,
    0.9490861892700195,
    0.955178439617157,
    0.9595300555229187,
    0.9508268237113953,
    0.9503916501998901,
    0.949956476688385,
    0.9586597084999084,
    0.9556135535240173,
    0.9564839005470276,
    0.9617058038711548,
    0.9660574197769165,
    0.965187132358551,
    0.9686684012413025,
    0.9612706899642944,
    0.9682332277297974,
    0.9638816118240356,
    0.9682332277297974,
    0.9664925932884216,
    0.9712793827056885,
    0.9608355164527893,
    0.9673629403114319,
    0.959965169429779,
    0.9708442091941833,
    0.9725848436355591,
    0.9669277667999268,
    0.9660574197769165,
    0.9673629403114319,
    0.9669277667999268,
    0.9682332277297974,
    0.9708442091941833,
    0.9712793827056885,
    0.9708442091941833,
    0.9656223058700562,
    0.9760661721229553,
    0.9669277667999268,
    0.9730200171470642,
    0.9704090356826782,
    0.9751958250999451,
    0.9734551906585693,
    0.9738903641700745,
    0.9751958250999451,
    0.977806806564331,
    0.9799826145172119,
    0.9747606515884399,
    0.9747606515884399,
    0.9756309986114502,
    0.9760661721229553,
    0.9786770939826965,
    0.9747606515884399,
    0.9738903641700745,
    0.9756309986114502,
    0.9765012860298157,
    0.9734551906585693,
    0.9756309986114502
  ],
  "val_loss": [
    2.174802780151367,
    1.9934512376785278,
    1.5705194473266602,
    1.2242820262908936,
    0.9809471964836121,
    0.7807581424713135,
    0.6259192824363708,
    0.6190337538719177,
    0.6190175414085388,
    0.46025463938713074,
    0.4801197946071625,
    0.38342565298080444,
    0.5445694327354431,
    0.5576665997505188,
    0.5318111777305603,
    0.2274159938097,
    0.30471619963645935,
    0.3108157217502594,
    0.22391627728939056,
    0.2536718547344208,
    0.27131596207618713,
    0.41683098673820496,
    0.17677392065525055,
    0.1823333352804184,
    0.15280801057815552,
    0.2980820834636688,
    0.4802747666835785,
    0.26121801137924194,
    0.14267128705978394,
    0.1461103856563568,
    0.1530068963766098,
    0.2423243373632431,
    0.1550416499376297,
    0.24919472634792328,
    0.17961877584457397,
    0.1734175980091095,
    0.16304700076580048,
    0.16415858268737793,
    0.2778143584728241,
    0.07608520984649658,
    0.0909765213727951,
    0.14984159171581268,
    0.09541387110948563,
    0.14117853343486786,
    0.06764625757932663,
    0.10091933608055115,
    0.0790417268872261,
    0.08180686086416245,
    0.08034952729940414,
    0.07890163362026215,
    0.12385733425617218,
    0.08169584721326828,
    0.0857890248298645,
    0.12012914568185806,
    0.13089150190353394,
    0.06313975900411606,
    0.05059279501438141,
    0.04779216647148132,
    0.07159837335348129,
    0.05363026261329651,
    0.07930747419595718,
    0.048279937356710434,
    0.06469475477933884,
    0.04399390518665314,
    0.047073837369680405,
    0.041385915130376816,
    0.06875921040773392,
    0.04593916982412338,
    0.054035525768995285,
    0.057786695659160614,
    0.05629803240299225,
    0.05342181399464607,
    0.050099927932024,
    0.05615909397602081,
    0.06721364706754684,
    0.04761502519249916,
    0.03368889167904854,
    0.048216596245765686,
    0.04905281960964203,
    0.03485139086842537,
    0.034144774079322815,
    0.03513990342617035,
    0.04099062457680702,
    0.03646838665008545,
    0.054943859577178955,
    0.042437609285116196,
    0.03854842483997345,
    0.03263462334871292,
    0.03003908507525921,
    0.03302420303225517,
    0.03191784769296646,
    0.031131712719798088,
    0.03046376071870327,
    0.03191179782152176,
    0.033478546887636185,
    0.030121199786663055,
    0.03456198424100876,
    0.03295549005270004,
    0.030922114849090576,
    0.03138021379709244
  ],