{
  "loss": [
    81.7682876586914,
    81.18948364257812,
    79.84895324707031,
    76.04822540283203,
    76.25204467773438,
    74.42750549316406,
    72.79518127441406,
    70.25691986083984,
    67.56939697265625,
    69.61837768554688,
    67.34596252441406,
    66.50912475585938,
    64.27464294433594,
    66.06536102294922,
    63.55937957763672,
    64.38790130615234,
    63.48310852050781,
    62.57801055908203,
    60.7804069519043,
    61.41156005859375,
    60.88291549682617,
    57.94209671020508,
    57.845577239990234,
    59.35650634765625,
    59.251644134521484,
    57.20846939086914,
    58.84201431274414,
    60.144927978515625,
    58.47646713256836,
    56.157047271728516
  ],
  "accuracy": [
    0.11183638125658035,
    0.10008703172206879,
    0.10052219033241272,
    0.097476065158844,
    0.10139251500368118,
    0.1083550900220871,
    0.10400348156690598,
    0.10748477280139923,
    0.11096605658531189,
    0.11270669847726822,
    0.11140121519565582,
    0.10356832295656204,
    0.11357702314853668,
    0.1070496067404747,
    0.10791993141174316,
    0.11053089797496796,
    0.11053089797496796,
    0.11227153986692429,
    0.11575283110141754,
    0.11618798971176147,
    0.11836379766464233,
    0.12793733179569244,
    0.13185378909111023,
    0.11966928094625473,
    0.12140992283821106,
    0.1422976553440094,
    0.11401218175888062,
    0.1261966973543167,
    0.1261966973543167,
    0.13751088082790375
  ],
  "val_loss": [
    32.508522033691406,
    30.065305709838867,
    28.923324584960938,
    27.830900192260742,
    27.39246368408203,
    26.824674606323242,
    26.748619079589844,
    26.530086517333984,
    26.359949111938477,
    25.784990310668945,
    25.24491310119629,
    25.129737854003906,
    25.072771072387695,
    23.941640853881836,
    23.36540412902832,
    23.157258987426758,
    23.11339569091797,
    22.93808937072754,
    22.677642822265625,
    22.574663162231445,
    22.377986907958984,
    21.689586639404297,
    21.647459030151367,
    21.269338607788086,
    21.538997650146484,
    21.080095291137695,
    21.032032012939453,
    20.96468734741211,
    20.604135513305664,
    20.27791976928711
  ],
  "val_accuracy": [
    0.08943089097738266,
    0.11585365980863571,
    0.12804877758026123,
    0.14024390280246735,
    0.1565040647983551,
    0.16260161995887756,
    0.17276422679424286,
    0.1666666716337204,
    0.17073170840740204,
    0.1768292635679245,
    0.17479674518108368,
    0.1666666716337204,
    0.1666666716337204,
    0.16869919002056122,
    0.1666666716337204,
    0.17276422679424286,
    0.17479674518108368,
    0.1768292635679245,
    0.17479674518108368,
    0.17886178195476532,
    0.1768292635679245,
    0.17479674518108368,
    0.18089431524276733,
    0.17886178195476532,
    0.17886178195476532,
    0.17886178195476532,
    0.17886178195476532,
    0.17886178195476532,
    0.1768292635679245,
    0.17886178195476532
  ]
}