{"train_loss": [2.204827844007208, 2.0085791425148853, 1.8352459771826124, 1.6726565044584016, 1.4891639652202397, 1.3488198402552525, 1.2416616871213788, 1.1825176644470508, 1.0989868902350841, 1.0336268834179645, 0.9560848021113011, 0.9413477886853994, 0.9033271651666407, 0.8750742859587242, 0.8585090185892489, 0.8584538865234668, 0.805742755778672, 0.8164477332765067, 0.7877566403570748, 0.7563350386366416, 0.7476204712563126, 0.7210494316692867, 0.7110991539179086, 0.7140168049109303, 0.6848307764976309, 0.6709657944317379, 0.6706755467349286, 0.6628798365696708, 0.6467473843079011, 0.6351892704337031, 0.6315688376223346, 0.6227176861725651, 0.5704300885515902, 0.6031200445870714, 0.5809850044049213, 0.6082978629619791, 0.5656251679356976, 0.5722853472380144, 0.5545571510744053, 0.5412547604429712, 0.5232229604214768, 0.5442853477127766, 0.5186140924769966, 0.5450581692425036, 0.5183989712214657, 0.5337995882133902, 0.5110184715767339, 0.5089734834209538, 0.5251442642705766, 0.49870990243966523, 0.4887971599481747, 0.5216911931054503, 0.49681893948164063, 0.4794486566561009, 0.46933254296101107, 0.4823702759748962, 0.4881358748420204, 0.4687431730894134, 0.4846179551202593, 0.4668000568194012, 0.4554352221331252, 0.45897905091496527, 0.4528981657833302, 0.4402252367208894, 0.468969706455659, 0.4466361510587631, 0.4082515753280401, 0.40650521832201353, 0.4029238183307482, 0.4090120139539086, 0.4179672415719227, 0.41534798678571605, 0.39226355025620957, 0.4091718497096818], "val_loss": [2.0438448258531774, 1.8710179144774026, 1.6480702626995924, 1.479183576940521, 1.2850648755949687, 1.153905027280978, 1.0103581872412828, 0.9801919353686697, 0.8958069328370133, 0.8534698573554435, 0.8096389969189962, 0.7888748796005559, 0.7404755155245463, 0.6588723659515381, 0.6296790910930168, 0.6853344154551746, 0.6076418389149798, 0.6059227454953078, 0.5543678625812375, 0.6358008302324186, 0.5145596319097814, 0.5066277767584576, 0.50862504796284, 0.5454531021234466, 0.4931375234107661, 0.4763309495235846, 0.5188906139474574, 0.5129949014361311, 0.4778232535695642, 0.4464221572488304, 0.4534356942990931, 0.48703478603828243, 0.44425513007776524, 0.39979067759785225, 0.4812510803463013, 0.4791948015127725, 0.4978730002554452, 0.4342569231502409, 0.42181007430805423, 0.42219169183475214, 0.430208565016103, 0.3724885195251403, 0.40764112685754045, 0.6556231268053132, 0.37584868945726535, 0.3856583029274049, 0.3684851277649887, 0.4629702451752453, 0.4627245090356687, 0.4387664613200397, 0.648182945038245, 0.3826838530660645, 0.4477167274893784, 0.3503289574045476, 0.38281157394734827, 0.4361002675401486, 0.5385675478756913, 0.3586064317846686, 0.4631724897923508, 0.3952085819186234, 0.3810118816005505, 0.37739627014815325, 0.38277891605365566, 0.4395131330664565, 0.5642421630824485, 0.37019199811346165, 0.3623388569529464, 0.3938318220822792, 0.39085620338839244, 0.3533874169840076, 0.366690272722787, 0.35086118242120357, 0.38875464331812976, 0.42407689310186275], "train_acc": [0.19234116623150566, 0.26979982593559615, 0.3372497824194952, 0.4042645778938207, 0.4825935596170583, 0.5134899912967799, 0.5500435161009574, 0.577023498694517, 0.6153176675369887, 0.6161879895561357, 0.6523063533507397, 0.6496953872932986, 0.6727589208006962, 0.675805047867711, 0.6884247171453438, 0.6771105308964317, 0.7127937336814621, 0.70147954743255, 0.7175805047867712, 0.7145343777197564, 0.7254134029590948, 0.7362924281984334, 0.7362924281984334, 0.737597911227154, 0.7554395126196692, 0.7515230635335074, 0.7541340295909487, 0.7563098346388164, 0.768059181897302, 0.7628372497824195, 0.7615317667536988, 0.7654482158398608, 0.7824194952132288, 0.7693646649260226, 0.7837249782419495, 0.7654482158398608, 0.7932985204525674, 0.7837249782419495, 0.7924281984334204, 0.7998259355961705, 0.8054830287206266, 0.7906875543951262, 0.8085291557876414, 0.8006962576153177, 0.8107049608355091, 0.799390774586597, 0.8072236727589208, 0.8198433420365535, 0.7998259355961705, 0.8133159268929504, 0.8154917319408181, 0.7998259355961705, 0.8089643167972149, 0.8128807658833769, 0.8255004351610096, 0.8172323759791122, 0.8189730200174065, 0.8285465622280244, 0.8141862489120975, 0.8302872062663186, 0.8255004351610096, 0.825065274151436, 0.824194952132289, 0.8333333333333334, 0.8185378590078329, 0.8350739773716275, 0.8472584856396866, 0.8494342906875544, 0.845082680591819, 0.8463881636205396, 0.8381201044386423, 0.8376849434290687, 0.855526544821584, 0.8446475195822454], "val_acc": [0.31910569105691056, 0.3943089430894309, 0.491869918699187, 0.5589430894308943, 0.6443089430894309, 0.6300813008130082, 0.6808943089430894, 0.6707317073170732, 0.7052845528455285, 0.7073170731707317, 0.741869918699187, 0.7398373983739838, 0.7682926829268293, 0.8109756097560976, 0.8008130081300813, 0.7845528455284553, 0.8170731707317073, 0.8089430894308943, 0.8434959349593496, 0.8211382113821138, 0.8495934959349594, 0.8597560975609756, 0.8638211382113821, 0.823170731707317, 0.8495934959349594, 0.8556910569105691, 0.8414634146341463, 0.8252032520325203, 0.8475609756097561, 0.8495934959349594, 0.8577235772357723, 0.8475609756097561, 0.8536585365853658, 0.8780487804878049, 0.8556910569105691, 0.8434959349593496, 0.8109756097560976, 0.8699186991869918, 0.8577235772357723, 0.8739837398373984, 0.8495934959349594, 0.8902439024390244, 0.8821138211382114, 0.7560975609756098, 0.8963414634146342, 0.8739837398373984, 0.8882113821138211, 0.8556910569105691, 0.8475609756097561, 0.8516260162601627, 0.7886178861788617, 0.8780487804878049, 0.8516260162601627, 0.8902439024390244, 0.8963414634146342, 0.8516260162601627, 0.8414634146341463, 0.9024390243902439, 0.8536585365853658, 0.8902439024390244, 0.8882113821138211, 0.8821138211382114, 0.8800813008130082, 0.8658536585365854, 0.8333333333333334, 0.8902439024390244, 0.9024390243902439, 0.8841463414634146, 0.8861788617886179, 0.9065040650406504, 0.8821138211382114, 0.8922764227642277, 0.8861788617886179, 0.8780487804878049]}