{"train_loss": [0.45447066371808165, 0.4364352826972543, 0.42745399490660224, 0.41432515057768377, 0.4286146185209276, 0.4300084944856592, 0.41804341314355636, 0.42401743219197574, 0.4369473216116584, 0.4331781493258331, 0.4206294926536716, 0.4381968130149252, 0.4205521533964404, 0.4290316590959866, 0.4307401700057187, 0.4272443595609009, 0.4289699754993017], "val_loss": [0.3574285778572889, 0.34295342874720813, 0.3455562385601726, 0.34085263663191134, 0.3464777033503463, 0.33736788790400435, 0.3313184562252789, 0.34193107800755074, 0.3347595673266465, 0.34142268212830146, 0.33322407680798355, 0.3400608007985402, 0.33276693607733504, 0.3367068619747472, 0.3363165789987983, 0.3364437297592318, 0.33770827936932324], "train_acc": [0.8276762402088773, 0.8368146214099217, 0.84029590948651, 0.839425587467363, 0.8411662315056571, 0.8398607484769365, 0.845082680591819, 0.8398607484769365, 0.8298520452567449, 0.8407310704960835, 0.8433420365535248, 0.8337684943429069, 0.84029590948651, 0.8381201044386423, 0.8333333333333334, 0.8389904264577894, 0.8350739773716275], "val_acc": [0.8882113821138211, 0.8841463414634146, 0.8882113821138211, 0.8861788617886179, 0.8882113821138211, 0.8902439024390244, 0.9004065040650406, 0.8902439024390244, 0.8922764227642277, 0.8963414634146342, 0.8902439024390244, 0.8882113821138211, 0.8922764227642277, 0.9004065040650406, 0.8882113821138211, 0.8983739837398373, 0.8963414634146342]}