{"train_loss": [0.39415508472369587, 0.38120868384474976, 0.3741796565014347, 0.37230945287111844, 0.39182043002936195, 0.36169243227200887, 0.3806444553835066, 0.38201382442388043, 0.37638379066689726, 0.378534522260968, 0.3592610206159952, 0.3810421415678411, 0.35548512729693743, 0.3687776513884024, 0.368221925381892, 0.36533973370561196, 0.35665653403475556, 0.36395056248748686, 0.3827067755221076, 0.3628194226297324, 0.3586811536908461, 0.3614827061446466, 0.35506442375967456, 0.37740515373498074, 0.3512624356412597, 0.3598310162545911, 0.36056445815233273], "val_loss": [0.32284992933273315, 0.32170158267263477, 0.3332372656682642, 0.31337061033743185, 0.32600512131442866, 0.3125017498566852, 0.31270647491139125, 0.3101453859268165, 0.31315190817524746, 0.3219421728233981, 0.3073449822339585, 0.3108317687259457, 0.30739194033591727, 0.3097000220805649, 0.32004023609849497, 0.3236466215514555, 0.3015424701862219, 0.31174210471108676, 0.3109378793496427, 0.3113075911514158, 0.31374905161499006, 0.313450468325518, 0.31969106706177314, 0.30690382209008304, 0.3088602784082172, 0.3135003426331815, 0.31175048879491607], "train_acc": [0.8455178416013925, 0.8533507397737162, 0.8620539599651871, 0.8559617058311575, 0.856396866840731, 0.8642297650130548, 0.8529155787641427, 0.8511749347258486, 0.8568320278503047, 0.8577023498694517, 0.8664055700609226, 0.860313315926893, 0.8668407310704961, 0.8655352480417755, 0.8664055700609226, 0.8546562228024369, 0.8664055700609226, 0.8607484769364665, 0.8559617058311575, 0.8651000870322019, 0.8724978241949521, 0.860313315926893, 0.8664055700609226, 0.8624891209747607, 0.8694516971279374, 0.8637946040034813, 0.8716275021758051], "val_acc": [0.9166666666666666, 0.9105691056910569, 0.9166666666666666, 0.9146341463414634, 0.9166666666666666, 0.9227642276422764, 0.9166666666666666, 0.9146341463414634, 0.9146341463414634, 0.9126016260162602, 0.9146341463414634, 0.9166666666666666, 0.9186991869918699, 0.9186991869918699, 0.9186991869918699, 0.9126016260162602, 0.9166666666666666, 0.9186991869918699, 0.9166666666666666, 0.9146341463414634, 0.9186991869918699, 0.9105691056910569, 0.9146341463414634, 0.9126016260162602, 0.9146341463414634, 0.9207317073170732, 0.9126016260162602]}