{"train_loss": [0.6129482469940517, 0.5843396575892874, 0.5917160912531163, 0.6191607669086638, 0.5585937874539195, 0.5788213178787779, 0.5747518096932959, 0.5540221008246001, 0.5262226090418763, 0.5329791159086169, 0.5585121786314264], "val_loss": [0.40838992232229654, 0.5587976201762997, 0.49898472258715126, 0.4278921933193517, 0.43373615833801954, 0.46538466069756484, 0.4721951869929709, 0.5100115872010952, 0.6211629463889734, 0.6320398871491595, 0.45023282950486593], "train_acc": [0.757615317667537, 0.7745865970409052, 0.7732811140121845, 0.7515230635335074, 0.7798085291557877, 0.7763272410791993, 0.7789382071366405, 0.7854656222802436, 0.8011314186248912, 0.8002610966057441, 0.7880765883376849], "val_acc": [0.8719512195121951, 0.8292682926829268, 0.8272357723577236, 0.8719512195121951, 0.8739837398373984, 0.8475609756097561, 0.8495934959349594, 0.8414634146341463, 0.7784552845528455, 0.790650406504065, 0.8536585365853658]}