{"train_loss": [0.6117536431296791, 0.5769050624497151, 0.5748737304235563, 0.5910762513171496, 0.5730388365018046, 0.5675247401336259, 0.5515460231907996, 0.5881875265256751, 0.577121620493624, 0.6089908090023708, 0.5921912771188456, 0.5662837459586619], "val_loss": [0.44052776512576314, 0.3923966816770352, 0.4661023704017081, 0.449100928335655, 0.5024321101060728, 0.4418537945039873, 0.4008806574393094, 0.4669967015099719, 0.535450692947318, 0.5665294792109389, 0.4000005955860867, 0.5022100016353576], "train_acc": [0.7628372497824195, 0.7684943429068756, 0.7798085291557877, 0.7715404699738904, 0.7771975630983464, 0.7745865970409052, 0.7885117493472585, 0.7806788511749347, 0.7872062663185379, 0.7619669277632725, 0.7745865970409052, 0.7728459530026109], "val_acc": [0.8577235772357723, 0.8861788617886179, 0.8394308943089431, 0.8455284552845529, 0.8556910569105691, 0.8597560975609756, 0.8638211382113821, 0.8475609756097561, 0.8313008130081301, 0.806910569105691, 0.8861788617886179, 0.8495934959349594]}