{
  "qat_8bit": 22.483923981876195,
  "qat_4bit": 23.08083415704863
}