{
  "step_qonnx_to_finn": 0.20193195343017578,
  "step_tidy_up": 0.029374122619628906,
  "step_streamline": 0.8744504451751709,
  "step_convert_to_hw": 0.028941631317138672,
  "step_create_dataflow_partition": 0.007771492004394531,
  "step_specialize_layers": 0.007901906967163086,
  "step_target_fps_parallelization": 0.009300708770751953,
  "step_apply_folding_config": 4.0531158447265625e-06,
  "step_minimize_bit_width": 0.028059720993041992,
  "step_generate_estimate_reports": 0.017612218856811523,
  "step_hw_codegen": 0.08236002922058105,
  "step_hw_ipgen": 196.78144240379333,
  "step_set_fifo_depths": 749.6686437129974,
  "step_create_stitched_ip": 173.12631845474243,
  "step_measure_rtlsim_performance": 5.0067901611328125e-06,
  "step_synthesize_bitfile": 1430.493271112442,
  "step_make_pynq_driver": 0.14724087715148926,
  "step_deployment_package": 0.0041697025299072266
}