{
  "step_qonnx_to_finn": 0.23862528800964355,
  "step_tidy_up": 0.031276702880859375,
  "step_streamline": 0.8664731979370117,
  "step_convert_to_hw": 0.033514976501464844,
  "step_create_dataflow_partition": 0.00915980339050293,
  "step_specialize_layers": 0.012981414794921875,
  "step_target_fps_parallelization": 0.01104283332824707,
  "step_apply_folding_config": 4.0531158447265625e-06,
  "step_minimize_bit_width": 0.02962517738342285,
  "step_generate_estimate_reports": 0.017682313919067383,
  "step_hw_codegen": 0.09934139251708984,
  "step_hw_ipgen": 114.64875030517578,
  "step_set_fifo_depths": 516.1507940292358,
  "step_create_stitched_ip": 60.920716762542725,
  "step_measure_rtlsim_performance": 2.384185791015625e-06,
  "step_synthesize_bitfile": 1209.2730269432068
}