{
  "step_qonnx_to_finn": 0.4174671173095703,
  "step_tidy_up": 0.02847456932067871,
  "step_streamline": 1.3356492519378662,
  "step_convert_to_hw": 0.02907729148864746,
  "step_create_dataflow_partition": 0.007879257202148438,
  "step_specialize_layers": 0.008038520812988281,
  "step_target_fps_parallelization": 0.008832216262817383,
  "step_apply_folding_config": 0.0029976367950439453,
  "step_minimize_bit_width": 0.025925397872924805,
  "step_generate_estimate_reports": 0.019562721252441406,
  "step_hw_codegen": 0.09402751922607422,
  "step_hw_ipgen": 187.51291298866272,
  "step_set_fifo_depths": 0.14075589179992676,
  "step_create_stitched_ip": 52.56252717971802,
  "step_measure_rtlsim_performance": 490.2102735042572,
  "step_synthesize_bitfile": 1275.6266119480133,
  "step_make_pynq_driver": 0.06204867362976074,
  "step_deployment_package": 0.004210233688354492
}