{
  "loss": [
    2.3025832176208496,
    2.3025832176208496,
    2.3025832176208496,
    2.3025832176208496,
    2.3025832176208496,
    2.3025832176208496,
    2.3025832176208496,
    2.3025832176208496,
    2.3025832176208496,
    2.3025832176208496,
    2.3025832176208496,
    2.3025832176208496,
    2.3025832176208496,
    2.3025832176208496,
    2.3025832176208496,
    2.3025832176208496,
    2.3025832176208496,
    2.3025832176208496,
    2.3025832176208496,
    2.3025832176208496,
    2.3025832176208496
  ],
  "accuracy": [
    0.08224543184041977,
    0.08224543184041977,
    0.08224543184041977,
    0.08224543184041977,
    0.08224543184041977,
    0.08224543184041977,
    0.08224543184041977,
    0.08224543184041977,
    0.08224543184041977,
    0.08224543184041977,
    0.08224543184041977,
    0.08224543184041977,
    0.08224543184041977,
    0.08224543184041977,
    0.08224543184041977,
    0.08224543184041977,
    0.08224543184041977,
    0.08224543184041977,
    0.08224543184041977,
    0.08224543184041977,
    0.08224543184041977
  ],
  "val_loss": [
    2.3025853633880615,
    2.3025853633880615,
    2.3025853633880615,
    2.3025853633880615,
    2.3025853633880615,
    2.3025853633880615,
    2.3025853633880615,
    2.3025853633880615,
    2.3025853633880615,
    2.3025853633880615,
    2.3025853633880615,
    2.3025853633880615,
    2.3025853633880615,
    2.3025853633880615,
    2.3025853633880615,
    2.3025853633880615,
    2.3025853633880615,
    2.3025853633880615,
    2.3025853633880615,
    2.3025853633880615,
    2.3025853633880615
  ],
  "val_accuracy": [
    0.07926829159259796,
    0.07926829159259796,
    0.07926829159259796,
    0.07926829159259796,
    0.07926829159259796,
    0.07926829159259796,
    0.07926829159259796,
    0.07926829159259796,
    0.07926829159259796,
    0.07926829159259796,
    0.07926829159259796,
    0.07926829159259796,
    0.07926829159259796,
    0.07926829159259796,
    0.07926829159259796,
    0.07926829159259796,
    0.07926829159259796,
    0.07926829159259796,
    0.07926829159259796,
    0.07926829159259796,
    0.07926829159259796
  ]
}