Copyright 1986-2022 Xilinx, Inc. All Rights Reserved.
----------------------------------------------------------------------------------------------------------------------------------------------------------------------------------------------------------------
| Tool Version      : Vivado v.2022.2 (lin64) Build 3671981 Fri Oct 14 04:59:54 MDT 2022
| Date              : Wed Apr 22 16:22:50 2026
| Host              : finn_dev_emanuel-hernandez running 64-bit Ubuntu 22.04.1 LTS
| Command           : report_timing_summary -max_paths 10 -report_unconstrained -file top_wrapper_timing_summary_routed.rpt -pb top_wrapper_timing_summary_routed.pb -rpx top_wrapper_timing_summary_routed.rpx
| Design            : top_wrapper
| Device            : xck26-sfvc784
| Speed File        : -2LV  PRODUCTION 1.30 05-15-2022
| Temperature Grade : C
----------------------------------------------------------------------------------------------------------------------------------------------------------------------------------------------------------------

Timing Summary Report

------------------------------------------------------------------------------------------------
| Timer Settings
| --------------
------------------------------------------------------------------------------------------------

  Enable Multi Corner Analysis               :  Yes
  Enable Pessimism Removal                   :  Yes
  Pessimism Removal Resolution               :  Nearest Common Node
  Enable Input Delay Default Clock           :  No
  Enable Preset / Clear Arcs                 :  No
  Disable Flight Delays                      :  No
  Ignore I/O Paths                           :  No
  Timing Early Launch at Borrowing Latches   :  No
  Borrow Time for Max Delay Exceptions       :  Yes
  Merge Timing Exceptions                    :  Yes

  Corner  Analyze    Analyze    
  Name    Max Paths  Min Paths  
  ------  ---------  ---------  
  Slow    Yes        Yes        
  Fast    Yes        Yes        


------------------------------------------------------------------------------------------------
| Report Methodology
| ------------------
------------------------------------------------------------------------------------------------

Rule     Severity  Description                   Violations  
-------  --------  ----------------------------  ----------  
LUTAR-1  Warning   LUT drives async reset alert  3           

Note: This report is based on the most recent report_methodology run and may not be up-to-date. Run report_methodology on the current design for the latest report.



check_timing report

Table of Contents
-----------------
1. checking no_clock (0)
2. checking constant_clock (0)
3. checking pulse_width_clock (0)
4. checking unconstrained_internal_endpoints (0)
5. checking no_input_delay (0)
6. checking no_output_delay (0)
7. checking multiple_clock (0)
8. checking generated_clocks (0)
9. checking loops (0)
10. checking partial_input_delay (0)
11. checking partial_output_delay (0)
12. checking latch_loops (0)

1. checking no_clock (0)
------------------------
 There are 0 register/latch pins with no clock.


2. checking constant_clock (0)
------------------------------
 There are 0 register/latch pins with constant_clock.


3. checking pulse_width_clock (0)
---------------------------------
 There are 0 register/latch pins which need pulse_width check


4. checking unconstrained_internal_endpoints (0)
------------------------------------------------
 There are 0 pins that are not constrained for maximum delay.

 There are 0 pins that are not constrained for maximum delay due to constant clock.


5. checking no_input_delay (0)
------------------------------
 There are 0 input ports with no input delay specified.

 There are 0 input ports with no input delay but user has a false path constraint.


6. checking no_output_delay (0)
-------------------------------
 There are 0 ports with no output delay specified.

 There are 0 ports with no output delay but user has a false path constraint

 There are 0 ports with no output delay but with a timing clock defined on it or propagating through it


7. checking multiple_clock (0)
------------------------------
 There are 0 register/latch pins with multiple clocks.


8. checking generated_clocks (0)
--------------------------------
 There are 0 generated clocks that are not connected to a clock source.


9. checking loops (0)
---------------------
 There are 0 combinational loops in the design.


10. checking partial_input_delay (0)
------------------------------------
 There are 0 input ports with partial input delay specified.


11. checking partial_output_delay (0)
-------------------------------------
 There are 0 ports with partial output delay specified.


12. checking latch_loops (0)
----------------------------
 There are 0 combinational latch loops in the design through latch input



------------------------------------------------------------------------------------------------
| Design Timing Summary
| ---------------------
------------------------------------------------------------------------------------------------

    WNS(ns)      TNS(ns)  TNS Failing Endpoints  TNS Total Endpoints      WHS(ns)      THS(ns)  THS Failing Endpoints  THS Total Endpoints     WPWS(ns)     TPWS(ns)  TPWS Failing Endpoints  TPWS Total Endpoints  
    -------      -------  ---------------------  -------------------      -------      -------  ---------------------  -------------------     --------     --------  ----------------------  --------------------  
      0.464        0.000                      0                83881        0.009        0.000                      0                83881        1.000        0.000                       0                 33572  


All user specified timing constraints are met.


------------------------------------------------------------------------------------------------
| Clock Summary
| -------------
------------------------------------------------------------------------------------------------

Clock     Waveform(ns)         Period(ns)      Frequency(MHz)
-----     ------------         ----------      --------------
clk_pl_0  {0.000 2.500}        5.000           200.000         
clk_pl_1  {0.000 5.000}        10.000          100.000         


------------------------------------------------------------------------------------------------
| Intra Clock Table
| -----------------
------------------------------------------------------------------------------------------------

Clock             WNS(ns)      TNS(ns)  TNS Failing Endpoints  TNS Total Endpoints      WHS(ns)      THS(ns)  THS Failing Endpoints  THS Total Endpoints     WPWS(ns)     TPWS(ns)  TPWS Failing Endpoints  TPWS Total Endpoints  
-----             -------      -------  ---------------------  -------------------      -------      -------  ---------------------  -------------------     --------     --------  ----------------------  --------------------  
clk_pl_0            0.464        0.000                      0                83785        0.009        0.000                      0                83785        1.000        0.000                       0                 33572  


------------------------------------------------------------------------------------------------
| Inter Clock Table
| -----------------
------------------------------------------------------------------------------------------------

From Clock    To Clock          WNS(ns)      TNS(ns)  TNS Failing Endpoints  TNS Total Endpoints      WHS(ns)      THS(ns)  THS Failing Endpoints  THS Total Endpoints  
----------    --------          -------      -------  ---------------------  -------------------      -------      -------  ---------------------  -------------------  


------------------------------------------------------------------------------------------------
| Other Path Groups Table
| -----------------------
------------------------------------------------------------------------------------------------

Path Group         From Clock         To Clock               WNS(ns)      TNS(ns)  TNS Failing Endpoints  TNS Total Endpoints      WHS(ns)      THS(ns)  THS Failing Endpoints  THS Total Endpoints  
----------         ----------         --------               -------      -------  ---------------------  -------------------      -------      -------  ---------------------  -------------------  
**async_default**  clk_pl_0           clk_pl_0                 3.368        0.000                      0                   96        0.264        0.000                      0                   96  


------------------------------------------------------------------------------------------------
| User Ignored Path Table
| -----------------------
------------------------------------------------------------------------------------------------

Path Group    From Clock    To Clock    
----------    ----------    --------    
(none)                      clk_pl_0      
(none)        clk_pl_0      clk_pl_0      


------------------------------------------------------------------------------------------------
| Unconstrained Path Table
| ------------------------
------------------------------------------------------------------------------------------------

Path Group    From Clock    To Clock    
----------    ----------    --------    
(none)                      clk_pl_0      


------------------------------------------------------------------------------------------------
| Timing Details
| --------------
------------------------------------------------------------------------------------------------


---------------------------------------------------------------------------------------------------
From Clock:  clk_pl_0
  To Clock:  clk_pl_0

Setup :            0  Failing Endpoints,  Worst Slack        0.464ns,  Total Violation        0.000ns
Hold  :            0  Failing Endpoints,  Worst Slack        0.009ns,  Total Violation        0.000ns
PW    :            0  Failing Endpoints,  Worst Slack        1.000ns,  Total Violation        0.000ns
---------------------------------------------------------------------------------------------------


Max Delay Paths
--------------------------------------------------------------------------------------
Slack (MET) :             0.464ns  (required time - arrival time)
  Source:                 top_i/StreamingDataflowPartition_1/inst/StreamingDataflowPartition_1_MVAU_hls_1/StreamingDataflowPartition_1_MVAU_hls_1/inst/grp_Matrix_Vector_Activate_Stream_Batch_fu_540/add_ln840_58_reg_28153_reg[0]/C
                            (rising edge-triggered cell FDRE clocked by clk_pl_0  {rise@0.000ns fall@2.500ns period=5.000ns})
  Destination:            top_i/StreamingDataflowPartition_1/inst/StreamingDataflowPartition_1_MVAU_hls_1/StreamingDataflowPartition_1_MVAU_hls_1/inst/regslice_both_out_V_U/B_V_data_1_payload_B_reg[7]/D
                            (rising edge-triggered cell FDRE clocked by clk_pl_0  {rise@0.000ns fall@2.500ns period=5.000ns})
  Path Group:             clk_pl_0
  Path Type:              Setup (Max at Slow Process Corner)
  Requirement:            5.000ns  (clk_pl_0 rise@5.000ns - clk_pl_0 rise@0.000ns)
  Data Path Delay:        4.348ns  (logic 1.651ns (37.969%)  route 2.697ns (62.031%))
  Logic Levels:           10  (LUT3=2 LUT5=6 LUT6=2)
  Clock Path Skew:        -0.104ns (DCD - SCD + CPR)
    Destination Clock Delay (DCD):    3.073ns = ( 8.073 - 5.000 ) 
    Source Clock Delay      (SCD):    3.415ns
    Clock Pessimism Removal (CPR):    0.238ns
  Clock Uncertainty:      0.129ns  ((TSJ^2 + DJ^2)^1/2) / 2 + PE
    Total System Jitter     (TSJ):    0.071ns
    Discrete Jitter          (DJ):    0.248ns
    Phase Error              (PE):    0.000ns
  Clock Net Delay (Source):      3.148ns (routing 1.584ns, distribution 1.564ns)
  Clock Net Delay (Destination): 2.857ns (routing 1.450ns, distribution 1.407ns)

    Location             Delay type                Incr(ns)  Path(ns)    Netlist Resource(s)
  -------------------------------------------------------------------    -------------------
                         (clock clk_pl_0 rise edge)
                                                      0.000     0.000 r  
    PS8_X0Y0             PS8                          0.000     0.000 r  top_i/zynq_ps/inst/PS8_i/PLCLK[0]
                         net (fo=1, routed)           0.229     0.229    top_i/zynq_ps/inst/pl_clk_unbuffered[0]
    BUFG_PS_X0Y80        BUFG_PS (Prop_BUFG_PS_I_O)
                                                      0.038     0.267 r  top_i/zynq_ps/inst/buffer_pl_clk_0.PL_CLK_0_BUFG/O
    X1Y1 (CLOCK_ROOT)    net (fo=33585, routed)       3.148     3.415    top_i/StreamingDataflowPartition_1/inst/StreamingDataflowPartition_1_MVAU_hls_1/StreamingDataflowPartition_1_MVAU_hls_1/inst/grp_Matrix_Vector_Activate_Stream_Batch_fu_540/ap_clk
    SLICE_X18Y198        FDRE                                         r  top_i/StreamingDataflowPartition_1/inst/StreamingDataflowPartition_1_MVAU_hls_1/StreamingDataflowPartition_1_MVAU_hls_1/inst/grp_Matrix_Vector_Activate_Stream_Batch_fu_540/add_ln840_58_reg_28153_reg[0]/C
  -------------------------------------------------------------------    -------------------
    SLICE_X18Y198        FDRE (Prop_DFF_SLICEM_C_Q)
                                                      0.116     3.531 r  top_i/StreamingDataflowPartition_1/inst/StreamingDataflowPartition_1_MVAU_hls_1/StreamingDataflowPartition_1_MVAU_hls_1/inst/grp_Matrix_Vector_Activate_Stream_Batch_fu_540/add_ln840_58_reg_28153_reg[0]/Q
                         net (fo=4, routed)           0.185     3.716    top_i/StreamingDataflowPartition_1/inst/StreamingDataflowPartition_1_MVAU_hls_1/StreamingDataflowPartition_1_MVAU_hls_1/inst/grp_Matrix_Vector_Activate_Stream_Batch_fu_540/add_ln840_58_reg_28153[0]
    SLICE_X18Y195        LUT5 (Prop_D6LUT_SLICEM_I0_O)
                                                      0.220     3.936 r  top_i/StreamingDataflowPartition_1/inst/StreamingDataflowPartition_1_MVAU_hls_1/StreamingDataflowPartition_1_MVAU_hls_1/inst/grp_Matrix_Vector_Activate_Stream_Batch_fu_540/B_V_data_1_payload_A[1]_i_23/O
                         net (fo=4, routed)           0.246     4.182    top_i/StreamingDataflowPartition_1/inst/StreamingDataflowPartition_1_MVAU_hls_1/StreamingDataflowPartition_1_MVAU_hls_1/inst/grp_Matrix_Vector_Activate_Stream_Batch_fu_540/B_V_data_1_payload_A[1]_i_23_n_3
    SLICE_X16Y194        LUT5 (Prop_D5LUT_SLICEL_I3_O)
                                                      0.088     4.270 r  top_i/StreamingDataflowPartition_1/inst/StreamingDataflowPartition_1_MVAU_hls_1/StreamingDataflowPartition_1_MVAU_hls_1/inst/grp_Matrix_Vector_Activate_Stream_Batch_fu_540/B_V_data_1_payload_A[1]_i_24/O
                         net (fo=2, routed)           0.293     4.563    top_i/StreamingDataflowPartition_1/inst/StreamingDataflowPartition_1_MVAU_hls_1/StreamingDataflowPartition_1_MVAU_hls_1/inst/grp_Matrix_Vector_Activate_Stream_Batch_fu_540/B_V_data_1_payload_A[1]_i_24_n_3
    SLICE_X16Y194        LUT5 (Prop_C5LUT_SLICEL_I4_O)
                                                      0.152     4.715 r  top_i/StreamingDataflowPartition_1/inst/StreamingDataflowPartition_1_MVAU_hls_1/StreamingDataflowPartition_1_MVAU_hls_1/inst/grp_Matrix_Vector_Activate_Stream_Batch_fu_540/B_V_data_1_payload_A[2]_i_18/O
                         net (fo=2, routed)           0.348     5.064    top_i/StreamingDataflowPartition_1/inst/StreamingDataflowPartition_1_MVAU_hls_1/StreamingDataflowPartition_1_MVAU_hls_1/inst/grp_Matrix_Vector_Activate_Stream_Batch_fu_540/B_V_data_1_payload_A[2]_i_18_n_3
    SLICE_X16Y194        LUT6 (Prop_H6LUT_SLICEL_I0_O)
                                                      0.058     5.122 r  top_i/StreamingDataflowPartition_1/inst/StreamingDataflowPartition_1_MVAU_hls_1/StreamingDataflowPartition_1_MVAU_hls_1/inst/grp_Matrix_Vector_Activate_Stream_Batch_fu_540/B_V_data_1_payload_A[2]_i_12/O
                         net (fo=5, routed)           0.244     5.366    top_i/StreamingDataflowPartition_1/inst/StreamingDataflowPartition_1_MVAU_hls_1/StreamingDataflowPartition_1_MVAU_hls_1/inst/grp_Matrix_Vector_Activate_Stream_Batch_fu_540/B_V_data_1_payload_A[2]_i_12_n_3
    SLICE_X16Y191        LUT3 (Prop_D5LUT_SLICEL_I0_O)
                                                      0.187     5.553 r  top_i/StreamingDataflowPartition_1/inst/StreamingDataflowPartition_1_MVAU_hls_1/StreamingDataflowPartition_1_MVAU_hls_1/inst/grp_Matrix_Vector_Activate_Stream_Batch_fu_540/B_V_data_1_payload_A[4]_i_41/O
                         net (fo=4, routed)           0.248     5.801    top_i/StreamingDataflowPartition_1/inst/StreamingDataflowPartition_1_MVAU_hls_1/StreamingDataflowPartition_1_MVAU_hls_1/inst/grp_Matrix_Vector_Activate_Stream_Batch_fu_540/B_V_data_1_payload_A[4]_i_41_n_3
    SLICE_X17Y190        LUT5 (Prop_D6LUT_SLICEM_I3_O)
                                                      0.080     5.881 r  top_i/StreamingDataflowPartition_1/inst/StreamingDataflowPartition_1_MVAU_hls_1/StreamingDataflowPartition_1_MVAU_hls_1/inst/grp_Matrix_Vector_Activate_Stream_Batch_fu_540/B_V_data_1_payload_A[4]_i_18/O
                         net (fo=5, routed)           0.193     6.073    top_i/StreamingDataflowPartition_1/inst/StreamingDataflowPartition_1_MVAU_hls_1/StreamingDataflowPartition_1_MVAU_hls_1/inst/grp_Matrix_Vector_Activate_Stream_Batch_fu_540/B_V_data_1_payload_A[4]_i_18_n_3
    SLICE_X18Y188        LUT5 (Prop_B6LUT_SLICEM_I1_O)
                                                      0.082     6.155 r  top_i/StreamingDataflowPartition_1/inst/StreamingDataflowPartition_1_MVAU_hls_1/StreamingDataflowPartition_1_MVAU_hls_1/inst/grp_Matrix_Vector_Activate_Stream_Batch_fu_540/B_V_data_1_payload_A[5]_i_5/O
                         net (fo=2, routed)           0.163     6.318    top_i/StreamingDataflowPartition_1/inst/StreamingDataflowPartition_1_MVAU_hls_1/StreamingDataflowPartition_1_MVAU_hls_1/inst/grp_Matrix_Vector_Activate_Stream_Batch_fu_540/B_V_data_1_payload_A[5]_i_5_n_3
    SLICE_X18Y188        LUT5 (Prop_C6LUT_SLICEM_I0_O)
                                                      0.220     6.538 r  top_i/StreamingDataflowPartition_1/inst/StreamingDataflowPartition_1_MVAU_hls_1/StreamingDataflowPartition_1_MVAU_hls_1/inst/grp_Matrix_Vector_Activate_Stream_Batch_fu_540/B_V_data_1_payload_A[5]_i_2/O
                         net (fo=3, routed)           0.185     6.724    top_i/StreamingDataflowPartition_1/inst/StreamingDataflowPartition_1_MVAU_hls_1/StreamingDataflowPartition_1_MVAU_hls_1/inst/grp_Matrix_Vector_Activate_Stream_Batch_fu_540/B_V_data_1_payload_A[5]_i_2_n_3
    SLICE_X18Y187        LUT3 (Prop_D5LUT_SLICEM_I0_O)
                                                      0.220     6.944 r  top_i/StreamingDataflowPartition_1/inst/StreamingDataflowPartition_1_MVAU_hls_1/StreamingDataflowPartition_1_MVAU_hls_1/inst/grp_Matrix_Vector_Activate_Stream_Batch_fu_540/B_V_data_1_payload_A[7]_i_3/O
                         net (fo=2, routed)           0.230     7.174    top_i/StreamingDataflowPartition_1/inst/StreamingDataflowPartition_1_MVAU_hls_1/StreamingDataflowPartition_1_MVAU_hls_1/inst/grp_Matrix_Vector_Activate_Stream_Batch_fu_540/B_V_data_1_payload_A[7]_i_3_n_3
    SLICE_X18Y187        LUT6 (Prop_H6LUT_SLICEM_I0_O)
                                                      0.228     7.402 r  top_i/StreamingDataflowPartition_1/inst/StreamingDataflowPartition_1_MVAU_hls_1/StreamingDataflowPartition_1_MVAU_hls_1/inst/grp_Matrix_Vector_Activate_Stream_Batch_fu_540/B_V_data_1_payload_A[7]_i_2/O
                         net (fo=2, routed)           0.362     7.764    top_i/StreamingDataflowPartition_1/inst/StreamingDataflowPartition_1_MVAU_hls_1/StreamingDataflowPartition_1_MVAU_hls_1/inst/regslice_both_out_V_U/B_V_data_1_payload_A_reg[7]_0[7]
    SLICE_X17Y187        FDRE                                         r  top_i/StreamingDataflowPartition_1/inst/StreamingDataflowPartition_1_MVAU_hls_1/StreamingDataflowPartition_1_MVAU_hls_1/inst/regslice_both_out_V_U/B_V_data_1_payload_B_reg[7]/D
  -------------------------------------------------------------------    -------------------

                         (clock clk_pl_0 rise edge)
                                                      5.000     5.000 r  
    PS8_X0Y0             PS8                          0.000     5.000 r  top_i/zynq_ps/inst/PS8_i/PLCLK[0]
                         net (fo=1, routed)           0.181     5.181    top_i/zynq_ps/inst/pl_clk_unbuffered[0]
    BUFG_PS_X0Y80        BUFG_PS (Prop_BUFG_PS_I_O)
                                                      0.035     5.216 r  top_i/zynq_ps/inst/buffer_pl_clk_0.PL_CLK_0_BUFG/O
    X1Y1 (CLOCK_ROOT)    net (fo=33585, routed)       2.857     8.073    top_i/StreamingDataflowPartition_1/inst/StreamingDataflowPartition_1_MVAU_hls_1/StreamingDataflowPartition_1_MVAU_hls_1/inst/regslice_both_out_V_U/ap_clk
    SLICE_X17Y187        FDRE                                         r  top_i/StreamingDataflowPartition_1/inst/StreamingDataflowPartition_1_MVAU_hls_1/StreamingDataflowPartition_1_MVAU_hls_1/inst/regslice_both_out_V_U/B_V_data_1_payload_B_reg[7]/C
                         clock pessimism              0.238     8.311    
                         clock uncertainty           -0.129     8.182    
    SLICE_X17Y187        FDRE (Setup_AFF2_SLICEM_C_D)
                                                      0.045     8.227    top_i/StreamingDataflowPartition_1/inst/StreamingDataflowPartition_1_MVAU_hls_1/StreamingDataflowPartition_1_MVAU_hls_1/inst/regslice_both_out_V_U/B_V_data_1_payload_B_reg[7]
  -------------------------------------------------------------------
                         required time                          8.227    
                         arrival time                          -7.764    
  -------------------------------------------------------------------
                         slack                                  0.464    

Slack (MET) :             0.469ns  (required time - arrival time)
  Source:                 top_i/StreamingDataflowPartition_1/inst/StreamingDataflowPartition_1_MVAU_hls_1/StreamingDataflowPartition_1_MVAU_hls_1/inst/grp_Matrix_Vector_Activate_Stream_Batch_fu_540/add_ln840_58_reg_28153_reg[0]/C
                            (rising edge-triggered cell FDRE clocked by clk_pl_0  {rise@0.000ns fall@2.500ns period=5.000ns})
  Destination:            top_i/StreamingDataflowPartition_1/inst/StreamingDataflowPartition_1_MVAU_hls_1/StreamingDataflowPartition_1_MVAU_hls_1/inst/regslice_both_out_V_U/B_V_data_1_payload_B_reg[6]/D
                            (rising edge-triggered cell FDRE clocked by clk_pl_0  {rise@0.000ns fall@2.500ns period=5.000ns})
  Path Group:             clk_pl_0
  Path Type:              Setup (Max at Slow Process Corner)
  Requirement:            5.000ns  (clk_pl_0 rise@5.000ns - clk_pl_0 rise@0.000ns)
  Data Path Delay:        4.342ns  (logic 1.572ns (36.202%)  route 2.770ns (63.798%))
  Logic Levels:           10  (LUT3=2 LUT5=7 LUT6=1)
  Clock Path Skew:        -0.104ns (DCD - SCD + CPR)
    Destination Clock Delay (DCD):    3.073ns = ( 8.073 - 5.000 ) 
    Source Clock Delay      (SCD):    3.415ns
    Clock Pessimism Removal (CPR):    0.238ns
  Clock Uncertainty:      0.129ns  ((TSJ^2 + DJ^2)^1/2) / 2 + PE
    Total System Jitter     (TSJ):    0.071ns
    Discrete Jitter          (DJ):    0.248ns
    Phase Error              (PE):    0.000ns
  Clock Net Delay (Source):      3.148ns (routing 1.584ns, distribution 1.564ns)
  Clock Net Delay (Destination): 2.857ns (routing 1.450ns, distribution 1.407ns)

    Location             Delay type                Incr(ns)  Path(ns)    Netlist Resource(s)
  -------------------------------------------------------------------    -------------------
                         (clock clk_pl_0 rise edge)
                                                      0.000     0.000 r  
    PS8_X0Y0             PS8                          0.000     0.000 r  top_i/zynq_ps/inst/PS8_i/PLCLK[0]
                         net (fo=1, routed)           0.229     0.229    top_i/zynq_ps/inst/pl_clk_unbuffered[0]
    BUFG_PS_X0Y80        BUFG_PS (Prop_BUFG_PS_I_O)
                                                      0.038     0.267 r  top_i/zynq_ps/inst/buffer_pl_clk_0.PL_CLK_0_BUFG/O
    X1Y1 (CLOCK_ROOT)    net (fo=33585, routed)       3.148     3.415    top_i/StreamingDataflowPartition_1/inst/StreamingDataflowPartition_1_MVAU_hls_1/StreamingDataflowPartition_1_MVAU_hls_1/inst/grp_Matrix_Vector_Activate_Stream_Batch_fu_540/ap_clk
    SLICE_X18Y198        FDRE                                         r  top_i/StreamingDataflowPartition_1/inst/StreamingDataflowPartition_1_MVAU_hls_1/StreamingDataflowPartition_1_MVAU_hls_1/inst/grp_Matrix_Vector_Activate_Stream_Batch_fu_540/add_ln840_58_reg_28153_reg[0]/C
  -------------------------------------------------------------------    -------------------
    SLICE_X18Y198        FDRE (Prop_DFF_SLICEM_C_Q)
                                                      0.116     3.531 r  top_i/StreamingDataflowPartition_1/inst/StreamingDataflowPartition_1_MVAU_hls_1/StreamingDataflowPartition_1_MVAU_hls_1/inst/grp_Matrix_Vector_Activate_Stream_Batch_fu_540/add_ln840_58_reg_28153_reg[0]/Q
                         net (fo=4, routed)           0.185     3.716    top_i/StreamingDataflowPartition_1/inst/StreamingDataflowPartition_1_MVAU_hls_1/StreamingDataflowPartition_1_MVAU_hls_1/inst/grp_Matrix_Vector_Activate_Stream_Batch_fu_540/add_ln840_58_reg_28153[0]
    SLICE_X18Y195        LUT5 (Prop_D6LUT_SLICEM_I0_O)
                                                      0.220     3.936 r  top_i/StreamingDataflowPartition_1/inst/StreamingDataflowPartition_1_MVAU_hls_1/StreamingDataflowPartition_1_MVAU_hls_1/inst/grp_Matrix_Vector_Activate_Stream_Batch_fu_540/B_V_data_1_payload_A[1]_i_23/O
                         net (fo=4, routed)           0.246     4.182    top_i/StreamingDataflowPartition_1/inst/StreamingDataflowPartition_1_MVAU_hls_1/StreamingDataflowPartition_1_MVAU_hls_1/inst/grp_Matrix_Vector_Activate_Stream_Batch_fu_540/B_V_data_1_payload_A[1]_i_23_n_3
    SLICE_X16Y194        LUT5 (Prop_D5LUT_SLICEL_I3_O)
                                                      0.088     4.270 r  top_i/StreamingDataflowPartition_1/inst/StreamingDataflowPartition_1_MVAU_hls_1/StreamingDataflowPartition_1_MVAU_hls_1/inst/grp_Matrix_Vector_Activate_Stream_Batch_fu_540/B_V_data_1_payload_A[1]_i_24/O
                         net (fo=2, routed)           0.293     4.563    top_i/StreamingDataflowPartition_1/inst/StreamingDataflowPartition_1_MVAU_hls_1/StreamingDataflowPartition_1_MVAU_hls_1/inst/grp_Matrix_Vector_Activate_Stream_Batch_fu_540/B_V_data_1_payload_A[1]_i_24_n_3
    SLICE_X16Y194        LUT5 (Prop_C5LUT_SLICEL_I4_O)
                                                      0.152     4.715 r  top_i/StreamingDataflowPartition_1/inst/StreamingDataflowPartition_1_MVAU_hls_1/StreamingDataflowPartition_1_MVAU_hls_1/inst/grp_Matrix_Vector_Activate_Stream_Batch_fu_540/B_V_data_1_payload_A[2]_i_18/O
                         net (fo=2, routed)           0.348     5.064    top_i/StreamingDataflowPartition_1/inst/StreamingDataflowPartition_1_MVAU_hls_1/StreamingDataflowPartition_1_MVAU_hls_1/inst/grp_Matrix_Vector_Activate_Stream_Batch_fu_540/B_V_data_1_payload_A[2]_i_18_n_3
    SLICE_X16Y194        LUT6 (Prop_H6LUT_SLICEL_I0_O)
                                                      0.058     5.122 r  top_i/StreamingDataflowPartition_1/inst/StreamingDataflowPartition_1_MVAU_hls_1/StreamingDataflowPartition_1_MVAU_hls_1/inst/grp_Matrix_Vector_Activate_Stream_Batch_fu_540/B_V_data_1_payload_A[2]_i_12/O
                         net (fo=5, routed)           0.244     5.366    top_i/StreamingDataflowPartition_1/inst/StreamingDataflowPartition_1_MVAU_hls_1/StreamingDataflowPartition_1_MVAU_hls_1/inst/grp_Matrix_Vector_Activate_Stream_Batch_fu_540/B_V_data_1_payload_A[2]_i_12_n_3
    SLICE_X16Y191        LUT3 (Prop_D5LUT_SLICEL_I0_O)
                                                      0.187     5.553 r  top_i/StreamingDataflowPartition_1/inst/StreamingDataflowPartition_1_MVAU_hls_1/StreamingDataflowPartition_1_MVAU_hls_1/inst/grp_Matrix_Vector_Activate_Stream_Batch_fu_540/B_V_data_1_payload_A[4]_i_41/O
                         net (fo=4, routed)           0.248     5.801    top_i/StreamingDataflowPartition_1/inst/StreamingDataflowPartition_1_MVAU_hls_1/StreamingDataflowPartition_1_MVAU_hls_1/inst/grp_Matrix_Vector_Activate_Stream_Batch_fu_540/B_V_data_1_payload_A[4]_i_41_n_3
    SLICE_X17Y190        LUT5 (Prop_D6LUT_SLICEM_I3_O)
                                                      0.080     5.881 r  top_i/StreamingDataflowPartition_1/inst/StreamingDataflowPartition_1_MVAU_hls_1/StreamingDataflowPartition_1_MVAU_hls_1/inst/grp_Matrix_Vector_Activate_Stream_Batch_fu_540/B_V_data_1_payload_A[4]_i_18/O
                         net (fo=5, routed)           0.193     6.073    top_i/StreamingDataflowPartition_1/inst/StreamingDataflowPartition_1_MVAU_hls_1/StreamingDataflowPartition_1_MVAU_hls_1/inst/grp_Matrix_Vector_Activate_Stream_Batch_fu_540/B_V_data_1_payload_A[4]_i_18_n_3
    SLICE_X18Y188        LUT5 (Prop_B6LUT_SLICEM_I1_O)
                                                      0.082     6.155 r  top_i/StreamingDataflowPartition_1/inst/StreamingDataflowPartition_1_MVAU_hls_1/StreamingDataflowPartition_1_MVAU_hls_1/inst/grp_Matrix_Vector_Activate_Stream_Batch_fu_540/B_V_data_1_payload_A[5]_i_5/O
                         net (fo=2, routed)           0.163     6.318    top_i/StreamingDataflowPartition_1/inst/StreamingDataflowPartition_1_MVAU_hls_1/StreamingDataflowPartition_1_MVAU_hls_1/inst/grp_Matrix_Vector_Activate_Stream_Batch_fu_540/B_V_data_1_payload_A[5]_i_5_n_3
    SLICE_X18Y188        LUT5 (Prop_C6LUT_SLICEM_I0_O)
                                                      0.220     6.538 r  top_i/StreamingDataflowPartition_1/inst/StreamingDataflowPartition_1_MVAU_hls_1/StreamingDataflowPartition_1_MVAU_hls_1/inst/grp_Matrix_Vector_Activate_Stream_Batch_fu_540/B_V_data_1_payload_A[5]_i_2/O
                         net (fo=3, routed)           0.185     6.724    top_i/StreamingDataflowPartition_1/inst/StreamingDataflowPartition_1_MVAU_hls_1/StreamingDataflowPartition_1_MVAU_hls_1/inst/grp_Matrix_Vector_Activate_Stream_Batch_fu_540/B_V_data_1_payload_A[5]_i_2_n_3
    SLICE_X18Y187        LUT3 (Prop_D5LUT_SLICEM_I0_O)
                                                      0.220     6.944 r  top_i/StreamingDataflowPartition_1/inst/StreamingDataflowPartition_1_MVAU_hls_1/StreamingDataflowPartition_1_MVAU_hls_1/inst/grp_Matrix_Vector_Activate_Stream_Batch_fu_540/B_V_data_1_payload_A[7]_i_3/O
                         net (fo=2, routed)           0.262     7.206    top_i/StreamingDataflowPartition_1/inst/StreamingDataflowPartition_1_MVAU_hls_1/StreamingDataflowPartition_1_MVAU_hls_1/inst/grp_Matrix_Vector_Activate_Stream_Batch_fu_540/B_V_data_1_payload_A[7]_i_3_n_3
    SLICE_X18Y187        LUT5 (Prop_F6LUT_SLICEM_I2_O)
                                                      0.149     7.355 r  top_i/StreamingDataflowPartition_1/inst/StreamingDataflowPartition_1_MVAU_hls_1/StreamingDataflowPartition_1_MVAU_hls_1/inst/grp_Matrix_Vector_Activate_Stream_Batch_fu_540/B_V_data_1_payload_A[6]_i_1/O
                         net (fo=2, routed)           0.403     7.758    top_i/StreamingDataflowPartition_1/inst/StreamingDataflowPartition_1_MVAU_hls_1/StreamingDataflowPartition_1_MVAU_hls_1/inst/regslice_both_out_V_U/B_V_data_1_payload_A_reg[7]_0[6]
    SLICE_X17Y187        FDRE                                         r  top_i/StreamingDataflowPartition_1/inst/StreamingDataflowPartition_1_MVAU_hls_1/StreamingDataflowPartition_1_MVAU_hls_1/inst/regslice_both_out_V_U/B_V_data_1_payload_B_reg[6]/D
  -------------------------------------------------------------------    -------------------

                         (clock clk_pl_0 rise edge)
                                                      5.000     5.000 r  
    PS8_X0Y0             PS8                          0.000     5.000 r  top_i/zynq_ps/inst/PS8_i/PLCLK[0]
                         net (fo=1, routed)           0.181     5.181    top_i/zynq_ps/inst/pl_clk_unbuffered[0]
    BUFG_PS_X0Y80        BUFG_PS (Prop_BUFG_PS_I_O)
                                                      0.035     5.216 r  top_i/zynq_ps/inst/buffer_pl_clk_0.PL_CLK_0_BUFG/O
    X1Y1 (CLOCK_ROOT)    net (fo=33585, routed)       2.857     8.073    top_i/StreamingDataflowPartition_1/inst/StreamingDataflowPartition_1_MVAU_hls_1/StreamingDataflowPartition_1_MVAU_hls_1/inst/regslice_both_out_V_U/ap_clk
    SLICE_X17Y187        FDRE                                         r  top_i/StreamingDataflowPartition_1/inst/StreamingDataflowPartition_1_MVAU_hls_1/StreamingDataflowPartition_1_MVAU_hls_1/inst/regslice_both_out_V_U/B_V_data_1_payload_B_reg[6]/C
                         clock pessimism              0.238     8.311    
                         clock uncertainty           -0.129     8.182    
    SLICE_X17Y187        FDRE (Setup_AFF_SLICEM_C_D)
                                                      0.044     8.226    top_i/StreamingDataflowPartition_1/inst/StreamingDataflowPartition_1_MVAU_hls_1/StreamingDataflowPartition_1_MVAU_hls_1/inst/regslice_both_out_V_U/B_V_data_1_payload_B_reg[6]
  -------------------------------------------------------------------
                         required time                          8.226    
                         arrival time                          -7.758    
  -------------------------------------------------------------------
                         slack                                  0.469    

Slack (MET) :             0.569ns  (required time - arrival time)
  Source:                 top_i/StreamingDataflowPartition_1/inst/StreamingDataflowPartition_1_MVAU_hls_0/StreamingDataflowPartition_1_MVAU_hls_0/inst/grp_Matrix_Vector_Activate_Stream_Batch_fu_540/add_ln840_27_reg_13492_reg[0]/C
                            (rising edge-triggered cell FDRE clocked by clk_pl_0  {rise@0.000ns fall@2.500ns period=5.000ns})
  Destination:            top_i/StreamingDataflowPartition_1/inst/StreamingDataflowPartition_1_MVAU_hls_0/StreamingDataflowPartition_1_MVAU_hls_0/inst/regslice_both_out_V_U/B_V_data_1_payload_A_reg[7]/D
                            (rising edge-triggered cell FDRE clocked by clk_pl_0  {rise@0.000ns fall@2.500ns period=5.000ns})
  Path Group:             clk_pl_0
  Path Type:              Setup (Max at Slow Process Corner)
  Requirement:            5.000ns  (clk_pl_0 rise@5.000ns - clk_pl_0 rise@0.000ns)
  Data Path Delay:        4.212ns  (logic 1.661ns (39.439%)  route 2.551ns (60.561%))
  Logic Levels:           10  (LUT3=2 LUT5=2 LUT6=6)
  Clock Path Skew:        -0.137ns (DCD - SCD + CPR)
    Destination Clock Delay (DCD):    2.846ns = ( 7.846 - 5.000 ) 
    Source Clock Delay      (SCD):    3.171ns
    Clock Pessimism Removal (CPR):    0.188ns
  Clock Uncertainty:      0.129ns  ((TSJ^2 + DJ^2)^1/2) / 2 + PE
    Total System Jitter     (TSJ):    0.071ns
    Discrete Jitter          (DJ):    0.248ns
    Phase Error              (PE):    0.000ns
  Clock Net Delay (Source):      2.904ns (routing 1.584ns, distribution 1.320ns)
  Clock Net Delay (Destination): 2.630ns (routing 1.450ns, distribution 1.180ns)

    Location             Delay type                Incr(ns)  Path(ns)    Netlist Resource(s)
  -------------------------------------------------------------------    -------------------
                         (clock clk_pl_0 rise edge)
                                                      0.000     0.000 r  
    PS8_X0Y0             PS8                          0.000     0.000 r  top_i/zynq_ps/inst/PS8_i/PLCLK[0]
                         net (fo=1, routed)           0.229     0.229    top_i/zynq_ps/inst/pl_clk_unbuffered[0]
    BUFG_PS_X0Y80        BUFG_PS (Prop_BUFG_PS_I_O)
                                                      0.038     0.267 r  top_i/zynq_ps/inst/buffer_pl_clk_0.PL_CLK_0_BUFG/O
    X1Y1 (CLOCK_ROOT)    net (fo=33585, routed)       2.904     3.171    top_i/StreamingDataflowPartition_1/inst/StreamingDataflowPartition_1_MVAU_hls_0/StreamingDataflowPartition_1_MVAU_hls_0/inst/grp_Matrix_Vector_Activate_Stream_Batch_fu_540/ap_clk
    SLICE_X28Y58         FDRE                                         r  top_i/StreamingDataflowPartition_1/inst/StreamingDataflowPartition_1_MVAU_hls_0/StreamingDataflowPartition_1_MVAU_hls_0/inst/grp_Matrix_Vector_Activate_Stream_Batch_fu_540/add_ln840_27_reg_13492_reg[0]/C
  -------------------------------------------------------------------    -------------------
    SLICE_X28Y58         FDRE (Prop_HFF_SLICEM_C_Q)
                                                      0.114     3.285 r  top_i/StreamingDataflowPartition_1/inst/StreamingDataflowPartition_1_MVAU_hls_0/StreamingDataflowPartition_1_MVAU_hls_0/inst/grp_Matrix_Vector_Activate_Stream_Batch_fu_540/add_ln840_27_reg_13492_reg[0]/Q
                         net (fo=5, routed)           0.230     3.515    top_i/StreamingDataflowPartition_1/inst/StreamingDataflowPartition_1_MVAU_hls_0/StreamingDataflowPartition_1_MVAU_hls_0/inst/grp_Matrix_Vector_Activate_Stream_Batch_fu_540/add_ln840_27_reg_13492[0]
    SLICE_X31Y58         LUT3 (Prop_A6LUT_SLICEM_I0_O)
                                                      0.226     3.741 r  top_i/StreamingDataflowPartition_1/inst/StreamingDataflowPartition_1_MVAU_hls_0/StreamingDataflowPartition_1_MVAU_hls_0/inst/grp_Matrix_Vector_Activate_Stream_Batch_fu_540/B_V_data_1_payload_A[7]_i_94/O
                         net (fo=2, routed)           0.178     3.919    top_i/StreamingDataflowPartition_1/inst/StreamingDataflowPartition_1_MVAU_hls_0/StreamingDataflowPartition_1_MVAU_hls_0/inst/grp_Matrix_Vector_Activate_Stream_Batch_fu_540/zext_ln840_26_fu_11444_p1[0]
    SLICE_X29Y58         LUT6 (Prop_H6LUT_SLICEM_I0_O)
                                                      0.154     4.073 r  top_i/StreamingDataflowPartition_1/inst/StreamingDataflowPartition_1_MVAU_hls_0/StreamingDataflowPartition_1_MVAU_hls_0/inst/grp_Matrix_Vector_Activate_Stream_Batch_fu_540/B_V_data_1_payload_A[2]_i_30/O
                         net (fo=3, routed)           0.205     4.278    top_i/StreamingDataflowPartition_1/inst/StreamingDataflowPartition_1_MVAU_hls_0/StreamingDataflowPartition_1_MVAU_hls_0/inst/grp_Matrix_Vector_Activate_Stream_Batch_fu_540/B_V_data_1_payload_A[2]_i_30_n_3
    SLICE_X32Y58         LUT6 (Prop_H6LUT_SLICEM_I1_O)
                                                      0.060     4.338 r  top_i/StreamingDataflowPartition_1/inst/StreamingDataflowPartition_1_MVAU_hls_0/StreamingDataflowPartition_1_MVAU_hls_0/inst/grp_Matrix_Vector_Activate_Stream_Batch_fu_540/B_V_data_1_payload_A[2]_i_23/O
                         net (fo=6, routed)           0.245     4.583    top_i/StreamingDataflowPartition_1/inst/StreamingDataflowPartition_1_MVAU_hls_0/StreamingDataflowPartition_1_MVAU_hls_0/inst/grp_Matrix_Vector_Activate_Stream_Batch_fu_540/B_V_data_1_payload_A[2]_i_23_n_3
    SLICE_X33Y60         LUT6 (Prop_H6LUT_SLICEL_I2_O)
                                                      0.188     4.771 r  top_i/StreamingDataflowPartition_1/inst/StreamingDataflowPartition_1_MVAU_hls_0/StreamingDataflowPartition_1_MVAU_hls_0/inst/grp_Matrix_Vector_Activate_Stream_Batch_fu_540/B_V_data_1_payload_A[2]_i_19/O
                         net (fo=4, routed)           0.231     5.002    top_i/StreamingDataflowPartition_1/inst/StreamingDataflowPartition_1_MVAU_hls_0/StreamingDataflowPartition_1_MVAU_hls_0/inst/grp_Matrix_Vector_Activate_Stream_Batch_fu_540/B_V_data_1_payload_A[2]_i_19_n_3
    SLICE_X33Y65         LUT5 (Prop_F6LUT_SLICEL_I2_O)
                                                      0.136     5.138 r  top_i/StreamingDataflowPartition_1/inst/StreamingDataflowPartition_1_MVAU_hls_0/StreamingDataflowPartition_1_MVAU_hls_0/inst/grp_Matrix_Vector_Activate_Stream_Batch_fu_540/B_V_data_1_payload_A[4]_i_45/O
                         net (fo=4, routed)           0.186     5.324    top_i/StreamingDataflowPartition_1/inst/StreamingDataflowPartition_1_MVAU_hls_0/StreamingDataflowPartition_1_MVAU_hls_0/inst/grp_Matrix_Vector_Activate_Stream_Batch_fu_540/B_V_data_1_payload_A[4]_i_45_n_3
    SLICE_X33Y69         LUT5 (Prop_G6LUT_SLICEL_I1_O)
                                                      0.186     5.510 r  top_i/StreamingDataflowPartition_1/inst/StreamingDataflowPartition_1_MVAU_hls_0/StreamingDataflowPartition_1_MVAU_hls_0/inst/grp_Matrix_Vector_Activate_Stream_Batch_fu_540/B_V_data_1_payload_A[7]_i_36/O
                         net (fo=2, routed)           0.305     5.815    top_i/StreamingDataflowPartition_1/inst/StreamingDataflowPartition_1_MVAU_hls_0/StreamingDataflowPartition_1_MVAU_hls_0/inst/grp_Matrix_Vector_Activate_Stream_Batch_fu_540/B_V_data_1_payload_A[7]_i_36_n_3
    SLICE_X34Y76         LUT3 (Prop_B6LUT_SLICEM_I2_O)
                                                      0.082     5.897 r  top_i/StreamingDataflowPartition_1/inst/StreamingDataflowPartition_1_MVAU_hls_0/StreamingDataflowPartition_1_MVAU_hls_0/inst/grp_Matrix_Vector_Activate_Stream_Batch_fu_540/B_V_data_1_payload_A[4]_i_28/O
                         net (fo=4, routed)           0.394     6.291    top_i/StreamingDataflowPartition_1/inst/StreamingDataflowPartition_1_MVAU_hls_0/StreamingDataflowPartition_1_MVAU_hls_0/inst/grp_Matrix_Vector_Activate_Stream_Batch_fu_540/B_V_data_1_payload_A[4]_i_28_n_3
    SLICE_X33Y80         LUT6 (Prop_B6LUT_SLICEL_I1_O)
                                                      0.188     6.479 r  top_i/StreamingDataflowPartition_1/inst/StreamingDataflowPartition_1_MVAU_hls_0/StreamingDataflowPartition_1_MVAU_hls_0/inst/grp_Matrix_Vector_Activate_Stream_Batch_fu_540/B_V_data_1_payload_A[4]_i_7/O
                         net (fo=2, routed)           0.098     6.578    top_i/StreamingDataflowPartition_1/inst/StreamingDataflowPartition_1_MVAU_hls_0/StreamingDataflowPartition_1_MVAU_hls_0/inst/grp_Matrix_Vector_Activate_Stream_Batch_fu_540/B_V_data_1_payload_A[4]_i_7_n_3
    SLICE_X32Y80         LUT6 (Prop_H6LUT_SLICEM_I5_O)
                                                      0.138     6.716 r  top_i/StreamingDataflowPartition_1/inst/StreamingDataflowPartition_1_MVAU_hls_0/StreamingDataflowPartition_1_MVAU_hls_0/inst/grp_Matrix_Vector_Activate_Stream_Batch_fu_540/B_V_data_1_payload_A[7]_i_5/O
                         net (fo=3, routed)           0.198     6.913    top_i/StreamingDataflowPartition_1/inst/StreamingDataflowPartition_1_MVAU_hls_0/StreamingDataflowPartition_1_MVAU_hls_0/inst/grp_Matrix_Vector_Activate_Stream_Batch_fu_540/B_V_data_1_payload_A[7]_i_5_n_3
    SLICE_X32Y75         LUT6 (Prop_H6LUT_SLICEM_I2_O)
                                                      0.189     7.102 r  top_i/StreamingDataflowPartition_1/inst/StreamingDataflowPartition_1_MVAU_hls_0/StreamingDataflowPartition_1_MVAU_hls_0/inst/grp_Matrix_Vector_Activate_Stream_Batch_fu_540/B_V_data_1_payload_A[7]_i_2/O
                         net (fo=2, routed)           0.280     7.382    top_i/StreamingDataflowPartition_1/inst/StreamingDataflowPartition_1_MVAU_hls_0/StreamingDataflowPartition_1_MVAU_hls_0/inst/regslice_both_out_V_U/B_V_data_1_payload_A_reg[7]_0[7]
    SLICE_X32Y75         FDRE                                         r  top_i/StreamingDataflowPartition_1/inst/StreamingDataflowPartition_1_MVAU_hls_0/StreamingDataflowPartition_1_MVAU_hls_0/inst/regslice_both_out_V_U/B_V_data_1_payload_A_reg[7]/D
  -------------------------------------------------------------------    -------------------

                         (clock clk_pl_0 rise edge)
                                                      5.000     5.000 r  
    PS8_X0Y0             PS8                          0.000     5.000 r  top_i/zynq_ps/inst/PS8_i/PLCLK[0]
                         net (fo=1, routed)           0.181     5.181    top_i/zynq_ps/inst/pl_clk_unbuffered[0]
    BUFG_PS_X0Y80        BUFG_PS (Prop_BUFG_PS_I_O)
                                                      0.035     5.216 r  top_i/zynq_ps/inst/buffer_pl_clk_0.PL_CLK_0_BUFG/O
    X1Y1 (CLOCK_ROOT)    net (fo=33585, routed)       2.630     7.846    top_i/StreamingDataflowPartition_1/inst/StreamingDataflowPartition_1_MVAU_hls_0/StreamingDataflowPartition_1_MVAU_hls_0/inst/regslice_both_out_V_U/ap_clk
    SLICE_X32Y75         FDRE                                         r  top_i/StreamingDataflowPartition_1/inst/StreamingDataflowPartition_1_MVAU_hls_0/StreamingDataflowPartition_1_MVAU_hls_0/inst/regslice_both_out_V_U/B_V_data_1_payload_A_reg[7]/C
                         clock pessimism              0.188     8.034    
                         clock uncertainty           -0.129     7.905    
    SLICE_X32Y75         FDRE (Setup_GFF2_SLICEM_C_D)
                                                      0.046     7.951    top_i/StreamingDataflowPartition_1/inst/StreamingDataflowPartition_1_MVAU_hls_0/StreamingDataflowPartition_1_MVAU_hls_0/inst/regslice_both_out_V_U/B_V_data_1_payload_A_reg[7]
  -------------------------------------------------------------------
                         required time                          7.951    
                         arrival time                          -7.382    
  -------------------------------------------------------------------
                         slack                                  0.569    

Slack (MET) :             0.576ns  (required time - arrival time)
  Source:                 top_i/StreamingDataflowPartition_1/inst/StreamingDataflowPartition_1_MVAU_hls_1/StreamingDataflowPartition_1_MVAU_hls_1/inst/grp_Matrix_Vector_Activate_Stream_Batch_fu_540/add_ln840_58_reg_28153_reg[0]/C
                            (rising edge-triggered cell FDRE clocked by clk_pl_0  {rise@0.000ns fall@2.500ns period=5.000ns})
  Destination:            top_i/StreamingDataflowPartition_1/inst/StreamingDataflowPartition_1_MVAU_hls_1/StreamingDataflowPartition_1_MVAU_hls_1/inst/regslice_both_out_V_U/B_V_data_1_payload_A_reg[7]/D
                            (rising edge-triggered cell FDRE clocked by clk_pl_0  {rise@0.000ns fall@2.500ns period=5.000ns})
  Path Group:             clk_pl_0
  Path Type:              Setup (Max at Slow Process Corner)
  Requirement:            5.000ns  (clk_pl_0 rise@5.000ns - clk_pl_0 rise@0.000ns)
  Data Path Delay:        4.237ns  (logic 1.651ns (38.964%)  route 2.586ns (61.036%))
  Logic Levels:           10  (LUT3=2 LUT5=6 LUT6=2)
  Clock Path Skew:        -0.104ns (DCD - SCD + CPR)
    Destination Clock Delay (DCD):    3.073ns = ( 8.073 - 5.000 ) 
    Source Clock Delay      (SCD):    3.415ns
    Clock Pessimism Removal (CPR):    0.238ns
  Clock Uncertainty:      0.129ns  ((TSJ^2 + DJ^2)^1/2) / 2 + PE
    Total System Jitter     (TSJ):    0.071ns
    Discrete Jitter          (DJ):    0.248ns
    Phase Error              (PE):    0.000ns
  Clock Net Delay (Source):      3.148ns (routing 1.584ns, distribution 1.564ns)
  Clock Net Delay (Destination): 2.857ns (routing 1.450ns, distribution 1.407ns)

    Location             Delay type                Incr(ns)  Path(ns)    Netlist Resource(s)
  -------------------------------------------------------------------    -------------------
                         (clock clk_pl_0 rise edge)
                                                      0.000     0.000 r  
    PS8_X0Y0             PS8                          0.000     0.000 r  top_i/zynq_ps/inst/PS8_i/PLCLK[0]
                         net (fo=1, routed)           0.229     0.229    top_i/zynq_ps/inst/pl_clk_unbuffered[0]
    BUFG_PS_X0Y80        BUFG_PS (Prop_BUFG_PS_I_O)
                                                      0.038     0.267 r  top_i/zynq_ps/inst/buffer_pl_clk_0.PL_CLK_0_BUFG/O
    X1Y1 (CLOCK_ROOT)    net (fo=33585, routed)       3.148     3.415    top_i/StreamingDataflowPartition_1/inst/StreamingDataflowPartition_1_MVAU_hls_1/StreamingDataflowPartition_1_MVAU_hls_1/inst/grp_Matrix_Vector_Activate_Stream_Batch_fu_540/ap_clk
    SLICE_X18Y198        FDRE                                         r  top_i/StreamingDataflowPartition_1/inst/StreamingDataflowPartition_1_MVAU_hls_1/StreamingDataflowPartition_1_MVAU_hls_1/inst/grp_Matrix_Vector_Activate_Stream_Batch_fu_540/add_ln840_58_reg_28153_reg[0]/C
  -------------------------------------------------------------------    -------------------
    SLICE_X18Y198        FDRE (Prop_DFF_SLICEM_C_Q)
                                                      0.116     3.531 r  top_i/StreamingDataflowPartition_1/inst/StreamingDataflowPartition_1_MVAU_hls_1/StreamingDataflowPartition_1_MVAU_hls_1/inst/grp_Matrix_Vector_Activate_Stream_Batch_fu_540/add_ln840_58_reg_28153_reg[0]/Q
                         net (fo=4, routed)           0.185     3.716    top_i/StreamingDataflowPartition_1/inst/StreamingDataflowPartition_1_MVAU_hls_1/StreamingDataflowPartition_1_MVAU_hls_1/inst/grp_Matrix_Vector_Activate_Stream_Batch_fu_540/add_ln840_58_reg_28153[0]
    SLICE_X18Y195        LUT5 (Prop_D6LUT_SLICEM_I0_O)
                                                      0.220     3.936 r  top_i/StreamingDataflowPartition_1/inst/StreamingDataflowPartition_1_MVAU_hls_1/StreamingDataflowPartition_1_MVAU_hls_1/inst/grp_Matrix_Vector_Activate_Stream_Batch_fu_540/B_V_data_1_payload_A[1]_i_23/O
                         net (fo=4, routed)           0.246     4.182    top_i/StreamingDataflowPartition_1/inst/StreamingDataflowPartition_1_MVAU_hls_1/StreamingDataflowPartition_1_MVAU_hls_1/inst/grp_Matrix_Vector_Activate_Stream_Batch_fu_540/B_V_data_1_payload_A[1]_i_23_n_3
    SLICE_X16Y194        LUT5 (Prop_D5LUT_SLICEL_I3_O)
                                                      0.088     4.270 r  top_i/StreamingDataflowPartition_1/inst/StreamingDataflowPartition_1_MVAU_hls_1/StreamingDataflowPartition_1_MVAU_hls_1/inst/grp_Matrix_Vector_Activate_Stream_Batch_fu_540/B_V_data_1_payload_A[1]_i_24/O
                         net (fo=2, routed)           0.293     4.563    top_i/StreamingDataflowPartition_1/inst/StreamingDataflowPartition_1_MVAU_hls_1/StreamingDataflowPartition_1_MVAU_hls_1/inst/grp_Matrix_Vector_Activate_Stream_Batch_fu_540/B_V_data_1_payload_A[1]_i_24_n_3
    SLICE_X16Y194        LUT5 (Prop_C5LUT_SLICEL_I4_O)
                                                      0.152     4.715 r  top_i/StreamingDataflowPartition_1/inst/StreamingDataflowPartition_1_MVAU_hls_1/StreamingDataflowPartition_1_MVAU_hls_1/inst/grp_Matrix_Vector_Activate_Stream_Batch_fu_540/B_V_data_1_payload_A[2]_i_18/O
                         net (fo=2, routed)           0.348     5.064    top_i/StreamingDataflowPartition_1/inst/StreamingDataflowPartition_1_MVAU_hls_1/StreamingDataflowPartition_1_MVAU_hls_1/inst/grp_Matrix_Vector_Activate_Stream_Batch_fu_540/B_V_data_1_payload_A[2]_i_18_n_3
    SLICE_X16Y194        LUT6 (Prop_H6LUT_SLICEL_I0_O)
                                                      0.058     5.122 r  top_i/StreamingDataflowPartition_1/inst/StreamingDataflowPartition_1_MVAU_hls_1/StreamingDataflowPartition_1_MVAU_hls_1/inst/grp_Matrix_Vector_Activate_Stream_Batch_fu_540/B_V_data_1_payload_A[2]_i_12/O
                         net (fo=5, routed)           0.244     5.366    top_i/StreamingDataflowPartition_1/inst/StreamingDataflowPartition_1_MVAU_hls_1/StreamingDataflowPartition_1_MVAU_hls_1/inst/grp_Matrix_Vector_Activate_Stream_Batch_fu_540/B_V_data_1_payload_A[2]_i_12_n_3
    SLICE_X16Y191        LUT3 (Prop_D5LUT_SLICEL_I0_O)
                                                      0.187     5.553 r  top_i/StreamingDataflowPartition_1/inst/StreamingDataflowPartition_1_MVAU_hls_1/StreamingDataflowPartition_1_MVAU_hls_1/inst/grp_Matrix_Vector_Activate_Stream_Batch_fu_540/B_V_data_1_payload_A[4]_i_41/O
                         net (fo=4, routed)           0.248     5.801    top_i/StreamingDataflowPartition_1/inst/StreamingDataflowPartition_1_MVAU_hls_1/StreamingDataflowPartition_1_MVAU_hls_1/inst/grp_Matrix_Vector_Activate_Stream_Batch_fu_540/B_V_data_1_payload_A[4]_i_41_n_3
    SLICE_X17Y190        LUT5 (Prop_D6LUT_SLICEM_I3_O)
                                                      0.080     5.881 r  top_i/StreamingDataflowPartition_1/inst/StreamingDataflowPartition_1_MVAU_hls_1/StreamingDataflowPartition_1_MVAU_hls_1/inst/grp_Matrix_Vector_Activate_Stream_Batch_fu_540/B_V_data_1_payload_A[4]_i_18/O
                         net (fo=5, routed)           0.193     6.073    top_i/StreamingDataflowPartition_1/inst/StreamingDataflowPartition_1_MVAU_hls_1/StreamingDataflowPartition_1_MVAU_hls_1/inst/grp_Matrix_Vector_Activate_Stream_Batch_fu_540/B_V_data_1_payload_A[4]_i_18_n_3
    SLICE_X18Y188        LUT5 (Prop_B6LUT_SLICEM_I1_O)
                                                      0.082     6.155 r  top_i/StreamingDataflowPartition_1/inst/StreamingDataflowPartition_1_MVAU_hls_1/StreamingDataflowPartition_1_MVAU_hls_1/inst/grp_Matrix_Vector_Activate_Stream_Batch_fu_540/B_V_data_1_payload_A[5]_i_5/O
                         net (fo=2, routed)           0.163     6.318    top_i/StreamingDataflowPartition_1/inst/StreamingDataflowPartition_1_MVAU_hls_1/StreamingDataflowPartition_1_MVAU_hls_1/inst/grp_Matrix_Vector_Activate_Stream_Batch_fu_540/B_V_data_1_payload_A[5]_i_5_n_3
    SLICE_X18Y188        LUT5 (Prop_C6LUT_SLICEM_I0_O)
                                                      0.220     6.538 r  top_i/StreamingDataflowPartition_1/inst/StreamingDataflowPartition_1_MVAU_hls_1/StreamingDataflowPartition_1_MVAU_hls_1/inst/grp_Matrix_Vector_Activate_Stream_Batch_fu_540/B_V_data_1_payload_A[5]_i_2/O
                         net (fo=3, routed)           0.185     6.724    top_i/StreamingDataflowPartition_1/inst/StreamingDataflowPartition_1_MVAU_hls_1/StreamingDataflowPartition_1_MVAU_hls_1/inst/grp_Matrix_Vector_Activate_Stream_Batch_fu_540/B_V_data_1_payload_A[5]_i_2_n_3
    SLICE_X18Y187        LUT3 (Prop_D5LUT_SLICEM_I0_O)
                                                      0.220     6.944 r  top_i/StreamingDataflowPartition_1/inst/StreamingDataflowPartition_1_MVAU_hls_1/StreamingDataflowPartition_1_MVAU_hls_1/inst/grp_Matrix_Vector_Activate_Stream_Batch_fu_540/B_V_data_1_payload_A[7]_i_3/O
                         net (fo=2, routed)           0.230     7.174    top_i/StreamingDataflowPartition_1/inst/StreamingDataflowPartition_1_MVAU_hls_1/StreamingDataflowPartition_1_MVAU_hls_1/inst/grp_Matrix_Vector_Activate_Stream_Batch_fu_540/B_V_data_1_payload_A[7]_i_3_n_3
    SLICE_X18Y187        LUT6 (Prop_H6LUT_SLICEM_I0_O)
                                                      0.228     7.402 r  top_i/StreamingDataflowPartition_1/inst/StreamingDataflowPartition_1_MVAU_hls_1/StreamingDataflowPartition_1_MVAU_hls_1/inst/grp_Matrix_Vector_Activate_Stream_Batch_fu_540/B_V_data_1_payload_A[7]_i_2/O
                         net (fo=2, routed)           0.251     7.653    top_i/StreamingDataflowPartition_1/inst/StreamingDataflowPartition_1_MVAU_hls_1/StreamingDataflowPartition_1_MVAU_hls_1/inst/regslice_both_out_V_U/B_V_data_1_payload_A_reg[7]_0[7]
    SLICE_X17Y187        FDRE                                         r  top_i/StreamingDataflowPartition_1/inst/StreamingDataflowPartition_1_MVAU_hls_1/StreamingDataflowPartition_1_MVAU_hls_1/inst/regslice_both_out_V_U/B_V_data_1_payload_A_reg[7]/D
  -------------------------------------------------------------------    -------------------

                         (clock clk_pl_0 rise edge)
                                                      5.000     5.000 r  
    PS8_X0Y0             PS8                          0.000     5.000 r  top_i/zynq_ps/inst/PS8_i/PLCLK[0]
                         net (fo=1, routed)           0.181     5.181    top_i/zynq_ps/inst/pl_clk_unbuffered[0]
    BUFG_PS_X0Y80        BUFG_PS (Prop_BUFG_PS_I_O)
                                                      0.035     5.216 r  top_i/zynq_ps/inst/buffer_pl_clk_0.PL_CLK_0_BUFG/O
    X1Y1 (CLOCK_ROOT)    net (fo=33585, routed)       2.857     8.073    top_i/StreamingDataflowPartition_1/inst/StreamingDataflowPartition_1_MVAU_hls_1/StreamingDataflowPartition_1_MVAU_hls_1/inst/regslice_both_out_V_U/ap_clk
    SLICE_X17Y187        FDRE                                         r  top_i/StreamingDataflowPartition_1/inst/StreamingDataflowPartition_1_MVAU_hls_1/StreamingDataflowPartition_1_MVAU_hls_1/inst/regslice_both_out_V_U/B_V_data_1_payload_A_reg[7]/C
                         clock pessimism              0.238     8.311    
                         clock uncertainty           -0.129     8.182    
    SLICE_X17Y187        FDRE (Setup_GFF2_SLICEM_C_D)
                                                      0.046     8.228    top_i/StreamingDataflowPartition_1/inst/StreamingDataflowPartition_1_MVAU_hls_1/StreamingDataflowPartition_1_MVAU_hls_1/inst/regslice_both_out_V_U/B_V_data_1_payload_A_reg[7]
  -------------------------------------------------------------------
                         required time                          8.228    
                         arrival time                          -7.653    
  -------------------------------------------------------------------
                         slack                                  0.576    

Slack (MET) :             0.591ns  (required time - arrival time)
  Source:                 top_i/StreamingDataflowPartition_1/inst/StreamingDataflowPartition_1_MVAU_hls_0/StreamingDataflowPartition_1_MVAU_hls_0/inst/grp_Matrix_Vector_Activate_Stream_Batch_fu_540/add_ln840_27_reg_13492_reg[0]/C
                            (rising edge-triggered cell FDRE clocked by clk_pl_0  {rise@0.000ns fall@2.500ns period=5.000ns})
  Destination:            top_i/StreamingDataflowPartition_1/inst/StreamingDataflowPartition_1_MVAU_hls_0/StreamingDataflowPartition_1_MVAU_hls_0/inst/regslice_both_out_V_U/B_V_data_1_payload_B_reg[7]/D
                            (rising edge-triggered cell FDRE clocked by clk_pl_0  {rise@0.000ns fall@2.500ns period=5.000ns})
  Path Group:             clk_pl_0
  Path Type:              Setup (Max at Slow Process Corner)
  Requirement:            5.000ns  (clk_pl_0 rise@5.000ns - clk_pl_0 rise@0.000ns)
  Data Path Delay:        4.187ns  (logic 1.661ns (39.674%)  route 2.526ns (60.326%))
  Logic Levels:           10  (LUT3=2 LUT5=2 LUT6=6)
  Clock Path Skew:        -0.137ns (DCD - SCD + CPR)
    Destination Clock Delay (DCD):    2.846ns = ( 7.846 - 5.000 ) 
    Source Clock Delay      (SCD):    3.171ns
    Clock Pessimism Removal (CPR):    0.188ns
  Clock Uncertainty:      0.129ns  ((TSJ^2 + DJ^2)^1/2) / 2 + PE
    Total System Jitter     (TSJ):    0.071ns
    Discrete Jitter          (DJ):    0.248ns
    Phase Error              (PE):    0.000ns
  Clock Net Delay (Source):      2.904ns (routing 1.584ns, distribution 1.320ns)
  Clock Net Delay (Destination): 2.630ns (routing 1.450ns, distribution 1.180ns)

    Location             Delay type                Incr(ns)  Path(ns)    Netlist Resource(s)
  -------------------------------------------------------------------    -------------------
                         (clock clk_pl_0 rise edge)
                                                      0.000     0.000 r  
    PS8_X0Y0             PS8                          0.000     0.000 r  top_i/zynq_ps/inst/PS8_i/PLCLK[0]
                         net (fo=1, routed)           0.229     0.229    top_i/zynq_ps/inst/pl_clk_unbuffered[0]
    BUFG_PS_X0Y80        BUFG_PS (Prop_BUFG_PS_I_O)
                                                      0.038     0.267 r  top_i/zynq_ps/inst/buffer_pl_clk_0.PL_CLK_0_BUFG/O
    X1Y1 (CLOCK_ROOT)    net (fo=33585, routed)       2.904     3.171    top_i/StreamingDataflowPartition_1/inst/StreamingDataflowPartition_1_MVAU_hls_0/StreamingDataflowPartition_1_MVAU_hls_0/inst/grp_Matrix_Vector_Activate_Stream_Batch_fu_540/ap_clk
    SLICE_X28Y58         FDRE                                         r  top_i/StreamingDataflowPartition_1/inst/StreamingDataflowPartition_1_MVAU_hls_0/StreamingDataflowPartition_1_MVAU_hls_0/inst/grp_Matrix_Vector_Activate_Stream_Batch_fu_540/add_ln840_27_reg_13492_reg[0]/C
  -------------------------------------------------------------------    -------------------
    SLICE_X28Y58         FDRE (Prop_HFF_SLICEM_C_Q)
                                                      0.114     3.285 r  top_i/StreamingDataflowPartition_1/inst/StreamingDataflowPartition_1_MVAU_hls_0/StreamingDataflowPartition_1_MVAU_hls_0/inst/grp_Matrix_Vector_Activate_Stream_Batch_fu_540/add_ln840_27_reg_13492_reg[0]/Q
                         net (fo=5, routed)           0.230     3.515    top_i/StreamingDataflowPartition_1/inst/StreamingDataflowPartition_1_MVAU_hls_0/StreamingDataflowPartition_1_MVAU_hls_0/inst/grp_Matrix_Vector_Activate_Stream_Batch_fu_540/add_ln840_27_reg_13492[0]
    SLICE_X31Y58         LUT3 (Prop_A6LUT_SLICEM_I0_O)
                                                      0.226     3.741 r  top_i/StreamingDataflowPartition_1/inst/StreamingDataflowPartition_1_MVAU_hls_0/StreamingDataflowPartition_1_MVAU_hls_0/inst/grp_Matrix_Vector_Activate_Stream_Batch_fu_540/B_V_data_1_payload_A[7]_i_94/O
                         net (fo=2, routed)           0.178     3.919    top_i/StreamingDataflowPartition_1/inst/StreamingDataflowPartition_1_MVAU_hls_0/StreamingDataflowPartition_1_MVAU_hls_0/inst/grp_Matrix_Vector_Activate_Stream_Batch_fu_540/zext_ln840_26_fu_11444_p1[0]
    SLICE_X29Y58         LUT6 (Prop_H6LUT_SLICEM_I0_O)
                                                      0.154     4.073 r  top_i/StreamingDataflowPartition_1/inst/StreamingDataflowPartition_1_MVAU_hls_0/StreamingDataflowPartition_1_MVAU_hls_0/inst/grp_Matrix_Vector_Activate_Stream_Batch_fu_540/B_V_data_1_payload_A[2]_i_30/O
                         net (fo=3, routed)           0.205     4.278    top_i/StreamingDataflowPartition_1/inst/StreamingDataflowPartition_1_MVAU_hls_0/StreamingDataflowPartition_1_MVAU_hls_0/inst/grp_Matrix_Vector_Activate_Stream_Batch_fu_540/B_V_data_1_payload_A[2]_i_30_n_3
    SLICE_X32Y58         LUT6 (Prop_H6LUT_SLICEM_I1_O)
                                                      0.060     4.338 r  top_i/StreamingDataflowPartition_1/inst/StreamingDataflowPartition_1_MVAU_hls_0/StreamingDataflowPartition_1_MVAU_hls_0/inst/grp_Matrix_Vector_Activate_Stream_Batch_fu_540/B_V_data_1_payload_A[2]_i_23/O
                         net (fo=6, routed)           0.245     4.583    top_i/StreamingDataflowPartition_1/inst/StreamingDataflowPartition_1_MVAU_hls_0/StreamingDataflowPartition_1_MVAU_hls_0/inst/grp_Matrix_Vector_Activate_Stream_Batch_fu_540/B_V_data_1_payload_A[2]_i_23_n_3
    SLICE_X33Y60         LUT6 (Prop_H6LUT_SLICEL_I2_O)
                                                      0.188     4.771 r  top_i/StreamingDataflowPartition_1/inst/StreamingDataflowPartition_1_MVAU_hls_0/StreamingDataflowPartition_1_MVAU_hls_0/inst/grp_Matrix_Vector_Activate_Stream_Batch_fu_540/B_V_data_1_payload_A[2]_i_19/O
                         net (fo=4, routed)           0.231     5.002    top_i/StreamingDataflowPartition_1/inst/StreamingDataflowPartition_1_MVAU_hls_0/StreamingDataflowPartition_1_MVAU_hls_0/inst/grp_Matrix_Vector_Activate_Stream_Batch_fu_540/B_V_data_1_payload_A[2]_i_19_n_3
    SLICE_X33Y65         LUT5 (Prop_F6LUT_SLICEL_I2_O)
                                                      0.136     5.138 r  top_i/StreamingDataflowPartition_1/inst/StreamingDataflowPartition_1_MVAU_hls_0/StreamingDataflowPartition_1_MVAU_hls_0/inst/grp_Matrix_Vector_Activate_Stream_Batch_fu_540/B_V_data_1_payload_A[4]_i_45/O
                         net (fo=4, routed)           0.186     5.324    top_i/StreamingDataflowPartition_1/inst/StreamingDataflowPartition_1_MVAU_hls_0/StreamingDataflowPartition_1_MVAU_hls_0/inst/grp_Matrix_Vector_Activate_Stream_Batch_fu_540/B_V_data_1_payload_A[4]_i_45_n_3
    SLICE_X33Y69         LUT5 (Prop_G6LUT_SLICEL_I1_O)
                                                      0.186     5.510 r  top_i/StreamingDataflowPartition_1/inst/StreamingDataflowPartition_1_MVAU_hls_0/StreamingDataflowPartition_1_MVAU_hls_0/inst/grp_Matrix_Vector_Activate_Stream_Batch_fu_540/B_V_data_1_payload_A[7]_i_36/O
                         net (fo=2, routed)           0.305     5.815    top_i/StreamingDataflowPartition_1/inst/StreamingDataflowPartition_1_MVAU_hls_0/StreamingDataflowPartition_1_MVAU_hls_0/inst/grp_Matrix_Vector_Activate_Stream_Batch_fu_540/B_V_data_1_payload_A[7]_i_36_n_3
    SLICE_X34Y76         LUT3 (Prop_B6LUT_SLICEM_I2_O)
                                                      0.082     5.897 r  top_i/StreamingDataflowPartition_1/inst/StreamingDataflowPartition_1_MVAU_hls_0/StreamingDataflowPartition_1_MVAU_hls_0/inst/grp_Matrix_Vector_Activate_Stream_Batch_fu_540/B_V_data_1_payload_A[4]_i_28/O
                         net (fo=4, routed)           0.394     6.291    top_i/StreamingDataflowPartition_1/inst/StreamingDataflowPartition_1_MVAU_hls_0/StreamingDataflowPartition_1_MVAU_hls_0/inst/grp_Matrix_Vector_Activate_Stream_Batch_fu_540/B_V_data_1_payload_A[4]_i_28_n_3
    SLICE_X33Y80         LUT6 (Prop_B6LUT_SLICEL_I1_O)
                                                      0.188     6.479 r  top_i/StreamingDataflowPartition_1/inst/StreamingDataflowPartition_1_MVAU_hls_0/StreamingDataflowPartition_1_MVAU_hls_0/inst/grp_Matrix_Vector_Activate_Stream_Batch_fu_540/B_V_data_1_payload_A[4]_i_7/O
                         net (fo=2, routed)           0.098     6.578    top_i/StreamingDataflowPartition_1/inst/StreamingDataflowPartition_1_MVAU_hls_0/StreamingDataflowPartition_1_MVAU_hls_0/inst/grp_Matrix_Vector_Activate_Stream_Batch_fu_540/B_V_data_1_payload_A[4]_i_7_n_3
    SLICE_X32Y80         LUT6 (Prop_H6LUT_SLICEM_I5_O)
                                                      0.138     6.716 r  top_i/StreamingDataflowPartition_1/inst/StreamingDataflowPartition_1_MVAU_hls_0/StreamingDataflowPartition_1_MVAU_hls_0/inst/grp_Matrix_Vector_Activate_Stream_Batch_fu_540/B_V_data_1_payload_A[7]_i_5/O
                         net (fo=3, routed)           0.198     6.913    top_i/StreamingDataflowPartition_1/inst/StreamingDataflowPartition_1_MVAU_hls_0/StreamingDataflowPartition_1_MVAU_hls_0/inst/grp_Matrix_Vector_Activate_Stream_Batch_fu_540/B_V_data_1_payload_A[7]_i_5_n_3
    SLICE_X32Y75         LUT6 (Prop_H6LUT_SLICEM_I2_O)
                                                      0.189     7.102 r  top_i/StreamingDataflowPartition_1/inst/StreamingDataflowPartition_1_MVAU_hls_0/StreamingDataflowPartition_1_MVAU_hls_0/inst/grp_Matrix_Vector_Activate_Stream_Batch_fu_540/B_V_data_1_payload_A[7]_i_2/O
                         net (fo=2, routed)           0.255     7.357    top_i/StreamingDataflowPartition_1/inst/StreamingDataflowPartition_1_MVAU_hls_0/StreamingDataflowPartition_1_MVAU_hls_0/inst/regslice_both_out_V_U/B_V_data_1_payload_A_reg[7]_0[7]
    SLICE_X32Y75         FDRE                                         r  top_i/StreamingDataflowPartition_1/inst/StreamingDataflowPartition_1_MVAU_hls_0/StreamingDataflowPartition_1_MVAU_hls_0/inst/regslice_both_out_V_U/B_V_data_1_payload_B_reg[7]/D
  -------------------------------------------------------------------    -------------------

                         (clock clk_pl_0 rise edge)
                                                      5.000     5.000 r  
    PS8_X0Y0             PS8                          0.000     5.000 r  top_i/zynq_ps/inst/PS8_i/PLCLK[0]
                         net (fo=1, routed)           0.181     5.181    top_i/zynq_ps/inst/pl_clk_unbuffered[0]
    BUFG_PS_X0Y80        BUFG_PS (Prop_BUFG_PS_I_O)
                                                      0.035     5.216 r  top_i/zynq_ps/inst/buffer_pl_clk_0.PL_CLK_0_BUFG/O
    X1Y1 (CLOCK_ROOT)    net (fo=33585, routed)       2.630     7.846    top_i/StreamingDataflowPartition_1/inst/StreamingDataflowPartition_1_MVAU_hls_0/StreamingDataflowPartition_1_MVAU_hls_0/inst/regslice_both_out_V_U/ap_clk
    SLICE_X32Y75         FDRE                                         r  top_i/StreamingDataflowPartition_1/inst/StreamingDataflowPartition_1_MVAU_hls_0/StreamingDataflowPartition_1_MVAU_hls_0/inst/regslice_both_out_V_U/B_V_data_1_payload_B_reg[7]/C
                         clock pessimism              0.188     8.034    
                         clock uncertainty           -0.129     7.905    
    SLICE_X32Y75         FDRE (Setup_GFF_SLICEM_C_D)
                                                      0.043     7.948    top_i/StreamingDataflowPartition_1/inst/StreamingDataflowPartition_1_MVAU_hls_0/StreamingDataflowPartition_1_MVAU_hls_0/inst/regslice_both_out_V_U/B_V_data_1_payload_B_reg[7]
  -------------------------------------------------------------------
                         required time                          7.948    
                         arrival time                          -7.357    
  -------------------------------------------------------------------
                         slack                                  0.591    

Slack (MET) :             0.629ns  (required time - arrival time)
  Source:                 top_i/StreamingDataflowPartition_1/inst/StreamingDataflowPartition_1_MVAU_hls_1/StreamingDataflowPartition_1_MVAU_hls_1/inst/grp_Matrix_Vector_Activate_Stream_Batch_fu_540/nf_1_fu_4414_reg[9]/C
                            (rising edge-triggered cell FDRE clocked by clk_pl_0  {rise@0.000ns fall@2.500ns period=5.000ns})
  Destination:            top_i/StreamingDataflowPartition_1/inst/StreamingDataflowPartition_1_MVAU_hls_1/StreamingDataflowPartition_1_MVAU_hls_1/inst/grp_Matrix_Vector_Activate_Stream_Batch_fu_540/inputBuf_V_212_fu_2702_reg[2]/CE
                            (rising edge-triggered cell FDRE clocked by clk_pl_0  {rise@0.000ns fall@2.500ns period=5.000ns})
  Path Group:             clk_pl_0
  Path Type:              Setup (Max at Slow Process Corner)
  Requirement:            5.000ns  (clk_pl_0 rise@5.000ns - clk_pl_0 rise@0.000ns)
  Data Path Delay:        3.868ns  (logic 0.777ns (20.086%)  route 3.091ns (79.914%))
  Logic Levels:           7  (LUT3=2 LUT5=2 LUT6=3)
  Clock Path Skew:        -0.294ns (DCD - SCD + CPR)
    Destination Clock Delay (DCD):    2.877ns = ( 7.877 - 5.000 ) 
    Source Clock Delay      (SCD):    3.414ns
    Clock Pessimism Removal (CPR):    0.243ns
  Clock Uncertainty:      0.129ns  ((TSJ^2 + DJ^2)^1/2) / 2 + PE
    Total System Jitter     (TSJ):    0.071ns
    Discrete Jitter          (DJ):    0.248ns
    Phase Error              (PE):    0.000ns
  Clock Net Delay (Source):      3.147ns (routing 1.584ns, distribution 1.563ns)
  Clock Net Delay (Destination): 2.661ns (routing 1.450ns, distribution 1.211ns)

    Location             Delay type                Incr(ns)  Path(ns)    Netlist Resource(s)
  -------------------------------------------------------------------    -------------------
                         (clock clk_pl_0 rise edge)
                                                      0.000     0.000 r  
    PS8_X0Y0             PS8                          0.000     0.000 r  top_i/zynq_ps/inst/PS8_i/PLCLK[0]
                         net (fo=1, routed)           0.229     0.229    top_i/zynq_ps/inst/pl_clk_unbuffered[0]
    BUFG_PS_X0Y80        BUFG_PS (Prop_BUFG_PS_I_O)
                                                      0.038     0.267 r  top_i/zynq_ps/inst/buffer_pl_clk_0.PL_CLK_0_BUFG/O
    X1Y1 (CLOCK_ROOT)    net (fo=33585, routed)       3.147     3.414    top_i/StreamingDataflowPartition_1/inst/StreamingDataflowPartition_1_MVAU_hls_1/StreamingDataflowPartition_1_MVAU_hls_1/inst/grp_Matrix_Vector_Activate_Stream_Batch_fu_540/ap_clk
    SLICE_X12Y139        FDRE                                         r  top_i/StreamingDataflowPartition_1/inst/StreamingDataflowPartition_1_MVAU_hls_1/StreamingDataflowPartition_1_MVAU_hls_1/inst/grp_Matrix_Vector_Activate_Stream_Batch_fu_540/nf_1_fu_4414_reg[9]/C
  -------------------------------------------------------------------    -------------------
    SLICE_X12Y139        FDRE (Prop_AFF_SLICEM_C_Q)
                                                      0.113     3.527 r  top_i/StreamingDataflowPartition_1/inst/StreamingDataflowPartition_1_MVAU_hls_1/StreamingDataflowPartition_1_MVAU_hls_1/inst/grp_Matrix_Vector_Activate_Stream_Batch_fu_540/nf_1_fu_4414_reg[9]/Q
                         net (fo=2, routed)           0.345     3.873    top_i/StreamingDataflowPartition_1/inst/StreamingDataflowPartition_1_MVAU_hls_1/StreamingDataflowPartition_1_MVAU_hls_1/inst/grp_Matrix_Vector_Activate_Stream_Batch_fu_540/mac_muladd_8ns_8s_22s_22_4_1_U2/MVAU_hls_1_mac_muladd_8ns_8s_22s_22_4_1_DSP48_0_U/icmp_ln253_reg_26119_reg[0][9]
    SLICE_X12Y142        LUT6 (Prop_F6LUT_SLICEM_I3_O)
                                                      0.080     3.953 f  top_i/StreamingDataflowPartition_1/inst/StreamingDataflowPartition_1_MVAU_hls_1/StreamingDataflowPartition_1_MVAU_hls_1/inst/grp_Matrix_Vector_Activate_Stream_Batch_fu_540/mac_muladd_8ns_8s_22s_22_4_1_U2/MVAU_hls_1_mac_muladd_8ns_8s_22s_22_4_1_DSP48_0_U/icmp_ln253_reg_26119[0]_i_6/O
                         net (fo=1, routed)           0.206     4.159    top_i/StreamingDataflowPartition_1/inst/StreamingDataflowPartition_1_MVAU_hls_1/StreamingDataflowPartition_1_MVAU_hls_1/inst/grp_Matrix_Vector_Activate_Stream_Batch_fu_540/mac_muladd_8ns_8s_22s_22_4_1_U2/MVAU_hls_1_mac_muladd_8ns_8s_22s_22_4_1_DSP48_0_U/icmp_ln253_reg_26119[0]_i_6_n_3
    SLICE_X12Y143        LUT6 (Prop_C6LUT_SLICEM_I2_O)
                                                      0.149     4.308 f  top_i/StreamingDataflowPartition_1/inst/StreamingDataflowPartition_1_MVAU_hls_1/StreamingDataflowPartition_1_MVAU_hls_1/inst/grp_Matrix_Vector_Activate_Stream_Batch_fu_540/mac_muladd_8ns_8s_22s_22_4_1_U2/MVAU_hls_1_mac_muladd_8ns_8s_22s_22_4_1_DSP48_0_U/icmp_ln253_reg_26119[0]_i_3/O
                         net (fo=1, routed)           0.213     4.521    top_i/StreamingDataflowPartition_1/inst/StreamingDataflowPartition_1_MVAU_hls_1/StreamingDataflowPartition_1_MVAU_hls_1/inst/grp_Matrix_Vector_Activate_Stream_Batch_fu_540/flow_control_loop_pipe_sequential_init_U/icmp_ln253_reg_26119_reg[0]_0
    SLICE_X12Y143        LUT3 (Prop_H6LUT_SLICEM_I1_O)
                                                      0.138     4.659 f  top_i/StreamingDataflowPartition_1/inst/StreamingDataflowPartition_1_MVAU_hls_1/StreamingDataflowPartition_1_MVAU_hls_1/inst/grp_Matrix_Vector_Activate_Stream_Batch_fu_540/flow_control_loop_pipe_sequential_init_U/icmp_ln253_reg_26119[0]_i_1/O
                         net (fo=20, routed)          0.454     5.112    top_i/StreamingDataflowPartition_1/inst/StreamingDataflowPartition_1_MVAU_hls_1/StreamingDataflowPartition_1_MVAU_hls_1/inst/grp_Matrix_Vector_Activate_Stream_Batch_fu_540/flow_control_loop_pipe_sequential_init_U/icmp_ln253_fu_7797_p2
    SLICE_X18Y151        LUT5 (Prop_G6LUT_SLICEM_I1_O)
                                                      0.057     5.169 f  top_i/StreamingDataflowPartition_1/inst/StreamingDataflowPartition_1_MVAU_hls_1/StreamingDataflowPartition_1_MVAU_hls_1/inst/grp_Matrix_Vector_Activate_Stream_Batch_fu_540/flow_control_loop_pipe_sequential_init_U/nf_2_reg_26110[5]_i_3/O
                         net (fo=4, routed)           0.268     5.437    top_i/StreamingDataflowPartition_1/inst/StreamingDataflowPartition_1_MVAU_hls_1/StreamingDataflowPartition_1_MVAU_hls_1/inst/grp_Matrix_Vector_Activate_Stream_Batch_fu_540/flow_control_loop_pipe_sequential_init_U/nf_2_reg_26110[5]_i_3_n_3
    SLICE_X19Y155        LUT6 (Prop_H6LUT_SLICEL_I5_O)
                                                      0.083     5.520 r  top_i/StreamingDataflowPartition_1/inst/StreamingDataflowPartition_1_MVAU_hls_1/StreamingDataflowPartition_1_MVAU_hls_1/inst/grp_Matrix_Vector_Activate_Stream_Batch_fu_540/flow_control_loop_pipe_sequential_init_U/nf_2_reg_26110[5]_i_2/O
                         net (fo=43, routed)          0.196     5.716    top_i/StreamingDataflowPartition_1/inst/StreamingDataflowPartition_1_MVAU_hls_1/StreamingDataflowPartition_1_MVAU_hls_1/inst/grp_Matrix_Vector_Activate_Stream_Batch_fu_540/flow_control_loop_pipe_sequential_init_U/E[0]
    SLICE_X21Y155        LUT3 (Prop_H6LUT_SLICEM_I2_O)
                                                      0.060     5.776 r  top_i/StreamingDataflowPartition_1/inst/StreamingDataflowPartition_1_MVAU_hls_1/StreamingDataflowPartition_1_MVAU_hls_1/inst/grp_Matrix_Vector_Activate_Stream_Batch_fu_540/flow_control_loop_pipe_sequential_init_U/inElem_reg_26128[7]_i_1/O
                         net (fo=634, routed)         0.990     6.766    top_i/StreamingDataflowPartition_1/inst/StreamingDataflowPartition_1_MVAU_hls_1/StreamingDataflowPartition_1_MVAU_hls_1/inst/grp_Matrix_Vector_Activate_Stream_Batch_fu_540/flow_control_loop_pipe_sequential_init_U/i_fu_1846_reg[13]_15
    SLICE_X27Y147        LUT5 (Prop_B5LUT_SLICEL_I1_O)
                                                      0.097     6.863 r  top_i/StreamingDataflowPartition_1/inst/StreamingDataflowPartition_1_MVAU_hls_1/StreamingDataflowPartition_1_MVAU_hls_1/inst/grp_Matrix_Vector_Activate_Stream_Batch_fu_540/flow_control_loop_pipe_sequential_init_U/inputBuf_V_212_fu_2702[7]_i_1/O
                         net (fo=8, routed)           0.420     7.283    top_i/StreamingDataflowPartition_1/inst/StreamingDataflowPartition_1_MVAU_hls_1/StreamingDataflowPartition_1_MVAU_hls_1/inst/grp_Matrix_Vector_Activate_Stream_Batch_fu_540/inputBuf_V_212_fu_27020
    SLICE_X28Y144        FDRE                                         r  top_i/StreamingDataflowPartition_1/inst/StreamingDataflowPartition_1_MVAU_hls_1/StreamingDataflowPartition_1_MVAU_hls_1/inst/grp_Matrix_Vector_Activate_Stream_Batch_fu_540/inputBuf_V_212_fu_2702_reg[2]/CE
  -------------------------------------------------------------------    -------------------

                         (clock clk_pl_0 rise edge)
                                                      5.000     5.000 r  
    PS8_X0Y0             PS8                          0.000     5.000 r  top_i/zynq_ps/inst/PS8_i/PLCLK[0]
                         net (fo=1, routed)           0.181     5.181    top_i/zynq_ps/inst/pl_clk_unbuffered[0]
    BUFG_PS_X0Y80        BUFG_PS (Prop_BUFG_PS_I_O)
                                                      0.035     5.216 r  top_i/zynq_ps/inst/buffer_pl_clk_0.PL_CLK_0_BUFG/O
    X1Y1 (CLOCK_ROOT)    net (fo=33585, routed)       2.661     7.877    top_i/StreamingDataflowPartition_1/inst/StreamingDataflowPartition_1_MVAU_hls_1/StreamingDataflowPartition_1_MVAU_hls_1/inst/grp_Matrix_Vector_Activate_Stream_Batch_fu_540/ap_clk
    SLICE_X28Y144        FDRE                                         r  top_i/StreamingDataflowPartition_1/inst/StreamingDataflowPartition_1_MVAU_hls_1/StreamingDataflowPartition_1_MVAU_hls_1/inst/grp_Matrix_Vector_Activate_Stream_Batch_fu_540/inputBuf_V_212_fu_2702_reg[2]/C
                         clock pessimism              0.243     8.121    
                         clock uncertainty           -0.129     7.991    
    SLICE_X28Y144        FDRE (Setup_DFF_SLICEM_C_CE)
                                                     -0.080     7.911    top_i/StreamingDataflowPartition_1/inst/StreamingDataflowPartition_1_MVAU_hls_1/StreamingDataflowPartition_1_MVAU_hls_1/inst/grp_Matrix_Vector_Activate_Stream_Batch_fu_540/inputBuf_V_212_fu_2702_reg[2]
  -------------------------------------------------------------------
                         required time                          7.911    
                         arrival time                          -7.283    
  -------------------------------------------------------------------
                         slack                                  0.629    

Slack (MET) :             0.629ns  (required time - arrival time)
  Source:                 top_i/StreamingDataflowPartition_1/inst/StreamingDataflowPartition_1_MVAU_hls_1/StreamingDataflowPartition_1_MVAU_hls_1/inst/grp_Matrix_Vector_Activate_Stream_Batch_fu_540/nf_1_fu_4414_reg[9]/C
                            (rising edge-triggered cell FDRE clocked by clk_pl_0  {rise@0.000ns fall@2.500ns period=5.000ns})
  Destination:            top_i/StreamingDataflowPartition_1/inst/StreamingDataflowPartition_1_MVAU_hls_1/StreamingDataflowPartition_1_MVAU_hls_1/inst/grp_Matrix_Vector_Activate_Stream_Batch_fu_540/inputBuf_V_212_fu_2702_reg[6]/CE
                            (rising edge-triggered cell FDRE clocked by clk_pl_0  {rise@0.000ns fall@2.500ns period=5.000ns})
  Path Group:             clk_pl_0
  Path Type:              Setup (Max at Slow Process Corner)
  Requirement:            5.000ns  (clk_pl_0 rise@5.000ns - clk_pl_0 rise@0.000ns)
  Data Path Delay:        3.868ns  (logic 0.777ns (20.086%)  route 3.091ns (79.914%))
  Logic Levels:           7  (LUT3=2 LUT5=2 LUT6=3)
  Clock Path Skew:        -0.294ns (DCD - SCD + CPR)
    Destination Clock Delay (DCD):    2.877ns = ( 7.877 - 5.000 ) 
    Source Clock Delay      (SCD):    3.414ns
    Clock Pessimism Removal (CPR):    0.243ns
  Clock Uncertainty:      0.129ns  ((TSJ^2 + DJ^2)^1/2) / 2 + PE
    Total System Jitter     (TSJ):    0.071ns
    Discrete Jitter          (DJ):    0.248ns
    Phase Error              (PE):    0.000ns
  Clock Net Delay (Source):      3.147ns (routing 1.584ns, distribution 1.563ns)
  Clock Net Delay (Destination): 2.661ns (routing 1.450ns, distribution 1.211ns)

    Location             Delay type                Incr(ns)  Path(ns)    Netlist Resource(s)
  -------------------------------------------------------------------    -------------------
                         (clock clk_pl_0 rise edge)
                                                      0.000     0.000 r  
    PS8_X0Y0             PS8                          0.000     0.000 r  top_i/zynq_ps/inst/PS8_i/PLCLK[0]
                         net (fo=1, routed)           0.229     0.229    top_i/zynq_ps/inst/pl_clk_unbuffered[0]
    BUFG_PS_X0Y80        BUFG_PS (Prop_BUFG_PS_I_O)
                                                      0.038     0.267 r  top_i/zynq_ps/inst/buffer_pl_clk_0.PL_CLK_0_BUFG/O
    X1Y1 (CLOCK_ROOT)    net (fo=33585, routed)       3.147     3.414    top_i/StreamingDataflowPartition_1/inst/StreamingDataflowPartition_1_MVAU_hls_1/StreamingDataflowPartition_1_MVAU_hls_1/inst/grp_Matrix_Vector_Activate_Stream_Batch_fu_540/ap_clk
    SLICE_X12Y139        FDRE                                         r  top_i/StreamingDataflowPartition_1/inst/StreamingDataflowPartition_1_MVAU_hls_1/StreamingDataflowPartition_1_MVAU_hls_1/inst/grp_Matrix_Vector_Activate_Stream_Batch_fu_540/nf_1_fu_4414_reg[9]/C
  -------------------------------------------------------------------    -------------------
    SLICE_X12Y139        FDRE (Prop_AFF_SLICEM_C_Q)
                                                      0.113     3.527 r  top_i/StreamingDataflowPartition_1/inst/StreamingDataflowPartition_1_MVAU_hls_1/StreamingDataflowPartition_1_MVAU_hls_1/inst/grp_Matrix_Vector_Activate_Stream_Batch_fu_540/nf_1_fu_4414_reg[9]/Q
                         net (fo=2, routed)           0.345     3.873    top_i/StreamingDataflowPartition_1/inst/StreamingDataflowPartition_1_MVAU_hls_1/StreamingDataflowPartition_1_MVAU_hls_1/inst/grp_Matrix_Vector_Activate_Stream_Batch_fu_540/mac_muladd_8ns_8s_22s_22_4_1_U2/MVAU_hls_1_mac_muladd_8ns_8s_22s_22_4_1_DSP48_0_U/icmp_ln253_reg_26119_reg[0][9]
    SLICE_X12Y142        LUT6 (Prop_F6LUT_SLICEM_I3_O)
                                                      0.080     3.953 f  top_i/StreamingDataflowPartition_1/inst/StreamingDataflowPartition_1_MVAU_hls_1/StreamingDataflowPartition_1_MVAU_hls_1/inst/grp_Matrix_Vector_Activate_Stream_Batch_fu_540/mac_muladd_8ns_8s_22s_22_4_1_U2/MVAU_hls_1_mac_muladd_8ns_8s_22s_22_4_1_DSP48_0_U/icmp_ln253_reg_26119[0]_i_6/O
                         net (fo=1, routed)           0.206     4.159    top_i/StreamingDataflowPartition_1/inst/StreamingDataflowPartition_1_MVAU_hls_1/StreamingDataflowPartition_1_MVAU_hls_1/inst/grp_Matrix_Vector_Activate_Stream_Batch_fu_540/mac_muladd_8ns_8s_22s_22_4_1_U2/MVAU_hls_1_mac_muladd_8ns_8s_22s_22_4_1_DSP48_0_U/icmp_ln253_reg_26119[0]_i_6_n_3
    SLICE_X12Y143        LUT6 (Prop_C6LUT_SLICEM_I2_O)
                                                      0.149     4.308 f  top_i/StreamingDataflowPartition_1/inst/StreamingDataflowPartition_1_MVAU_hls_1/StreamingDataflowPartition_1_MVAU_hls_1/inst/grp_Matrix_Vector_Activate_Stream_Batch_fu_540/mac_muladd_8ns_8s_22s_22_4_1_U2/MVAU_hls_1_mac_muladd_8ns_8s_22s_22_4_1_DSP48_0_U/icmp_ln253_reg_26119[0]_i_3/O
                         net (fo=1, routed)           0.213     4.521    top_i/StreamingDataflowPartition_1/inst/StreamingDataflowPartition_1_MVAU_hls_1/StreamingDataflowPartition_1_MVAU_hls_1/inst/grp_Matrix_Vector_Activate_Stream_Batch_fu_540/flow_control_loop_pipe_sequential_init_U/icmp_ln253_reg_26119_reg[0]_0
    SLICE_X12Y143        LUT3 (Prop_H6LUT_SLICEM_I1_O)
                                                      0.138     4.659 f  top_i/StreamingDataflowPartition_1/inst/StreamingDataflowPartition_1_MVAU_hls_1/StreamingDataflowPartition_1_MVAU_hls_1/inst/grp_Matrix_Vector_Activate_Stream_Batch_fu_540/flow_control_loop_pipe_sequential_init_U/icmp_ln253_reg_26119[0]_i_1/O
                         net (fo=20, routed)          0.454     5.112    top_i/StreamingDataflowPartition_1/inst/StreamingDataflowPartition_1_MVAU_hls_1/StreamingDataflowPartition_1_MVAU_hls_1/inst/grp_Matrix_Vector_Activate_Stream_Batch_fu_540/flow_control_loop_pipe_sequential_init_U/icmp_ln253_fu_7797_p2
    SLICE_X18Y151        LUT5 (Prop_G6LUT_SLICEM_I1_O)
                                                      0.057     5.169 f  top_i/StreamingDataflowPartition_1/inst/StreamingDataflowPartition_1_MVAU_hls_1/StreamingDataflowPartition_1_MVAU_hls_1/inst/grp_Matrix_Vector_Activate_Stream_Batch_fu_540/flow_control_loop_pipe_sequential_init_U/nf_2_reg_26110[5]_i_3/O
                         net (fo=4, routed)           0.268     5.437    top_i/StreamingDataflowPartition_1/inst/StreamingDataflowPartition_1_MVAU_hls_1/StreamingDataflowPartition_1_MVAU_hls_1/inst/grp_Matrix_Vector_Activate_Stream_Batch_fu_540/flow_control_loop_pipe_sequential_init_U/nf_2_reg_26110[5]_i_3_n_3
    SLICE_X19Y155        LUT6 (Prop_H6LUT_SLICEL_I5_O)
                                                      0.083     5.520 r  top_i/StreamingDataflowPartition_1/inst/StreamingDataflowPartition_1_MVAU_hls_1/StreamingDataflowPartition_1_MVAU_hls_1/inst/grp_Matrix_Vector_Activate_Stream_Batch_fu_540/flow_control_loop_pipe_sequential_init_U/nf_2_reg_26110[5]_i_2/O
                         net (fo=43, routed)          0.196     5.716    top_i/StreamingDataflowPartition_1/inst/StreamingDataflowPartition_1_MVAU_hls_1/StreamingDataflowPartition_1_MVAU_hls_1/inst/grp_Matrix_Vector_Activate_Stream_Batch_fu_540/flow_control_loop_pipe_sequential_init_U/E[0]
    SLICE_X21Y155        LUT3 (Prop_H6LUT_SLICEM_I2_O)
                                                      0.060     5.776 r  top_i/StreamingDataflowPartition_1/inst/StreamingDataflowPartition_1_MVAU_hls_1/StreamingDataflowPartition_1_MVAU_hls_1/inst/grp_Matrix_Vector_Activate_Stream_Batch_fu_540/flow_control_loop_pipe_sequential_init_U/inElem_reg_26128[7]_i_1/O
                         net (fo=634, routed)         0.990     6.766    top_i/StreamingDataflowPartition_1/inst/StreamingDataflowPartition_1_MVAU_hls_1/StreamingDataflowPartition_1_MVAU_hls_1/inst/grp_Matrix_Vector_Activate_Stream_Batch_fu_540/flow_control_loop_pipe_sequential_init_U/i_fu_1846_reg[13]_15
    SLICE_X27Y147        LUT5 (Prop_B5LUT_SLICEL_I1_O)
                                                      0.097     6.863 r  top_i/StreamingDataflowPartition_1/inst/StreamingDataflowPartition_1_MVAU_hls_1/StreamingDataflowPartition_1_MVAU_hls_1/inst/grp_Matrix_Vector_Activate_Stream_Batch_fu_540/flow_control_loop_pipe_sequential_init_U/inputBuf_V_212_fu_2702[7]_i_1/O
                         net (fo=8, routed)           0.420     7.283    top_i/StreamingDataflowPartition_1/inst/StreamingDataflowPartition_1_MVAU_hls_1/StreamingDataflowPartition_1_MVAU_hls_1/inst/grp_Matrix_Vector_Activate_Stream_Batch_fu_540/inputBuf_V_212_fu_27020
    SLICE_X28Y144        FDRE                                         r  top_i/StreamingDataflowPartition_1/inst/StreamingDataflowPartition_1_MVAU_hls_1/StreamingDataflowPartition_1_MVAU_hls_1/inst/grp_Matrix_Vector_Activate_Stream_Batch_fu_540/inputBuf_V_212_fu_2702_reg[6]/CE
  -------------------------------------------------------------------    -------------------

                         (clock clk_pl_0 rise edge)
                                                      5.000     5.000 r  
    PS8_X0Y0             PS8                          0.000     5.000 r  top_i/zynq_ps/inst/PS8_i/PLCLK[0]
                         net (fo=1, routed)           0.181     5.181    top_i/zynq_ps/inst/pl_clk_unbuffered[0]
    BUFG_PS_X0Y80        BUFG_PS (Prop_BUFG_PS_I_O)
                                                      0.035     5.216 r  top_i/zynq_ps/inst/buffer_pl_clk_0.PL_CLK_0_BUFG/O
    X1Y1 (CLOCK_ROOT)    net (fo=33585, routed)       2.661     7.877    top_i/StreamingDataflowPartition_1/inst/StreamingDataflowPartition_1_MVAU_hls_1/StreamingDataflowPartition_1_MVAU_hls_1/inst/grp_Matrix_Vector_Activate_Stream_Batch_fu_540/ap_clk
    SLICE_X28Y144        FDRE                                         r  top_i/StreamingDataflowPartition_1/inst/StreamingDataflowPartition_1_MVAU_hls_1/StreamingDataflowPartition_1_MVAU_hls_1/inst/grp_Matrix_Vector_Activate_Stream_Batch_fu_540/inputBuf_V_212_fu_2702_reg[6]/C
                         clock pessimism              0.243     8.121    
                         clock uncertainty           -0.129     7.991    
    SLICE_X28Y144        FDRE (Setup_CFF_SLICEM_C_CE)
                                                     -0.080     7.911    top_i/StreamingDataflowPartition_1/inst/StreamingDataflowPartition_1_MVAU_hls_1/StreamingDataflowPartition_1_MVAU_hls_1/inst/grp_Matrix_Vector_Activate_Stream_Batch_fu_540/inputBuf_V_212_fu_2702_reg[6]
  -------------------------------------------------------------------
                         required time                          7.911    
                         arrival time                          -7.283    
  -------------------------------------------------------------------
                         slack                                  0.629    

Slack (MET) :             0.635ns  (required time - arrival time)
  Source:                 top_i/StreamingDataflowPartition_1/inst/StreamingDataflowPartition_1_MVAU_hls_1/StreamingDataflowPartition_1_MVAU_hls_1/inst/grp_Matrix_Vector_Activate_Stream_Batch_fu_540/add_ln840_58_reg_28153_reg[0]/C
                            (rising edge-triggered cell FDRE clocked by clk_pl_0  {rise@0.000ns fall@2.500ns period=5.000ns})
  Destination:            top_i/StreamingDataflowPartition_1/inst/StreamingDataflowPartition_1_MVAU_hls_1/StreamingDataflowPartition_1_MVAU_hls_1/inst/regslice_both_out_V_U/B_V_data_1_payload_A_reg[6]/D
                            (rising edge-triggered cell FDRE clocked by clk_pl_0  {rise@0.000ns fall@2.500ns period=5.000ns})
  Path Group:             clk_pl_0
  Path Type:              Setup (Max at Slow Process Corner)
  Requirement:            5.000ns  (clk_pl_0 rise@5.000ns - clk_pl_0 rise@0.000ns)
  Data Path Delay:        4.178ns  (logic 1.572ns (37.623%)  route 2.606ns (62.377%))
  Logic Levels:           10  (LUT3=2 LUT5=7 LUT6=1)
  Clock Path Skew:        -0.104ns (DCD - SCD + CPR)
    Destination Clock Delay (DCD):    3.073ns = ( 8.073 - 5.000 ) 
    Source Clock Delay      (SCD):    3.415ns
    Clock Pessimism Removal (CPR):    0.238ns
  Clock Uncertainty:      0.129ns  ((TSJ^2 + DJ^2)^1/2) / 2 + PE
    Total System Jitter     (TSJ):    0.071ns
    Discrete Jitter          (DJ):    0.248ns
    Phase Error              (PE):    0.000ns
  Clock Net Delay (Source):      3.148ns (routing 1.584ns, distribution 1.564ns)
  Clock Net Delay (Destination): 2.857ns (routing 1.450ns, distribution 1.407ns)

    Location             Delay type                Incr(ns)  Path(ns)    Netlist Resource(s)
  -------------------------------------------------------------------    -------------------
                         (clock clk_pl_0 rise edge)
                                                      0.000     0.000 r  
    PS8_X0Y0             PS8                          0.000     0.000 r  top_i/zynq_ps/inst/PS8_i/PLCLK[0]
                         net (fo=1, routed)           0.229     0.229    top_i/zynq_ps/inst/pl_clk_unbuffered[0]
    BUFG_PS_X0Y80        BUFG_PS (Prop_BUFG_PS_I_O)
                                                      0.038     0.267 r  top_i/zynq_ps/inst/buffer_pl_clk_0.PL_CLK_0_BUFG/O
    X1Y1 (CLOCK_ROOT)    net (fo=33585, routed)       3.148     3.415    top_i/StreamingDataflowPartition_1/inst/StreamingDataflowPartition_1_MVAU_hls_1/StreamingDataflowPartition_1_MVAU_hls_1/inst/grp_Matrix_Vector_Activate_Stream_Batch_fu_540/ap_clk
    SLICE_X18Y198        FDRE                                         r  top_i/StreamingDataflowPartition_1/inst/StreamingDataflowPartition_1_MVAU_hls_1/StreamingDataflowPartition_1_MVAU_hls_1/inst/grp_Matrix_Vector_Activate_Stream_Batch_fu_540/add_ln840_58_reg_28153_reg[0]/C
  -------------------------------------------------------------------    -------------------
    SLICE_X18Y198        FDRE (Prop_DFF_SLICEM_C_Q)
                                                      0.116     3.531 r  top_i/StreamingDataflowPartition_1/inst/StreamingDataflowPartition_1_MVAU_hls_1/StreamingDataflowPartition_1_MVAU_hls_1/inst/grp_Matrix_Vector_Activate_Stream_Batch_fu_540/add_ln840_58_reg_28153_reg[0]/Q
                         net (fo=4, routed)           0.185     3.716    top_i/StreamingDataflowPartition_1/inst/StreamingDataflowPartition_1_MVAU_hls_1/StreamingDataflowPartition_1_MVAU_hls_1/inst/grp_Matrix_Vector_Activate_Stream_Batch_fu_540/add_ln840_58_reg_28153[0]
    SLICE_X18Y195        LUT5 (Prop_D6LUT_SLICEM_I0_O)
                                                      0.220     3.936 r  top_i/StreamingDataflowPartition_1/inst/StreamingDataflowPartition_1_MVAU_hls_1/StreamingDataflowPartition_1_MVAU_hls_1/inst/grp_Matrix_Vector_Activate_Stream_Batch_fu_540/B_V_data_1_payload_A[1]_i_23/O
                         net (fo=4, routed)           0.246     4.182    top_i/StreamingDataflowPartition_1/inst/StreamingDataflowPartition_1_MVAU_hls_1/StreamingDataflowPartition_1_MVAU_hls_1/inst/grp_Matrix_Vector_Activate_Stream_Batch_fu_540/B_V_data_1_payload_A[1]_i_23_n_3
    SLICE_X16Y194        LUT5 (Prop_D5LUT_SLICEL_I3_O)
                                                      0.088     4.270 r  top_i/StreamingDataflowPartition_1/inst/StreamingDataflowPartition_1_MVAU_hls_1/StreamingDataflowPartition_1_MVAU_hls_1/inst/grp_Matrix_Vector_Activate_Stream_Batch_fu_540/B_V_data_1_payload_A[1]_i_24/O
                         net (fo=2, routed)           0.293     4.563    top_i/StreamingDataflowPartition_1/inst/StreamingDataflowPartition_1_MVAU_hls_1/StreamingDataflowPartition_1_MVAU_hls_1/inst/grp_Matrix_Vector_Activate_Stream_Batch_fu_540/B_V_data_1_payload_A[1]_i_24_n_3
    SLICE_X16Y194        LUT5 (Prop_C5LUT_SLICEL_I4_O)
                                                      0.152     4.715 r  top_i/StreamingDataflowPartition_1/inst/StreamingDataflowPartition_1_MVAU_hls_1/StreamingDataflowPartition_1_MVAU_hls_1/inst/grp_Matrix_Vector_Activate_Stream_Batch_fu_540/B_V_data_1_payload_A[2]_i_18/O
                         net (fo=2, routed)           0.348     5.064    top_i/StreamingDataflowPartition_1/inst/StreamingDataflowPartition_1_MVAU_hls_1/StreamingDataflowPartition_1_MVAU_hls_1/inst/grp_Matrix_Vector_Activate_Stream_Batch_fu_540/B_V_data_1_payload_A[2]_i_18_n_3
    SLICE_X16Y194        LUT6 (Prop_H6LUT_SLICEL_I0_O)
                                                      0.058     5.122 r  top_i/StreamingDataflowPartition_1/inst/StreamingDataflowPartition_1_MVAU_hls_1/StreamingDataflowPartition_1_MVAU_hls_1/inst/grp_Matrix_Vector_Activate_Stream_Batch_fu_540/B_V_data_1_payload_A[2]_i_12/O
                         net (fo=5, routed)           0.244     5.366    top_i/StreamingDataflowPartition_1/inst/StreamingDataflowPartition_1_MVAU_hls_1/StreamingDataflowPartition_1_MVAU_hls_1/inst/grp_Matrix_Vector_Activate_Stream_Batch_fu_540/B_V_data_1_payload_A[2]_i_12_n_3
    SLICE_X16Y191        LUT3 (Prop_D5LUT_SLICEL_I0_O)
                                                      0.187     5.553 r  top_i/StreamingDataflowPartition_1/inst/StreamingDataflowPartition_1_MVAU_hls_1/StreamingDataflowPartition_1_MVAU_hls_1/inst/grp_Matrix_Vector_Activate_Stream_Batch_fu_540/B_V_data_1_payload_A[4]_i_41/O
                         net (fo=4, routed)           0.248     5.801    top_i/StreamingDataflowPartition_1/inst/StreamingDataflowPartition_1_MVAU_hls_1/StreamingDataflowPartition_1_MVAU_hls_1/inst/grp_Matrix_Vector_Activate_Stream_Batch_fu_540/B_V_data_1_payload_A[4]_i_41_n_3
    SLICE_X17Y190        LUT5 (Prop_D6LUT_SLICEM_I3_O)
                                                      0.080     5.881 r  top_i/StreamingDataflowPartition_1/inst/StreamingDataflowPartition_1_MVAU_hls_1/StreamingDataflowPartition_1_MVAU_hls_1/inst/grp_Matrix_Vector_Activate_Stream_Batch_fu_540/B_V_data_1_payload_A[4]_i_18/O
                         net (fo=5, routed)           0.193     6.073    top_i/StreamingDataflowPartition_1/inst/StreamingDataflowPartition_1_MVAU_hls_1/StreamingDataflowPartition_1_MVAU_hls_1/inst/grp_Matrix_Vector_Activate_Stream_Batch_fu_540/B_V_data_1_payload_A[4]_i_18_n_3
    SLICE_X18Y188        LUT5 (Prop_B6LUT_SLICEM_I1_O)
                                                      0.082     6.155 r  top_i/StreamingDataflowPartition_1/inst/StreamingDataflowPartition_1_MVAU_hls_1/StreamingDataflowPartition_1_MVAU_hls_1/inst/grp_Matrix_Vector_Activate_Stream_Batch_fu_540/B_V_data_1_payload_A[5]_i_5/O
                         net (fo=2, routed)           0.163     6.318    top_i/StreamingDataflowPartition_1/inst/StreamingDataflowPartition_1_MVAU_hls_1/StreamingDataflowPartition_1_MVAU_hls_1/inst/grp_Matrix_Vector_Activate_Stream_Batch_fu_540/B_V_data_1_payload_A[5]_i_5_n_3
    SLICE_X18Y188        LUT5 (Prop_C6LUT_SLICEM_I0_O)
                                                      0.220     6.538 r  top_i/StreamingDataflowPartition_1/inst/StreamingDataflowPartition_1_MVAU_hls_1/StreamingDataflowPartition_1_MVAU_hls_1/inst/grp_Matrix_Vector_Activate_Stream_Batch_fu_540/B_V_data_1_payload_A[5]_i_2/O
                         net (fo=3, routed)           0.185     6.724    top_i/StreamingDataflowPartition_1/inst/StreamingDataflowPartition_1_MVAU_hls_1/StreamingDataflowPartition_1_MVAU_hls_1/inst/grp_Matrix_Vector_Activate_Stream_Batch_fu_540/B_V_data_1_payload_A[5]_i_2_n_3
    SLICE_X18Y187        LUT3 (Prop_D5LUT_SLICEM_I0_O)
                                                      0.220     6.944 r  top_i/StreamingDataflowPartition_1/inst/StreamingDataflowPartition_1_MVAU_hls_1/StreamingDataflowPartition_1_MVAU_hls_1/inst/grp_Matrix_Vector_Activate_Stream_Batch_fu_540/B_V_data_1_payload_A[7]_i_3/O
                         net (fo=2, routed)           0.262     7.206    top_i/StreamingDataflowPartition_1/inst/StreamingDataflowPartition_1_MVAU_hls_1/StreamingDataflowPartition_1_MVAU_hls_1/inst/grp_Matrix_Vector_Activate_Stream_Batch_fu_540/B_V_data_1_payload_A[7]_i_3_n_3
    SLICE_X18Y187        LUT5 (Prop_F6LUT_SLICEM_I2_O)
                                                      0.149     7.355 r  top_i/StreamingDataflowPartition_1/inst/StreamingDataflowPartition_1_MVAU_hls_1/StreamingDataflowPartition_1_MVAU_hls_1/inst/grp_Matrix_Vector_Activate_Stream_Batch_fu_540/B_V_data_1_payload_A[6]_i_1/O
                         net (fo=2, routed)           0.239     7.594    top_i/StreamingDataflowPartition_1/inst/StreamingDataflowPartition_1_MVAU_hls_1/StreamingDataflowPartition_1_MVAU_hls_1/inst/regslice_both_out_V_U/B_V_data_1_payload_A_reg[7]_0[6]
    SLICE_X17Y187        FDRE                                         r  top_i/StreamingDataflowPartition_1/inst/StreamingDataflowPartition_1_MVAU_hls_1/StreamingDataflowPartition_1_MVAU_hls_1/inst/regslice_both_out_V_U/B_V_data_1_payload_A_reg[6]/D
  -------------------------------------------------------------------    -------------------

                         (clock clk_pl_0 rise edge)
                                                      5.000     5.000 r  
    PS8_X0Y0             PS8                          0.000     5.000 r  top_i/zynq_ps/inst/PS8_i/PLCLK[0]
                         net (fo=1, routed)           0.181     5.181    top_i/zynq_ps/inst/pl_clk_unbuffered[0]
    BUFG_PS_X0Y80        BUFG_PS (Prop_BUFG_PS_I_O)
                                                      0.035     5.216 r  top_i/zynq_ps/inst/buffer_pl_clk_0.PL_CLK_0_BUFG/O
    X1Y1 (CLOCK_ROOT)    net (fo=33585, routed)       2.857     8.073    top_i/StreamingDataflowPartition_1/inst/StreamingDataflowPartition_1_MVAU_hls_1/StreamingDataflowPartition_1_MVAU_hls_1/inst/regslice_both_out_V_U/ap_clk
    SLICE_X17Y187        FDRE                                         r  top_i/StreamingDataflowPartition_1/inst/StreamingDataflowPartition_1_MVAU_hls_1/StreamingDataflowPartition_1_MVAU_hls_1/inst/regslice_both_out_V_U/B_V_data_1_payload_A_reg[6]/C
                         clock pessimism              0.238     8.311    
                         clock uncertainty           -0.129     8.182    
    SLICE_X17Y187        FDRE (Setup_HFF2_SLICEM_C_D)
                                                      0.046     8.228    top_i/StreamingDataflowPartition_1/inst/StreamingDataflowPartition_1_MVAU_hls_1/StreamingDataflowPartition_1_MVAU_hls_1/inst/regslice_both_out_V_U/B_V_data_1_payload_A_reg[6]
  -------------------------------------------------------------------
                         required time                          8.228    
                         arrival time                          -7.594    
  -------------------------------------------------------------------
                         slack                                  0.635    

Slack (MET) :             0.636ns  (required time - arrival time)
  Source:                 top_i/StreamingDataflowPartition_1/inst/StreamingDataflowPartition_1_MVAU_hls_1/StreamingDataflowPartition_1_MVAU_hls_1/inst/grp_Matrix_Vector_Activate_Stream_Batch_fu_540/nf_1_fu_4414_reg[9]/C
                            (rising edge-triggered cell FDRE clocked by clk_pl_0  {rise@0.000ns fall@2.500ns period=5.000ns})
  Destination:            top_i/StreamingDataflowPartition_1/inst/StreamingDataflowPartition_1_MVAU_hls_1/StreamingDataflowPartition_1_MVAU_hls_1/inst/grp_Matrix_Vector_Activate_Stream_Batch_fu_540/inputBuf_V_214_fu_2710_reg[5]/CE
                            (rising edge-triggered cell FDRE clocked by clk_pl_0  {rise@0.000ns fall@2.500ns period=5.000ns})
  Path Group:             clk_pl_0
  Path Type:              Setup (Max at Slow Process Corner)
  Requirement:            5.000ns  (clk_pl_0 rise@5.000ns - clk_pl_0 rise@0.000ns)
  Data Path Delay:        3.860ns  (logic 0.832ns (21.552%)  route 3.028ns (78.448%))
  Logic Levels:           7  (LUT3=2 LUT5=2 LUT6=3)
  Clock Path Skew:        -0.294ns (DCD - SCD + CPR)
    Destination Clock Delay (DCD):    2.877ns = ( 7.877 - 5.000 ) 
    Source Clock Delay      (SCD):    3.414ns
    Clock Pessimism Removal (CPR):    0.243ns
  Clock Uncertainty:      0.129ns  ((TSJ^2 + DJ^2)^1/2) / 2 + PE
    Total System Jitter     (TSJ):    0.071ns
    Discrete Jitter          (DJ):    0.248ns
    Phase Error              (PE):    0.000ns
  Clock Net Delay (Source):      3.147ns (routing 1.584ns, distribution 1.563ns)
  Clock Net Delay (Destination): 2.661ns (routing 1.450ns, distribution 1.211ns)

    Location             Delay type                Incr(ns)  Path(ns)    Netlist Resource(s)
  -------------------------------------------------------------------    -------------------
                         (clock clk_pl_0 rise edge)
                                                      0.000     0.000 r  
    PS8_X0Y0             PS8                          0.000     0.000 r  top_i/zynq_ps/inst/PS8_i/PLCLK[0]
                         net (fo=1, routed)           0.229     0.229    top_i/zynq_ps/inst/pl_clk_unbuffered[0]
    BUFG_PS_X0Y80        BUFG_PS (Prop_BUFG_PS_I_O)
                                                      0.038     0.267 r  top_i/zynq_ps/inst/buffer_pl_clk_0.PL_CLK_0_BUFG/O
    X1Y1 (CLOCK_ROOT)    net (fo=33585, routed)       3.147     3.414    top_i/StreamingDataflowPartition_1/inst/StreamingDataflowPartition_1_MVAU_hls_1/StreamingDataflowPartition_1_MVAU_hls_1/inst/grp_Matrix_Vector_Activate_Stream_Batch_fu_540/ap_clk
    SLICE_X12Y139        FDRE                                         r  top_i/StreamingDataflowPartition_1/inst/StreamingDataflowPartition_1_MVAU_hls_1/StreamingDataflowPartition_1_MVAU_hls_1/inst/grp_Matrix_Vector_Activate_Stream_Batch_fu_540/nf_1_fu_4414_reg[9]/C
  -------------------------------------------------------------------    -------------------
    SLICE_X12Y139        FDRE (Prop_AFF_SLICEM_C_Q)
                                                      0.113     3.527 r  top_i/StreamingDataflowPartition_1/inst/StreamingDataflowPartition_1_MVAU_hls_1/StreamingDataflowPartition_1_MVAU_hls_1/inst/grp_Matrix_Vector_Activate_Stream_Batch_fu_540/nf_1_fu_4414_reg[9]/Q
                         net (fo=2, routed)           0.345     3.873    top_i/StreamingDataflowPartition_1/inst/StreamingDataflowPartition_1_MVAU_hls_1/StreamingDataflowPartition_1_MVAU_hls_1/inst/grp_Matrix_Vector_Activate_Stream_Batch_fu_540/mac_muladd_8ns_8s_22s_22_4_1_U2/MVAU_hls_1_mac_muladd_8ns_8s_22s_22_4_1_DSP48_0_U/icmp_ln253_reg_26119_reg[0][9]
    SLICE_X12Y142        LUT6 (Prop_F6LUT_SLICEM_I3_O)
                                                      0.080     3.953 f  top_i/StreamingDataflowPartition_1/inst/StreamingDataflowPartition_1_MVAU_hls_1/StreamingDataflowPartition_1_MVAU_hls_1/inst/grp_Matrix_Vector_Activate_Stream_Batch_fu_540/mac_muladd_8ns_8s_22s_22_4_1_U2/MVAU_hls_1_mac_muladd_8ns_8s_22s_22_4_1_DSP48_0_U/icmp_ln253_reg_26119[0]_i_6/O
                         net (fo=1, routed)           0.206     4.159    top_i/StreamingDataflowPartition_1/inst/StreamingDataflowPartition_1_MVAU_hls_1/StreamingDataflowPartition_1_MVAU_hls_1/inst/grp_Matrix_Vector_Activate_Stream_Batch_fu_540/mac_muladd_8ns_8s_22s_22_4_1_U2/MVAU_hls_1_mac_muladd_8ns_8s_22s_22_4_1_DSP48_0_U/icmp_ln253_reg_26119[0]_i_6_n_3
    SLICE_X12Y143        LUT6 (Prop_C6LUT_SLICEM_I2_O)
                                                      0.149     4.308 f  top_i/StreamingDataflowPartition_1/inst/StreamingDataflowPartition_1_MVAU_hls_1/StreamingDataflowPartition_1_MVAU_hls_1/inst/grp_Matrix_Vector_Activate_Stream_Batch_fu_540/mac_muladd_8ns_8s_22s_22_4_1_U2/MVAU_hls_1_mac_muladd_8ns_8s_22s_22_4_1_DSP48_0_U/icmp_ln253_reg_26119[0]_i_3/O
                         net (fo=1, routed)           0.213     4.521    top_i/StreamingDataflowPartition_1/inst/StreamingDataflowPartition_1_MVAU_hls_1/StreamingDataflowPartition_1_MVAU_hls_1/inst/grp_Matrix_Vector_Activate_Stream_Batch_fu_540/flow_control_loop_pipe_sequential_init_U/icmp_ln253_reg_26119_reg[0]_0
    SLICE_X12Y143        LUT3 (Prop_H6LUT_SLICEM_I1_O)
                                                      0.138     4.659 f  top_i/StreamingDataflowPartition_1/inst/StreamingDataflowPartition_1_MVAU_hls_1/StreamingDataflowPartition_1_MVAU_hls_1/inst/grp_Matrix_Vector_Activate_Stream_Batch_fu_540/flow_control_loop_pipe_sequential_init_U/icmp_ln253_reg_26119[0]_i_1/O
                         net (fo=20, routed)          0.454     5.112    top_i/StreamingDataflowPartition_1/inst/StreamingDataflowPartition_1_MVAU_hls_1/StreamingDataflowPartition_1_MVAU_hls_1/inst/grp_Matrix_Vector_Activate_Stream_Batch_fu_540/flow_control_loop_pipe_sequential_init_U/icmp_ln253_fu_7797_p2
    SLICE_X18Y151        LUT5 (Prop_G6LUT_SLICEM_I1_O)
                                                      0.057     5.169 f  top_i/StreamingDataflowPartition_1/inst/StreamingDataflowPartition_1_MVAU_hls_1/StreamingDataflowPartition_1_MVAU_hls_1/inst/grp_Matrix_Vector_Activate_Stream_Batch_fu_540/flow_control_loop_pipe_sequential_init_U/nf_2_reg_26110[5]_i_3/O
                         net (fo=4, routed)           0.268     5.437    top_i/StreamingDataflowPartition_1/inst/StreamingDataflowPartition_1_MVAU_hls_1/StreamingDataflowPartition_1_MVAU_hls_1/inst/grp_Matrix_Vector_Activate_Stream_Batch_fu_540/flow_control_loop_pipe_sequential_init_U/nf_2_reg_26110[5]_i_3_n_3
    SLICE_X19Y155        LUT6 (Prop_H6LUT_SLICEL_I5_O)
                                                      0.083     5.520 r  top_i/StreamingDataflowPartition_1/inst/StreamingDataflowPartition_1_MVAU_hls_1/StreamingDataflowPartition_1_MVAU_hls_1/inst/grp_Matrix_Vector_Activate_Stream_Batch_fu_540/flow_control_loop_pipe_sequential_init_U/nf_2_reg_26110[5]_i_2/O
                         net (fo=43, routed)          0.196     5.716    top_i/StreamingDataflowPartition_1/inst/StreamingDataflowPartition_1_MVAU_hls_1/StreamingDataflowPartition_1_MVAU_hls_1/inst/grp_Matrix_Vector_Activate_Stream_Batch_fu_540/flow_control_loop_pipe_sequential_init_U/E[0]
    SLICE_X21Y155        LUT3 (Prop_H6LUT_SLICEM_I2_O)
                                                      0.060     5.776 r  top_i/StreamingDataflowPartition_1/inst/StreamingDataflowPartition_1_MVAU_hls_1/StreamingDataflowPartition_1_MVAU_hls_1/inst/grp_Matrix_Vector_Activate_Stream_Batch_fu_540/flow_control_loop_pipe_sequential_init_U/inElem_reg_26128[7]_i_1/O
                         net (fo=634, routed)         0.942     6.718    top_i/StreamingDataflowPartition_1/inst/StreamingDataflowPartition_1_MVAU_hls_1/StreamingDataflowPartition_1_MVAU_hls_1/inst/grp_Matrix_Vector_Activate_Stream_Batch_fu_540/flow_control_loop_pipe_sequential_init_U/i_fu_1846_reg[13]_15
    SLICE_X27Y147        LUT5 (Prop_D5LUT_SLICEL_I3_O)
                                                      0.152     6.870 r  top_i/StreamingDataflowPartition_1/inst/StreamingDataflowPartition_1_MVAU_hls_1/StreamingDataflowPartition_1_MVAU_hls_1/inst/grp_Matrix_Vector_Activate_Stream_Batch_fu_540/flow_control_loop_pipe_sequential_init_U/inputBuf_V_214_fu_2710[7]_i_1/O
                         net (fo=8, routed)           0.405     7.275    top_i/StreamingDataflowPartition_1/inst/StreamingDataflowPartition_1_MVAU_hls_1/StreamingDataflowPartition_1_MVAU_hls_1/inst/grp_Matrix_Vector_Activate_Stream_Batch_fu_540/inputBuf_V_214_fu_27100
    SLICE_X28Y144        FDRE                                         r  top_i/StreamingDataflowPartition_1/inst/StreamingDataflowPartition_1_MVAU_hls_1/StreamingDataflowPartition_1_MVAU_hls_1/inst/grp_Matrix_Vector_Activate_Stream_Batch_fu_540/inputBuf_V_214_fu_2710_reg[5]/CE
  -------------------------------------------------------------------    -------------------

                         (clock clk_pl_0 rise edge)
                                                      5.000     5.000 r  
    PS8_X0Y0             PS8                          0.000     5.000 r  top_i/zynq_ps/inst/PS8_i/PLCLK[0]
                         net (fo=1, routed)           0.181     5.181    top_i/zynq_ps/inst/pl_clk_unbuffered[0]
    BUFG_PS_X0Y80        BUFG_PS (Prop_BUFG_PS_I_O)
                                                      0.035     5.216 r  top_i/zynq_ps/inst/buffer_pl_clk_0.PL_CLK_0_BUFG/O
    X1Y1 (CLOCK_ROOT)    net (fo=33585, routed)       2.661     7.877    top_i/StreamingDataflowPartition_1/inst/StreamingDataflowPartition_1_MVAU_hls_1/StreamingDataflowPartition_1_MVAU_hls_1/inst/grp_Matrix_Vector_Activate_Stream_Batch_fu_540/ap_clk
    SLICE_X28Y144        FDRE                                         r  top_i/StreamingDataflowPartition_1/inst/StreamingDataflowPartition_1_MVAU_hls_1/StreamingDataflowPartition_1_MVAU_hls_1/inst/grp_Matrix_Vector_Activate_Stream_Batch_fu_540/inputBuf_V_214_fu_2710_reg[5]/C
                         clock pessimism              0.243     8.121    
                         clock uncertainty           -0.129     7.991    
    SLICE_X28Y144        FDRE (Setup_HFF_SLICEM_C_CE)
                                                     -0.081     7.910    top_i/StreamingDataflowPartition_1/inst/StreamingDataflowPartition_1_MVAU_hls_1/StreamingDataflowPartition_1_MVAU_hls_1/inst/grp_Matrix_Vector_Activate_Stream_Batch_fu_540/inputBuf_V_214_fu_2710_reg[5]
  -------------------------------------------------------------------
                         required time                          7.910    
                         arrival time                          -7.275    
  -------------------------------------------------------------------
                         slack                                  0.636    

Slack (MET) :             0.648ns  (required time - arrival time)
  Source:                 top_i/StreamingDataflowPartition_1/inst/StreamingDataflowPartition_1_MVAU_hls_1/StreamingDataflowPartition_1_MVAU_hls_1/inst/grp_Matrix_Vector_Activate_Stream_Batch_fu_540/nf_1_fu_4414_reg[9]/C
                            (rising edge-triggered cell FDRE clocked by clk_pl_0  {rise@0.000ns fall@2.500ns period=5.000ns})
  Destination:            top_i/StreamingDataflowPartition_1/inst/StreamingDataflowPartition_1_MVAU_hls_1/StreamingDataflowPartition_1_MVAU_hls_1/inst/grp_Matrix_Vector_Activate_Stream_Batch_fu_540/inputBuf_V_92_fu_2222_reg[1]/CE
                            (rising edge-triggered cell FDRE clocked by clk_pl_0  {rise@0.000ns fall@2.500ns period=5.000ns})
  Path Group:             clk_pl_0
  Path Type:              Setup (Max at Slow Process Corner)
  Requirement:            5.000ns  (clk_pl_0 rise@5.000ns - clk_pl_0 rise@0.000ns)
  Data Path Delay:        3.869ns  (logic 0.866ns (22.382%)  route 3.003ns (77.618%))
  Logic Levels:           7  (LUT3=2 LUT5=2 LUT6=3)
  Clock Path Skew:        -0.274ns (DCD - SCD + CPR)
    Destination Clock Delay (DCD):    2.897ns = ( 7.897 - 5.000 ) 
    Source Clock Delay      (SCD):    3.414ns
    Clock Pessimism Removal (CPR):    0.243ns
  Clock Uncertainty:      0.129ns  ((TSJ^2 + DJ^2)^1/2) / 2 + PE
    Total System Jitter     (TSJ):    0.071ns
    Discrete Jitter          (DJ):    0.248ns
    Phase Error              (PE):    0.000ns
  Clock Net Delay (Source):      3.147ns (routing 1.584ns, distribution 1.563ns)
  Clock Net Delay (Destination): 2.681ns (routing 1.450ns, distribution 1.231ns)

    Location             Delay type                Incr(ns)  Path(ns)    Netlist Resource(s)
  -------------------------------------------------------------------    -------------------
                         (clock clk_pl_0 rise edge)
                                                      0.000     0.000 r  
    PS8_X0Y0             PS8                          0.000     0.000 r  top_i/zynq_ps/inst/PS8_i/PLCLK[0]
                         net (fo=1, routed)           0.229     0.229    top_i/zynq_ps/inst/pl_clk_unbuffered[0]
    BUFG_PS_X0Y80        BUFG_PS (Prop_BUFG_PS_I_O)
                                                      0.038     0.267 r  top_i/zynq_ps/inst/buffer_pl_clk_0.PL_CLK_0_BUFG/O
    X1Y1 (CLOCK_ROOT)    net (fo=33585, routed)       3.147     3.414    top_i/StreamingDataflowPartition_1/inst/StreamingDataflowPartition_1_MVAU_hls_1/StreamingDataflowPartition_1_MVAU_hls_1/inst/grp_Matrix_Vector_Activate_Stream_Batch_fu_540/ap_clk
    SLICE_X12Y139        FDRE                                         r  top_i/StreamingDataflowPartition_1/inst/StreamingDataflowPartition_1_MVAU_hls_1/StreamingDataflowPartition_1_MVAU_hls_1/inst/grp_Matrix_Vector_Activate_Stream_Batch_fu_540/nf_1_fu_4414_reg[9]/C
  -------------------------------------------------------------------    -------------------
    SLICE_X12Y139        FDRE (Prop_AFF_SLICEM_C_Q)
                                                      0.113     3.527 r  top_i/StreamingDataflowPartition_1/inst/StreamingDataflowPartition_1_MVAU_hls_1/StreamingDataflowPartition_1_MVAU_hls_1/inst/grp_Matrix_Vector_Activate_Stream_Batch_fu_540/nf_1_fu_4414_reg[9]/Q
                         net (fo=2, routed)           0.345     3.873    top_i/StreamingDataflowPartition_1/inst/StreamingDataflowPartition_1_MVAU_hls_1/StreamingDataflowPartition_1_MVAU_hls_1/inst/grp_Matrix_Vector_Activate_Stream_Batch_fu_540/mac_muladd_8ns_8s_22s_22_4_1_U2/MVAU_hls_1_mac_muladd_8ns_8s_22s_22_4_1_DSP48_0_U/icmp_ln253_reg_26119_reg[0][9]
    SLICE_X12Y142        LUT6 (Prop_F6LUT_SLICEM_I3_O)
                                                      0.080     3.953 f  top_i/StreamingDataflowPartition_1/inst/StreamingDataflowPartition_1_MVAU_hls_1/StreamingDataflowPartition_1_MVAU_hls_1/inst/grp_Matrix_Vector_Activate_Stream_Batch_fu_540/mac_muladd_8ns_8s_22s_22_4_1_U2/MVAU_hls_1_mac_muladd_8ns_8s_22s_22_4_1_DSP48_0_U/icmp_ln253_reg_26119[0]_i_6/O
                         net (fo=1, routed)           0.206     4.159    top_i/StreamingDataflowPartition_1/inst/StreamingDataflowPartition_1_MVAU_hls_1/StreamingDataflowPartition_1_MVAU_hls_1/inst/grp_Matrix_Vector_Activate_Stream_Batch_fu_540/mac_muladd_8ns_8s_22s_22_4_1_U2/MVAU_hls_1_mac_muladd_8ns_8s_22s_22_4_1_DSP48_0_U/icmp_ln253_reg_26119[0]_i_6_n_3
    SLICE_X12Y143        LUT6 (Prop_C6LUT_SLICEM_I2_O)
                                                      0.149     4.308 f  top_i/StreamingDataflowPartition_1/inst/StreamingDataflowPartition_1_MVAU_hls_1/StreamingDataflowPartition_1_MVAU_hls_1/inst/grp_Matrix_Vector_Activate_Stream_Batch_fu_540/mac_muladd_8ns_8s_22s_22_4_1_U2/MVAU_hls_1_mac_muladd_8ns_8s_22s_22_4_1_DSP48_0_U/icmp_ln253_reg_26119[0]_i_3/O
                         net (fo=1, routed)           0.213     4.521    top_i/StreamingDataflowPartition_1/inst/StreamingDataflowPartition_1_MVAU_hls_1/StreamingDataflowPartition_1_MVAU_hls_1/inst/grp_Matrix_Vector_Activate_Stream_Batch_fu_540/flow_control_loop_pipe_sequential_init_U/icmp_ln253_reg_26119_reg[0]_0
    SLICE_X12Y143        LUT3 (Prop_H6LUT_SLICEM_I1_O)
                                                      0.138     4.659 f  top_i/StreamingDataflowPartition_1/inst/StreamingDataflowPartition_1_MVAU_hls_1/StreamingDataflowPartition_1_MVAU_hls_1/inst/grp_Matrix_Vector_Activate_Stream_Batch_fu_540/flow_control_loop_pipe_sequential_init_U/icmp_ln253_reg_26119[0]_i_1/O
                         net (fo=20, routed)          0.454     5.112    top_i/StreamingDataflowPartition_1/inst/StreamingDataflowPartition_1_MVAU_hls_1/StreamingDataflowPartition_1_MVAU_hls_1/inst/grp_Matrix_Vector_Activate_Stream_Batch_fu_540/flow_control_loop_pipe_sequential_init_U/icmp_ln253_fu_7797_p2
    SLICE_X18Y151        LUT5 (Prop_G6LUT_SLICEM_I1_O)
                                                      0.057     5.169 f  top_i/StreamingDataflowPartition_1/inst/StreamingDataflowPartition_1_MVAU_hls_1/StreamingDataflowPartition_1_MVAU_hls_1/inst/grp_Matrix_Vector_Activate_Stream_Batch_fu_540/flow_control_loop_pipe_sequential_init_U/nf_2_reg_26110[5]_i_3/O
                         net (fo=4, routed)           0.268     5.437    top_i/StreamingDataflowPartition_1/inst/StreamingDataflowPartition_1_MVAU_hls_1/StreamingDataflowPartition_1_MVAU_hls_1/inst/grp_Matrix_Vector_Activate_Stream_Batch_fu_540/flow_control_loop_pipe_sequential_init_U/nf_2_reg_26110[5]_i_3_n_3
    SLICE_X19Y155        LUT6 (Prop_H6LUT_SLICEL_I5_O)
                                                      0.083     5.520 r  top_i/StreamingDataflowPartition_1/inst/StreamingDataflowPartition_1_MVAU_hls_1/StreamingDataflowPartition_1_MVAU_hls_1/inst/grp_Matrix_Vector_Activate_Stream_Batch_fu_540/flow_control_loop_pipe_sequential_init_U/nf_2_reg_26110[5]_i_2/O
                         net (fo=43, routed)          0.196     5.716    top_i/StreamingDataflowPartition_1/inst/StreamingDataflowPartition_1_MVAU_hls_1/StreamingDataflowPartition_1_MVAU_hls_1/inst/grp_Matrix_Vector_Activate_Stream_Batch_fu_540/flow_control_loop_pipe_sequential_init_U/E[0]
    SLICE_X21Y155        LUT3 (Prop_H6LUT_SLICEM_I2_O)
                                                      0.060     5.776 r  top_i/StreamingDataflowPartition_1/inst/StreamingDataflowPartition_1_MVAU_hls_1/StreamingDataflowPartition_1_MVAU_hls_1/inst/grp_Matrix_Vector_Activate_Stream_Batch_fu_540/flow_control_loop_pipe_sequential_init_U/inElem_reg_26128[7]_i_1/O
                         net (fo=634, routed)         0.879     6.655    top_i/StreamingDataflowPartition_1/inst/StreamingDataflowPartition_1_MVAU_hls_1/StreamingDataflowPartition_1_MVAU_hls_1/inst/grp_Matrix_Vector_Activate_Stream_Batch_fu_540/flow_control_loop_pipe_sequential_init_U/i_fu_1846_reg[13]_15
    SLICE_X25Y137        LUT5 (Prop_C6LUT_SLICEM_I0_O)
                                                      0.186     6.841 r  top_i/StreamingDataflowPartition_1/inst/StreamingDataflowPartition_1_MVAU_hls_1/StreamingDataflowPartition_1_MVAU_hls_1/inst/grp_Matrix_Vector_Activate_Stream_Batch_fu_540/flow_control_loop_pipe_sequential_init_U/inputBuf_V_92_fu_2222[7]_i_1/O
                         net (fo=8, routed)           0.442     7.283    top_i/StreamingDataflowPartition_1/inst/StreamingDataflowPartition_1_MVAU_hls_1/StreamingDataflowPartition_1_MVAU_hls_1/inst/grp_Matrix_Vector_Activate_Stream_Batch_fu_540/inputBuf_V_92_fu_22220
    SLICE_X25Y136        FDRE                                         r  top_i/StreamingDataflowPartition_1/inst/StreamingDataflowPartition_1_MVAU_hls_1/StreamingDataflowPartition_1_MVAU_hls_1/inst/grp_Matrix_Vector_Activate_Stream_Batch_fu_540/inputBuf_V_92_fu_2222_reg[1]/CE
  -------------------------------------------------------------------    -------------------

                         (clock clk_pl_0 rise edge)
                                                      5.000     5.000 r  
    PS8_X0Y0             PS8                          0.000     5.000 r  top_i/zynq_ps/inst/PS8_i/PLCLK[0]
                         net (fo=1, routed)           0.181     5.181    top_i/zynq_ps/inst/pl_clk_unbuffered[0]
    BUFG_PS_X0Y80        BUFG_PS (Prop_BUFG_PS_I_O)
                                                      0.035     5.216 r  top_i/zynq_ps/inst/buffer_pl_clk_0.PL_CLK_0_BUFG/O
    X1Y1 (CLOCK_ROOT)    net (fo=33585, routed)       2.681     7.897    top_i/StreamingDataflowPartition_1/inst/StreamingDataflowPartition_1_MVAU_hls_1/StreamingDataflowPartition_1_MVAU_hls_1/inst/grp_Matrix_Vector_Activate_Stream_Batch_fu_540/ap_clk
    SLICE_X25Y136        FDRE                                         r  top_i/StreamingDataflowPartition_1/inst/StreamingDataflowPartition_1_MVAU_hls_1/StreamingDataflowPartition_1_MVAU_hls_1/inst/grp_Matrix_Vector_Activate_Stream_Batch_fu_540/inputBuf_V_92_fu_2222_reg[1]/C
                         clock pessimism              0.243     8.141    
                         clock uncertainty           -0.129     8.012    
    SLICE_X25Y136        FDRE (Setup_EFF2_SLICEM_C_CE)
                                                     -0.080     7.932    top_i/StreamingDataflowPartition_1/inst/StreamingDataflowPartition_1_MVAU_hls_1/StreamingDataflowPartition_1_MVAU_hls_1/inst/grp_Matrix_Vector_Activate_Stream_Batch_fu_540/inputBuf_V_92_fu_2222_reg[1]
  -------------------------------------------------------------------
                         required time                          7.932    
                         arrival time                          -7.283    
  -------------------------------------------------------------------
                         slack                                  0.648    





Min Delay Paths
--------------------------------------------------------------------------------------
Slack (MET) :             0.009ns  (arrival time - required time)
  Source:                 top_i/StreamingDataflowPartition_1/inst/StreamingDataflowPartition_1_StreamingMaxPool_hls_1/inst/grp_StreamingMaxPool_Precision_32u_2u_16u_ap_uint_8_0_128_s_fu_28/buf_V_12_U/q0_reg[6]/C
                            (rising edge-triggered cell FDRE clocked by clk_pl_0  {rise@0.000ns fall@2.500ns period=5.000ns})
  Destination:            top_i/StreamingDataflowPartition_1/inst/StreamingDataflowPartition_1_StreamingMaxPool_hls_1/inst/grp_StreamingMaxPool_Precision_32u_2u_16u_ap_uint_8_0_128_s_fu_28/buf_V_12_load_reg_688_reg[6]/D
                            (rising edge-triggered cell FDRE clocked by clk_pl_0  {rise@0.000ns fall@2.500ns period=5.000ns})
  Path Group:             clk_pl_0
  Path Type:              Hold (Min at Slow Process Corner)
  Requirement:            0.000ns  (clk_pl_0 rise@0.000ns - clk_pl_0 rise@0.000ns)
  Data Path Delay:        0.219ns  (logic 0.112ns (51.241%)  route 0.107ns (48.759%))
  Logic Levels:           0  
  Clock Path Skew:        0.106ns (DCD - SCD - CPR)
    Destination Clock Delay (DCD):    3.369ns
    Source Clock Delay      (SCD):    3.022ns
    Clock Pessimism Removal (CPR):    0.240ns
  Clock Net Delay (Source):      2.806ns (routing 1.450ns, distribution 1.356ns)
  Clock Net Delay (Destination): 3.102ns (routing 1.584ns, distribution 1.518ns)

    Location             Delay type                Incr(ns)  Path(ns)    Netlist Resource(s)
  -------------------------------------------------------------------    -------------------
                         (clock clk_pl_0 rise edge)
                                                      0.000     0.000 r  
    PS8_X0Y0             PS8                          0.000     0.000 r  top_i/zynq_ps/inst/PS8_i/PLCLK[0]
                         net (fo=1, routed)           0.181     0.181    top_i/zynq_ps/inst/pl_clk_unbuffered[0]
    BUFG_PS_X0Y80        BUFG_PS (Prop_BUFG_PS_I_O)
                                                      0.035     0.216 r  top_i/zynq_ps/inst/buffer_pl_clk_0.PL_CLK_0_BUFG/O
    X1Y1 (CLOCK_ROOT)    net (fo=33585, routed)       2.806     3.022    top_i/StreamingDataflowPartition_1/inst/StreamingDataflowPartition_1_StreamingMaxPool_hls_1/inst/grp_StreamingMaxPool_Precision_32u_2u_16u_ap_uint_8_0_128_s_fu_28/buf_V_12_U/ap_clk
    SLICE_X13Y114        FDRE                                         r  top_i/StreamingDataflowPartition_1/inst/StreamingDataflowPartition_1_StreamingMaxPool_hls_1/inst/grp_StreamingMaxPool_Precision_32u_2u_16u_ap_uint_8_0_128_s_fu_28/buf_V_12_U/q0_reg[6]/C
  -------------------------------------------------------------------    -------------------
    SLICE_X13Y114        FDRE (Prop_EFF_SLICEM_C_Q)
                                                      0.112     3.134 r  top_i/StreamingDataflowPartition_1/inst/StreamingDataflowPartition_1_StreamingMaxPool_hls_1/inst/grp_StreamingMaxPool_Precision_32u_2u_16u_ap_uint_8_0_128_s_fu_28/buf_V_12_U/q0_reg[6]/Q
                         net (fo=3, routed)           0.107     3.241    top_i/StreamingDataflowPartition_1/inst/StreamingDataflowPartition_1_StreamingMaxPool_hls_1/inst/grp_StreamingMaxPool_Precision_32u_2u_16u_ap_uint_8_0_128_s_fu_28/q0_reg[7][102]
    SLICE_X15Y114        FDRE                                         r  top_i/StreamingDataflowPartition_1/inst/StreamingDataflowPartition_1_StreamingMaxPool_hls_1/inst/grp_StreamingMaxPool_Precision_32u_2u_16u_ap_uint_8_0_128_s_fu_28/buf_V_12_load_reg_688_reg[6]/D
  -------------------------------------------------------------------    -------------------

                         (clock clk_pl_0 rise edge)
                                                      0.000     0.000 r  
    PS8_X0Y0             PS8                          0.000     0.000 r  top_i/zynq_ps/inst/PS8_i/PLCLK[0]
                         net (fo=1, routed)           0.229     0.229    top_i/zynq_ps/inst/pl_clk_unbuffered[0]
    BUFG_PS_X0Y80        BUFG_PS (Prop_BUFG_PS_I_O)
                                                      0.038     0.267 r  top_i/zynq_ps/inst/buffer_pl_clk_0.PL_CLK_0_BUFG/O
    X1Y1 (CLOCK_ROOT)    net (fo=33585, routed)       3.102     3.369    top_i/StreamingDataflowPartition_1/inst/StreamingDataflowPartition_1_StreamingMaxPool_hls_1/inst/grp_StreamingMaxPool_Precision_32u_2u_16u_ap_uint_8_0_128_s_fu_28/ap_clk
    SLICE_X15Y114        FDRE                                         r  top_i/StreamingDataflowPartition_1/inst/StreamingDataflowPartition_1_StreamingMaxPool_hls_1/inst/grp_StreamingMaxPool_Precision_32u_2u_16u_ap_uint_8_0_128_s_fu_28/buf_V_12_load_reg_688_reg[6]/C
                         clock pessimism             -0.240     3.129    
    SLICE_X15Y114        FDRE (Hold_FFF2_SLICEL_C_D)
                                                      0.103     3.232    top_i/StreamingDataflowPartition_1/inst/StreamingDataflowPartition_1_StreamingMaxPool_hls_1/inst/grp_StreamingMaxPool_Precision_32u_2u_16u_ap_uint_8_0_128_s_fu_28/buf_V_12_load_reg_688_reg[6]
  -------------------------------------------------------------------
                         required time                         -3.232    
                         arrival time                           3.241    
  -------------------------------------------------------------------
                         slack                                  0.009    

Slack (MET) :             0.010ns  (arrival time - required time)
  Source:                 top_i/StreamingDataflowPartition_1/inst/StreamingDataflowPartition_1_StreamingMaxPool_hls_1/inst/grp_StreamingMaxPool_Precision_32u_2u_16u_ap_uint_8_0_128_s_fu_28/buf_V_2_U/q0_reg[5]/C
                            (rising edge-triggered cell FDRE clocked by clk_pl_0  {rise@0.000ns fall@2.500ns period=5.000ns})
  Destination:            top_i/StreamingDataflowPartition_1/inst/StreamingDataflowPartition_1_StreamingMaxPool_hls_1/inst/grp_StreamingMaxPool_Precision_32u_2u_16u_ap_uint_8_0_128_s_fu_28/buf_V_2_load_reg_638_reg[5]/D
                            (rising edge-triggered cell FDRE clocked by clk_pl_0  {rise@0.000ns fall@2.500ns period=5.000ns})
  Path Group:             clk_pl_0
  Path Type:              Hold (Min at Slow Process Corner)
  Requirement:            0.000ns  (clk_pl_0 rise@0.000ns - clk_pl_0 rise@0.000ns)
  Data Path Delay:        0.238ns  (logic 0.114ns (47.838%)  route 0.124ns (52.162%))
  Logic Levels:           0  
  Clock Path Skew:        0.126ns (DCD - SCD - CPR)
    Destination Clock Delay (DCD):    3.199ns
    Source Clock Delay      (SCD):    2.836ns
    Clock Pessimism Removal (CPR):    0.236ns
  Clock Net Delay (Source):      2.620ns (routing 1.450ns, distribution 1.170ns)
  Clock Net Delay (Destination): 2.932ns (routing 1.584ns, distribution 1.348ns)

    Location             Delay type                Incr(ns)  Path(ns)    Netlist Resource(s)
  -------------------------------------------------------------------    -------------------
                         (clock clk_pl_0 rise edge)
                                                      0.000     0.000 r  
    PS8_X0Y0             PS8                          0.000     0.000 r  top_i/zynq_ps/inst/PS8_i/PLCLK[0]
                         net (fo=1, routed)           0.181     0.181    top_i/zynq_ps/inst/pl_clk_unbuffered[0]
    BUFG_PS_X0Y80        BUFG_PS (Prop_BUFG_PS_I_O)
                                                      0.035     0.216 r  top_i/zynq_ps/inst/buffer_pl_clk_0.PL_CLK_0_BUFG/O
    X1Y1 (CLOCK_ROOT)    net (fo=33585, routed)       2.620     2.836    top_i/StreamingDataflowPartition_1/inst/StreamingDataflowPartition_1_StreamingMaxPool_hls_1/inst/grp_StreamingMaxPool_Precision_32u_2u_16u_ap_uint_8_0_128_s_fu_28/buf_V_2_U/ap_clk
    SLICE_X28Y114        FDRE                                         r  top_i/StreamingDataflowPartition_1/inst/StreamingDataflowPartition_1_StreamingMaxPool_hls_1/inst/grp_StreamingMaxPool_Precision_32u_2u_16u_ap_uint_8_0_128_s_fu_28/buf_V_2_U/q0_reg[5]/C
  -------------------------------------------------------------------    -------------------
    SLICE_X28Y114        FDRE (Prop_BFF2_SLICEM_C_Q)
                                                      0.114     2.950 r  top_i/StreamingDataflowPartition_1/inst/StreamingDataflowPartition_1_StreamingMaxPool_hls_1/inst/grp_StreamingMaxPool_Precision_32u_2u_16u_ap_uint_8_0_128_s_fu_28/buf_V_2_U/q0_reg[5]/Q
                         net (fo=3, routed)           0.124     3.074    top_i/StreamingDataflowPartition_1/inst/StreamingDataflowPartition_1_StreamingMaxPool_hls_1/inst/grp_StreamingMaxPool_Precision_32u_2u_16u_ap_uint_8_0_128_s_fu_28/q0_reg[7][21]
    SLICE_X29Y114        FDRE                                         r  top_i/StreamingDataflowPartition_1/inst/StreamingDataflowPartition_1_StreamingMaxPool_hls_1/inst/grp_StreamingMaxPool_Precision_32u_2u_16u_ap_uint_8_0_128_s_fu_28/buf_V_2_load_reg_638_reg[5]/D
  -------------------------------------------------------------------    -------------------

                         (clock clk_pl_0 rise edge)
                                                      0.000     0.000 r  
    PS8_X0Y0             PS8                          0.000     0.000 r  top_i/zynq_ps/inst/PS8_i/PLCLK[0]
                         net (fo=1, routed)           0.229     0.229    top_i/zynq_ps/inst/pl_clk_unbuffered[0]
    BUFG_PS_X0Y80        BUFG_PS (Prop_BUFG_PS_I_O)
                                                      0.038     0.267 r  top_i/zynq_ps/inst/buffer_pl_clk_0.PL_CLK_0_BUFG/O
    X1Y1 (CLOCK_ROOT)    net (fo=33585, routed)       2.932     3.199    top_i/StreamingDataflowPartition_1/inst/StreamingDataflowPartition_1_StreamingMaxPool_hls_1/inst/grp_StreamingMaxPool_Precision_32u_2u_16u_ap_uint_8_0_128_s_fu_28/ap_clk
    SLICE_X29Y114        FDRE                                         r  top_i/StreamingDataflowPartition_1/inst/StreamingDataflowPartition_1_StreamingMaxPool_hls_1/inst/grp_StreamingMaxPool_Precision_32u_2u_16u_ap_uint_8_0_128_s_fu_28/buf_V_2_load_reg_638_reg[5]/C
                         clock pessimism             -0.236     2.963    
    SLICE_X29Y114        FDRE (Hold_EFF2_SLICEM_C_D)
                                                      0.102     3.065    top_i/StreamingDataflowPartition_1/inst/StreamingDataflowPartition_1_StreamingMaxPool_hls_1/inst/grp_StreamingMaxPool_Precision_32u_2u_16u_ap_uint_8_0_128_s_fu_28/buf_V_2_load_reg_638_reg[5]
  -------------------------------------------------------------------
                         required time                         -3.065    
                         arrival time                           3.074    
  -------------------------------------------------------------------
                         slack                                  0.010    

Slack (MET) :             0.010ns  (arrival time - required time)
  Source:                 top_i/StreamingDataflowPartition_1/inst/StreamingDataflowPartition_1_StreamingFIFO_rtl_6/inst/impl/srlo_reg[119]/C
                            (rising edge-triggered cell FDRE clocked by clk_pl_0  {rise@0.000ns fall@2.500ns period=5.000ns})
  Destination:            top_i/StreamingDataflowPartition_1/inst/StreamingDataflowPartition_1_StreamingMaxPool_hls_2/inst/regslice_both_in0_V_U/B_V_data_1_payload_B_reg[119]/D
                            (rising edge-triggered cell FDRE clocked by clk_pl_0  {rise@0.000ns fall@2.500ns period=5.000ns})
  Path Group:             clk_pl_0
  Path Type:              Hold (Min at Slow Process Corner)
  Requirement:            0.000ns  (clk_pl_0 rise@0.000ns - clk_pl_0 rise@0.000ns)
  Data Path Delay:        0.221ns  (logic 0.112ns (50.770%)  route 0.109ns (49.230%))
  Logic Levels:           0  
  Clock Path Skew:        0.109ns (DCD - SCD - CPR)
    Destination Clock Delay (DCD):    3.384ns
    Source Clock Delay      (SCD):    3.035ns
    Clock Pessimism Removal (CPR):    0.240ns
  Clock Net Delay (Source):      2.819ns (routing 1.450ns, distribution 1.369ns)
  Clock Net Delay (Destination): 3.117ns (routing 1.584ns, distribution 1.533ns)

    Location             Delay type                Incr(ns)  Path(ns)    Netlist Resource(s)
  -------------------------------------------------------------------    -------------------
                         (clock clk_pl_0 rise edge)
                                                      0.000     0.000 r  
    PS8_X0Y0             PS8                          0.000     0.000 r  top_i/zynq_ps/inst/PS8_i/PLCLK[0]
                         net (fo=1, routed)           0.181     0.181    top_i/zynq_ps/inst/pl_clk_unbuffered[0]
    BUFG_PS_X0Y80        BUFG_PS (Prop_BUFG_PS_I_O)
                                                      0.035     0.216 r  top_i/zynq_ps/inst/buffer_pl_clk_0.PL_CLK_0_BUFG/O
    X1Y1 (CLOCK_ROOT)    net (fo=33585, routed)       2.819     3.035    top_i/StreamingDataflowPartition_1/inst/StreamingDataflowPartition_1_StreamingFIFO_rtl_6/inst/impl/ap_clk
    SLICE_X9Y117         FDRE                                         r  top_i/StreamingDataflowPartition_1/inst/StreamingDataflowPartition_1_StreamingFIFO_rtl_6/inst/impl/srlo_reg[119]/C
  -------------------------------------------------------------------    -------------------
    SLICE_X9Y117         FDRE (Prop_DFF_SLICEL_C_Q)
                                                      0.112     3.147 r  top_i/StreamingDataflowPartition_1/inst/StreamingDataflowPartition_1_StreamingFIFO_rtl_6/inst/impl/srlo_reg[119]/Q
                         net (fo=2, routed)           0.109     3.256    top_i/StreamingDataflowPartition_1/inst/StreamingDataflowPartition_1_StreamingMaxPool_hls_2/inst/regslice_both_in0_V_U/in0_V_TDATA[119]
    SLICE_X10Y117        FDRE                                         r  top_i/StreamingDataflowPartition_1/inst/StreamingDataflowPartition_1_StreamingMaxPool_hls_2/inst/regslice_both_in0_V_U/B_V_data_1_payload_B_reg[119]/D
  -------------------------------------------------------------------    -------------------

                         (clock clk_pl_0 rise edge)
                                                      0.000     0.000 r  
    PS8_X0Y0             PS8                          0.000     0.000 r  top_i/zynq_ps/inst/PS8_i/PLCLK[0]
                         net (fo=1, routed)           0.229     0.229    top_i/zynq_ps/inst/pl_clk_unbuffered[0]
    BUFG_PS_X0Y80        BUFG_PS (Prop_BUFG_PS_I_O)
                                                      0.038     0.267 r  top_i/zynq_ps/inst/buffer_pl_clk_0.PL_CLK_0_BUFG/O
    X1Y1 (CLOCK_ROOT)    net (fo=33585, routed)       3.117     3.384    top_i/StreamingDataflowPartition_1/inst/StreamingDataflowPartition_1_StreamingMaxPool_hls_2/inst/regslice_both_in0_V_U/ap_clk
    SLICE_X10Y117        FDRE                                         r  top_i/StreamingDataflowPartition_1/inst/StreamingDataflowPartition_1_StreamingMaxPool_hls_2/inst/regslice_both_in0_V_U/B_V_data_1_payload_B_reg[119]/C
                         clock pessimism             -0.240     3.144    
    SLICE_X10Y117        FDRE (Hold_AFF2_SLICEM_C_D)
                                                      0.102     3.246    top_i/StreamingDataflowPartition_1/inst/StreamingDataflowPartition_1_StreamingMaxPool_hls_2/inst/regslice_both_in0_V_U/B_V_data_1_payload_B_reg[119]
  -------------------------------------------------------------------
                         required time                         -3.246    
                         arrival time                           3.256    
  -------------------------------------------------------------------
                         slack                                  0.010    

Slack (MET) :             0.010ns  (arrival time - required time)
  Source:                 top_i/StreamingDataflowPartition_1/inst/StreamingDataflowPartition_1_StreamingMaxPool_hls_2/inst/regslice_both_in0_V_U/B_V_data_1_payload_B_reg[89]/C
                            (rising edge-triggered cell FDRE clocked by clk_pl_0  {rise@0.000ns fall@2.500ns period=5.000ns})
  Destination:            top_i/StreamingDataflowPartition_1/inst/StreamingDataflowPartition_1_StreamingMaxPool_hls_2/inst/grp_StreamingMaxPool_Precision_16u_2u_16u_ap_uint_8_0_128_s_fu_28/buf_V_11_U/ram_reg_0_7_1_1/SP/I
                            (rising edge-triggered cell RAMS32 clocked by clk_pl_0  {rise@0.000ns fall@2.500ns period=5.000ns})
  Path Group:             clk_pl_0
  Path Type:              Hold (Min at Slow Process Corner)
  Requirement:            0.000ns  (clk_pl_0 rise@0.000ns - clk_pl_0 rise@0.000ns)
  Data Path Delay:        0.405ns  (logic 0.197ns (48.677%)  route 0.208ns (51.323%))
  Logic Levels:           1  (LUT6=1)
  Clock Path Skew:        0.293ns (DCD - SCD - CPR)
    Destination Clock Delay (DCD):    3.492ns
    Source Clock Delay      (SCD):    3.014ns
    Clock Pessimism Removal (CPR):    0.185ns
  Clock Net Delay (Source):      2.798ns (routing 1.450ns, distribution 1.348ns)
  Clock Net Delay (Destination): 3.225ns (routing 1.584ns, distribution 1.641ns)

    Location             Delay type                Incr(ns)  Path(ns)    Netlist Resource(s)
  -------------------------------------------------------------------    -------------------
                         (clock clk_pl_0 rise edge)
                                                      0.000     0.000 r  
    PS8_X0Y0             PS8                          0.000     0.000 r  top_i/zynq_ps/inst/PS8_i/PLCLK[0]
                         net (fo=1, routed)           0.181     0.181    top_i/zynq_ps/inst/pl_clk_unbuffered[0]
    BUFG_PS_X0Y80        BUFG_PS (Prop_BUFG_PS_I_O)
                                                      0.035     0.216 r  top_i/zynq_ps/inst/buffer_pl_clk_0.PL_CLK_0_BUFG/O
    X1Y1 (CLOCK_ROOT)    net (fo=33585, routed)       2.798     3.014    top_i/StreamingDataflowPartition_1/inst/StreamingDataflowPartition_1_StreamingMaxPool_hls_2/inst/regslice_both_in0_V_U/ap_clk
    SLICE_X19Y118        FDRE                                         r  top_i/StreamingDataflowPartition_1/inst/StreamingDataflowPartition_1_StreamingMaxPool_hls_2/inst/regslice_both_in0_V_U/B_V_data_1_payload_B_reg[89]/C
  -------------------------------------------------------------------    -------------------
    SLICE_X19Y118        FDRE (Prop_GFF_SLICEL_C_Q)
                                                      0.112     3.126 r  top_i/StreamingDataflowPartition_1/inst/StreamingDataflowPartition_1_StreamingMaxPool_hls_2/inst/regslice_both_in0_V_U/B_V_data_1_payload_B_reg[89]/Q
                         net (fo=3, routed)           0.080     3.206    top_i/StreamingDataflowPartition_1/inst/StreamingDataflowPartition_1_StreamingMaxPool_hls_2/inst/grp_StreamingMaxPool_Precision_16u_2u_16u_ap_uint_8_0_128_s_fu_28/grp_StreamingMaxPool_Precision_Pipeline_VITIS_LOOP_158_6_fu_396/flow_control_loop_pipe_sequential_init_U/q0_reg[7]_1[89]
    SLICE_X19Y120        LUT6 (Prop_G6LUT_SLICEL_I5_O)
                                                      0.085     3.291 r  top_i/StreamingDataflowPartition_1/inst/StreamingDataflowPartition_1_StreamingMaxPool_hls_2/inst/grp_StreamingMaxPool_Precision_16u_2u_16u_ap_uint_8_0_128_s_fu_28/grp_StreamingMaxPool_Precision_Pipeline_VITIS_LOOP_158_6_fu_396/flow_control_loop_pipe_sequential_init_U/ram_reg_0_7_1_1_i_1__3/O
                         net (fo=1, routed)           0.128     3.419    top_i/StreamingDataflowPartition_1/inst/StreamingDataflowPartition_1_StreamingMaxPool_hls_2/inst/grp_StreamingMaxPool_Precision_16u_2u_16u_ap_uint_8_0_128_s_fu_28/buf_V_11_U/ram_reg_0_7_1_1/D
    SLICE_X18Y120        RAMS32                                       r  top_i/StreamingDataflowPartition_1/inst/StreamingDataflowPartition_1_StreamingMaxPool_hls_2/inst/grp_StreamingMaxPool_Precision_16u_2u_16u_ap_uint_8_0_128_s_fu_28/buf_V_11_U/ram_reg_0_7_1_1/SP/I
  -------------------------------------------------------------------    -------------------

                         (clock clk_pl_0 rise edge)
                                                      0.000     0.000 r  
    PS8_X0Y0             PS8                          0.000     0.000 r  top_i/zynq_ps/inst/PS8_i/PLCLK[0]
                         net (fo=1, routed)           0.229     0.229    top_i/zynq_ps/inst/pl_clk_unbuffered[0]
    BUFG_PS_X0Y80        BUFG_PS (Prop_BUFG_PS_I_O)
                                                      0.038     0.267 r  top_i/zynq_ps/inst/buffer_pl_clk_0.PL_CLK_0_BUFG/O
    X1Y1 (CLOCK_ROOT)    net (fo=33585, routed)       3.225     3.492    top_i/StreamingDataflowPartition_1/inst/StreamingDataflowPartition_1_StreamingMaxPool_hls_2/inst/grp_StreamingMaxPool_Precision_16u_2u_16u_ap_uint_8_0_128_s_fu_28/buf_V_11_U/ram_reg_0_7_1_1/WCLK
    SLICE_X18Y120        RAMS32                                       r  top_i/StreamingDataflowPartition_1/inst/StreamingDataflowPartition_1_StreamingMaxPool_hls_2/inst/grp_StreamingMaxPool_Precision_16u_2u_16u_ap_uint_8_0_128_s_fu_28/buf_V_11_U/ram_reg_0_7_1_1/SP/CLK
                         clock pessimism             -0.185     3.307    
    SLICE_X18Y120        RAMS32 (Hold_D5LUT_SLICEM_CLK_I)
                                                      0.102     3.409    top_i/StreamingDataflowPartition_1/inst/StreamingDataflowPartition_1_StreamingMaxPool_hls_2/inst/grp_StreamingMaxPool_Precision_16u_2u_16u_ap_uint_8_0_128_s_fu_28/buf_V_11_U/ram_reg_0_7_1_1/SP
  -------------------------------------------------------------------
                         required time                         -3.409    
                         arrival time                           3.419    
  -------------------------------------------------------------------
                         slack                                  0.010    

Slack (MET) :             0.010ns  (arrival time - required time)
  Source:                 top_i/odma0/inst/StreamingDataflowPartition_2_IODMA_hls_0/inst/gmem_m_axi_U/store_unit/tmp_addr_reg[20]/C
                            (rising edge-triggered cell FDRE clocked by clk_pl_0  {rise@0.000ns fall@2.500ns period=5.000ns})
  Destination:            top_i/odma0/inst/StreamingDataflowPartition_2_IODMA_hls_0/inst/gmem_m_axi_U/bus_write/rs_wreq/data_p2_reg[20]/D
                            (rising edge-triggered cell FDRE clocked by clk_pl_0  {rise@0.000ns fall@2.500ns period=5.000ns})
  Path Group:             clk_pl_0
  Path Type:              Hold (Min at Slow Process Corner)
  Requirement:            0.000ns  (clk_pl_0 rise@0.000ns - clk_pl_0 rise@0.000ns)
  Data Path Delay:        0.235ns  (logic 0.112ns (47.743%)  route 0.123ns (52.257%))
  Logic Levels:           0  
  Clock Path Skew:        0.121ns (DCD - SCD - CPR)
    Destination Clock Delay (DCD):    3.194ns
    Source Clock Delay      (SCD):    2.836ns
    Clock Pessimism Removal (CPR):    0.236ns
  Clock Net Delay (Source):      2.620ns (routing 1.450ns, distribution 1.170ns)
  Clock Net Delay (Destination): 2.927ns (routing 1.584ns, distribution 1.343ns)

    Location             Delay type                Incr(ns)  Path(ns)    Netlist Resource(s)
  -------------------------------------------------------------------    -------------------
                         (clock clk_pl_0 rise edge)
                                                      0.000     0.000 r  
    PS8_X0Y0             PS8                          0.000     0.000 r  top_i/zynq_ps/inst/PS8_i/PLCLK[0]
                         net (fo=1, routed)           0.181     0.181    top_i/zynq_ps/inst/pl_clk_unbuffered[0]
    BUFG_PS_X0Y80        BUFG_PS (Prop_BUFG_PS_I_O)
                                                      0.035     0.216 r  top_i/zynq_ps/inst/buffer_pl_clk_0.PL_CLK_0_BUFG/O
    X1Y1 (CLOCK_ROOT)    net (fo=33585, routed)       2.620     2.836    top_i/odma0/inst/StreamingDataflowPartition_2_IODMA_hls_0/inst/gmem_m_axi_U/store_unit/ap_clk
    SLICE_X24Y100        FDRE                                         r  top_i/odma0/inst/StreamingDataflowPartition_2_IODMA_hls_0/inst/gmem_m_axi_U/store_unit/tmp_addr_reg[20]/C
  -------------------------------------------------------------------    -------------------
    SLICE_X24Y100        FDRE (Prop_EFF_SLICEM_C_Q)
                                                      0.112     2.948 r  top_i/odma0/inst/StreamingDataflowPartition_2_IODMA_hls_0/inst/gmem_m_axi_U/store_unit/tmp_addr_reg[20]/Q
                         net (fo=2, routed)           0.123     3.071    top_i/odma0/inst/StreamingDataflowPartition_2_IODMA_hls_0/inst/gmem_m_axi_U/bus_write/rs_wreq/data_p2_reg[95]_0[19]
    SLICE_X25Y100        FDRE                                         r  top_i/odma0/inst/StreamingDataflowPartition_2_IODMA_hls_0/inst/gmem_m_axi_U/bus_write/rs_wreq/data_p2_reg[20]/D
  -------------------------------------------------------------------    -------------------

                         (clock clk_pl_0 rise edge)
                                                      0.000     0.000 r  
    PS8_X0Y0             PS8                          0.000     0.000 r  top_i/zynq_ps/inst/PS8_i/PLCLK[0]
                         net (fo=1, routed)           0.229     0.229    top_i/zynq_ps/inst/pl_clk_unbuffered[0]
    BUFG_PS_X0Y80        BUFG_PS (Prop_BUFG_PS_I_O)
                                                      0.038     0.267 r  top_i/zynq_ps/inst/buffer_pl_clk_0.PL_CLK_0_BUFG/O
    X1Y1 (CLOCK_ROOT)    net (fo=33585, routed)       2.927     3.194    top_i/odma0/inst/StreamingDataflowPartition_2_IODMA_hls_0/inst/gmem_m_axi_U/bus_write/rs_wreq/ap_clk
    SLICE_X25Y100        FDRE                                         r  top_i/odma0/inst/StreamingDataflowPartition_2_IODMA_hls_0/inst/gmem_m_axi_U/bus_write/rs_wreq/data_p2_reg[20]/C
                         clock pessimism             -0.236     2.958    
    SLICE_X25Y100        FDRE (Hold_HFF2_SLICEM_C_D)
                                                      0.103     3.061    top_i/odma0/inst/StreamingDataflowPartition_2_IODMA_hls_0/inst/gmem_m_axi_U/bus_write/rs_wreq/data_p2_reg[20]
  -------------------------------------------------------------------
                         required time                         -3.061    
                         arrival time                           3.071    
  -------------------------------------------------------------------
                         slack                                  0.010    

Slack (MET) :             0.010ns  (arrival time - required time)
  Source:                 top_i/idma0/inst/StreamingDataflowPartition_0_IODMA_hls_0/inst/gmem_m_axi_U/bus_read/rs_rreq/data_p1_reg[73]/C
                            (rising edge-triggered cell FDRE clocked by clk_pl_0  {rise@0.000ns fall@2.500ns period=5.000ns})
  Destination:            top_i/idma0/inst/StreamingDataflowPartition_0_IODMA_hls_0/inst/gmem_m_axi_U/bus_read/beat_len_reg[5]/D
                            (rising edge-triggered cell FDRE clocked by clk_pl_0  {rise@0.000ns fall@2.500ns period=5.000ns})
  Path Group:             clk_pl_0
  Path Type:              Hold (Min at Slow Process Corner)
  Requirement:            0.000ns  (clk_pl_0 rise@0.000ns - clk_pl_0 rise@0.000ns)
  Data Path Delay:        0.244ns  (logic 0.111ns (45.435%)  route 0.133ns (54.565%))
  Logic Levels:           0  
  Clock Path Skew:        0.131ns (DCD - SCD - CPR)
    Destination Clock Delay (DCD):    3.333ns
    Source Clock Delay      (SCD):    3.014ns
    Clock Pessimism Removal (CPR):    0.188ns
  Clock Net Delay (Source):      2.798ns (routing 1.450ns, distribution 1.348ns)
  Clock Net Delay (Destination): 3.066ns (routing 1.584ns, distribution 1.482ns)

    Location             Delay type                Incr(ns)  Path(ns)    Netlist Resource(s)
  -------------------------------------------------------------------    -------------------
                         (clock clk_pl_0 rise edge)
                                                      0.000     0.000 r  
    PS8_X0Y0             PS8                          0.000     0.000 r  top_i/zynq_ps/inst/PS8_i/PLCLK[0]
                         net (fo=1, routed)           0.181     0.181    top_i/zynq_ps/inst/pl_clk_unbuffered[0]
    BUFG_PS_X0Y80        BUFG_PS (Prop_BUFG_PS_I_O)
                                                      0.035     0.216 r  top_i/zynq_ps/inst/buffer_pl_clk_0.PL_CLK_0_BUFG/O
    X1Y1 (CLOCK_ROOT)    net (fo=33585, routed)       2.798     3.014    top_i/idma0/inst/StreamingDataflowPartition_0_IODMA_hls_0/inst/gmem_m_axi_U/bus_read/rs_rreq/ap_clk
    SLICE_X21Y60         FDRE                                         r  top_i/idma0/inst/StreamingDataflowPartition_0_IODMA_hls_0/inst/gmem_m_axi_U/bus_read/rs_rreq/data_p1_reg[73]/C
  -------------------------------------------------------------------    -------------------
    SLICE_X21Y60         FDRE (Prop_BFF_SLICEM_C_Q)
                                                      0.111     3.125 r  top_i/idma0/inst/StreamingDataflowPartition_0_IODMA_hls_0/inst/gmem_m_axi_U/bus_read/rs_rreq/data_p1_reg[73]/Q
                         net (fo=3, routed)           0.133     3.258    top_i/idma0/inst/StreamingDataflowPartition_0_IODMA_hls_0/inst/gmem_m_axi_U/bus_read/p_1_in[9]
    SLICE_X21Y56         FDRE                                         r  top_i/idma0/inst/StreamingDataflowPartition_0_IODMA_hls_0/inst/gmem_m_axi_U/bus_read/beat_len_reg[5]/D
  -------------------------------------------------------------------    -------------------

                         (clock clk_pl_0 rise edge)
                                                      0.000     0.000 r  
    PS8_X0Y0             PS8                          0.000     0.000 r  top_i/zynq_ps/inst/PS8_i/PLCLK[0]
                         net (fo=1, routed)           0.229     0.229    top_i/zynq_ps/inst/pl_clk_unbuffered[0]
    BUFG_PS_X0Y80        BUFG_PS (Prop_BUFG_PS_I_O)
                                                      0.038     0.267 r  top_i/zynq_ps/inst/buffer_pl_clk_0.PL_CLK_0_BUFG/O
    X1Y1 (CLOCK_ROOT)    net (fo=33585, routed)       3.066     3.333    top_i/idma0/inst/StreamingDataflowPartition_0_IODMA_hls_0/inst/gmem_m_axi_U/bus_read/ap_clk
    SLICE_X21Y56         FDRE                                         r  top_i/idma0/inst/StreamingDataflowPartition_0_IODMA_hls_0/inst/gmem_m_axi_U/bus_read/beat_len_reg[5]/C
                         clock pessimism             -0.188     3.145    
    SLICE_X21Y56         FDRE (Hold_HFF2_SLICEM_C_D)
                                                      0.103     3.248    top_i/idma0/inst/StreamingDataflowPartition_0_IODMA_hls_0/inst/gmem_m_axi_U/bus_read/beat_len_reg[5]
  -------------------------------------------------------------------
                         required time                         -3.248    
                         arrival time                           3.258    
  -------------------------------------------------------------------
                         slack                                  0.010    

Slack (MET) :             0.010ns  (arrival time - required time)
  Source:                 top_i/odma0/inst/StreamingDataflowPartition_2_IODMA_hls_0/inst/gmem_m_axi_U/store_unit/fifo_wreq/U_fifo_srl/dout_reg[23]/C
                            (rising edge-triggered cell FDRE clocked by clk_pl_0  {rise@0.000ns fall@2.500ns period=5.000ns})
  Destination:            top_i/odma0/inst/StreamingDataflowPartition_2_IODMA_hls_0/inst/gmem_m_axi_U/store_unit/tmp_addr_reg[24]/D
                            (rising edge-triggered cell FDRE clocked by clk_pl_0  {rise@0.000ns fall@2.500ns period=5.000ns})
  Path Group:             clk_pl_0
  Path Type:              Hold (Min at Slow Process Corner)
  Requirement:            0.000ns  (clk_pl_0 rise@0.000ns - clk_pl_0 rise@0.000ns)
  Data Path Delay:        0.209ns  (logic 0.112ns (53.589%)  route 0.097ns (46.411%))
  Logic Levels:           0  
  Clock Path Skew:        0.096ns (DCD - SCD - CPR)
    Destination Clock Delay (DCD):    3.165ns
    Source Clock Delay      (SCD):    2.833ns
    Clock Pessimism Removal (CPR):    0.236ns
  Clock Net Delay (Source):      2.617ns (routing 1.450ns, distribution 1.167ns)
  Clock Net Delay (Destination): 2.898ns (routing 1.584ns, distribution 1.314ns)

    Location             Delay type                Incr(ns)  Path(ns)    Netlist Resource(s)
  -------------------------------------------------------------------    -------------------
                         (clock clk_pl_0 rise edge)
                                                      0.000     0.000 r  
    PS8_X0Y0             PS8                          0.000     0.000 r  top_i/zynq_ps/inst/PS8_i/PLCLK[0]
                         net (fo=1, routed)           0.181     0.181    top_i/zynq_ps/inst/pl_clk_unbuffered[0]
    BUFG_PS_X0Y80        BUFG_PS (Prop_BUFG_PS_I_O)
                                                      0.035     0.216 r  top_i/zynq_ps/inst/buffer_pl_clk_0.PL_CLK_0_BUFG/O
    X1Y1 (CLOCK_ROOT)    net (fo=33585, routed)       2.617     2.833    top_i/odma0/inst/StreamingDataflowPartition_2_IODMA_hls_0/inst/gmem_m_axi_U/store_unit/fifo_wreq/U_fifo_srl/ap_clk
    SLICE_X24Y97         FDRE                                         r  top_i/odma0/inst/StreamingDataflowPartition_2_IODMA_hls_0/inst/gmem_m_axi_U/store_unit/fifo_wreq/U_fifo_srl/dout_reg[23]/C
  -------------------------------------------------------------------    -------------------
    SLICE_X24Y97         FDRE (Prop_HFF_SLICEM_C_Q)
                                                      0.112     2.945 r  top_i/odma0/inst/StreamingDataflowPartition_2_IODMA_hls_0/inst/gmem_m_axi_U/store_unit/fifo_wreq/U_fifo_srl/dout_reg[23]/Q
                         net (fo=1, routed)           0.097     3.042    top_i/odma0/inst/StreamingDataflowPartition_2_IODMA_hls_0/inst/gmem_m_axi_U/store_unit/fifo_wreq_n_52
    SLICE_X23Y97         FDRE                                         r  top_i/odma0/inst/StreamingDataflowPartition_2_IODMA_hls_0/inst/gmem_m_axi_U/store_unit/tmp_addr_reg[24]/D
  -------------------------------------------------------------------    -------------------

                         (clock clk_pl_0 rise edge)
                                                      0.000     0.000 r  
    PS8_X0Y0             PS8                          0.000     0.000 r  top_i/zynq_ps/inst/PS8_i/PLCLK[0]
                         net (fo=1, routed)           0.229     0.229    top_i/zynq_ps/inst/pl_clk_unbuffered[0]
    BUFG_PS_X0Y80        BUFG_PS (Prop_BUFG_PS_I_O)
                                                      0.038     0.267 r  top_i/zynq_ps/inst/buffer_pl_clk_0.PL_CLK_0_BUFG/O
    X1Y1 (CLOCK_ROOT)    net (fo=33585, routed)       2.898     3.165    top_i/odma0/inst/StreamingDataflowPartition_2_IODMA_hls_0/inst/gmem_m_axi_U/store_unit/ap_clk
    SLICE_X23Y97         FDRE                                         r  top_i/odma0/inst/StreamingDataflowPartition_2_IODMA_hls_0/inst/gmem_m_axi_U/store_unit/tmp_addr_reg[24]/C
                         clock pessimism             -0.236     2.929    
    SLICE_X23Y97         FDRE (Hold_GFF2_SLICEL_C_D)
                                                      0.103     3.032    top_i/odma0/inst/StreamingDataflowPartition_2_IODMA_hls_0/inst/gmem_m_axi_U/store_unit/tmp_addr_reg[24]
  -------------------------------------------------------------------
                         required time                         -3.032    
                         arrival time                           3.042    
  -------------------------------------------------------------------
                         slack                                  0.010    

Slack (MET) :             0.010ns  (arrival time - required time)
  Source:                 top_i/StreamingDataflowPartition_1/inst/StreamingDataflowPartition_1_MVAU_hls_1/StreamingDataflowPartition_1_MVAU_hls_1/inst/grp_Matrix_Vector_Activate_Stream_Batch_fu_540/p_ZL7threshs_207_U/q0_reg[0]/C
                            (rising edge-triggered cell FDRE clocked by clk_pl_0  {rise@0.000ns fall@2.500ns period=5.000ns})
  Destination:            top_i/StreamingDataflowPartition_1/inst/StreamingDataflowPartition_1_MVAU_hls_1/StreamingDataflowPartition_1_MVAU_hls_1/inst/grp_Matrix_Vector_Activate_Stream_Batch_fu_540/this_V_207_load_reg_27883_reg[0]/D
                            (rising edge-triggered cell FDRE clocked by clk_pl_0  {rise@0.000ns fall@2.500ns period=5.000ns})
  Path Group:             clk_pl_0
  Path Type:              Hold (Min at Slow Process Corner)
  Requirement:            0.000ns  (clk_pl_0 rise@0.000ns - clk_pl_0 rise@0.000ns)
  Data Path Delay:        0.222ns  (logic 0.112ns (50.450%)  route 0.110ns (49.550%))
  Logic Levels:           0  
  Clock Path Skew:        0.111ns (DCD - SCD - CPR)
    Destination Clock Delay (DCD):    3.413ns
    Source Clock Delay      (SCD):    3.058ns
    Clock Pessimism Removal (CPR):    0.244ns
  Clock Net Delay (Source):      2.842ns (routing 1.450ns, distribution 1.392ns)
  Clock Net Delay (Destination): 3.146ns (routing 1.584ns, distribution 1.562ns)

    Location             Delay type                Incr(ns)  Path(ns)    Netlist Resource(s)
  -------------------------------------------------------------------    -------------------
                         (clock clk_pl_0 rise edge)
                                                      0.000     0.000 r  
    PS8_X0Y0             PS8                          0.000     0.000 r  top_i/zynq_ps/inst/PS8_i/PLCLK[0]
                         net (fo=1, routed)           0.181     0.181    top_i/zynq_ps/inst/pl_clk_unbuffered[0]
    BUFG_PS_X0Y80        BUFG_PS (Prop_BUFG_PS_I_O)
                                                      0.035     0.216 r  top_i/zynq_ps/inst/buffer_pl_clk_0.PL_CLK_0_BUFG/O
    X1Y1 (CLOCK_ROOT)    net (fo=33585, routed)       2.842     3.058    top_i/StreamingDataflowPartition_1/inst/StreamingDataflowPartition_1_MVAU_hls_1/StreamingDataflowPartition_1_MVAU_hls_1/inst/grp_Matrix_Vector_Activate_Stream_Batch_fu_540/p_ZL7threshs_207_U/ap_clk
    SLICE_X12Y170        FDRE                                         r  top_i/StreamingDataflowPartition_1/inst/StreamingDataflowPartition_1_MVAU_hls_1/StreamingDataflowPartition_1_MVAU_hls_1/inst/grp_Matrix_Vector_Activate_Stream_Batch_fu_540/p_ZL7threshs_207_U/q0_reg[0]/C
  -------------------------------------------------------------------    -------------------
    SLICE_X12Y170        FDRE (Prop_DFF_SLICEM_C_Q)
                                                      0.112     3.170 r  top_i/StreamingDataflowPartition_1/inst/StreamingDataflowPartition_1_MVAU_hls_1/StreamingDataflowPartition_1_MVAU_hls_1/inst/grp_Matrix_Vector_Activate_Stream_Batch_fu_540/p_ZL7threshs_207_U/q0_reg[0]/Q
                         net (fo=1, routed)           0.110     3.280    top_i/StreamingDataflowPartition_1/inst/StreamingDataflowPartition_1_MVAU_hls_1/StreamingDataflowPartition_1_MVAU_hls_1/inst/grp_Matrix_Vector_Activate_Stream_Batch_fu_540/p_ZL7threshs_207_U_n_12
    SLICE_X11Y170        FDRE                                         r  top_i/StreamingDataflowPartition_1/inst/StreamingDataflowPartition_1_MVAU_hls_1/StreamingDataflowPartition_1_MVAU_hls_1/inst/grp_Matrix_Vector_Activate_Stream_Batch_fu_540/this_V_207_load_reg_27883_reg[0]/D
  -------------------------------------------------------------------    -------------------

                         (clock clk_pl_0 rise edge)
                                                      0.000     0.000 r  
    PS8_X0Y0             PS8                          0.000     0.000 r  top_i/zynq_ps/inst/PS8_i/PLCLK[0]
                         net (fo=1, routed)           0.229     0.229    top_i/zynq_ps/inst/pl_clk_unbuffered[0]
    BUFG_PS_X0Y80        BUFG_PS (Prop_BUFG_PS_I_O)
                                                      0.038     0.267 r  top_i/zynq_ps/inst/buffer_pl_clk_0.PL_CLK_0_BUFG/O
    X1Y1 (CLOCK_ROOT)    net (fo=33585, routed)       3.146     3.413    top_i/StreamingDataflowPartition_1/inst/StreamingDataflowPartition_1_MVAU_hls_1/StreamingDataflowPartition_1_MVAU_hls_1/inst/grp_Matrix_Vector_Activate_Stream_Batch_fu_540/ap_clk
    SLICE_X11Y170        FDRE                                         r  top_i/StreamingDataflowPartition_1/inst/StreamingDataflowPartition_1_MVAU_hls_1/StreamingDataflowPartition_1_MVAU_hls_1/inst/grp_Matrix_Vector_Activate_Stream_Batch_fu_540/this_V_207_load_reg_27883_reg[0]/C
                         clock pessimism             -0.244     3.169    
    SLICE_X11Y170        FDRE (Hold_EFF_SLICEL_C_D)
                                                      0.101     3.270    top_i/StreamingDataflowPartition_1/inst/StreamingDataflowPartition_1_MVAU_hls_1/StreamingDataflowPartition_1_MVAU_hls_1/inst/grp_Matrix_Vector_Activate_Stream_Batch_fu_540/this_V_207_load_reg_27883_reg[0]
  -------------------------------------------------------------------
                         required time                         -3.270    
                         arrival time                           3.280    
  -------------------------------------------------------------------
                         slack                                  0.010    

Slack (MET) :             0.011ns  (arrival time - required time)
  Source:                 top_i/StreamingDataflowPartition_1/inst/StreamingDataflowPartition_1_StreamingMaxPool_hls_1/inst/grp_StreamingMaxPool_Precision_32u_2u_16u_ap_uint_8_0_128_s_fu_28/buf_V_5_U/q0_reg[4]/C
                            (rising edge-triggered cell FDRE clocked by clk_pl_0  {rise@0.000ns fall@2.500ns period=5.000ns})
  Destination:            top_i/StreamingDataflowPartition_1/inst/StreamingDataflowPartition_1_StreamingMaxPool_hls_1/inst/grp_StreamingMaxPool_Precision_32u_2u_16u_ap_uint_8_0_128_s_fu_28/buf_V_5_load_reg_653_reg[4]/D
                            (rising edge-triggered cell FDRE clocked by clk_pl_0  {rise@0.000ns fall@2.500ns period=5.000ns})
  Path Group:             clk_pl_0
  Path Type:              Hold (Min at Slow Process Corner)
  Requirement:            0.000ns  (clk_pl_0 rise@0.000ns - clk_pl_0 rise@0.000ns)
  Data Path Delay:        0.237ns  (logic 0.111ns (46.787%)  route 0.126ns (53.213%))
  Logic Levels:           0  
  Clock Path Skew:        0.124ns (DCD - SCD - CPR)
    Destination Clock Delay (DCD):    3.200ns
    Source Clock Delay      (SCD):    2.840ns
    Clock Pessimism Removal (CPR):    0.236ns
  Clock Net Delay (Source):      2.624ns (routing 1.450ns, distribution 1.174ns)
  Clock Net Delay (Destination): 2.933ns (routing 1.584ns, distribution 1.349ns)

    Location             Delay type                Incr(ns)  Path(ns)    Netlist Resource(s)
  -------------------------------------------------------------------    -------------------
                         (clock clk_pl_0 rise edge)
                                                      0.000     0.000 r  
    PS8_X0Y0             PS8                          0.000     0.000 r  top_i/zynq_ps/inst/PS8_i/PLCLK[0]
                         net (fo=1, routed)           0.181     0.181    top_i/zynq_ps/inst/pl_clk_unbuffered[0]
    BUFG_PS_X0Y80        BUFG_PS (Prop_BUFG_PS_I_O)
                                                      0.035     0.216 r  top_i/zynq_ps/inst/buffer_pl_clk_0.PL_CLK_0_BUFG/O
    X1Y1 (CLOCK_ROOT)    net (fo=33585, routed)       2.624     2.840    top_i/StreamingDataflowPartition_1/inst/StreamingDataflowPartition_1_StreamingMaxPool_hls_1/inst/grp_StreamingMaxPool_Precision_32u_2u_16u_ap_uint_8_0_128_s_fu_28/buf_V_5_U/ap_clk
    SLICE_X31Y118        FDRE                                         r  top_i/StreamingDataflowPartition_1/inst/StreamingDataflowPartition_1_StreamingMaxPool_hls_1/inst/grp_StreamingMaxPool_Precision_32u_2u_16u_ap_uint_8_0_128_s_fu_28/buf_V_5_U/q0_reg[4]/C
  -------------------------------------------------------------------    -------------------
    SLICE_X31Y118        FDRE (Prop_FFF_SLICEM_C_Q)
                                                      0.111     2.951 r  top_i/StreamingDataflowPartition_1/inst/StreamingDataflowPartition_1_StreamingMaxPool_hls_1/inst/grp_StreamingMaxPool_Precision_32u_2u_16u_ap_uint_8_0_128_s_fu_28/buf_V_5_U/q0_reg[4]/Q
                         net (fo=3, routed)           0.126     3.077    top_i/StreamingDataflowPartition_1/inst/StreamingDataflowPartition_1_StreamingMaxPool_hls_1/inst/grp_StreamingMaxPool_Precision_32u_2u_16u_ap_uint_8_0_128_s_fu_28/q0_reg[7][44]
    SLICE_X30Y117        FDRE                                         r  top_i/StreamingDataflowPartition_1/inst/StreamingDataflowPartition_1_StreamingMaxPool_hls_1/inst/grp_StreamingMaxPool_Precision_32u_2u_16u_ap_uint_8_0_128_s_fu_28/buf_V_5_load_reg_653_reg[4]/D
  -------------------------------------------------------------------    -------------------

                         (clock clk_pl_0 rise edge)
                                                      0.000     0.000 r  
    PS8_X0Y0             PS8                          0.000     0.000 r  top_i/zynq_ps/inst/PS8_i/PLCLK[0]
                         net (fo=1, routed)           0.229     0.229    top_i/zynq_ps/inst/pl_clk_unbuffered[0]
    BUFG_PS_X0Y80        BUFG_PS (Prop_BUFG_PS_I_O)
                                                      0.038     0.267 r  top_i/zynq_ps/inst/buffer_pl_clk_0.PL_CLK_0_BUFG/O
    X1Y1 (CLOCK_ROOT)    net (fo=33585, routed)       2.933     3.200    top_i/StreamingDataflowPartition_1/inst/StreamingDataflowPartition_1_StreamingMaxPool_hls_1/inst/grp_StreamingMaxPool_Precision_32u_2u_16u_ap_uint_8_0_128_s_fu_28/ap_clk
    SLICE_X30Y117        FDRE                                         r  top_i/StreamingDataflowPartition_1/inst/StreamingDataflowPartition_1_StreamingMaxPool_hls_1/inst/grp_StreamingMaxPool_Precision_32u_2u_16u_ap_uint_8_0_128_s_fu_28/buf_V_5_load_reg_653_reg[4]/C
                         clock pessimism             -0.236     2.964    
    SLICE_X30Y117        FDRE (Hold_GFF2_SLICEL_C_D)
                                                      0.103     3.067    top_i/StreamingDataflowPartition_1/inst/StreamingDataflowPartition_1_StreamingMaxPool_hls_1/inst/grp_StreamingMaxPool_Precision_32u_2u_16u_ap_uint_8_0_128_s_fu_28/buf_V_5_load_reg_653_reg[4]
  -------------------------------------------------------------------
                         required time                         -3.067    
                         arrival time                           3.077    
  -------------------------------------------------------------------
                         slack                                  0.011    

Slack (MET) :             0.011ns  (arrival time - required time)
  Source:                 top_i/StreamingDataflowPartition_1/inst/StreamingDataflowPartition_1_StreamingDataWidthConverter_rtl_0/inst/impl/core/genUp.ADat_reg[2][7]/C
                            (rising edge-triggered cell FDRE clocked by clk_pl_0  {rise@0.000ns fall@2.500ns period=5.000ns})
  Destination:            top_i/StreamingDataflowPartition_1/inst/StreamingDataflowPartition_1_StreamingFIFO_rtl_4/inst/impl/srl_reg[0][23]/D
                            (rising edge-triggered cell FDRE clocked by clk_pl_0  {rise@0.000ns fall@2.500ns period=5.000ns})
  Path Group:             clk_pl_0
  Path Type:              Hold (Min at Slow Process Corner)
  Requirement:            0.000ns  (clk_pl_0 rise@0.000ns - clk_pl_0 rise@0.000ns)
  Data Path Delay:        0.241ns  (logic 0.112ns (46.415%)  route 0.129ns (53.585%))
  Logic Levels:           0  
  Clock Path Skew:        0.130ns (DCD - SCD - CPR)
    Destination Clock Delay (DCD):    3.196ns
    Source Clock Delay      (SCD):    2.830ns
    Clock Pessimism Removal (CPR):    0.236ns
  Clock Net Delay (Source):      2.614ns (routing 1.450ns, distribution 1.164ns)
  Clock Net Delay (Destination): 2.929ns (routing 1.584ns, distribution 1.345ns)

    Location             Delay type                Incr(ns)  Path(ns)    Netlist Resource(s)
  -------------------------------------------------------------------    -------------------
                         (clock clk_pl_0 rise edge)
                                                      0.000     0.000 r  
    PS8_X0Y0             PS8                          0.000     0.000 r  top_i/zynq_ps/inst/PS8_i/PLCLK[0]
                         net (fo=1, routed)           0.181     0.181    top_i/zynq_ps/inst/pl_clk_unbuffered[0]
    BUFG_PS_X0Y80        BUFG_PS (Prop_BUFG_PS_I_O)
                                                      0.035     0.216 r  top_i/zynq_ps/inst/buffer_pl_clk_0.PL_CLK_0_BUFG/O
    X1Y1 (CLOCK_ROOT)    net (fo=33585, routed)       2.614     2.830    top_i/StreamingDataflowPartition_1/inst/StreamingDataflowPartition_1_StreamingDataWidthConverter_rtl_0/inst/impl/core/ap_clk
    SLICE_X34Y102        FDRE                                         r  top_i/StreamingDataflowPartition_1/inst/StreamingDataflowPartition_1_StreamingDataWidthConverter_rtl_0/inst/impl/core/genUp.ADat_reg[2][7]/C
  -------------------------------------------------------------------    -------------------
    SLICE_X34Y102        FDRE (Prop_EFF_SLICEM_C_Q)
                                                      0.112     2.942 r  top_i/StreamingDataflowPartition_1/inst/StreamingDataflowPartition_1_StreamingDataWidthConverter_rtl_0/inst/impl/core/genUp.ADat_reg[2][7]/Q
                         net (fo=3, routed)           0.129     3.071    top_i/StreamingDataflowPartition_1/inst/StreamingDataflowPartition_1_StreamingFIFO_rtl_4/inst/impl/D[23]
    SLICE_X32Y102        FDRE                                         r  top_i/StreamingDataflowPartition_1/inst/StreamingDataflowPartition_1_StreamingFIFO_rtl_4/inst/impl/srl_reg[0][23]/D
  -------------------------------------------------------------------    -------------------

                         (clock clk_pl_0 rise edge)
                                                      0.000     0.000 r  
    PS8_X0Y0             PS8                          0.000     0.000 r  top_i/zynq_ps/inst/PS8_i/PLCLK[0]
                         net (fo=1, routed)           0.229     0.229    top_i/zynq_ps/inst/pl_clk_unbuffered[0]
    BUFG_PS_X0Y80        BUFG_PS (Prop_BUFG_PS_I_O)
                                                      0.038     0.267 r  top_i/zynq_ps/inst/buffer_pl_clk_0.PL_CLK_0_BUFG/O
    X1Y1 (CLOCK_ROOT)    net (fo=33585, routed)       2.929     3.196    top_i/StreamingDataflowPartition_1/inst/StreamingDataflowPartition_1_StreamingFIFO_rtl_4/inst/impl/ap_clk
    SLICE_X32Y102        FDRE                                         r  top_i/StreamingDataflowPartition_1/inst/StreamingDataflowPartition_1_StreamingFIFO_rtl_4/inst/impl/srl_reg[0][23]/C
                         clock pessimism             -0.236     2.960    
    SLICE_X32Y102        FDRE (Hold_HFF_SLICEM_C_D)
                                                      0.101     3.061    top_i/StreamingDataflowPartition_1/inst/StreamingDataflowPartition_1_StreamingFIFO_rtl_4/inst/impl/srl_reg[0][23]
  -------------------------------------------------------------------
                         required time                         -3.061    
                         arrival time                           3.071    
  -------------------------------------------------------------------
                         slack                                  0.011    





Pulse Width Checks
--------------------------------------------------------------------------------------
Clock Name:         clk_pl_0
Waveform(ns):       { 0.000 2.500 }
Period(ns):         5.000
Sources:            { top_i/zynq_ps/inst/PS8_i/PLCLK[0] }

Check Type        Corner  Lib Pin             Reference Pin  Required(ns)  Actual(ns)  Slack(ns)  Location       Pin
Min Period        n/a     PS8/MAXIGP0ACLK     n/a            3.000         5.000       2.000      PS8_X0Y0       top_i/zynq_ps/inst/PS8_i/MAXIGP0ACLK
Min Period        n/a     PS8/SAXIGP2RCLK     n/a            3.000         5.000       2.000      PS8_X0Y0       top_i/zynq_ps/inst/PS8_i/SAXIGP2RCLK
Min Period        n/a     PS8/SAXIGP2WCLK     n/a            3.000         5.000       2.000      PS8_X0Y0       top_i/zynq_ps/inst/PS8_i/SAXIGP2WCLK
Min Period        n/a     URAM288/CLK         n/a            2.471         5.000       2.529      URAM288_X0Y8   top_i/StreamingDataflowPartition_1/inst/StreamingDataflowPartition_1_StreamingFIFO_rtl_1/fifo/inst/gen_fifo.xpm_fifo_axis_inst/xpm_fifo_base_inst/gen_sdpram.xpm_memory_base_inst/gen_wr_a.gen_word_narrow.mem_reg_uram_0/CLK
Min Period        n/a     URAM288/CLK         n/a            2.471         5.000       2.529      URAM288_X0Y12  top_i/StreamingDataflowPartition_1/inst/StreamingDataflowPartition_1_StreamingFIFO_rtl_2/fifo/inst/gen_fifo.xpm_fifo_axis_inst/xpm_fifo_base_inst/gen_sdpram.xpm_memory_base_inst/gen_wr_a.gen_word_narrow.mem_reg_uram_0/CLK
Min Period        n/a     URAM288/CLK         n/a            2.471         5.000       2.529      URAM288_X0Y13  top_i/StreamingDataflowPartition_1/inst/StreamingDataflowPartition_1_StreamingFIFO_rtl_2/fifo/inst/gen_fifo.xpm_fifo_axis_inst/xpm_fifo_base_inst/gen_sdpram.xpm_memory_base_inst/gen_wr_a.gen_word_narrow.mem_reg_uram_1/CLK
Min Period        n/a     URAM288/CLK         n/a            2.471         5.000       2.529      URAM288_X0Y14  top_i/StreamingDataflowPartition_1/inst/StreamingDataflowPartition_1_StreamingFIFO_rtl_2/fifo/inst/gen_fifo.xpm_fifo_axis_inst/xpm_fifo_base_inst/gen_sdpram.xpm_memory_base_inst/gen_wr_a.gen_word_narrow.mem_reg_uram_2/CLK
Min Period        n/a     URAM288/CLK         n/a            2.471         5.000       2.529      URAM288_X0Y15  top_i/StreamingDataflowPartition_1/inst/StreamingDataflowPartition_1_StreamingFIFO_rtl_2/fifo/inst/gen_fifo.xpm_fifo_axis_inst/xpm_fifo_base_inst/gen_sdpram.xpm_memory_base_inst/gen_wr_a.gen_word_narrow.mem_reg_uram_3/CLK
Min Period        n/a     RAMB36E2/CLKARDCLK  n/a            1.960         5.000       3.040      RAMB36_X0Y26   top_i/StreamingDataflowPartition_1/inst/StreamingDataflowPartition_1_MVAU_hls_1/StreamingDataflowPartition_1_MVAU_hls_1_wstrm/inst/core/mem/blkStage2.Mem_reg_bram_0/CLKARDCLK
Min Period        n/a     RAMB36E2/CLKARDCLK  n/a            1.960         5.000       3.040      RAMB36_X0Y27   top_i/StreamingDataflowPartition_1/inst/StreamingDataflowPartition_1_MVAU_hls_1/StreamingDataflowPartition_1_MVAU_hls_1_wstrm/inst/core/mem/blkStage2.Mem_reg_bram_1/CLKARDCLK
Low Pulse Width   Slow    PS8/MAXIGP0ACLK     n/a            1.500         2.500       1.000      PS8_X0Y0       top_i/zynq_ps/inst/PS8_i/MAXIGP0ACLK
Low Pulse Width   Fast    PS8/MAXIGP0ACLK     n/a            1.500         2.500       1.000      PS8_X0Y0       top_i/zynq_ps/inst/PS8_i/MAXIGP0ACLK
Low Pulse Width   Slow    PS8/SAXIGP2RCLK     n/a            1.500         2.500       1.000      PS8_X0Y0       top_i/zynq_ps/inst/PS8_i/SAXIGP2RCLK
Low Pulse Width   Fast    PS8/SAXIGP2RCLK     n/a            1.500         2.500       1.000      PS8_X0Y0       top_i/zynq_ps/inst/PS8_i/SAXIGP2RCLK
Low Pulse Width   Slow    PS8/SAXIGP2WCLK     n/a            1.500         2.500       1.000      PS8_X0Y0       top_i/zynq_ps/inst/PS8_i/SAXIGP2WCLK
Low Pulse Width   Fast    PS8/SAXIGP2WCLK     n/a            1.500         2.500       1.000      PS8_X0Y0       top_i/zynq_ps/inst/PS8_i/SAXIGP2WCLK
Low Pulse Width   Slow    URAM288/CLK         n/a            0.800         2.500       1.700      URAM288_X0Y8   top_i/StreamingDataflowPartition_1/inst/StreamingDataflowPartition_1_StreamingFIFO_rtl_1/fifo/inst/gen_fifo.xpm_fifo_axis_inst/xpm_fifo_base_inst/gen_sdpram.xpm_memory_base_inst/gen_wr_a.gen_word_narrow.mem_reg_uram_0/CLK
Low Pulse Width   Fast    URAM288/CLK         n/a            0.800         2.500       1.700      URAM288_X0Y8   top_i/StreamingDataflowPartition_1/inst/StreamingDataflowPartition_1_StreamingFIFO_rtl_1/fifo/inst/gen_fifo.xpm_fifo_axis_inst/xpm_fifo_base_inst/gen_sdpram.xpm_memory_base_inst/gen_wr_a.gen_word_narrow.mem_reg_uram_0/CLK
Low Pulse Width   Slow    URAM288/CLK         n/a            0.800         2.500       1.700      URAM288_X0Y12  top_i/StreamingDataflowPartition_1/inst/StreamingDataflowPartition_1_StreamingFIFO_rtl_2/fifo/inst/gen_fifo.xpm_fifo_axis_inst/xpm_fifo_base_inst/gen_sdpram.xpm_memory_base_inst/gen_wr_a.gen_word_narrow.mem_reg_uram_0/CLK
Low Pulse Width   Fast    URAM288/CLK         n/a            0.800         2.500       1.700      URAM288_X0Y12  top_i/StreamingDataflowPartition_1/inst/StreamingDataflowPartition_1_StreamingFIFO_rtl_2/fifo/inst/gen_fifo.xpm_fifo_axis_inst/xpm_fifo_base_inst/gen_sdpram.xpm_memory_base_inst/gen_wr_a.gen_word_narrow.mem_reg_uram_0/CLK
High Pulse Width  Slow    PS8/MAXIGP0ACLK     n/a            1.500         2.500       1.000      PS8_X0Y0       top_i/zynq_ps/inst/PS8_i/MAXIGP0ACLK
High Pulse Width  Fast    PS8/MAXIGP0ACLK     n/a            1.500         2.500       1.000      PS8_X0Y0       top_i/zynq_ps/inst/PS8_i/MAXIGP0ACLK
High Pulse Width  Slow    PS8/SAXIGP2RCLK     n/a            1.500         2.500       1.000      PS8_X0Y0       top_i/zynq_ps/inst/PS8_i/SAXIGP2RCLK
High Pulse Width  Fast    PS8/SAXIGP2RCLK     n/a            1.500         2.500       1.000      PS8_X0Y0       top_i/zynq_ps/inst/PS8_i/SAXIGP2RCLK
High Pulse Width  Slow    PS8/SAXIGP2WCLK     n/a            1.500         2.500       1.000      PS8_X0Y0       top_i/zynq_ps/inst/PS8_i/SAXIGP2WCLK
High Pulse Width  Fast    PS8/SAXIGP2WCLK     n/a            1.500         2.500       1.000      PS8_X0Y0       top_i/zynq_ps/inst/PS8_i/SAXIGP2WCLK
High Pulse Width  Slow    URAM288/CLK         n/a            0.800         2.500       1.700      URAM288_X0Y8   top_i/StreamingDataflowPartition_1/inst/StreamingDataflowPartition_1_StreamingFIFO_rtl_1/fifo/inst/gen_fifo.xpm_fifo_axis_inst/xpm_fifo_base_inst/gen_sdpram.xpm_memory_base_inst/gen_wr_a.gen_word_narrow.mem_reg_uram_0/CLK
High Pulse Width  Fast    URAM288/CLK         n/a            0.800         2.500       1.700      URAM288_X0Y8   top_i/StreamingDataflowPartition_1/inst/StreamingDataflowPartition_1_StreamingFIFO_rtl_1/fifo/inst/gen_fifo.xpm_fifo_axis_inst/xpm_fifo_base_inst/gen_sdpram.xpm_memory_base_inst/gen_wr_a.gen_word_narrow.mem_reg_uram_0/CLK
High Pulse Width  Slow    URAM288/CLK         n/a            0.800         2.500       1.700      URAM288_X0Y12  top_i/StreamingDataflowPartition_1/inst/StreamingDataflowPartition_1_StreamingFIFO_rtl_2/fifo/inst/gen_fifo.xpm_fifo_axis_inst/xpm_fifo_base_inst/gen_sdpram.xpm_memory_base_inst/gen_wr_a.gen_word_narrow.mem_reg_uram_0/CLK
High Pulse Width  Fast    URAM288/CLK         n/a            0.800         2.500       1.700      URAM288_X0Y12  top_i/StreamingDataflowPartition_1/inst/StreamingDataflowPartition_1_StreamingFIFO_rtl_2/fifo/inst/gen_fifo.xpm_fifo_axis_inst/xpm_fifo_base_inst/gen_sdpram.xpm_memory_base_inst/gen_wr_a.gen_word_narrow.mem_reg_uram_0/CLK



---------------------------------------------------------------------------------------------------
Path Group:  **async_default**
From Clock:  clk_pl_0
  To Clock:  clk_pl_0

Setup :            0  Failing Endpoints,  Worst Slack        3.368ns,  Total Violation        0.000ns
Hold  :            0  Failing Endpoints,  Worst Slack        0.264ns,  Total Violation        0.000ns
---------------------------------------------------------------------------------------------------


Max Delay Paths
--------------------------------------------------------------------------------------
Slack (MET) :             3.368ns  (required time - arrival time)
  Source:                 top_i/axi_interconnect_0/s00_couplers/auto_ds/inst/gen_downsizer.gen_simple_downsizer.axi_downsizer_inst/USE_WRITE.write_addr_inst/USE_B_CHANNEL.cmd_b_queue/inst/fifo_gen_inst/inst_fifo_gen/gconvfifo.rf/grf.rf/rstblk/ngwrdrst.grst.g7serrst.gnsckt_wrst.gcc_rst.sckt_wr_rst_cc_reg[1]/C
                            (rising edge-triggered cell FDRE clocked by clk_pl_0  {rise@0.000ns fall@2.500ns period=5.000ns})
  Destination:            top_i/axi_interconnect_0/s00_couplers/auto_ds/inst/gen_downsizer.gen_simple_downsizer.axi_downsizer_inst/USE_WRITE.write_addr_inst/USE_B_CHANNEL.cmd_b_queue/inst/fifo_gen_inst/inst_fifo_gen/gconvfifo.rf/grf.rf/gntv_or_sync_fifo.gl0.rd/gr1.gr1_int.rfwft/empty_fwft_fb_i_reg/PRE
                            (recovery check against rising-edge clock clk_pl_0  {rise@0.000ns fall@2.500ns period=5.000ns})
  Path Group:             **async_default**
  Path Type:              Recovery (Max at Slow Process Corner)
  Requirement:            5.000ns  (clk_pl_0 rise@5.000ns - clk_pl_0 rise@0.000ns)
  Data Path Delay:        1.377ns  (logic 0.304ns (22.084%)  route 1.073ns (77.916%))
  Logic Levels:           1  (LUT3=1)
  Clock Path Skew:        -0.033ns (DCD - SCD + CPR)
    Destination Clock Delay (DCD):    3.029ns = ( 8.029 - 5.000 ) 
    Source Clock Delay      (SCD):    3.365ns
    Clock Pessimism Removal (CPR):    0.303ns
  Clock Uncertainty:      0.129ns  ((TSJ^2 + DJ^2)^1/2) / 2 + PE
    Total System Jitter     (TSJ):    0.071ns
    Discrete Jitter          (DJ):    0.248ns
    Phase Error              (PE):    0.000ns
  Clock Net Delay (Source):      3.098ns (routing 1.584ns, distribution 1.514ns)
  Clock Net Delay (Destination): 2.813ns (routing 1.450ns, distribution 1.363ns)

    Location             Delay type                Incr(ns)  Path(ns)    Netlist Resource(s)
  -------------------------------------------------------------------    -------------------
                         (clock clk_pl_0 rise edge)
                                                      0.000     0.000 r  
    PS8_X0Y0             PS8                          0.000     0.000 r  top_i/zynq_ps/inst/PS8_i/PLCLK[0]
                         net (fo=1, routed)           0.229     0.229    top_i/zynq_ps/inst/pl_clk_unbuffered[0]
    BUFG_PS_X0Y80        BUFG_PS (Prop_BUFG_PS_I_O)
                                                      0.038     0.267 r  top_i/zynq_ps/inst/buffer_pl_clk_0.PL_CLK_0_BUFG/O
    X1Y1 (CLOCK_ROOT)    net (fo=33585, routed)       3.098     3.365    top_i/axi_interconnect_0/s00_couplers/auto_ds/inst/gen_downsizer.gen_simple_downsizer.axi_downsizer_inst/USE_WRITE.write_addr_inst/USE_B_CHANNEL.cmd_b_queue/inst/fifo_gen_inst/inst_fifo_gen/gconvfifo.rf/grf.rf/rstblk/clk
    SLICE_X7Y92          FDRE                                         r  top_i/axi_interconnect_0/s00_couplers/auto_ds/inst/gen_downsizer.gen_simple_downsizer.axi_downsizer_inst/USE_WRITE.write_addr_inst/USE_B_CHANNEL.cmd_b_queue/inst/fifo_gen_inst/inst_fifo_gen/gconvfifo.rf/grf.rf/rstblk/ngwrdrst.grst.g7serrst.gnsckt_wrst.gcc_rst.sckt_wr_rst_cc_reg[1]/C
  -------------------------------------------------------------------    -------------------
    SLICE_X7Y92          FDRE (Prop_EFF2_SLICEM_C_Q)
                                                      0.118     3.483 f  top_i/axi_interconnect_0/s00_couplers/auto_ds/inst/gen_downsizer.gen_simple_downsizer.axi_downsizer_inst/USE_WRITE.write_addr_inst/USE_B_CHANNEL.cmd_b_queue/inst/fifo_gen_inst/inst_fifo_gen/gconvfifo.rf/grf.rf/rstblk/ngwrdrst.grst.g7serrst.gnsckt_wrst.gcc_rst.sckt_wr_rst_cc_reg[1]/Q
                         net (fo=2, routed)           0.228     3.711    top_i/axi_interconnect_0/s00_couplers/auto_ds/inst/gen_downsizer.gen_simple_downsizer.axi_downsizer_inst/USE_WRITE.write_addr_inst/USE_B_CHANNEL.cmd_b_queue/inst/fifo_gen_inst/inst_fifo_gen/gconvfifo.rf/grf.rf/rstblk/ngwrdrst.grst.g7serrst.gnsckt_wrst.gcc_rst.sckt_wr_rst_cc[1]
    SLICE_X7Y92          LUT3 (Prop_F6LUT_SLICEM_I0_O)
                                                      0.186     3.897 f  top_i/axi_interconnect_0/s00_couplers/auto_ds/inst/gen_downsizer.gen_simple_downsizer.axi_downsizer_inst/USE_WRITE.write_addr_inst/USE_B_CHANNEL.cmd_b_queue/inst/fifo_gen_inst/inst_fifo_gen/gconvfifo.rf/grf.rf/rstblk/gpregsm1.curr_fwft_state[1]_i_2/O
                         net (fo=32, routed)          0.845     4.741    top_i/axi_interconnect_0/s00_couplers/auto_ds/inst/gen_downsizer.gen_simple_downsizer.axi_downsizer_inst/USE_WRITE.write_addr_inst/USE_B_CHANNEL.cmd_b_queue/inst/fifo_gen_inst/inst_fifo_gen/gconvfifo.rf/grf.rf/gntv_or_sync_fifo.gl0.rd/gr1.gr1_int.rfwft/gpregsm1.user_valid_reg_0
    SLICE_X7Y97          FDPE                                         f  top_i/axi_interconnect_0/s00_couplers/auto_ds/inst/gen_downsizer.gen_simple_downsizer.axi_downsizer_inst/USE_WRITE.write_addr_inst/USE_B_CHANNEL.cmd_b_queue/inst/fifo_gen_inst/inst_fifo_gen/gconvfifo.rf/grf.rf/gntv_or_sync_fifo.gl0.rd/gr1.gr1_int.rfwft/empty_fwft_fb_i_reg/PRE
  -------------------------------------------------------------------    -------------------

                         (clock clk_pl_0 rise edge)
                                                      5.000     5.000 r  
    PS8_X0Y0             PS8                          0.000     5.000 r  top_i/zynq_ps/inst/PS8_i/PLCLK[0]
                         net (fo=1, routed)           0.181     5.181    top_i/zynq_ps/inst/pl_clk_unbuffered[0]
    BUFG_PS_X0Y80        BUFG_PS (Prop_BUFG_PS_I_O)
                                                      0.035     5.216 r  top_i/zynq_ps/inst/buffer_pl_clk_0.PL_CLK_0_BUFG/O
    X1Y1 (CLOCK_ROOT)    net (fo=33585, routed)       2.813     8.029    top_i/axi_interconnect_0/s00_couplers/auto_ds/inst/gen_downsizer.gen_simple_downsizer.axi_downsizer_inst/USE_WRITE.write_addr_inst/USE_B_CHANNEL.cmd_b_queue/inst/fifo_gen_inst/inst_fifo_gen/gconvfifo.rf/grf.rf/gntv_or_sync_fifo.gl0.rd/gr1.gr1_int.rfwft/clk
    SLICE_X7Y97          FDPE                                         r  top_i/axi_interconnect_0/s00_couplers/auto_ds/inst/gen_downsizer.gen_simple_downsizer.axi_downsizer_inst/USE_WRITE.write_addr_inst/USE_B_CHANNEL.cmd_b_queue/inst/fifo_gen_inst/inst_fifo_gen/gconvfifo.rf/grf.rf/gntv_or_sync_fifo.gl0.rd/gr1.gr1_int.rfwft/empty_fwft_fb_i_reg/C
                         clock pessimism              0.303     8.332    
                         clock uncertainty           -0.129     8.203    
    SLICE_X7Y97          FDPE (Recov_EFF_SLICEM_C_PRE)
                                                     -0.093     8.110    top_i/axi_interconnect_0/s00_couplers/auto_ds/inst/gen_downsizer.gen_simple_downsizer.axi_downsizer_inst/USE_WRITE.write_addr_inst/USE_B_CHANNEL.cmd_b_queue/inst/fifo_gen_inst/inst_fifo_gen/gconvfifo.rf/grf.rf/gntv_or_sync_fifo.gl0.rd/gr1.gr1_int.rfwft/empty_fwft_fb_i_reg
  -------------------------------------------------------------------
                         required time                          8.110    
                         arrival time                          -4.741    
  -------------------------------------------------------------------
                         slack                                  3.368    

Slack (MET) :             3.368ns  (required time - arrival time)
  Source:                 top_i/axi_interconnect_0/s00_couplers/auto_ds/inst/gen_downsizer.gen_simple_downsizer.axi_downsizer_inst/USE_WRITE.write_addr_inst/USE_B_CHANNEL.cmd_b_queue/inst/fifo_gen_inst/inst_fifo_gen/gconvfifo.rf/grf.rf/rstblk/ngwrdrst.grst.g7serrst.gnsckt_wrst.gcc_rst.sckt_wr_rst_cc_reg[1]/C
                            (rising edge-triggered cell FDRE clocked by clk_pl_0  {rise@0.000ns fall@2.500ns period=5.000ns})
  Destination:            top_i/axi_interconnect_0/s00_couplers/auto_ds/inst/gen_downsizer.gen_simple_downsizer.axi_downsizer_inst/USE_WRITE.write_addr_inst/USE_B_CHANNEL.cmd_b_queue/inst/fifo_gen_inst/inst_fifo_gen/gconvfifo.rf/grf.rf/gntv_or_sync_fifo.gl0.rd/gr1.gr1_int.rfwft/empty_fwft_i_reg/PRE
                            (recovery check against rising-edge clock clk_pl_0  {rise@0.000ns fall@2.500ns period=5.000ns})
  Path Group:             **async_default**
  Path Type:              Recovery (Max at Slow Process Corner)
  Requirement:            5.000ns  (clk_pl_0 rise@5.000ns - clk_pl_0 rise@0.000ns)
  Data Path Delay:        1.377ns  (logic 0.304ns (22.084%)  route 1.073ns (77.916%))
  Logic Levels:           1  (LUT3=1)
  Clock Path Skew:        -0.033ns (DCD - SCD + CPR)
    Destination Clock Delay (DCD):    3.029ns = ( 8.029 - 5.000 ) 
    Source Clock Delay      (SCD):    3.365ns
    Clock Pessimism Removal (CPR):    0.303ns
  Clock Uncertainty:      0.129ns  ((TSJ^2 + DJ^2)^1/2) / 2 + PE
    Total System Jitter     (TSJ):    0.071ns
    Discrete Jitter          (DJ):    0.248ns
    Phase Error              (PE):    0.000ns
  Clock Net Delay (Source):      3.098ns (routing 1.584ns, distribution 1.514ns)
  Clock Net Delay (Destination): 2.813ns (routing 1.450ns, distribution 1.363ns)

    Location             Delay type                Incr(ns)  Path(ns)    Netlist Resource(s)
  -------------------------------------------------------------------    -------------------
                         (clock clk_pl_0 rise edge)
                                                      0.000     0.000 r  
    PS8_X0Y0             PS8                          0.000     0.000 r  top_i/zynq_ps/inst/PS8_i/PLCLK[0]
                         net (fo=1, routed)           0.229     0.229    top_i/zynq_ps/inst/pl_clk_unbuffered[0]
    BUFG_PS_X0Y80        BUFG_PS (Prop_BUFG_PS_I_O)
                                                      0.038     0.267 r  top_i/zynq_ps/inst/buffer_pl_clk_0.PL_CLK_0_BUFG/O
    X1Y1 (CLOCK_ROOT)    net (fo=33585, routed)       3.098     3.365    top_i/axi_interconnect_0/s00_couplers/auto_ds/inst/gen_downsizer.gen_simple_downsizer.axi_downsizer_inst/USE_WRITE.write_addr_inst/USE_B_CHANNEL.cmd_b_queue/inst/fifo_gen_inst/inst_fifo_gen/gconvfifo.rf/grf.rf/rstblk/clk
    SLICE_X7Y92          FDRE                                         r  top_i/axi_interconnect_0/s00_couplers/auto_ds/inst/gen_downsizer.gen_simple_downsizer.axi_downsizer_inst/USE_WRITE.write_addr_inst/USE_B_CHANNEL.cmd_b_queue/inst/fifo_gen_inst/inst_fifo_gen/gconvfifo.rf/grf.rf/rstblk/ngwrdrst.grst.g7serrst.gnsckt_wrst.gcc_rst.sckt_wr_rst_cc_reg[1]/C
  -------------------------------------------------------------------    -------------------
    SLICE_X7Y92          FDRE (Prop_EFF2_SLICEM_C_Q)
                                                      0.118     3.483 f  top_i/axi_interconnect_0/s00_couplers/auto_ds/inst/gen_downsizer.gen_simple_downsizer.axi_downsizer_inst/USE_WRITE.write_addr_inst/USE_B_CHANNEL.cmd_b_queue/inst/fifo_gen_inst/inst_fifo_gen/gconvfifo.rf/grf.rf/rstblk/ngwrdrst.grst.g7serrst.gnsckt_wrst.gcc_rst.sckt_wr_rst_cc_reg[1]/Q
                         net (fo=2, routed)           0.228     3.711    top_i/axi_interconnect_0/s00_couplers/auto_ds/inst/gen_downsizer.gen_simple_downsizer.axi_downsizer_inst/USE_WRITE.write_addr_inst/USE_B_CHANNEL.cmd_b_queue/inst/fifo_gen_inst/inst_fifo_gen/gconvfifo.rf/grf.rf/rstblk/ngwrdrst.grst.g7serrst.gnsckt_wrst.gcc_rst.sckt_wr_rst_cc[1]
    SLICE_X7Y92          LUT3 (Prop_F6LUT_SLICEM_I0_O)
                                                      0.186     3.897 f  top_i/axi_interconnect_0/s00_couplers/auto_ds/inst/gen_downsizer.gen_simple_downsizer.axi_downsizer_inst/USE_WRITE.write_addr_inst/USE_B_CHANNEL.cmd_b_queue/inst/fifo_gen_inst/inst_fifo_gen/gconvfifo.rf/grf.rf/rstblk/gpregsm1.curr_fwft_state[1]_i_2/O
                         net (fo=32, routed)          0.845     4.741    top_i/axi_interconnect_0/s00_couplers/auto_ds/inst/gen_downsizer.gen_simple_downsizer.axi_downsizer_inst/USE_WRITE.write_addr_inst/USE_B_CHANNEL.cmd_b_queue/inst/fifo_gen_inst/inst_fifo_gen/gconvfifo.rf/grf.rf/gntv_or_sync_fifo.gl0.rd/gr1.gr1_int.rfwft/gpregsm1.user_valid_reg_0
    SLICE_X7Y97          FDPE                                         f  top_i/axi_interconnect_0/s00_couplers/auto_ds/inst/gen_downsizer.gen_simple_downsizer.axi_downsizer_inst/USE_WRITE.write_addr_inst/USE_B_CHANNEL.cmd_b_queue/inst/fifo_gen_inst/inst_fifo_gen/gconvfifo.rf/grf.rf/gntv_or_sync_fifo.gl0.rd/gr1.gr1_int.rfwft/empty_fwft_i_reg/PRE
  -------------------------------------------------------------------    -------------------

                         (clock clk_pl_0 rise edge)
                                                      5.000     5.000 r  
    PS8_X0Y0             PS8                          0.000     5.000 r  top_i/zynq_ps/inst/PS8_i/PLCLK[0]
                         net (fo=1, routed)           0.181     5.181    top_i/zynq_ps/inst/pl_clk_unbuffered[0]
    BUFG_PS_X0Y80        BUFG_PS (Prop_BUFG_PS_I_O)
                                                      0.035     5.216 r  top_i/zynq_ps/inst/buffer_pl_clk_0.PL_CLK_0_BUFG/O
    X1Y1 (CLOCK_ROOT)    net (fo=33585, routed)       2.813     8.029    top_i/axi_interconnect_0/s00_couplers/auto_ds/inst/gen_downsizer.gen_simple_downsizer.axi_downsizer_inst/USE_WRITE.write_addr_inst/USE_B_CHANNEL.cmd_b_queue/inst/fifo_gen_inst/inst_fifo_gen/gconvfifo.rf/grf.rf/gntv_or_sync_fifo.gl0.rd/gr1.gr1_int.rfwft/clk
    SLICE_X7Y97          FDPE                                         r  top_i/axi_interconnect_0/s00_couplers/auto_ds/inst/gen_downsizer.gen_simple_downsizer.axi_downsizer_inst/USE_WRITE.write_addr_inst/USE_B_CHANNEL.cmd_b_queue/inst/fifo_gen_inst/inst_fifo_gen/gconvfifo.rf/grf.rf/gntv_or_sync_fifo.gl0.rd/gr1.gr1_int.rfwft/empty_fwft_i_reg/C
                         clock pessimism              0.303     8.332    
                         clock uncertainty           -0.129     8.203    
    SLICE_X7Y97          FDPE (Recov_EFF2_SLICEM_C_PRE)
                                                     -0.093     8.110    top_i/axi_interconnect_0/s00_couplers/auto_ds/inst/gen_downsizer.gen_simple_downsizer.axi_downsizer_inst/USE_WRITE.write_addr_inst/USE_B_CHANNEL.cmd_b_queue/inst/fifo_gen_inst/inst_fifo_gen/gconvfifo.rf/grf.rf/gntv_or_sync_fifo.gl0.rd/gr1.gr1_int.rfwft/empty_fwft_i_reg
  -------------------------------------------------------------------
                         required time                          8.110    
                         arrival time                          -4.741    
  -------------------------------------------------------------------
                         slack                                  3.368    

Slack (MET) :             3.408ns  (required time - arrival time)
  Source:                 top_i/axi_interconnect_0/s00_couplers/auto_ds/inst/gen_downsizer.gen_simple_downsizer.axi_downsizer_inst/USE_WRITE.write_addr_inst/USE_B_CHANNEL.cmd_b_queue/inst/fifo_gen_inst/inst_fifo_gen/gconvfifo.rf/grf.rf/rstblk/ngwrdrst.grst.g7serrst.gnsckt_wrst.gcc_rst.sckt_wr_rst_cc_reg[1]/C
                            (rising edge-triggered cell FDRE clocked by clk_pl_0  {rise@0.000ns fall@2.500ns period=5.000ns})
  Destination:            top_i/axi_interconnect_0/s00_couplers/auto_ds/inst/gen_downsizer.gen_simple_downsizer.axi_downsizer_inst/USE_WRITE.write_addr_inst/USE_B_CHANNEL.cmd_b_queue/inst/fifo_gen_inst/inst_fifo_gen/gconvfifo.rf/grf.rf/gntv_or_sync_fifo.gl0.rd/gr1.gr1_int.rfwft/empty_fwft_fb_o_i_reg/PRE
                            (recovery check against rising-edge clock clk_pl_0  {rise@0.000ns fall@2.500ns period=5.000ns})
  Path Group:             **async_default**
  Path Type:              Recovery (Max at Slow Process Corner)
  Requirement:            5.000ns  (clk_pl_0 rise@5.000ns - clk_pl_0 rise@0.000ns)
  Data Path Delay:        1.266ns  (logic 0.304ns (24.012%)  route 0.962ns (75.988%))
  Logic Levels:           1  (LUT3=1)
  Clock Path Skew:        -0.104ns (DCD - SCD + CPR)
    Destination Clock Delay (DCD):    3.021ns = ( 8.021 - 5.000 ) 
    Source Clock Delay      (SCD):    3.365ns
    Clock Pessimism Removal (CPR):    0.240ns
  Clock Uncertainty:      0.129ns  ((TSJ^2 + DJ^2)^1/2) / 2 + PE
    Total System Jitter     (TSJ):    0.071ns
    Discrete Jitter          (DJ):    0.248ns
    Phase Error              (PE):    0.000ns
  Clock Net Delay (Source):      3.098ns (routing 1.584ns, distribution 1.514ns)
  Clock Net Delay (Destination): 2.805ns (routing 1.450ns, distribution 1.355ns)

    Location             Delay type                Incr(ns)  Path(ns)    Netlist Resource(s)
  -------------------------------------------------------------------    -------------------
                         (clock clk_pl_0 rise edge)
                                                      0.000     0.000 r  
    PS8_X0Y0             PS8                          0.000     0.000 r  top_i/zynq_ps/inst/PS8_i/PLCLK[0]
                         net (fo=1, routed)           0.229     0.229    top_i/zynq_ps/inst/pl_clk_unbuffered[0]
    BUFG_PS_X0Y80        BUFG_PS (Prop_BUFG_PS_I_O)
                                                      0.038     0.267 r  top_i/zynq_ps/inst/buffer_pl_clk_0.PL_CLK_0_BUFG/O
    X1Y1 (CLOCK_ROOT)    net (fo=33585, routed)       3.098     3.365    top_i/axi_interconnect_0/s00_couplers/auto_ds/inst/gen_downsizer.gen_simple_downsizer.axi_downsizer_inst/USE_WRITE.write_addr_inst/USE_B_CHANNEL.cmd_b_queue/inst/fifo_gen_inst/inst_fifo_gen/gconvfifo.rf/grf.rf/rstblk/clk
    SLICE_X7Y92          FDRE                                         r  top_i/axi_interconnect_0/s00_couplers/auto_ds/inst/gen_downsizer.gen_simple_downsizer.axi_downsizer_inst/USE_WRITE.write_addr_inst/USE_B_CHANNEL.cmd_b_queue/inst/fifo_gen_inst/inst_fifo_gen/gconvfifo.rf/grf.rf/rstblk/ngwrdrst.grst.g7serrst.gnsckt_wrst.gcc_rst.sckt_wr_rst_cc_reg[1]/C
  -------------------------------------------------------------------    -------------------
    SLICE_X7Y92          FDRE (Prop_EFF2_SLICEM_C_Q)
                                                      0.118     3.483 f  top_i/axi_interconnect_0/s00_couplers/auto_ds/inst/gen_downsizer.gen_simple_downsizer.axi_downsizer_inst/USE_WRITE.write_addr_inst/USE_B_CHANNEL.cmd_b_queue/inst/fifo_gen_inst/inst_fifo_gen/gconvfifo.rf/grf.rf/rstblk/ngwrdrst.grst.g7serrst.gnsckt_wrst.gcc_rst.sckt_wr_rst_cc_reg[1]/Q
                         net (fo=2, routed)           0.228     3.711    top_i/axi_interconnect_0/s00_couplers/auto_ds/inst/gen_downsizer.gen_simple_downsizer.axi_downsizer_inst/USE_WRITE.write_addr_inst/USE_B_CHANNEL.cmd_b_queue/inst/fifo_gen_inst/inst_fifo_gen/gconvfifo.rf/grf.rf/rstblk/ngwrdrst.grst.g7serrst.gnsckt_wrst.gcc_rst.sckt_wr_rst_cc[1]
    SLICE_X7Y92          LUT3 (Prop_F6LUT_SLICEM_I0_O)
                                                      0.186     3.897 f  top_i/axi_interconnect_0/s00_couplers/auto_ds/inst/gen_downsizer.gen_simple_downsizer.axi_downsizer_inst/USE_WRITE.write_addr_inst/USE_B_CHANNEL.cmd_b_queue/inst/fifo_gen_inst/inst_fifo_gen/gconvfifo.rf/grf.rf/rstblk/gpregsm1.curr_fwft_state[1]_i_2/O
                         net (fo=32, routed)          0.734     4.631    top_i/axi_interconnect_0/s00_couplers/auto_ds/inst/gen_downsizer.gen_simple_downsizer.axi_downsizer_inst/USE_WRITE.write_addr_inst/USE_B_CHANNEL.cmd_b_queue/inst/fifo_gen_inst/inst_fifo_gen/gconvfifo.rf/grf.rf/gntv_or_sync_fifo.gl0.rd/gr1.gr1_int.rfwft/gpregsm1.user_valid_reg_0
    SLICE_X9Y95          FDPE                                         f  top_i/axi_interconnect_0/s00_couplers/auto_ds/inst/gen_downsizer.gen_simple_downsizer.axi_downsizer_inst/USE_WRITE.write_addr_inst/USE_B_CHANNEL.cmd_b_queue/inst/fifo_gen_inst/inst_fifo_gen/gconvfifo.rf/grf.rf/gntv_or_sync_fifo.gl0.rd/gr1.gr1_int.rfwft/empty_fwft_fb_o_i_reg/PRE
  -------------------------------------------------------------------    -------------------

                         (clock clk_pl_0 rise edge)
                                                      5.000     5.000 r  
    PS8_X0Y0             PS8                          0.000     5.000 r  top_i/zynq_ps/inst/PS8_i/PLCLK[0]
                         net (fo=1, routed)           0.181     5.181    top_i/zynq_ps/inst/pl_clk_unbuffered[0]
    BUFG_PS_X0Y80        BUFG_PS (Prop_BUFG_PS_I_O)
                                                      0.035     5.216 r  top_i/zynq_ps/inst/buffer_pl_clk_0.PL_CLK_0_BUFG/O
    X1Y1 (CLOCK_ROOT)    net (fo=33585, routed)       2.805     8.021    top_i/axi_interconnect_0/s00_couplers/auto_ds/inst/gen_downsizer.gen_simple_downsizer.axi_downsizer_inst/USE_WRITE.write_addr_inst/USE_B_CHANNEL.cmd_b_queue/inst/fifo_gen_inst/inst_fifo_gen/gconvfifo.rf/grf.rf/gntv_or_sync_fifo.gl0.rd/gr1.gr1_int.rfwft/clk
    SLICE_X9Y95          FDPE                                         r  top_i/axi_interconnect_0/s00_couplers/auto_ds/inst/gen_downsizer.gen_simple_downsizer.axi_downsizer_inst/USE_WRITE.write_addr_inst/USE_B_CHANNEL.cmd_b_queue/inst/fifo_gen_inst/inst_fifo_gen/gconvfifo.rf/grf.rf/gntv_or_sync_fifo.gl0.rd/gr1.gr1_int.rfwft/empty_fwft_fb_o_i_reg/C
                         clock pessimism              0.240     8.261    
                         clock uncertainty           -0.129     8.132    
    SLICE_X9Y95          FDPE (Recov_DFF2_SLICEL_C_PRE)
                                                     -0.093     8.039    top_i/axi_interconnect_0/s00_couplers/auto_ds/inst/gen_downsizer.gen_simple_downsizer.axi_downsizer_inst/USE_WRITE.write_addr_inst/USE_B_CHANNEL.cmd_b_queue/inst/fifo_gen_inst/inst_fifo_gen/gconvfifo.rf/grf.rf/gntv_or_sync_fifo.gl0.rd/gr1.gr1_int.rfwft/empty_fwft_fb_o_i_reg
  -------------------------------------------------------------------
                         required time                          8.039    
                         arrival time                          -4.631    
  -------------------------------------------------------------------
                         slack                                  3.408    

Slack (MET) :             3.408ns  (required time - arrival time)
  Source:                 top_i/axi_interconnect_0/s00_couplers/auto_ds/inst/gen_downsizer.gen_simple_downsizer.axi_downsizer_inst/USE_WRITE.write_addr_inst/USE_B_CHANNEL.cmd_b_queue/inst/fifo_gen_inst/inst_fifo_gen/gconvfifo.rf/grf.rf/rstblk/ngwrdrst.grst.g7serrst.gnsckt_wrst.gcc_rst.sckt_wr_rst_cc_reg[1]/C
                            (rising edge-triggered cell FDRE clocked by clk_pl_0  {rise@0.000ns fall@2.500ns period=5.000ns})
  Destination:            top_i/axi_interconnect_0/s00_couplers/auto_ds/inst/gen_downsizer.gen_simple_downsizer.axi_downsizer_inst/USE_WRITE.write_addr_inst/USE_B_CHANNEL.cmd_b_queue/inst/fifo_gen_inst/inst_fifo_gen/gconvfifo.rf/grf.rf/gntv_or_sync_fifo.gl0.rd/gr1.gr1_int.rfwft/gpregsm1.curr_fwft_state_reg[0]/CLR
                            (recovery check against rising-edge clock clk_pl_0  {rise@0.000ns fall@2.500ns period=5.000ns})
  Path Group:             **async_default**
  Path Type:              Recovery (Max at Slow Process Corner)
  Requirement:            5.000ns  (clk_pl_0 rise@5.000ns - clk_pl_0 rise@0.000ns)
  Data Path Delay:        1.266ns  (logic 0.304ns (24.012%)  route 0.962ns (75.988%))
  Logic Levels:           1  (LUT3=1)
  Clock Path Skew:        -0.104ns (DCD - SCD + CPR)
    Destination Clock Delay (DCD):    3.021ns = ( 8.021 - 5.000 ) 
    Source Clock Delay      (SCD):    3.365ns
    Clock Pessimism Removal (CPR):    0.240ns
  Clock Uncertainty:      0.129ns  ((TSJ^2 + DJ^2)^1/2) / 2 + PE
    Total System Jitter     (TSJ):    0.071ns
    Discrete Jitter          (DJ):    0.248ns
    Phase Error              (PE):    0.000ns
  Clock Net Delay (Source):      3.098ns (routing 1.584ns, distribution 1.514ns)
  Clock Net Delay (Destination): 2.805ns (routing 1.450ns, distribution 1.355ns)

    Location             Delay type                Incr(ns)  Path(ns)    Netlist Resource(s)
  -------------------------------------------------------------------    -------------------
                         (clock clk_pl_0 rise edge)
                                                      0.000     0.000 r  
    PS8_X0Y0             PS8                          0.000     0.000 r  top_i/zynq_ps/inst/PS8_i/PLCLK[0]
                         net (fo=1, routed)           0.229     0.229    top_i/zynq_ps/inst/pl_clk_unbuffered[0]
    BUFG_PS_X0Y80        BUFG_PS (Prop_BUFG_PS_I_O)
                                                      0.038     0.267 r  top_i/zynq_ps/inst/buffer_pl_clk_0.PL_CLK_0_BUFG/O
    X1Y1 (CLOCK_ROOT)    net (fo=33585, routed)       3.098     3.365    top_i/axi_interconnect_0/s00_couplers/auto_ds/inst/gen_downsizer.gen_simple_downsizer.axi_downsizer_inst/USE_WRITE.write_addr_inst/USE_B_CHANNEL.cmd_b_queue/inst/fifo_gen_inst/inst_fifo_gen/gconvfifo.rf/grf.rf/rstblk/clk
    SLICE_X7Y92          FDRE                                         r  top_i/axi_interconnect_0/s00_couplers/auto_ds/inst/gen_downsizer.gen_simple_downsizer.axi_downsizer_inst/USE_WRITE.write_addr_inst/USE_B_CHANNEL.cmd_b_queue/inst/fifo_gen_inst/inst_fifo_gen/gconvfifo.rf/grf.rf/rstblk/ngwrdrst.grst.g7serrst.gnsckt_wrst.gcc_rst.sckt_wr_rst_cc_reg[1]/C
  -------------------------------------------------------------------    -------------------
    SLICE_X7Y92          FDRE (Prop_EFF2_SLICEM_C_Q)
                                                      0.118     3.483 f  top_i/axi_interconnect_0/s00_couplers/auto_ds/inst/gen_downsizer.gen_simple_downsizer.axi_downsizer_inst/USE_WRITE.write_addr_inst/USE_B_CHANNEL.cmd_b_queue/inst/fifo_gen_inst/inst_fifo_gen/gconvfifo.rf/grf.rf/rstblk/ngwrdrst.grst.g7serrst.gnsckt_wrst.gcc_rst.sckt_wr_rst_cc_reg[1]/Q
                         net (fo=2, routed)           0.228     3.711    top_i/axi_interconnect_0/s00_couplers/auto_ds/inst/gen_downsizer.gen_simple_downsizer.axi_downsizer_inst/USE_WRITE.write_addr_inst/USE_B_CHANNEL.cmd_b_queue/inst/fifo_gen_inst/inst_fifo_gen/gconvfifo.rf/grf.rf/rstblk/ngwrdrst.grst.g7serrst.gnsckt_wrst.gcc_rst.sckt_wr_rst_cc[1]
    SLICE_X7Y92          LUT3 (Prop_F6LUT_SLICEM_I0_O)
                                                      0.186     3.897 f  top_i/axi_interconnect_0/s00_couplers/auto_ds/inst/gen_downsizer.gen_simple_downsizer.axi_downsizer_inst/USE_WRITE.write_addr_inst/USE_B_CHANNEL.cmd_b_queue/inst/fifo_gen_inst/inst_fifo_gen/gconvfifo.rf/grf.rf/rstblk/gpregsm1.curr_fwft_state[1]_i_2/O
                         net (fo=32, routed)          0.734     4.631    top_i/axi_interconnect_0/s00_couplers/auto_ds/inst/gen_downsizer.gen_simple_downsizer.axi_downsizer_inst/USE_WRITE.write_addr_inst/USE_B_CHANNEL.cmd_b_queue/inst/fifo_gen_inst/inst_fifo_gen/gconvfifo.rf/grf.rf/gntv_or_sync_fifo.gl0.rd/gr1.gr1_int.rfwft/gpregsm1.user_valid_reg_0
    SLICE_X9Y95          FDCE                                         f  top_i/axi_interconnect_0/s00_couplers/auto_ds/inst/gen_downsizer.gen_simple_downsizer.axi_downsizer_inst/USE_WRITE.write_addr_inst/USE_B_CHANNEL.cmd_b_queue/inst/fifo_gen_inst/inst_fifo_gen/gconvfifo.rf/grf.rf/gntv_or_sync_fifo.gl0.rd/gr1.gr1_int.rfwft/gpregsm1.curr_fwft_state_reg[0]/CLR
  -------------------------------------------------------------------    -------------------

                         (clock clk_pl_0 rise edge)
                                                      5.000     5.000 r  
    PS8_X0Y0             PS8                          0.000     5.000 r  top_i/zynq_ps/inst/PS8_i/PLCLK[0]
                         net (fo=1, routed)           0.181     5.181    top_i/zynq_ps/inst/pl_clk_unbuffered[0]
    BUFG_PS_X0Y80        BUFG_PS (Prop_BUFG_PS_I_O)
                                                      0.035     5.216 r  top_i/zynq_ps/inst/buffer_pl_clk_0.PL_CLK_0_BUFG/O
    X1Y1 (CLOCK_ROOT)    net (fo=33585, routed)       2.805     8.021    top_i/axi_interconnect_0/s00_couplers/auto_ds/inst/gen_downsizer.gen_simple_downsizer.axi_downsizer_inst/USE_WRITE.write_addr_inst/USE_B_CHANNEL.cmd_b_queue/inst/fifo_gen_inst/inst_fifo_gen/gconvfifo.rf/grf.rf/gntv_or_sync_fifo.gl0.rd/gr1.gr1_int.rfwft/clk
    SLICE_X9Y95          FDCE                                         r  top_i/axi_interconnect_0/s00_couplers/auto_ds/inst/gen_downsizer.gen_simple_downsizer.axi_downsizer_inst/USE_WRITE.write_addr_inst/USE_B_CHANNEL.cmd_b_queue/inst/fifo_gen_inst/inst_fifo_gen/gconvfifo.rf/grf.rf/gntv_or_sync_fifo.gl0.rd/gr1.gr1_int.rfwft/gpregsm1.curr_fwft_state_reg[0]/C
                         clock pessimism              0.240     8.261    
                         clock uncertainty           -0.129     8.132    
    SLICE_X9Y95          FDCE (Recov_CFF_SLICEL_C_CLR)
                                                     -0.093     8.039    top_i/axi_interconnect_0/s00_couplers/auto_ds/inst/gen_downsizer.gen_simple_downsizer.axi_downsizer_inst/USE_WRITE.write_addr_inst/USE_B_CHANNEL.cmd_b_queue/inst/fifo_gen_inst/inst_fifo_gen/gconvfifo.rf/grf.rf/gntv_or_sync_fifo.gl0.rd/gr1.gr1_int.rfwft/gpregsm1.curr_fwft_state_reg[0]
  -------------------------------------------------------------------
                         required time                          8.039    
                         arrival time                          -4.631    
  -------------------------------------------------------------------
                         slack                                  3.408    

Slack (MET) :             3.408ns  (required time - arrival time)
  Source:                 top_i/axi_interconnect_0/s00_couplers/auto_ds/inst/gen_downsizer.gen_simple_downsizer.axi_downsizer_inst/USE_WRITE.write_addr_inst/USE_B_CHANNEL.cmd_b_queue/inst/fifo_gen_inst/inst_fifo_gen/gconvfifo.rf/grf.rf/rstblk/ngwrdrst.grst.g7serrst.gnsckt_wrst.gcc_rst.sckt_wr_rst_cc_reg[1]/C
                            (rising edge-triggered cell FDRE clocked by clk_pl_0  {rise@0.000ns fall@2.500ns period=5.000ns})
  Destination:            top_i/axi_interconnect_0/s00_couplers/auto_ds/inst/gen_downsizer.gen_simple_downsizer.axi_downsizer_inst/USE_WRITE.write_addr_inst/USE_B_CHANNEL.cmd_b_queue/inst/fifo_gen_inst/inst_fifo_gen/gconvfifo.rf/grf.rf/gntv_or_sync_fifo.gl0.rd/gr1.gr1_int.rfwft/gpregsm1.curr_fwft_state_reg[1]/CLR
                            (recovery check against rising-edge clock clk_pl_0  {rise@0.000ns fall@2.500ns period=5.000ns})
  Path Group:             **async_default**
  Path Type:              Recovery (Max at Slow Process Corner)
  Requirement:            5.000ns  (clk_pl_0 rise@5.000ns - clk_pl_0 rise@0.000ns)
  Data Path Delay:        1.266ns  (logic 0.304ns (24.012%)  route 0.962ns (75.988%))
  Logic Levels:           1  (LUT3=1)
  Clock Path Skew:        -0.104ns (DCD - SCD + CPR)
    Destination Clock Delay (DCD):    3.021ns = ( 8.021 - 5.000 ) 
    Source Clock Delay      (SCD):    3.365ns
    Clock Pessimism Removal (CPR):    0.240ns
  Clock Uncertainty:      0.129ns  ((TSJ^2 + DJ^2)^1/2) / 2 + PE
    Total System Jitter     (TSJ):    0.071ns
    Discrete Jitter          (DJ):    0.248ns
    Phase Error              (PE):    0.000ns
  Clock Net Delay (Source):      3.098ns (routing 1.584ns, distribution 1.514ns)
  Clock Net Delay (Destination): 2.805ns (routing 1.450ns, distribution 1.355ns)

    Location             Delay type                Incr(ns)  Path(ns)    Netlist Resource(s)
  -------------------------------------------------------------------    -------------------
                         (clock clk_pl_0 rise edge)
                                                      0.000     0.000 r  
    PS8_X0Y0             PS8                          0.000     0.000 r  top_i/zynq_ps/inst/PS8_i/PLCLK[0]
                         net (fo=1, routed)           0.229     0.229    top_i/zynq_ps/inst/pl_clk_unbuffered[0]
    BUFG_PS_X0Y80        BUFG_PS (Prop_BUFG_PS_I_O)
                                                      0.038     0.267 r  top_i/zynq_ps/inst/buffer_pl_clk_0.PL_CLK_0_BUFG/O
    X1Y1 (CLOCK_ROOT)    net (fo=33585, routed)       3.098     3.365    top_i/axi_interconnect_0/s00_couplers/auto_ds/inst/gen_downsizer.gen_simple_downsizer.axi_downsizer_inst/USE_WRITE.write_addr_inst/USE_B_CHANNEL.cmd_b_queue/inst/fifo_gen_inst/inst_fifo_gen/gconvfifo.rf/grf.rf/rstblk/clk
    SLICE_X7Y92          FDRE                                         r  top_i/axi_interconnect_0/s00_couplers/auto_ds/inst/gen_downsizer.gen_simple_downsizer.axi_downsizer_inst/USE_WRITE.write_addr_inst/USE_B_CHANNEL.cmd_b_queue/inst/fifo_gen_inst/inst_fifo_gen/gconvfifo.rf/grf.rf/rstblk/ngwrdrst.grst.g7serrst.gnsckt_wrst.gcc_rst.sckt_wr_rst_cc_reg[1]/C
  -------------------------------------------------------------------    -------------------
    SLICE_X7Y92          FDRE (Prop_EFF2_SLICEM_C_Q)
                                                      0.118     3.483 f  top_i/axi_interconnect_0/s00_couplers/auto_ds/inst/gen_downsizer.gen_simple_downsizer.axi_downsizer_inst/USE_WRITE.write_addr_inst/USE_B_CHANNEL.cmd_b_queue/inst/fifo_gen_inst/inst_fifo_gen/gconvfifo.rf/grf.rf/rstblk/ngwrdrst.grst.g7serrst.gnsckt_wrst.gcc_rst.sckt_wr_rst_cc_reg[1]/Q
                         net (fo=2, routed)           0.228     3.711    top_i/axi_interconnect_0/s00_couplers/auto_ds/inst/gen_downsizer.gen_simple_downsizer.axi_downsizer_inst/USE_WRITE.write_addr_inst/USE_B_CHANNEL.cmd_b_queue/inst/fifo_gen_inst/inst_fifo_gen/gconvfifo.rf/grf.rf/rstblk/ngwrdrst.grst.g7serrst.gnsckt_wrst.gcc_rst.sckt_wr_rst_cc[1]
    SLICE_X7Y92          LUT3 (Prop_F6LUT_SLICEM_I0_O)
                                                      0.186     3.897 f  top_i/axi_interconnect_0/s00_couplers/auto_ds/inst/gen_downsizer.gen_simple_downsizer.axi_downsizer_inst/USE_WRITE.write_addr_inst/USE_B_CHANNEL.cmd_b_queue/inst/fifo_gen_inst/inst_fifo_gen/gconvfifo.rf/grf.rf/rstblk/gpregsm1.curr_fwft_state[1]_i_2/O
                         net (fo=32, routed)          0.734     4.631    top_i/axi_interconnect_0/s00_couplers/auto_ds/inst/gen_downsizer.gen_simple_downsizer.axi_downsizer_inst/USE_WRITE.write_addr_inst/USE_B_CHANNEL.cmd_b_queue/inst/fifo_gen_inst/inst_fifo_gen/gconvfifo.rf/grf.rf/gntv_or_sync_fifo.gl0.rd/gr1.gr1_int.rfwft/gpregsm1.user_valid_reg_0
    SLICE_X9Y95          FDCE                                         f  top_i/axi_interconnect_0/s00_couplers/auto_ds/inst/gen_downsizer.gen_simple_downsizer.axi_downsizer_inst/USE_WRITE.write_addr_inst/USE_B_CHANNEL.cmd_b_queue/inst/fifo_gen_inst/inst_fifo_gen/gconvfifo.rf/grf.rf/gntv_or_sync_fifo.gl0.rd/gr1.gr1_int.rfwft/gpregsm1.curr_fwft_state_reg[1]/CLR
  -------------------------------------------------------------------    -------------------

                         (clock clk_pl_0 rise edge)
                                                      5.000     5.000 r  
    PS8_X0Y0             PS8                          0.000     5.000 r  top_i/zynq_ps/inst/PS8_i/PLCLK[0]
                         net (fo=1, routed)           0.181     5.181    top_i/zynq_ps/inst/pl_clk_unbuffered[0]
    BUFG_PS_X0Y80        BUFG_PS (Prop_BUFG_PS_I_O)
                                                      0.035     5.216 r  top_i/zynq_ps/inst/buffer_pl_clk_0.PL_CLK_0_BUFG/O
    X1Y1 (CLOCK_ROOT)    net (fo=33585, routed)       2.805     8.021    top_i/axi_interconnect_0/s00_couplers/auto_ds/inst/gen_downsizer.gen_simple_downsizer.axi_downsizer_inst/USE_WRITE.write_addr_inst/USE_B_CHANNEL.cmd_b_queue/inst/fifo_gen_inst/inst_fifo_gen/gconvfifo.rf/grf.rf/gntv_or_sync_fifo.gl0.rd/gr1.gr1_int.rfwft/clk
    SLICE_X9Y95          FDCE                                         r  top_i/axi_interconnect_0/s00_couplers/auto_ds/inst/gen_downsizer.gen_simple_downsizer.axi_downsizer_inst/USE_WRITE.write_addr_inst/USE_B_CHANNEL.cmd_b_queue/inst/fifo_gen_inst/inst_fifo_gen/gconvfifo.rf/grf.rf/gntv_or_sync_fifo.gl0.rd/gr1.gr1_int.rfwft/gpregsm1.curr_fwft_state_reg[1]/C
                         clock pessimism              0.240     8.261    
                         clock uncertainty           -0.129     8.132    
    SLICE_X9Y95          FDCE (Recov_CFF2_SLICEL_C_CLR)
                                                     -0.093     8.039    top_i/axi_interconnect_0/s00_couplers/auto_ds/inst/gen_downsizer.gen_simple_downsizer.axi_downsizer_inst/USE_WRITE.write_addr_inst/USE_B_CHANNEL.cmd_b_queue/inst/fifo_gen_inst/inst_fifo_gen/gconvfifo.rf/grf.rf/gntv_or_sync_fifo.gl0.rd/gr1.gr1_int.rfwft/gpregsm1.curr_fwft_state_reg[1]
  -------------------------------------------------------------------
                         required time                          8.039    
                         arrival time                          -4.631    
  -------------------------------------------------------------------
                         slack                                  3.408    

Slack (MET) :             3.408ns  (required time - arrival time)
  Source:                 top_i/axi_interconnect_0/s00_couplers/auto_ds/inst/gen_downsizer.gen_simple_downsizer.axi_downsizer_inst/USE_WRITE.write_addr_inst/USE_B_CHANNEL.cmd_b_queue/inst/fifo_gen_inst/inst_fifo_gen/gconvfifo.rf/grf.rf/rstblk/ngwrdrst.grst.g7serrst.gnsckt_wrst.gcc_rst.sckt_wr_rst_cc_reg[1]/C
                            (rising edge-triggered cell FDRE clocked by clk_pl_0  {rise@0.000ns fall@2.500ns period=5.000ns})
  Destination:            top_i/axi_interconnect_0/s00_couplers/auto_ds/inst/gen_downsizer.gen_simple_downsizer.axi_downsizer_inst/USE_WRITE.write_addr_inst/USE_B_CHANNEL.cmd_b_queue/inst/fifo_gen_inst/inst_fifo_gen/gconvfifo.rf/grf.rf/gntv_or_sync_fifo.gl0.rd/gr1.gr1_int.rfwft/gpregsm1.user_valid_reg/CLR
                            (recovery check against rising-edge clock clk_pl_0  {rise@0.000ns fall@2.500ns period=5.000ns})
  Path Group:             **async_default**
  Path Type:              Recovery (Max at Slow Process Corner)
  Requirement:            5.000ns  (clk_pl_0 rise@5.000ns - clk_pl_0 rise@0.000ns)
  Data Path Delay:        1.266ns  (logic 0.304ns (24.012%)  route 0.962ns (75.988%))
  Logic Levels:           1  (LUT3=1)
  Clock Path Skew:        -0.104ns (DCD - SCD + CPR)
    Destination Clock Delay (DCD):    3.021ns = ( 8.021 - 5.000 ) 
    Source Clock Delay      (SCD):    3.365ns
    Clock Pessimism Removal (CPR):    0.240ns
  Clock Uncertainty:      0.129ns  ((TSJ^2 + DJ^2)^1/2) / 2 + PE
    Total System Jitter     (TSJ):    0.071ns
    Discrete Jitter          (DJ):    0.248ns
    Phase Error              (PE):    0.000ns
  Clock Net Delay (Source):      3.098ns (routing 1.584ns, distribution 1.514ns)
  Clock Net Delay (Destination): 2.805ns (routing 1.450ns, distribution 1.355ns)

    Location             Delay type                Incr(ns)  Path(ns)    Netlist Resource(s)
  -------------------------------------------------------------------    -------------------
                         (clock clk_pl_0 rise edge)
                                                      0.000     0.000 r  
    PS8_X0Y0             PS8                          0.000     0.000 r  top_i/zynq_ps/inst/PS8_i/PLCLK[0]
                         net (fo=1, routed)           0.229     0.229    top_i/zynq_ps/inst/pl_clk_unbuffered[0]
    BUFG_PS_X0Y80        BUFG_PS (Prop_BUFG_PS_I_O)
                                                      0.038     0.267 r  top_i/zynq_ps/inst/buffer_pl_clk_0.PL_CLK_0_BUFG/O
    X1Y1 (CLOCK_ROOT)    net (fo=33585, routed)       3.098     3.365    top_i/axi_interconnect_0/s00_couplers/auto_ds/inst/gen_downsizer.gen_simple_downsizer.axi_downsizer_inst/USE_WRITE.write_addr_inst/USE_B_CHANNEL.cmd_b_queue/inst/fifo_gen_inst/inst_fifo_gen/gconvfifo.rf/grf.rf/rstblk/clk
    SLICE_X7Y92          FDRE                                         r  top_i/axi_interconnect_0/s00_couplers/auto_ds/inst/gen_downsizer.gen_simple_downsizer.axi_downsizer_inst/USE_WRITE.write_addr_inst/USE_B_CHANNEL.cmd_b_queue/inst/fifo_gen_inst/inst_fifo_gen/gconvfifo.rf/grf.rf/rstblk/ngwrdrst.grst.g7serrst.gnsckt_wrst.gcc_rst.sckt_wr_rst_cc_reg[1]/C
  -------------------------------------------------------------------    -------------------
    SLICE_X7Y92          FDRE (Prop_EFF2_SLICEM_C_Q)
                                                      0.118     3.483 f  top_i/axi_interconnect_0/s00_couplers/auto_ds/inst/gen_downsizer.gen_simple_downsizer.axi_downsizer_inst/USE_WRITE.write_addr_inst/USE_B_CHANNEL.cmd_b_queue/inst/fifo_gen_inst/inst_fifo_gen/gconvfifo.rf/grf.rf/rstblk/ngwrdrst.grst.g7serrst.gnsckt_wrst.gcc_rst.sckt_wr_rst_cc_reg[1]/Q
                         net (fo=2, routed)           0.228     3.711    top_i/axi_interconnect_0/s00_couplers/auto_ds/inst/gen_downsizer.gen_simple_downsizer.axi_downsizer_inst/USE_WRITE.write_addr_inst/USE_B_CHANNEL.cmd_b_queue/inst/fifo_gen_inst/inst_fifo_gen/gconvfifo.rf/grf.rf/rstblk/ngwrdrst.grst.g7serrst.gnsckt_wrst.gcc_rst.sckt_wr_rst_cc[1]
    SLICE_X7Y92          LUT3 (Prop_F6LUT_SLICEM_I0_O)
                                                      0.186     3.897 f  top_i/axi_interconnect_0/s00_couplers/auto_ds/inst/gen_downsizer.gen_simple_downsizer.axi_downsizer_inst/USE_WRITE.write_addr_inst/USE_B_CHANNEL.cmd_b_queue/inst/fifo_gen_inst/inst_fifo_gen/gconvfifo.rf/grf.rf/rstblk/gpregsm1.curr_fwft_state[1]_i_2/O
                         net (fo=32, routed)          0.734     4.631    top_i/axi_interconnect_0/s00_couplers/auto_ds/inst/gen_downsizer.gen_simple_downsizer.axi_downsizer_inst/USE_WRITE.write_addr_inst/USE_B_CHANNEL.cmd_b_queue/inst/fifo_gen_inst/inst_fifo_gen/gconvfifo.rf/grf.rf/gntv_or_sync_fifo.gl0.rd/gr1.gr1_int.rfwft/gpregsm1.user_valid_reg_0
    SLICE_X9Y95          FDCE                                         f  top_i/axi_interconnect_0/s00_couplers/auto_ds/inst/gen_downsizer.gen_simple_downsizer.axi_downsizer_inst/USE_WRITE.write_addr_inst/USE_B_CHANNEL.cmd_b_queue/inst/fifo_gen_inst/inst_fifo_gen/gconvfifo.rf/grf.rf/gntv_or_sync_fifo.gl0.rd/gr1.gr1_int.rfwft/gpregsm1.user_valid_reg/CLR
  -------------------------------------------------------------------    -------------------

                         (clock clk_pl_0 rise edge)
                                                      5.000     5.000 r  
    PS8_X0Y0             PS8                          0.000     5.000 r  top_i/zynq_ps/inst/PS8_i/PLCLK[0]
                         net (fo=1, routed)           0.181     5.181    top_i/zynq_ps/inst/pl_clk_unbuffered[0]
    BUFG_PS_X0Y80        BUFG_PS (Prop_BUFG_PS_I_O)
                                                      0.035     5.216 r  top_i/zynq_ps/inst/buffer_pl_clk_0.PL_CLK_0_BUFG/O
    X1Y1 (CLOCK_ROOT)    net (fo=33585, routed)       2.805     8.021    top_i/axi_interconnect_0/s00_couplers/auto_ds/inst/gen_downsizer.gen_simple_downsizer.axi_downsizer_inst/USE_WRITE.write_addr_inst/USE_B_CHANNEL.cmd_b_queue/inst/fifo_gen_inst/inst_fifo_gen/gconvfifo.rf/grf.rf/gntv_or_sync_fifo.gl0.rd/gr1.gr1_int.rfwft/clk
    SLICE_X9Y95          FDCE                                         r  top_i/axi_interconnect_0/s00_couplers/auto_ds/inst/gen_downsizer.gen_simple_downsizer.axi_downsizer_inst/USE_WRITE.write_addr_inst/USE_B_CHANNEL.cmd_b_queue/inst/fifo_gen_inst/inst_fifo_gen/gconvfifo.rf/grf.rf/gntv_or_sync_fifo.gl0.rd/gr1.gr1_int.rfwft/gpregsm1.user_valid_reg/C
                         clock pessimism              0.240     8.261    
                         clock uncertainty           -0.129     8.132    
    SLICE_X9Y95          FDCE (Recov_BFF2_SLICEL_C_CLR)
                                                     -0.093     8.039    top_i/axi_interconnect_0/s00_couplers/auto_ds/inst/gen_downsizer.gen_simple_downsizer.axi_downsizer_inst/USE_WRITE.write_addr_inst/USE_B_CHANNEL.cmd_b_queue/inst/fifo_gen_inst/inst_fifo_gen/gconvfifo.rf/grf.rf/gntv_or_sync_fifo.gl0.rd/gr1.gr1_int.rfwft/gpregsm1.user_valid_reg
  -------------------------------------------------------------------
                         required time                          8.039    
                         arrival time                          -4.631    
  -------------------------------------------------------------------
                         slack                                  3.408    

Slack (MET) :             3.411ns  (required time - arrival time)
  Source:                 top_i/axi_interconnect_0/s00_couplers/auto_ds/inst/gen_downsizer.gen_simple_downsizer.axi_downsizer_inst/USE_WRITE.write_addr_inst/USE_B_CHANNEL.cmd_b_queue/inst/fifo_gen_inst/inst_fifo_gen/gconvfifo.rf/grf.rf/rstblk/ngwrdrst.grst.g7serrst.gnsckt_wrst.gcc_rst.sckt_wr_rst_cc_reg[1]/C
                            (rising edge-triggered cell FDRE clocked by clk_pl_0  {rise@0.000ns fall@2.500ns period=5.000ns})
  Destination:            top_i/axi_interconnect_0/s00_couplers/auto_ds/inst/gen_downsizer.gen_simple_downsizer.axi_downsizer_inst/USE_WRITE.write_addr_inst/USE_B_CHANNEL.cmd_b_queue/inst/fifo_gen_inst/inst_fifo_gen/gconvfifo.rf/grf.rf/gntv_or_sync_fifo.gl0.rd/gr1.gr1_int.rfwft/aempty_fwft_fb_i_reg/PRE
                            (recovery check against rising-edge clock clk_pl_0  {rise@0.000ns fall@2.500ns period=5.000ns})
  Path Group:             **async_default**
  Path Type:              Recovery (Max at Slow Process Corner)
  Requirement:            5.000ns  (clk_pl_0 rise@5.000ns - clk_pl_0 rise@0.000ns)
  Data Path Delay:        1.266ns  (logic 0.304ns (24.012%)  route 0.962ns (75.988%))
  Logic Levels:           1  (LUT3=1)
  Clock Path Skew:        -0.101ns (DCD - SCD + CPR)
    Destination Clock Delay (DCD):    3.024ns = ( 8.024 - 5.000 ) 
    Source Clock Delay      (SCD):    3.365ns
    Clock Pessimism Removal (CPR):    0.240ns
  Clock Uncertainty:      0.129ns  ((TSJ^2 + DJ^2)^1/2) / 2 + PE
    Total System Jitter     (TSJ):    0.071ns
    Discrete Jitter          (DJ):    0.248ns
    Phase Error              (PE):    0.000ns
  Clock Net Delay (Source):      3.098ns (routing 1.584ns, distribution 1.514ns)
  Clock Net Delay (Destination): 2.808ns (routing 1.450ns, distribution 1.358ns)

    Location             Delay type                Incr(ns)  Path(ns)    Netlist Resource(s)
  -------------------------------------------------------------------    -------------------
                         (clock clk_pl_0 rise edge)
                                                      0.000     0.000 r  
    PS8_X0Y0             PS8                          0.000     0.000 r  top_i/zynq_ps/inst/PS8_i/PLCLK[0]
                         net (fo=1, routed)           0.229     0.229    top_i/zynq_ps/inst/pl_clk_unbuffered[0]
    BUFG_PS_X0Y80        BUFG_PS (Prop_BUFG_PS_I_O)
                                                      0.038     0.267 r  top_i/zynq_ps/inst/buffer_pl_clk_0.PL_CLK_0_BUFG/O
    X1Y1 (CLOCK_ROOT)    net (fo=33585, routed)       3.098     3.365    top_i/axi_interconnect_0/s00_couplers/auto_ds/inst/gen_downsizer.gen_simple_downsizer.axi_downsizer_inst/USE_WRITE.write_addr_inst/USE_B_CHANNEL.cmd_b_queue/inst/fifo_gen_inst/inst_fifo_gen/gconvfifo.rf/grf.rf/rstblk/clk
    SLICE_X7Y92          FDRE                                         r  top_i/axi_interconnect_0/s00_couplers/auto_ds/inst/gen_downsizer.gen_simple_downsizer.axi_downsizer_inst/USE_WRITE.write_addr_inst/USE_B_CHANNEL.cmd_b_queue/inst/fifo_gen_inst/inst_fifo_gen/gconvfifo.rf/grf.rf/rstblk/ngwrdrst.grst.g7serrst.gnsckt_wrst.gcc_rst.sckt_wr_rst_cc_reg[1]/C
  -------------------------------------------------------------------    -------------------
    SLICE_X7Y92          FDRE (Prop_EFF2_SLICEM_C_Q)
                                                      0.118     3.483 f  top_i/axi_interconnect_0/s00_couplers/auto_ds/inst/gen_downsizer.gen_simple_downsizer.axi_downsizer_inst/USE_WRITE.write_addr_inst/USE_B_CHANNEL.cmd_b_queue/inst/fifo_gen_inst/inst_fifo_gen/gconvfifo.rf/grf.rf/rstblk/ngwrdrst.grst.g7serrst.gnsckt_wrst.gcc_rst.sckt_wr_rst_cc_reg[1]/Q
                         net (fo=2, routed)           0.228     3.711    top_i/axi_interconnect_0/s00_couplers/auto_ds/inst/gen_downsizer.gen_simple_downsizer.axi_downsizer_inst/USE_WRITE.write_addr_inst/USE_B_CHANNEL.cmd_b_queue/inst/fifo_gen_inst/inst_fifo_gen/gconvfifo.rf/grf.rf/rstblk/ngwrdrst.grst.g7serrst.gnsckt_wrst.gcc_rst.sckt_wr_rst_cc[1]
    SLICE_X7Y92          LUT3 (Prop_F6LUT_SLICEM_I0_O)
                                                      0.186     3.897 f  top_i/axi_interconnect_0/s00_couplers/auto_ds/inst/gen_downsizer.gen_simple_downsizer.axi_downsizer_inst/USE_WRITE.write_addr_inst/USE_B_CHANNEL.cmd_b_queue/inst/fifo_gen_inst/inst_fifo_gen/gconvfifo.rf/grf.rf/rstblk/gpregsm1.curr_fwft_state[1]_i_2/O
                         net (fo=32, routed)          0.734     4.631    top_i/axi_interconnect_0/s00_couplers/auto_ds/inst/gen_downsizer.gen_simple_downsizer.axi_downsizer_inst/USE_WRITE.write_addr_inst/USE_B_CHANNEL.cmd_b_queue/inst/fifo_gen_inst/inst_fifo_gen/gconvfifo.rf/grf.rf/gntv_or_sync_fifo.gl0.rd/gr1.gr1_int.rfwft/gpregsm1.user_valid_reg_0
    SLICE_X9Y95          FDPE                                         f  top_i/axi_interconnect_0/s00_couplers/auto_ds/inst/gen_downsizer.gen_simple_downsizer.axi_downsizer_inst/USE_WRITE.write_addr_inst/USE_B_CHANNEL.cmd_b_queue/inst/fifo_gen_inst/inst_fifo_gen/gconvfifo.rf/grf.rf/gntv_or_sync_fifo.gl0.rd/gr1.gr1_int.rfwft/aempty_fwft_fb_i_reg/PRE
  -------------------------------------------------------------------    -------------------

                         (clock clk_pl_0 rise edge)
                                                      5.000     5.000 r  
    PS8_X0Y0             PS8                          0.000     5.000 r  top_i/zynq_ps/inst/PS8_i/PLCLK[0]
                         net (fo=1, routed)           0.181     5.181    top_i/zynq_ps/inst/pl_clk_unbuffered[0]
    BUFG_PS_X0Y80        BUFG_PS (Prop_BUFG_PS_I_O)
                                                      0.035     5.216 r  top_i/zynq_ps/inst/buffer_pl_clk_0.PL_CLK_0_BUFG/O
    X1Y1 (CLOCK_ROOT)    net (fo=33585, routed)       2.808     8.024    top_i/axi_interconnect_0/s00_couplers/auto_ds/inst/gen_downsizer.gen_simple_downsizer.axi_downsizer_inst/USE_WRITE.write_addr_inst/USE_B_CHANNEL.cmd_b_queue/inst/fifo_gen_inst/inst_fifo_gen/gconvfifo.rf/grf.rf/gntv_or_sync_fifo.gl0.rd/gr1.gr1_int.rfwft/clk
    SLICE_X9Y95          FDPE                                         r  top_i/axi_interconnect_0/s00_couplers/auto_ds/inst/gen_downsizer.gen_simple_downsizer.axi_downsizer_inst/USE_WRITE.write_addr_inst/USE_B_CHANNEL.cmd_b_queue/inst/fifo_gen_inst/inst_fifo_gen/gconvfifo.rf/grf.rf/gntv_or_sync_fifo.gl0.rd/gr1.gr1_int.rfwft/aempty_fwft_fb_i_reg/C
                         clock pessimism              0.240     8.264    
                         clock uncertainty           -0.129     8.135    
    SLICE_X9Y95          FDPE (Recov_EFF_SLICEL_C_PRE)
                                                     -0.093     8.042    top_i/axi_interconnect_0/s00_couplers/auto_ds/inst/gen_downsizer.gen_simple_downsizer.axi_downsizer_inst/USE_WRITE.write_addr_inst/USE_B_CHANNEL.cmd_b_queue/inst/fifo_gen_inst/inst_fifo_gen/gconvfifo.rf/grf.rf/gntv_or_sync_fifo.gl0.rd/gr1.gr1_int.rfwft/aempty_fwft_fb_i_reg
  -------------------------------------------------------------------
                         required time                          8.042    
                         arrival time                          -4.631    
  -------------------------------------------------------------------
                         slack                                  3.411    

Slack (MET) :             3.411ns  (required time - arrival time)
  Source:                 top_i/axi_interconnect_0/s00_couplers/auto_ds/inst/gen_downsizer.gen_simple_downsizer.axi_downsizer_inst/USE_WRITE.write_addr_inst/USE_B_CHANNEL.cmd_b_queue/inst/fifo_gen_inst/inst_fifo_gen/gconvfifo.rf/grf.rf/rstblk/ngwrdrst.grst.g7serrst.gnsckt_wrst.gcc_rst.sckt_wr_rst_cc_reg[1]/C
                            (rising edge-triggered cell FDRE clocked by clk_pl_0  {rise@0.000ns fall@2.500ns period=5.000ns})
  Destination:            top_i/axi_interconnect_0/s00_couplers/auto_ds/inst/gen_downsizer.gen_simple_downsizer.axi_downsizer_inst/USE_WRITE.write_addr_inst/USE_B_CHANNEL.cmd_b_queue/inst/fifo_gen_inst/inst_fifo_gen/gconvfifo.rf/grf.rf/gntv_or_sync_fifo.gl0.rd/gr1.gr1_int.rfwft/aempty_fwft_i_reg/PRE
                            (recovery check against rising-edge clock clk_pl_0  {rise@0.000ns fall@2.500ns period=5.000ns})
  Path Group:             **async_default**
  Path Type:              Recovery (Max at Slow Process Corner)
  Requirement:            5.000ns  (clk_pl_0 rise@5.000ns - clk_pl_0 rise@0.000ns)
  Data Path Delay:        1.266ns  (logic 0.304ns (24.012%)  route 0.962ns (75.988%))
  Logic Levels:           1  (LUT3=1)
  Clock Path Skew:        -0.101ns (DCD - SCD + CPR)
    Destination Clock Delay (DCD):    3.024ns = ( 8.024 - 5.000 ) 
    Source Clock Delay      (SCD):    3.365ns
    Clock Pessimism Removal (CPR):    0.240ns
  Clock Uncertainty:      0.129ns  ((TSJ^2 + DJ^2)^1/2) / 2 + PE
    Total System Jitter     (TSJ):    0.071ns
    Discrete Jitter          (DJ):    0.248ns
    Phase Error              (PE):    0.000ns
  Clock Net Delay (Source):      3.098ns (routing 1.584ns, distribution 1.514ns)
  Clock Net Delay (Destination): 2.808ns (routing 1.450ns, distribution 1.358ns)

    Location             Delay type                Incr(ns)  Path(ns)    Netlist Resource(s)
  -------------------------------------------------------------------    -------------------
                         (clock clk_pl_0 rise edge)
                                                      0.000     0.000 r  
    PS8_X0Y0             PS8                          0.000     0.000 r  top_i/zynq_ps/inst/PS8_i/PLCLK[0]
                         net (fo=1, routed)           0.229     0.229    top_i/zynq_ps/inst/pl_clk_unbuffered[0]
    BUFG_PS_X0Y80        BUFG_PS (Prop_BUFG_PS_I_O)
                                                      0.038     0.267 r  top_i/zynq_ps/inst/buffer_pl_clk_0.PL_CLK_0_BUFG/O
    X1Y1 (CLOCK_ROOT)    net (fo=33585, routed)       3.098     3.365    top_i/axi_interconnect_0/s00_couplers/auto_ds/inst/gen_downsizer.gen_simple_downsizer.axi_downsizer_inst/USE_WRITE.write_addr_inst/USE_B_CHANNEL.cmd_b_queue/inst/fifo_gen_inst/inst_fifo_gen/gconvfifo.rf/grf.rf/rstblk/clk
    SLICE_X7Y92          FDRE                                         r  top_i/axi_interconnect_0/s00_couplers/auto_ds/inst/gen_downsizer.gen_simple_downsizer.axi_downsizer_inst/USE_WRITE.write_addr_inst/USE_B_CHANNEL.cmd_b_queue/inst/fifo_gen_inst/inst_fifo_gen/gconvfifo.rf/grf.rf/rstblk/ngwrdrst.grst.g7serrst.gnsckt_wrst.gcc_rst.sckt_wr_rst_cc_reg[1]/C
  -------------------------------------------------------------------    -------------------
    SLICE_X7Y92          FDRE (Prop_EFF2_SLICEM_C_Q)
                                                      0.118     3.483 f  top_i/axi_interconnect_0/s00_couplers/auto_ds/inst/gen_downsizer.gen_simple_downsizer.axi_downsizer_inst/USE_WRITE.write_addr_inst/USE_B_CHANNEL.cmd_b_queue/inst/fifo_gen_inst/inst_fifo_gen/gconvfifo.rf/grf.rf/rstblk/ngwrdrst.grst.g7serrst.gnsckt_wrst.gcc_rst.sckt_wr_rst_cc_reg[1]/Q
                         net (fo=2, routed)           0.228     3.711    top_i/axi_interconnect_0/s00_couplers/auto_ds/inst/gen_downsizer.gen_simple_downsizer.axi_downsizer_inst/USE_WRITE.write_addr_inst/USE_B_CHANNEL.cmd_b_queue/inst/fifo_gen_inst/inst_fifo_gen/gconvfifo.rf/grf.rf/rstblk/ngwrdrst.grst.g7serrst.gnsckt_wrst.gcc_rst.sckt_wr_rst_cc[1]
    SLICE_X7Y92          LUT3 (Prop_F6LUT_SLICEM_I0_O)
                                                      0.186     3.897 f  top_i/axi_interconnect_0/s00_couplers/auto_ds/inst/gen_downsizer.gen_simple_downsizer.axi_downsizer_inst/USE_WRITE.write_addr_inst/USE_B_CHANNEL.cmd_b_queue/inst/fifo_gen_inst/inst_fifo_gen/gconvfifo.rf/grf.rf/rstblk/gpregsm1.curr_fwft_state[1]_i_2/O
                         net (fo=32, routed)          0.734     4.631    top_i/axi_interconnect_0/s00_couplers/auto_ds/inst/gen_downsizer.gen_simple_downsizer.axi_downsizer_inst/USE_WRITE.write_addr_inst/USE_B_CHANNEL.cmd_b_queue/inst/fifo_gen_inst/inst_fifo_gen/gconvfifo.rf/grf.rf/gntv_or_sync_fifo.gl0.rd/gr1.gr1_int.rfwft/gpregsm1.user_valid_reg_0
    SLICE_X9Y95          FDPE                                         f  top_i/axi_interconnect_0/s00_couplers/auto_ds/inst/gen_downsizer.gen_simple_downsizer.axi_downsizer_inst/USE_WRITE.write_addr_inst/USE_B_CHANNEL.cmd_b_queue/inst/fifo_gen_inst/inst_fifo_gen/gconvfifo.rf/grf.rf/gntv_or_sync_fifo.gl0.rd/gr1.gr1_int.rfwft/aempty_fwft_i_reg/PRE
  -------------------------------------------------------------------    -------------------

                         (clock clk_pl_0 rise edge)
                                                      5.000     5.000 r  
    PS8_X0Y0             PS8                          0.000     5.000 r  top_i/zynq_ps/inst/PS8_i/PLCLK[0]
                         net (fo=1, routed)           0.181     5.181    top_i/zynq_ps/inst/pl_clk_unbuffered[0]
    BUFG_PS_X0Y80        BUFG_PS (Prop_BUFG_PS_I_O)
                                                      0.035     5.216 r  top_i/zynq_ps/inst/buffer_pl_clk_0.PL_CLK_0_BUFG/O
    X1Y1 (CLOCK_ROOT)    net (fo=33585, routed)       2.808     8.024    top_i/axi_interconnect_0/s00_couplers/auto_ds/inst/gen_downsizer.gen_simple_downsizer.axi_downsizer_inst/USE_WRITE.write_addr_inst/USE_B_CHANNEL.cmd_b_queue/inst/fifo_gen_inst/inst_fifo_gen/gconvfifo.rf/grf.rf/gntv_or_sync_fifo.gl0.rd/gr1.gr1_int.rfwft/clk
    SLICE_X9Y95          FDPE                                         r  top_i/axi_interconnect_0/s00_couplers/auto_ds/inst/gen_downsizer.gen_simple_downsizer.axi_downsizer_inst/USE_WRITE.write_addr_inst/USE_B_CHANNEL.cmd_b_queue/inst/fifo_gen_inst/inst_fifo_gen/gconvfifo.rf/grf.rf/gntv_or_sync_fifo.gl0.rd/gr1.gr1_int.rfwft/aempty_fwft_i_reg/C
                         clock pessimism              0.240     8.264    
                         clock uncertainty           -0.129     8.135    
    SLICE_X9Y95          FDPE (Recov_EFF2_SLICEL_C_PRE)
                                                     -0.093     8.042    top_i/axi_interconnect_0/s00_couplers/auto_ds/inst/gen_downsizer.gen_simple_downsizer.axi_downsizer_inst/USE_WRITE.write_addr_inst/USE_B_CHANNEL.cmd_b_queue/inst/fifo_gen_inst/inst_fifo_gen/gconvfifo.rf/grf.rf/gntv_or_sync_fifo.gl0.rd/gr1.gr1_int.rfwft/aempty_fwft_i_reg
  -------------------------------------------------------------------
                         required time                          8.042    
                         arrival time                          -4.631    
  -------------------------------------------------------------------
                         slack                                  3.411    

Slack (MET) :             3.467ns  (required time - arrival time)
  Source:                 top_i/axi_interconnect_0/s00_couplers/auto_ds/inst/gen_downsizer.gen_simple_downsizer.axi_downsizer_inst/USE_WRITE.write_addr_inst/USE_B_CHANNEL.cmd_b_queue/inst/fifo_gen_inst/inst_fifo_gen/gconvfifo.rf/grf.rf/rstblk/ngwrdrst.grst.g7serrst.gnsckt_wrst.gcc_rst.sckt_wr_rst_cc_reg[1]/C
                            (rising edge-triggered cell FDRE clocked by clk_pl_0  {rise@0.000ns fall@2.500ns period=5.000ns})
  Destination:            top_i/axi_interconnect_0/s00_couplers/auto_ds/inst/gen_downsizer.gen_simple_downsizer.axi_downsizer_inst/USE_WRITE.write_addr_inst/USE_B_CHANNEL.cmd_b_queue/inst/fifo_gen_inst/inst_fifo_gen/gconvfifo.rf/grf.rf/gntv_or_sync_fifo.gl0.rd/rpntr/gc0.count_d1_reg[2]/CLR
                            (recovery check against rising-edge clock clk_pl_0  {rise@0.000ns fall@2.500ns period=5.000ns})
  Path Group:             **async_default**
  Path Type:              Recovery (Max at Slow Process Corner)
  Requirement:            5.000ns  (clk_pl_0 rise@5.000ns - clk_pl_0 rise@0.000ns)
  Data Path Delay:        1.212ns  (logic 0.304ns (25.082%)  route 0.908ns (74.918%))
  Logic Levels:           1  (LUT3=1)
  Clock Path Skew:        -0.099ns (DCD - SCD + CPR)
    Destination Clock Delay (DCD):    3.026ns = ( 8.026 - 5.000 ) 
    Source Clock Delay      (SCD):    3.365ns
    Clock Pessimism Removal (CPR):    0.240ns
  Clock Uncertainty:      0.129ns  ((TSJ^2 + DJ^2)^1/2) / 2 + PE
    Total System Jitter     (TSJ):    0.071ns
    Discrete Jitter          (DJ):    0.248ns
    Phase Error              (PE):    0.000ns
  Clock Net Delay (Source):      3.098ns (routing 1.584ns, distribution 1.514ns)
  Clock Net Delay (Destination): 2.810ns (routing 1.450ns, distribution 1.360ns)

    Location             Delay type                Incr(ns)  Path(ns)    Netlist Resource(s)
  -------------------------------------------------------------------    -------------------
                         (clock clk_pl_0 rise edge)
                                                      0.000     0.000 r  
    PS8_X0Y0             PS8                          0.000     0.000 r  top_i/zynq_ps/inst/PS8_i/PLCLK[0]
                         net (fo=1, routed)           0.229     0.229    top_i/zynq_ps/inst/pl_clk_unbuffered[0]
    BUFG_PS_X0Y80        BUFG_PS (Prop_BUFG_PS_I_O)
                                                      0.038     0.267 r  top_i/zynq_ps/inst/buffer_pl_clk_0.PL_CLK_0_BUFG/O
    X1Y1 (CLOCK_ROOT)    net (fo=33585, routed)       3.098     3.365    top_i/axi_interconnect_0/s00_couplers/auto_ds/inst/gen_downsizer.gen_simple_downsizer.axi_downsizer_inst/USE_WRITE.write_addr_inst/USE_B_CHANNEL.cmd_b_queue/inst/fifo_gen_inst/inst_fifo_gen/gconvfifo.rf/grf.rf/rstblk/clk
    SLICE_X7Y92          FDRE                                         r  top_i/axi_interconnect_0/s00_couplers/auto_ds/inst/gen_downsizer.gen_simple_downsizer.axi_downsizer_inst/USE_WRITE.write_addr_inst/USE_B_CHANNEL.cmd_b_queue/inst/fifo_gen_inst/inst_fifo_gen/gconvfifo.rf/grf.rf/rstblk/ngwrdrst.grst.g7serrst.gnsckt_wrst.gcc_rst.sckt_wr_rst_cc_reg[1]/C
  -------------------------------------------------------------------    -------------------
    SLICE_X7Y92          FDRE (Prop_EFF2_SLICEM_C_Q)
                                                      0.118     3.483 f  top_i/axi_interconnect_0/s00_couplers/auto_ds/inst/gen_downsizer.gen_simple_downsizer.axi_downsizer_inst/USE_WRITE.write_addr_inst/USE_B_CHANNEL.cmd_b_queue/inst/fifo_gen_inst/inst_fifo_gen/gconvfifo.rf/grf.rf/rstblk/ngwrdrst.grst.g7serrst.gnsckt_wrst.gcc_rst.sckt_wr_rst_cc_reg[1]/Q
                         net (fo=2, routed)           0.228     3.711    top_i/axi_interconnect_0/s00_couplers/auto_ds/inst/gen_downsizer.gen_simple_downsizer.axi_downsizer_inst/USE_WRITE.write_addr_inst/USE_B_CHANNEL.cmd_b_queue/inst/fifo_gen_inst/inst_fifo_gen/gconvfifo.rf/grf.rf/rstblk/ngwrdrst.grst.g7serrst.gnsckt_wrst.gcc_rst.sckt_wr_rst_cc[1]
    SLICE_X7Y92          LUT3 (Prop_F6LUT_SLICEM_I0_O)
                                                      0.186     3.897 f  top_i/axi_interconnect_0/s00_couplers/auto_ds/inst/gen_downsizer.gen_simple_downsizer.axi_downsizer_inst/USE_WRITE.write_addr_inst/USE_B_CHANNEL.cmd_b_queue/inst/fifo_gen_inst/inst_fifo_gen/gconvfifo.rf/grf.rf/rstblk/gpregsm1.curr_fwft_state[1]_i_2/O
                         net (fo=32, routed)          0.680     4.577    top_i/axi_interconnect_0/s00_couplers/auto_ds/inst/gen_downsizer.gen_simple_downsizer.axi_downsizer_inst/USE_WRITE.write_addr_inst/USE_B_CHANNEL.cmd_b_queue/inst/fifo_gen_inst/inst_fifo_gen/gconvfifo.rf/grf.rf/gntv_or_sync_fifo.gl0.rd/rpntr/gc0.count_d1_reg[4]_1
    SLICE_X9Y94          FDCE                                         f  top_i/axi_interconnect_0/s00_couplers/auto_ds/inst/gen_downsizer.gen_simple_downsizer.axi_downsizer_inst/USE_WRITE.write_addr_inst/USE_B_CHANNEL.cmd_b_queue/inst/fifo_gen_inst/inst_fifo_gen/gconvfifo.rf/grf.rf/gntv_or_sync_fifo.gl0.rd/rpntr/gc0.count_d1_reg[2]/CLR
  -------------------------------------------------------------------    -------------------

                         (clock clk_pl_0 rise edge)
                                                      5.000     5.000 r  
    PS8_X0Y0             PS8                          0.000     5.000 r  top_i/zynq_ps/inst/PS8_i/PLCLK[0]
                         net (fo=1, routed)           0.181     5.181    top_i/zynq_ps/inst/pl_clk_unbuffered[0]
    BUFG_PS_X0Y80        BUFG_PS (Prop_BUFG_PS_I_O)
                                                      0.035     5.216 r  top_i/zynq_ps/inst/buffer_pl_clk_0.PL_CLK_0_BUFG/O
    X1Y1 (CLOCK_ROOT)    net (fo=33585, routed)       2.810     8.026    top_i/axi_interconnect_0/s00_couplers/auto_ds/inst/gen_downsizer.gen_simple_downsizer.axi_downsizer_inst/USE_WRITE.write_addr_inst/USE_B_CHANNEL.cmd_b_queue/inst/fifo_gen_inst/inst_fifo_gen/gconvfifo.rf/grf.rf/gntv_or_sync_fifo.gl0.rd/rpntr/clk
    SLICE_X9Y94          FDCE                                         r  top_i/axi_interconnect_0/s00_couplers/auto_ds/inst/gen_downsizer.gen_simple_downsizer.axi_downsizer_inst/USE_WRITE.write_addr_inst/USE_B_CHANNEL.cmd_b_queue/inst/fifo_gen_inst/inst_fifo_gen/gconvfifo.rf/grf.rf/gntv_or_sync_fifo.gl0.rd/rpntr/gc0.count_d1_reg[2]/C
                         clock pessimism              0.240     8.266    
                         clock uncertainty           -0.129     8.137    
    SLICE_X9Y94          FDCE (Recov_AFF_SLICEL_C_CLR)
                                                     -0.093     8.044    top_i/axi_interconnect_0/s00_couplers/auto_ds/inst/gen_downsizer.gen_simple_downsizer.axi_downsizer_inst/USE_WRITE.write_addr_inst/USE_B_CHANNEL.cmd_b_queue/inst/fifo_gen_inst/inst_fifo_gen/gconvfifo.rf/grf.rf/gntv_or_sync_fifo.gl0.rd/rpntr/gc0.count_d1_reg[2]
  -------------------------------------------------------------------
                         required time                          8.044    
                         arrival time                          -4.577    
  -------------------------------------------------------------------
                         slack                                  3.467    

Slack (MET) :             3.467ns  (required time - arrival time)
  Source:                 top_i/axi_interconnect_0/s00_couplers/auto_ds/inst/gen_downsizer.gen_simple_downsizer.axi_downsizer_inst/USE_WRITE.write_addr_inst/USE_B_CHANNEL.cmd_b_queue/inst/fifo_gen_inst/inst_fifo_gen/gconvfifo.rf/grf.rf/rstblk/ngwrdrst.grst.g7serrst.gnsckt_wrst.gcc_rst.sckt_wr_rst_cc_reg[1]/C
                            (rising edge-triggered cell FDRE clocked by clk_pl_0  {rise@0.000ns fall@2.500ns period=5.000ns})
  Destination:            top_i/axi_interconnect_0/s00_couplers/auto_ds/inst/gen_downsizer.gen_simple_downsizer.axi_downsizer_inst/USE_WRITE.write_addr_inst/USE_B_CHANNEL.cmd_b_queue/inst/fifo_gen_inst/inst_fifo_gen/gconvfifo.rf/grf.rf/gntv_or_sync_fifo.gl0.rd/rpntr/gc0.count_d1_reg[3]/CLR
                            (recovery check against rising-edge clock clk_pl_0  {rise@0.000ns fall@2.500ns period=5.000ns})
  Path Group:             **async_default**
  Path Type:              Recovery (Max at Slow Process Corner)
  Requirement:            5.000ns  (clk_pl_0 rise@5.000ns - clk_pl_0 rise@0.000ns)
  Data Path Delay:        1.212ns  (logic 0.304ns (25.082%)  route 0.908ns (74.918%))
  Logic Levels:           1  (LUT3=1)
  Clock Path Skew:        -0.099ns (DCD - SCD + CPR)
    Destination Clock Delay (DCD):    3.026ns = ( 8.026 - 5.000 ) 
    Source Clock Delay      (SCD):    3.365ns
    Clock Pessimism Removal (CPR):    0.240ns
  Clock Uncertainty:      0.129ns  ((TSJ^2 + DJ^2)^1/2) / 2 + PE
    Total System Jitter     (TSJ):    0.071ns
    Discrete Jitter          (DJ):    0.248ns
    Phase Error              (PE):    0.000ns
  Clock Net Delay (Source):      3.098ns (routing 1.584ns, distribution 1.514ns)
  Clock Net Delay (Destination): 2.810ns (routing 1.450ns, distribution 1.360ns)

    Location             Delay type                Incr(ns)  Path(ns)    Netlist Resource(s)
  -------------------------------------------------------------------    -------------------
                         (clock clk_pl_0 rise edge)
                                                      0.000     0.000 r  
    PS8_X0Y0             PS8                          0.000     0.000 r  top_i/zynq_ps/inst/PS8_i/PLCLK[0]
                         net (fo=1, routed)           0.229     0.229    top_i/zynq_ps/inst/pl_clk_unbuffered[0]
    BUFG_PS_X0Y80        BUFG_PS (Prop_BUFG_PS_I_O)
                                                      0.038     0.267 r  top_i/zynq_ps/inst/buffer_pl_clk_0.PL_CLK_0_BUFG/O
    X1Y1 (CLOCK_ROOT)    net (fo=33585, routed)       3.098     3.365    top_i/axi_interconnect_0/s00_couplers/auto_ds/inst/gen_downsizer.gen_simple_downsizer.axi_downsizer_inst/USE_WRITE.write_addr_inst/USE_B_CHANNEL.cmd_b_queue/inst/fifo_gen_inst/inst_fifo_gen/gconvfifo.rf/grf.rf/rstblk/clk
    SLICE_X7Y92          FDRE                                         r  top_i/axi_interconnect_0/s00_couplers/auto_ds/inst/gen_downsizer.gen_simple_downsizer.axi_downsizer_inst/USE_WRITE.write_addr_inst/USE_B_CHANNEL.cmd_b_queue/inst/fifo_gen_inst/inst_fifo_gen/gconvfifo.rf/grf.rf/rstblk/ngwrdrst.grst.g7serrst.gnsckt_wrst.gcc_rst.sckt_wr_rst_cc_reg[1]/C
  -------------------------------------------------------------------    -------------------
    SLICE_X7Y92          FDRE (Prop_EFF2_SLICEM_C_Q)
                                                      0.118     3.483 f  top_i/axi_interconnect_0/s00_couplers/auto_ds/inst/gen_downsizer.gen_simple_downsizer.axi_downsizer_inst/USE_WRITE.write_addr_inst/USE_B_CHANNEL.cmd_b_queue/inst/fifo_gen_inst/inst_fifo_gen/gconvfifo.rf/grf.rf/rstblk/ngwrdrst.grst.g7serrst.gnsckt_wrst.gcc_rst.sckt_wr_rst_cc_reg[1]/Q
                         net (fo=2, routed)           0.228     3.711    top_i/axi_interconnect_0/s00_couplers/auto_ds/inst/gen_downsizer.gen_simple_downsizer.axi_downsizer_inst/USE_WRITE.write_addr_inst/USE_B_CHANNEL.cmd_b_queue/inst/fifo_gen_inst/inst_fifo_gen/gconvfifo.rf/grf.rf/rstblk/ngwrdrst.grst.g7serrst.gnsckt_wrst.gcc_rst.sckt_wr_rst_cc[1]
    SLICE_X7Y92          LUT3 (Prop_F6LUT_SLICEM_I0_O)
                                                      0.186     3.897 f  top_i/axi_interconnect_0/s00_couplers/auto_ds/inst/gen_downsizer.gen_simple_downsizer.axi_downsizer_inst/USE_WRITE.write_addr_inst/USE_B_CHANNEL.cmd_b_queue/inst/fifo_gen_inst/inst_fifo_gen/gconvfifo.rf/grf.rf/rstblk/gpregsm1.curr_fwft_state[1]_i_2/O
                         net (fo=32, routed)          0.680     4.577    top_i/axi_interconnect_0/s00_couplers/auto_ds/inst/gen_downsizer.gen_simple_downsizer.axi_downsizer_inst/USE_WRITE.write_addr_inst/USE_B_CHANNEL.cmd_b_queue/inst/fifo_gen_inst/inst_fifo_gen/gconvfifo.rf/grf.rf/gntv_or_sync_fifo.gl0.rd/rpntr/gc0.count_d1_reg[4]_1
    SLICE_X9Y94          FDCE                                         f  top_i/axi_interconnect_0/s00_couplers/auto_ds/inst/gen_downsizer.gen_simple_downsizer.axi_downsizer_inst/USE_WRITE.write_addr_inst/USE_B_CHANNEL.cmd_b_queue/inst/fifo_gen_inst/inst_fifo_gen/gconvfifo.rf/grf.rf/gntv_or_sync_fifo.gl0.rd/rpntr/gc0.count_d1_reg[3]/CLR
  -------------------------------------------------------------------    -------------------

                         (clock clk_pl_0 rise edge)
                                                      5.000     5.000 r  
    PS8_X0Y0             PS8                          0.000     5.000 r  top_i/zynq_ps/inst/PS8_i/PLCLK[0]
                         net (fo=1, routed)           0.181     5.181    top_i/zynq_ps/inst/pl_clk_unbuffered[0]
    BUFG_PS_X0Y80        BUFG_PS (Prop_BUFG_PS_I_O)
                                                      0.035     5.216 r  top_i/zynq_ps/inst/buffer_pl_clk_0.PL_CLK_0_BUFG/O
    X1Y1 (CLOCK_ROOT)    net (fo=33585, routed)       2.810     8.026    top_i/axi_interconnect_0/s00_couplers/auto_ds/inst/gen_downsizer.gen_simple_downsizer.axi_downsizer_inst/USE_WRITE.write_addr_inst/USE_B_CHANNEL.cmd_b_queue/inst/fifo_gen_inst/inst_fifo_gen/gconvfifo.rf/grf.rf/gntv_or_sync_fifo.gl0.rd/rpntr/clk
    SLICE_X9Y94          FDCE                                         r  top_i/axi_interconnect_0/s00_couplers/auto_ds/inst/gen_downsizer.gen_simple_downsizer.axi_downsizer_inst/USE_WRITE.write_addr_inst/USE_B_CHANNEL.cmd_b_queue/inst/fifo_gen_inst/inst_fifo_gen/gconvfifo.rf/grf.rf/gntv_or_sync_fifo.gl0.rd/rpntr/gc0.count_d1_reg[3]/C
                         clock pessimism              0.240     8.266    
                         clock uncertainty           -0.129     8.137    
    SLICE_X9Y94          FDCE (Recov_AFF2_SLICEL_C_CLR)
                                                     -0.093     8.044    top_i/axi_interconnect_0/s00_couplers/auto_ds/inst/gen_downsizer.gen_simple_downsizer.axi_downsizer_inst/USE_WRITE.write_addr_inst/USE_B_CHANNEL.cmd_b_queue/inst/fifo_gen_inst/inst_fifo_gen/gconvfifo.rf/grf.rf/gntv_or_sync_fifo.gl0.rd/rpntr/gc0.count_d1_reg[3]
  -------------------------------------------------------------------
                         required time                          8.044    
                         arrival time                          -4.577    
  -------------------------------------------------------------------
                         slack                                  3.467    





Min Delay Paths
--------------------------------------------------------------------------------------
Slack (MET) :             0.264ns  (arrival time - required time)
  Source:                 top_i/axi_interconnect_0/s00_couplers/auto_ds/inst/gen_downsizer.gen_simple_downsizer.axi_downsizer_inst/USE_WRITE.write_addr_inst/USE_B_CHANNEL.cmd_b_queue/inst/fifo_gen_inst/inst_fifo_gen/gconvfifo.rf/grf.rf/rstblk/ngwrdrst.grst.g7serrst.gnsckt_wrst.gcc_rst.sckt_wr_rst_cc_reg[0]/C
                            (rising edge-triggered cell FDRE clocked by clk_pl_0  {rise@0.000ns fall@2.500ns period=5.000ns})
  Destination:            top_i/axi_interconnect_0/s00_couplers/auto_ds/inst/gen_downsizer.gen_simple_downsizer.axi_downsizer_inst/USE_WRITE.write_addr_inst/USE_B_CHANNEL.cmd_b_queue/inst/fifo_gen_inst/inst_fifo_gen/gconvfifo.rf/grf.rf/gntv_or_sync_fifo.gl0.rd/grss.rsts/ram_empty_i_reg/PRE
                            (removal check against rising-edge clock clk_pl_0  {rise@0.000ns fall@2.500ns period=5.000ns})
  Path Group:             **async_default**
  Path Type:              Removal (Min at Fast Process Corner)
  Requirement:            0.000ns  (clk_pl_0 rise@0.000ns - clk_pl_0 rise@0.000ns)
  Data Path Delay:        0.293ns  (logic 0.119ns (40.616%)  route 0.174ns (59.384%))
  Logic Levels:           1  (LUT3=1)
  Clock Path Skew:        0.047ns (DCD - SCD - CPR)
    Destination Clock Delay (DCD):    2.050ns
    Source Clock Delay      (SCD):    1.855ns
    Clock Pessimism Removal (CPR):    0.149ns
  Clock Net Delay (Source):      1.704ns (routing 0.886ns, distribution 0.818ns)
  Clock Net Delay (Destination): 1.863ns (routing 0.971ns, distribution 0.892ns)

    Location             Delay type                Incr(ns)  Path(ns)    Netlist Resource(s)
  -------------------------------------------------------------------    -------------------
                         (clock clk_pl_0 rise edge)
                                                      0.000     0.000 r  
    PS8_X0Y0             PS8                          0.000     0.000 r  top_i/zynq_ps/inst/PS8_i/PLCLK[0]
                         net (fo=1, routed)           0.129     0.129    top_i/zynq_ps/inst/pl_clk_unbuffered[0]
    BUFG_PS_X0Y80        BUFG_PS (Prop_BUFG_PS_I_O)
                                                      0.022     0.151 r  top_i/zynq_ps/inst/buffer_pl_clk_0.PL_CLK_0_BUFG/O
    X1Y1 (CLOCK_ROOT)    net (fo=33585, routed)       1.704     1.855    top_i/axi_interconnect_0/s00_couplers/auto_ds/inst/gen_downsizer.gen_simple_downsizer.axi_downsizer_inst/USE_WRITE.write_addr_inst/USE_B_CHANNEL.cmd_b_queue/inst/fifo_gen_inst/inst_fifo_gen/gconvfifo.rf/grf.rf/rstblk/clk
    SLICE_X7Y92          FDRE                                         r  top_i/axi_interconnect_0/s00_couplers/auto_ds/inst/gen_downsizer.gen_simple_downsizer.axi_downsizer_inst/USE_WRITE.write_addr_inst/USE_B_CHANNEL.cmd_b_queue/inst/fifo_gen_inst/inst_fifo_gen/gconvfifo.rf/grf.rf/rstblk/ngwrdrst.grst.g7serrst.gnsckt_wrst.gcc_rst.sckt_wr_rst_cc_reg[0]/C
  -------------------------------------------------------------------    -------------------
    SLICE_X7Y92          FDRE (Prop_EFF_SLICEM_C_Q)
                                                      0.082     1.937 f  top_i/axi_interconnect_0/s00_couplers/auto_ds/inst/gen_downsizer.gen_simple_downsizer.axi_downsizer_inst/USE_WRITE.write_addr_inst/USE_B_CHANNEL.cmd_b_queue/inst/fifo_gen_inst/inst_fifo_gen/gconvfifo.rf/grf.rf/rstblk/ngwrdrst.grst.g7serrst.gnsckt_wrst.gcc_rst.sckt_wr_rst_cc_reg[0]/Q
                         net (fo=3, routed)           0.028     1.965    top_i/axi_interconnect_0/s00_couplers/auto_ds/inst/gen_downsizer.gen_simple_downsizer.axi_downsizer_inst/USE_WRITE.write_addr_inst/USE_B_CHANNEL.cmd_b_queue/inst/fifo_gen_inst/inst_fifo_gen/gconvfifo.rf/grf.rf/rstblk/ngwrdrst.grst.g7serrst.gnsckt_wrst.gcc_rst.sckt_wr_rst_cc[0]
    SLICE_X7Y92          LUT3 (Prop_F6LUT_SLICEM_I1_O)
                                                      0.037     2.002 f  top_i/axi_interconnect_0/s00_couplers/auto_ds/inst/gen_downsizer.gen_simple_downsizer.axi_downsizer_inst/USE_WRITE.write_addr_inst/USE_B_CHANNEL.cmd_b_queue/inst/fifo_gen_inst/inst_fifo_gen/gconvfifo.rf/grf.rf/rstblk/gpregsm1.curr_fwft_state[1]_i_2/O
                         net (fo=32, routed)          0.146     2.148    top_i/axi_interconnect_0/s00_couplers/auto_ds/inst/gen_downsizer.gen_simple_downsizer.axi_downsizer_inst/USE_WRITE.write_addr_inst/USE_B_CHANNEL.cmd_b_queue/inst/fifo_gen_inst/inst_fifo_gen/gconvfifo.rf/grf.rf/gntv_or_sync_fifo.gl0.rd/grss.rsts/ram_empty_i_reg_1
    SLICE_X10Y92         FDPE                                         f  top_i/axi_interconnect_0/s00_couplers/auto_ds/inst/gen_downsizer.gen_simple_downsizer.axi_downsizer_inst/USE_WRITE.write_addr_inst/USE_B_CHANNEL.cmd_b_queue/inst/fifo_gen_inst/inst_fifo_gen/gconvfifo.rf/grf.rf/gntv_or_sync_fifo.gl0.rd/grss.rsts/ram_empty_i_reg/PRE
  -------------------------------------------------------------------    -------------------

                         (clock clk_pl_0 rise edge)
                                                      0.000     0.000 r  
    PS8_X0Y0             PS8                          0.000     0.000 r  top_i/zynq_ps/inst/PS8_i/PLCLK[0]
                         net (fo=1, routed)           0.164     0.164    top_i/zynq_ps/inst/pl_clk_unbuffered[0]
    BUFG_PS_X0Y80        BUFG_PS (Prop_BUFG_PS_I_O)
                                                      0.023     0.187 r  top_i/zynq_ps/inst/buffer_pl_clk_0.PL_CLK_0_BUFG/O
    X1Y1 (CLOCK_ROOT)    net (fo=33585, routed)       1.863     2.050    top_i/axi_interconnect_0/s00_couplers/auto_ds/inst/gen_downsizer.gen_simple_downsizer.axi_downsizer_inst/USE_WRITE.write_addr_inst/USE_B_CHANNEL.cmd_b_queue/inst/fifo_gen_inst/inst_fifo_gen/gconvfifo.rf/grf.rf/gntv_or_sync_fifo.gl0.rd/grss.rsts/clk
    SLICE_X10Y92         FDPE                                         r  top_i/axi_interconnect_0/s00_couplers/auto_ds/inst/gen_downsizer.gen_simple_downsizer.axi_downsizer_inst/USE_WRITE.write_addr_inst/USE_B_CHANNEL.cmd_b_queue/inst/fifo_gen_inst/inst_fifo_gen/gconvfifo.rf/grf.rf/gntv_or_sync_fifo.gl0.rd/grss.rsts/ram_empty_i_reg/C
                         clock pessimism             -0.149     1.901    
    SLICE_X10Y92         FDPE (Remov_EFF_SLICEM_C_PRE)
                                                     -0.018     1.883    top_i/axi_interconnect_0/s00_couplers/auto_ds/inst/gen_downsizer.gen_simple_downsizer.axi_downsizer_inst/USE_WRITE.write_addr_inst/USE_B_CHANNEL.cmd_b_queue/inst/fifo_gen_inst/inst_fifo_gen/gconvfifo.rf/grf.rf/gntv_or_sync_fifo.gl0.rd/grss.rsts/ram_empty_i_reg
  -------------------------------------------------------------------
                         required time                         -1.883    
                         arrival time                           2.148    
  -------------------------------------------------------------------
                         slack                                  0.264    

Slack (MET) :             0.264ns  (arrival time - required time)
  Source:                 top_i/axi_interconnect_0/s00_couplers/auto_ds/inst/gen_downsizer.gen_simple_downsizer.axi_downsizer_inst/USE_WRITE.write_addr_inst/USE_B_CHANNEL.cmd_b_queue/inst/fifo_gen_inst/inst_fifo_gen/gconvfifo.rf/grf.rf/rstblk/ngwrdrst.grst.g7serrst.gnsckt_wrst.gcc_rst.sckt_wr_rst_cc_reg[0]/C
                            (rising edge-triggered cell FDRE clocked by clk_pl_0  {rise@0.000ns fall@2.500ns period=5.000ns})
  Destination:            top_i/axi_interconnect_0/s00_couplers/auto_ds/inst/gen_downsizer.gen_simple_downsizer.axi_downsizer_inst/USE_WRITE.write_addr_inst/USE_B_CHANNEL.cmd_b_queue/inst/fifo_gen_inst/inst_fifo_gen/gconvfifo.rf/grf.rf/gntv_or_sync_fifo.gl0.wr/gwss.wsts/ram_full_fb_i_reg/CLR
                            (removal check against rising-edge clock clk_pl_0  {rise@0.000ns fall@2.500ns period=5.000ns})
  Path Group:             **async_default**
  Path Type:              Removal (Min at Fast Process Corner)
  Requirement:            0.000ns  (clk_pl_0 rise@0.000ns - clk_pl_0 rise@0.000ns)
  Data Path Delay:        0.293ns  (logic 0.119ns (40.616%)  route 0.174ns (59.384%))
  Logic Levels:           1  (LUT3=1)
  Clock Path Skew:        0.047ns (DCD - SCD - CPR)
    Destination Clock Delay (DCD):    2.050ns
    Source Clock Delay      (SCD):    1.855ns
    Clock Pessimism Removal (CPR):    0.149ns
  Clock Net Delay (Source):      1.704ns (routing 0.886ns, distribution 0.818ns)
  Clock Net Delay (Destination): 1.863ns (routing 0.971ns, distribution 0.892ns)

    Location             Delay type                Incr(ns)  Path(ns)    Netlist Resource(s)
  -------------------------------------------------------------------    -------------------
                         (clock clk_pl_0 rise edge)
                                                      0.000     0.000 r  
    PS8_X0Y0             PS8                          0.000     0.000 r  top_i/zynq_ps/inst/PS8_i/PLCLK[0]
                         net (fo=1, routed)           0.129     0.129    top_i/zynq_ps/inst/pl_clk_unbuffered[0]
    BUFG_PS_X0Y80        BUFG_PS (Prop_BUFG_PS_I_O)
                                                      0.022     0.151 r  top_i/zynq_ps/inst/buffer_pl_clk_0.PL_CLK_0_BUFG/O
    X1Y1 (CLOCK_ROOT)    net (fo=33585, routed)       1.704     1.855    top_i/axi_interconnect_0/s00_couplers/auto_ds/inst/gen_downsizer.gen_simple_downsizer.axi_downsizer_inst/USE_WRITE.write_addr_inst/USE_B_CHANNEL.cmd_b_queue/inst/fifo_gen_inst/inst_fifo_gen/gconvfifo.rf/grf.rf/rstblk/clk
    SLICE_X7Y92          FDRE                                         r  top_i/axi_interconnect_0/s00_couplers/auto_ds/inst/gen_downsizer.gen_simple_downsizer.axi_downsizer_inst/USE_WRITE.write_addr_inst/USE_B_CHANNEL.cmd_b_queue/inst/fifo_gen_inst/inst_fifo_gen/gconvfifo.rf/grf.rf/rstblk/ngwrdrst.grst.g7serrst.gnsckt_wrst.gcc_rst.sckt_wr_rst_cc_reg[0]/C
  -------------------------------------------------------------------    -------------------
    SLICE_X7Y92          FDRE (Prop_EFF_SLICEM_C_Q)
                                                      0.082     1.937 f  top_i/axi_interconnect_0/s00_couplers/auto_ds/inst/gen_downsizer.gen_simple_downsizer.axi_downsizer_inst/USE_WRITE.write_addr_inst/USE_B_CHANNEL.cmd_b_queue/inst/fifo_gen_inst/inst_fifo_gen/gconvfifo.rf/grf.rf/rstblk/ngwrdrst.grst.g7serrst.gnsckt_wrst.gcc_rst.sckt_wr_rst_cc_reg[0]/Q
                         net (fo=3, routed)           0.028     1.965    top_i/axi_interconnect_0/s00_couplers/auto_ds/inst/gen_downsizer.gen_simple_downsizer.axi_downsizer_inst/USE_WRITE.write_addr_inst/USE_B_CHANNEL.cmd_b_queue/inst/fifo_gen_inst/inst_fifo_gen/gconvfifo.rf/grf.rf/rstblk/ngwrdrst.grst.g7serrst.gnsckt_wrst.gcc_rst.sckt_wr_rst_cc[0]
    SLICE_X7Y92          LUT3 (Prop_F6LUT_SLICEM_I1_O)
                                                      0.037     2.002 f  top_i/axi_interconnect_0/s00_couplers/auto_ds/inst/gen_downsizer.gen_simple_downsizer.axi_downsizer_inst/USE_WRITE.write_addr_inst/USE_B_CHANNEL.cmd_b_queue/inst/fifo_gen_inst/inst_fifo_gen/gconvfifo.rf/grf.rf/rstblk/gpregsm1.curr_fwft_state[1]_i_2/O
                         net (fo=32, routed)          0.146     2.148    top_i/axi_interconnect_0/s00_couplers/auto_ds/inst/gen_downsizer.gen_simple_downsizer.axi_downsizer_inst/USE_WRITE.write_addr_inst/USE_B_CHANNEL.cmd_b_queue/inst/fifo_gen_inst/inst_fifo_gen/gconvfifo.rf/grf.rf/gntv_or_sync_fifo.gl0.wr/gwss.wsts/AR[0]
    SLICE_X10Y92         FDCE                                         f  top_i/axi_interconnect_0/s00_couplers/auto_ds/inst/gen_downsizer.gen_simple_downsizer.axi_downsizer_inst/USE_WRITE.write_addr_inst/USE_B_CHANNEL.cmd_b_queue/inst/fifo_gen_inst/inst_fifo_gen/gconvfifo.rf/grf.rf/gntv_or_sync_fifo.gl0.wr/gwss.wsts/ram_full_fb_i_reg/CLR
  -------------------------------------------------------------------    -------------------

                         (clock clk_pl_0 rise edge)
                                                      0.000     0.000 r  
    PS8_X0Y0             PS8                          0.000     0.000 r  top_i/zynq_ps/inst/PS8_i/PLCLK[0]
                         net (fo=1, routed)           0.164     0.164    top_i/zynq_ps/inst/pl_clk_unbuffered[0]
    BUFG_PS_X0Y80        BUFG_PS (Prop_BUFG_PS_I_O)
                                                      0.023     0.187 r  top_i/zynq_ps/inst/buffer_pl_clk_0.PL_CLK_0_BUFG/O
    X1Y1 (CLOCK_ROOT)    net (fo=33585, routed)       1.863     2.050    top_i/axi_interconnect_0/s00_couplers/auto_ds/inst/gen_downsizer.gen_simple_downsizer.axi_downsizer_inst/USE_WRITE.write_addr_inst/USE_B_CHANNEL.cmd_b_queue/inst/fifo_gen_inst/inst_fifo_gen/gconvfifo.rf/grf.rf/gntv_or_sync_fifo.gl0.wr/gwss.wsts/clk
    SLICE_X10Y92         FDCE                                         r  top_i/axi_interconnect_0/s00_couplers/auto_ds/inst/gen_downsizer.gen_simple_downsizer.axi_downsizer_inst/USE_WRITE.write_addr_inst/USE_B_CHANNEL.cmd_b_queue/inst/fifo_gen_inst/inst_fifo_gen/gconvfifo.rf/grf.rf/gntv_or_sync_fifo.gl0.wr/gwss.wsts/ram_full_fb_i_reg/C
                         clock pessimism             -0.149     1.901    
    SLICE_X10Y92         FDCE (Remov_EFF2_SLICEM_C_CLR)
                                                     -0.018     1.883    top_i/axi_interconnect_0/s00_couplers/auto_ds/inst/gen_downsizer.gen_simple_downsizer.axi_downsizer_inst/USE_WRITE.write_addr_inst/USE_B_CHANNEL.cmd_b_queue/inst/fifo_gen_inst/inst_fifo_gen/gconvfifo.rf/grf.rf/gntv_or_sync_fifo.gl0.wr/gwss.wsts/ram_full_fb_i_reg
  -------------------------------------------------------------------
                         required time                         -1.883    
                         arrival time                           2.148    
  -------------------------------------------------------------------
                         slack                                  0.264    

Slack (MET) :             0.264ns  (arrival time - required time)
  Source:                 top_i/axi_interconnect_0/s00_couplers/auto_ds/inst/gen_downsizer.gen_simple_downsizer.axi_downsizer_inst/USE_WRITE.write_addr_inst/USE_B_CHANNEL.cmd_b_queue/inst/fifo_gen_inst/inst_fifo_gen/gconvfifo.rf/grf.rf/rstblk/ngwrdrst.grst.g7serrst.gnsckt_wrst.gcc_rst.sckt_wr_rst_cc_reg[0]/C
                            (rising edge-triggered cell FDRE clocked by clk_pl_0  {rise@0.000ns fall@2.500ns period=5.000ns})
  Destination:            top_i/axi_interconnect_0/s00_couplers/auto_ds/inst/gen_downsizer.gen_simple_downsizer.axi_downsizer_inst/USE_WRITE.write_addr_inst/USE_B_CHANNEL.cmd_b_queue/inst/fifo_gen_inst/inst_fifo_gen/gconvfifo.rf/grf.rf/gntv_or_sync_fifo.gl0.wr/gwss.wsts/ram_full_i_reg/CLR
                            (removal check against rising-edge clock clk_pl_0  {rise@0.000ns fall@2.500ns period=5.000ns})
  Path Group:             **async_default**
  Path Type:              Removal (Min at Fast Process Corner)
  Requirement:            0.000ns  (clk_pl_0 rise@0.000ns - clk_pl_0 rise@0.000ns)
  Data Path Delay:        0.293ns  (logic 0.119ns (40.616%)  route 0.174ns (59.384%))
  Logic Levels:           1  (LUT3=1)
  Clock Path Skew:        0.047ns (DCD - SCD - CPR)
    Destination Clock Delay (DCD):    2.050ns
    Source Clock Delay      (SCD):    1.855ns
    Clock Pessimism Removal (CPR):    0.149ns
  Clock Net Delay (Source):      1.704ns (routing 0.886ns, distribution 0.818ns)
  Clock Net Delay (Destination): 1.863ns (routing 0.971ns, distribution 0.892ns)

    Location             Delay type                Incr(ns)  Path(ns)    Netlist Resource(s)
  -------------------------------------------------------------------    -------------------
                         (clock clk_pl_0 rise edge)
                                                      0.000     0.000 r  
    PS8_X0Y0             PS8                          0.000     0.000 r  top_i/zynq_ps/inst/PS8_i/PLCLK[0]
                         net (fo=1, routed)           0.129     0.129    top_i/zynq_ps/inst/pl_clk_unbuffered[0]
    BUFG_PS_X0Y80        BUFG_PS (Prop_BUFG_PS_I_O)
                                                      0.022     0.151 r  top_i/zynq_ps/inst/buffer_pl_clk_0.PL_CLK_0_BUFG/O
    X1Y1 (CLOCK_ROOT)    net (fo=33585, routed)       1.704     1.855    top_i/axi_interconnect_0/s00_couplers/auto_ds/inst/gen_downsizer.gen_simple_downsizer.axi_downsizer_inst/USE_WRITE.write_addr_inst/USE_B_CHANNEL.cmd_b_queue/inst/fifo_gen_inst/inst_fifo_gen/gconvfifo.rf/grf.rf/rstblk/clk
    SLICE_X7Y92          FDRE                                         r  top_i/axi_interconnect_0/s00_couplers/auto_ds/inst/gen_downsizer.gen_simple_downsizer.axi_downsizer_inst/USE_WRITE.write_addr_inst/USE_B_CHANNEL.cmd_b_queue/inst/fifo_gen_inst/inst_fifo_gen/gconvfifo.rf/grf.rf/rstblk/ngwrdrst.grst.g7serrst.gnsckt_wrst.gcc_rst.sckt_wr_rst_cc_reg[0]/C
  -------------------------------------------------------------------    -------------------
    SLICE_X7Y92          FDRE (Prop_EFF_SLICEM_C_Q)
                                                      0.082     1.937 f  top_i/axi_interconnect_0/s00_couplers/auto_ds/inst/gen_downsizer.gen_simple_downsizer.axi_downsizer_inst/USE_WRITE.write_addr_inst/USE_B_CHANNEL.cmd_b_queue/inst/fifo_gen_inst/inst_fifo_gen/gconvfifo.rf/grf.rf/rstblk/ngwrdrst.grst.g7serrst.gnsckt_wrst.gcc_rst.sckt_wr_rst_cc_reg[0]/Q
                         net (fo=3, routed)           0.028     1.965    top_i/axi_interconnect_0/s00_couplers/auto_ds/inst/gen_downsizer.gen_simple_downsizer.axi_downsizer_inst/USE_WRITE.write_addr_inst/USE_B_CHANNEL.cmd_b_queue/inst/fifo_gen_inst/inst_fifo_gen/gconvfifo.rf/grf.rf/rstblk/ngwrdrst.grst.g7serrst.gnsckt_wrst.gcc_rst.sckt_wr_rst_cc[0]
    SLICE_X7Y92          LUT3 (Prop_F6LUT_SLICEM_I1_O)
                                                      0.037     2.002 f  top_i/axi_interconnect_0/s00_couplers/auto_ds/inst/gen_downsizer.gen_simple_downsizer.axi_downsizer_inst/USE_WRITE.write_addr_inst/USE_B_CHANNEL.cmd_b_queue/inst/fifo_gen_inst/inst_fifo_gen/gconvfifo.rf/grf.rf/rstblk/gpregsm1.curr_fwft_state[1]_i_2/O
                         net (fo=32, routed)          0.146     2.148    top_i/axi_interconnect_0/s00_couplers/auto_ds/inst/gen_downsizer.gen_simple_downsizer.axi_downsizer_inst/USE_WRITE.write_addr_inst/USE_B_CHANNEL.cmd_b_queue/inst/fifo_gen_inst/inst_fifo_gen/gconvfifo.rf/grf.rf/gntv_or_sync_fifo.gl0.wr/gwss.wsts/AR[0]
    SLICE_X10Y92         FDCE                                         f  top_i/axi_interconnect_0/s00_couplers/auto_ds/inst/gen_downsizer.gen_simple_downsizer.axi_downsizer_inst/USE_WRITE.write_addr_inst/USE_B_CHANNEL.cmd_b_queue/inst/fifo_gen_inst/inst_fifo_gen/gconvfifo.rf/grf.rf/gntv_or_sync_fifo.gl0.wr/gwss.wsts/ram_full_i_reg/CLR
  -------------------------------------------------------------------    -------------------

                         (clock clk_pl_0 rise edge)
                                                      0.000     0.000 r  
    PS8_X0Y0             PS8                          0.000     0.000 r  top_i/zynq_ps/inst/PS8_i/PLCLK[0]
                         net (fo=1, routed)           0.164     0.164    top_i/zynq_ps/inst/pl_clk_unbuffered[0]
    BUFG_PS_X0Y80        BUFG_PS (Prop_BUFG_PS_I_O)
                                                      0.023     0.187 r  top_i/zynq_ps/inst/buffer_pl_clk_0.PL_CLK_0_BUFG/O
    X1Y1 (CLOCK_ROOT)    net (fo=33585, routed)       1.863     2.050    top_i/axi_interconnect_0/s00_couplers/auto_ds/inst/gen_downsizer.gen_simple_downsizer.axi_downsizer_inst/USE_WRITE.write_addr_inst/USE_B_CHANNEL.cmd_b_queue/inst/fifo_gen_inst/inst_fifo_gen/gconvfifo.rf/grf.rf/gntv_or_sync_fifo.gl0.wr/gwss.wsts/clk
    SLICE_X10Y92         FDCE                                         r  top_i/axi_interconnect_0/s00_couplers/auto_ds/inst/gen_downsizer.gen_simple_downsizer.axi_downsizer_inst/USE_WRITE.write_addr_inst/USE_B_CHANNEL.cmd_b_queue/inst/fifo_gen_inst/inst_fifo_gen/gconvfifo.rf/grf.rf/gntv_or_sync_fifo.gl0.wr/gwss.wsts/ram_full_i_reg/C
                         clock pessimism             -0.149     1.901    
    SLICE_X10Y92         FDCE (Remov_FFF_SLICEM_C_CLR)
                                                     -0.018     1.883    top_i/axi_interconnect_0/s00_couplers/auto_ds/inst/gen_downsizer.gen_simple_downsizer.axi_downsizer_inst/USE_WRITE.write_addr_inst/USE_B_CHANNEL.cmd_b_queue/inst/fifo_gen_inst/inst_fifo_gen/gconvfifo.rf/grf.rf/gntv_or_sync_fifo.gl0.wr/gwss.wsts/ram_full_i_reg
  -------------------------------------------------------------------
                         required time                         -1.883    
                         arrival time                           2.148    
  -------------------------------------------------------------------
                         slack                                  0.264    

Slack (MET) :             0.268ns  (arrival time - required time)
  Source:                 top_i/axi_interconnect_0/s00_couplers/auto_ds/inst/gen_downsizer.gen_simple_downsizer.axi_downsizer_inst/USE_WRITE.write_addr_inst/USE_B_CHANNEL.cmd_b_queue/inst/fifo_gen_inst/inst_fifo_gen/gconvfifo.rf/grf.rf/rstblk/ngwrdrst.grst.g7serrst.gnsckt_wrst.gcc_rst.sckt_wr_rst_cc_reg[0]/C
                            (rising edge-triggered cell FDRE clocked by clk_pl_0  {rise@0.000ns fall@2.500ns period=5.000ns})
  Destination:            top_i/axi_interconnect_0/s00_couplers/auto_ds/inst/gen_downsizer.gen_simple_downsizer.axi_downsizer_inst/USE_WRITE.write_addr_inst/USE_B_CHANNEL.cmd_b_queue/inst/fifo_gen_inst/inst_fifo_gen/gconvfifo.rf/grf.rf/gntv_or_sync_fifo.gl0.rd/rpntr/gc0.count_d1_reg[0]/CLR
                            (removal check against rising-edge clock clk_pl_0  {rise@0.000ns fall@2.500ns period=5.000ns})
  Path Group:             **async_default**
  Path Type:              Removal (Min at Fast Process Corner)
  Requirement:            0.000ns  (clk_pl_0 rise@0.000ns - clk_pl_0 rise@0.000ns)
  Data Path Delay:        0.303ns  (logic 0.119ns (39.303%)  route 0.184ns (60.697%))
  Logic Levels:           1  (LUT3=1)
  Clock Path Skew:        0.053ns (DCD - SCD - CPR)
    Destination Clock Delay (DCD):    2.056ns
    Source Clock Delay      (SCD):    1.855ns
    Clock Pessimism Removal (CPR):    0.149ns
  Clock Net Delay (Source):      1.704ns (routing 0.886ns, distribution 0.818ns)
  Clock Net Delay (Destination): 1.869ns (routing 0.971ns, distribution 0.898ns)

    Location             Delay type                Incr(ns)  Path(ns)    Netlist Resource(s)
  -------------------------------------------------------------------    -------------------
                         (clock clk_pl_0 rise edge)
                                                      0.000     0.000 r  
    PS8_X0Y0             PS8                          0.000     0.000 r  top_i/zynq_ps/inst/PS8_i/PLCLK[0]
                         net (fo=1, routed)           0.129     0.129    top_i/zynq_ps/inst/pl_clk_unbuffered[0]
    BUFG_PS_X0Y80        BUFG_PS (Prop_BUFG_PS_I_O)
                                                      0.022     0.151 r  top_i/zynq_ps/inst/buffer_pl_clk_0.PL_CLK_0_BUFG/O
    X1Y1 (CLOCK_ROOT)    net (fo=33585, routed)       1.704     1.855    top_i/axi_interconnect_0/s00_couplers/auto_ds/inst/gen_downsizer.gen_simple_downsizer.axi_downsizer_inst/USE_WRITE.write_addr_inst/USE_B_CHANNEL.cmd_b_queue/inst/fifo_gen_inst/inst_fifo_gen/gconvfifo.rf/grf.rf/rstblk/clk
    SLICE_X7Y92          FDRE                                         r  top_i/axi_interconnect_0/s00_couplers/auto_ds/inst/gen_downsizer.gen_simple_downsizer.axi_downsizer_inst/USE_WRITE.write_addr_inst/USE_B_CHANNEL.cmd_b_queue/inst/fifo_gen_inst/inst_fifo_gen/gconvfifo.rf/grf.rf/rstblk/ngwrdrst.grst.g7serrst.gnsckt_wrst.gcc_rst.sckt_wr_rst_cc_reg[0]/C
  -------------------------------------------------------------------    -------------------
    SLICE_X7Y92          FDRE (Prop_EFF_SLICEM_C_Q)
                                                      0.082     1.937 f  top_i/axi_interconnect_0/s00_couplers/auto_ds/inst/gen_downsizer.gen_simple_downsizer.axi_downsizer_inst/USE_WRITE.write_addr_inst/USE_B_CHANNEL.cmd_b_queue/inst/fifo_gen_inst/inst_fifo_gen/gconvfifo.rf/grf.rf/rstblk/ngwrdrst.grst.g7serrst.gnsckt_wrst.gcc_rst.sckt_wr_rst_cc_reg[0]/Q
                         net (fo=3, routed)           0.028     1.965    top_i/axi_interconnect_0/s00_couplers/auto_ds/inst/gen_downsizer.gen_simple_downsizer.axi_downsizer_inst/USE_WRITE.write_addr_inst/USE_B_CHANNEL.cmd_b_queue/inst/fifo_gen_inst/inst_fifo_gen/gconvfifo.rf/grf.rf/rstblk/ngwrdrst.grst.g7serrst.gnsckt_wrst.gcc_rst.sckt_wr_rst_cc[0]
    SLICE_X7Y92          LUT3 (Prop_F6LUT_SLICEM_I1_O)
                                                      0.037     2.002 f  top_i/axi_interconnect_0/s00_couplers/auto_ds/inst/gen_downsizer.gen_simple_downsizer.axi_downsizer_inst/USE_WRITE.write_addr_inst/USE_B_CHANNEL.cmd_b_queue/inst/fifo_gen_inst/inst_fifo_gen/gconvfifo.rf/grf.rf/rstblk/gpregsm1.curr_fwft_state[1]_i_2/O
                         net (fo=32, routed)          0.156     2.157    top_i/axi_interconnect_0/s00_couplers/auto_ds/inst/gen_downsizer.gen_simple_downsizer.axi_downsizer_inst/USE_WRITE.write_addr_inst/USE_B_CHANNEL.cmd_b_queue/inst/fifo_gen_inst/inst_fifo_gen/gconvfifo.rf/grf.rf/gntv_or_sync_fifo.gl0.rd/rpntr/gc0.count_d1_reg[4]_1
    SLICE_X9Y92          FDCE                                         f  top_i/axi_interconnect_0/s00_couplers/auto_ds/inst/gen_downsizer.gen_simple_downsizer.axi_downsizer_inst/USE_WRITE.write_addr_inst/USE_B_CHANNEL.cmd_b_queue/inst/fifo_gen_inst/inst_fifo_gen/gconvfifo.rf/grf.rf/gntv_or_sync_fifo.gl0.rd/rpntr/gc0.count_d1_reg[0]/CLR
  -------------------------------------------------------------------    -------------------

                         (clock clk_pl_0 rise edge)
                                                      0.000     0.000 r  
    PS8_X0Y0             PS8                          0.000     0.000 r  top_i/zynq_ps/inst/PS8_i/PLCLK[0]
                         net (fo=1, routed)           0.164     0.164    top_i/zynq_ps/inst/pl_clk_unbuffered[0]
    BUFG_PS_X0Y80        BUFG_PS (Prop_BUFG_PS_I_O)
                                                      0.023     0.187 r  top_i/zynq_ps/inst/buffer_pl_clk_0.PL_CLK_0_BUFG/O
    X1Y1 (CLOCK_ROOT)    net (fo=33585, routed)       1.869     2.056    top_i/axi_interconnect_0/s00_couplers/auto_ds/inst/gen_downsizer.gen_simple_downsizer.axi_downsizer_inst/USE_WRITE.write_addr_inst/USE_B_CHANNEL.cmd_b_queue/inst/fifo_gen_inst/inst_fifo_gen/gconvfifo.rf/grf.rf/gntv_or_sync_fifo.gl0.rd/rpntr/clk
    SLICE_X9Y92          FDCE                                         r  top_i/axi_interconnect_0/s00_couplers/auto_ds/inst/gen_downsizer.gen_simple_downsizer.axi_downsizer_inst/USE_WRITE.write_addr_inst/USE_B_CHANNEL.cmd_b_queue/inst/fifo_gen_inst/inst_fifo_gen/gconvfifo.rf/grf.rf/gntv_or_sync_fifo.gl0.rd/rpntr/gc0.count_d1_reg[0]/C
                         clock pessimism             -0.149     1.908    
    SLICE_X9Y92          FDCE (Remov_HFF2_SLICEL_C_CLR)
                                                     -0.018     1.890    top_i/axi_interconnect_0/s00_couplers/auto_ds/inst/gen_downsizer.gen_simple_downsizer.axi_downsizer_inst/USE_WRITE.write_addr_inst/USE_B_CHANNEL.cmd_b_queue/inst/fifo_gen_inst/inst_fifo_gen/gconvfifo.rf/grf.rf/gntv_or_sync_fifo.gl0.rd/rpntr/gc0.count_d1_reg[0]
  -------------------------------------------------------------------
                         required time                         -1.890    
                         arrival time                           2.157    
  -------------------------------------------------------------------
                         slack                                  0.268    

Slack (MET) :             0.268ns  (arrival time - required time)
  Source:                 top_i/axi_interconnect_0/s00_couplers/auto_ds/inst/gen_downsizer.gen_simple_downsizer.axi_downsizer_inst/USE_WRITE.write_addr_inst/USE_B_CHANNEL.cmd_b_queue/inst/fifo_gen_inst/inst_fifo_gen/gconvfifo.rf/grf.rf/rstblk/ngwrdrst.grst.g7serrst.gnsckt_wrst.gcc_rst.sckt_wr_rst_cc_reg[0]/C
                            (rising edge-triggered cell FDRE clocked by clk_pl_0  {rise@0.000ns fall@2.500ns period=5.000ns})
  Destination:            top_i/axi_interconnect_0/s00_couplers/auto_ds/inst/gen_downsizer.gen_simple_downsizer.axi_downsizer_inst/USE_WRITE.write_addr_inst/USE_B_CHANNEL.cmd_b_queue/inst/fifo_gen_inst/inst_fifo_gen/gconvfifo.rf/grf.rf/gntv_or_sync_fifo.gl0.rd/rpntr/gc0.count_d1_reg[1]/CLR
                            (removal check against rising-edge clock clk_pl_0  {rise@0.000ns fall@2.500ns period=5.000ns})
  Path Group:             **async_default**
  Path Type:              Removal (Min at Fast Process Corner)
  Requirement:            0.000ns  (clk_pl_0 rise@0.000ns - clk_pl_0 rise@0.000ns)
  Data Path Delay:        0.303ns  (logic 0.119ns (39.303%)  route 0.184ns (60.697%))
  Logic Levels:           1  (LUT3=1)
  Clock Path Skew:        0.053ns (DCD - SCD - CPR)
    Destination Clock Delay (DCD):    2.056ns
    Source Clock Delay      (SCD):    1.855ns
    Clock Pessimism Removal (CPR):    0.149ns
  Clock Net Delay (Source):      1.704ns (routing 0.886ns, distribution 0.818ns)
  Clock Net Delay (Destination): 1.869ns (routing 0.971ns, distribution 0.898ns)

    Location             Delay type                Incr(ns)  Path(ns)    Netlist Resource(s)
  -------------------------------------------------------------------    -------------------
                         (clock clk_pl_0 rise edge)
                                                      0.000     0.000 r  
    PS8_X0Y0             PS8                          0.000     0.000 r  top_i/zynq_ps/inst/PS8_i/PLCLK[0]
                         net (fo=1, routed)           0.129     0.129    top_i/zynq_ps/inst/pl_clk_unbuffered[0]
    BUFG_PS_X0Y80        BUFG_PS (Prop_BUFG_PS_I_O)
                                                      0.022     0.151 r  top_i/zynq_ps/inst/buffer_pl_clk_0.PL_CLK_0_BUFG/O
    X1Y1 (CLOCK_ROOT)    net (fo=33585, routed)       1.704     1.855    top_i/axi_interconnect_0/s00_couplers/auto_ds/inst/gen_downsizer.gen_simple_downsizer.axi_downsizer_inst/USE_WRITE.write_addr_inst/USE_B_CHANNEL.cmd_b_queue/inst/fifo_gen_inst/inst_fifo_gen/gconvfifo.rf/grf.rf/rstblk/clk
    SLICE_X7Y92          FDRE                                         r  top_i/axi_interconnect_0/s00_couplers/auto_ds/inst/gen_downsizer.gen_simple_downsizer.axi_downsizer_inst/USE_WRITE.write_addr_inst/USE_B_CHANNEL.cmd_b_queue/inst/fifo_gen_inst/inst_fifo_gen/gconvfifo.rf/grf.rf/rstblk/ngwrdrst.grst.g7serrst.gnsckt_wrst.gcc_rst.sckt_wr_rst_cc_reg[0]/C
  -------------------------------------------------------------------    -------------------
    SLICE_X7Y92          FDRE (Prop_EFF_SLICEM_C_Q)
                                                      0.082     1.937 f  top_i/axi_interconnect_0/s00_couplers/auto_ds/inst/gen_downsizer.gen_simple_downsizer.axi_downsizer_inst/USE_WRITE.write_addr_inst/USE_B_CHANNEL.cmd_b_queue/inst/fifo_gen_inst/inst_fifo_gen/gconvfifo.rf/grf.rf/rstblk/ngwrdrst.grst.g7serrst.gnsckt_wrst.gcc_rst.sckt_wr_rst_cc_reg[0]/Q
                         net (fo=3, routed)           0.028     1.965    top_i/axi_interconnect_0/s00_couplers/auto_ds/inst/gen_downsizer.gen_simple_downsizer.axi_downsizer_inst/USE_WRITE.write_addr_inst/USE_B_CHANNEL.cmd_b_queue/inst/fifo_gen_inst/inst_fifo_gen/gconvfifo.rf/grf.rf/rstblk/ngwrdrst.grst.g7serrst.gnsckt_wrst.gcc_rst.sckt_wr_rst_cc[0]
    SLICE_X7Y92          LUT3 (Prop_F6LUT_SLICEM_I1_O)
                                                      0.037     2.002 f  top_i/axi_interconnect_0/s00_couplers/auto_ds/inst/gen_downsizer.gen_simple_downsizer.axi_downsizer_inst/USE_WRITE.write_addr_inst/USE_B_CHANNEL.cmd_b_queue/inst/fifo_gen_inst/inst_fifo_gen/gconvfifo.rf/grf.rf/rstblk/gpregsm1.curr_fwft_state[1]_i_2/O
                         net (fo=32, routed)          0.156     2.157    top_i/axi_interconnect_0/s00_couplers/auto_ds/inst/gen_downsizer.gen_simple_downsizer.axi_downsizer_inst/USE_WRITE.write_addr_inst/USE_B_CHANNEL.cmd_b_queue/inst/fifo_gen_inst/inst_fifo_gen/gconvfifo.rf/grf.rf/gntv_or_sync_fifo.gl0.rd/rpntr/gc0.count_d1_reg[4]_1
    SLICE_X9Y92          FDCE                                         f  top_i/axi_interconnect_0/s00_couplers/auto_ds/inst/gen_downsizer.gen_simple_downsizer.axi_downsizer_inst/USE_WRITE.write_addr_inst/USE_B_CHANNEL.cmd_b_queue/inst/fifo_gen_inst/inst_fifo_gen/gconvfifo.rf/grf.rf/gntv_or_sync_fifo.gl0.rd/rpntr/gc0.count_d1_reg[1]/CLR
  -------------------------------------------------------------------    -------------------

                         (clock clk_pl_0 rise edge)
                                                      0.000     0.000 r  
    PS8_X0Y0             PS8                          0.000     0.000 r  top_i/zynq_ps/inst/PS8_i/PLCLK[0]
                         net (fo=1, routed)           0.164     0.164    top_i/zynq_ps/inst/pl_clk_unbuffered[0]
    BUFG_PS_X0Y80        BUFG_PS (Prop_BUFG_PS_I_O)
                                                      0.023     0.187 r  top_i/zynq_ps/inst/buffer_pl_clk_0.PL_CLK_0_BUFG/O
    X1Y1 (CLOCK_ROOT)    net (fo=33585, routed)       1.869     2.056    top_i/axi_interconnect_0/s00_couplers/auto_ds/inst/gen_downsizer.gen_simple_downsizer.axi_downsizer_inst/USE_WRITE.write_addr_inst/USE_B_CHANNEL.cmd_b_queue/inst/fifo_gen_inst/inst_fifo_gen/gconvfifo.rf/grf.rf/gntv_or_sync_fifo.gl0.rd/rpntr/clk
    SLICE_X9Y92          FDCE                                         r  top_i/axi_interconnect_0/s00_couplers/auto_ds/inst/gen_downsizer.gen_simple_downsizer.axi_downsizer_inst/USE_WRITE.write_addr_inst/USE_B_CHANNEL.cmd_b_queue/inst/fifo_gen_inst/inst_fifo_gen/gconvfifo.rf/grf.rf/gntv_or_sync_fifo.gl0.rd/rpntr/gc0.count_d1_reg[1]/C
                         clock pessimism             -0.149     1.908    
    SLICE_X9Y92          FDCE (Remov_GFF2_SLICEL_C_CLR)
                                                     -0.018     1.890    top_i/axi_interconnect_0/s00_couplers/auto_ds/inst/gen_downsizer.gen_simple_downsizer.axi_downsizer_inst/USE_WRITE.write_addr_inst/USE_B_CHANNEL.cmd_b_queue/inst/fifo_gen_inst/inst_fifo_gen/gconvfifo.rf/grf.rf/gntv_or_sync_fifo.gl0.rd/rpntr/gc0.count_d1_reg[1]
  -------------------------------------------------------------------
                         required time                         -1.890    
                         arrival time                           2.157    
  -------------------------------------------------------------------
                         slack                                  0.268    

Slack (MET) :             0.268ns  (arrival time - required time)
  Source:                 top_i/axi_interconnect_0/s00_couplers/auto_ds/inst/gen_downsizer.gen_simple_downsizer.axi_downsizer_inst/USE_WRITE.write_addr_inst/USE_B_CHANNEL.cmd_b_queue/inst/fifo_gen_inst/inst_fifo_gen/gconvfifo.rf/grf.rf/rstblk/ngwrdrst.grst.g7serrst.gnsckt_wrst.gcc_rst.sckt_wr_rst_cc_reg[0]/C
                            (rising edge-triggered cell FDRE clocked by clk_pl_0  {rise@0.000ns fall@2.500ns period=5.000ns})
  Destination:            top_i/axi_interconnect_0/s00_couplers/auto_ds/inst/gen_downsizer.gen_simple_downsizer.axi_downsizer_inst/USE_WRITE.write_addr_inst/USE_B_CHANNEL.cmd_b_queue/inst/fifo_gen_inst/inst_fifo_gen/gconvfifo.rf/grf.rf/gntv_or_sync_fifo.gl0.wr/wpntr/gcc0.gc0.count_reg[1]/CLR
                            (removal check against rising-edge clock clk_pl_0  {rise@0.000ns fall@2.500ns period=5.000ns})
  Path Group:             **async_default**
  Path Type:              Removal (Min at Fast Process Corner)
  Requirement:            0.000ns  (clk_pl_0 rise@0.000ns - clk_pl_0 rise@0.000ns)
  Data Path Delay:        0.303ns  (logic 0.119ns (39.303%)  route 0.184ns (60.697%))
  Logic Levels:           1  (LUT3=1)
  Clock Path Skew:        0.053ns (DCD - SCD - CPR)
    Destination Clock Delay (DCD):    2.056ns
    Source Clock Delay      (SCD):    1.855ns
    Clock Pessimism Removal (CPR):    0.149ns
  Clock Net Delay (Source):      1.704ns (routing 0.886ns, distribution 0.818ns)
  Clock Net Delay (Destination): 1.869ns (routing 0.971ns, distribution 0.898ns)

    Location             Delay type                Incr(ns)  Path(ns)    Netlist Resource(s)
  -------------------------------------------------------------------    -------------------
                         (clock clk_pl_0 rise edge)
                                                      0.000     0.000 r  
    PS8_X0Y0             PS8                          0.000     0.000 r  top_i/zynq_ps/inst/PS8_i/PLCLK[0]
                         net (fo=1, routed)           0.129     0.129    top_i/zynq_ps/inst/pl_clk_unbuffered[0]
    BUFG_PS_X0Y80        BUFG_PS (Prop_BUFG_PS_I_O)
                                                      0.022     0.151 r  top_i/zynq_ps/inst/buffer_pl_clk_0.PL_CLK_0_BUFG/O
    X1Y1 (CLOCK_ROOT)    net (fo=33585, routed)       1.704     1.855    top_i/axi_interconnect_0/s00_couplers/auto_ds/inst/gen_downsizer.gen_simple_downsizer.axi_downsizer_inst/USE_WRITE.write_addr_inst/USE_B_CHANNEL.cmd_b_queue/inst/fifo_gen_inst/inst_fifo_gen/gconvfifo.rf/grf.rf/rstblk/clk
    SLICE_X7Y92          FDRE                                         r  top_i/axi_interconnect_0/s00_couplers/auto_ds/inst/gen_downsizer.gen_simple_downsizer.axi_downsizer_inst/USE_WRITE.write_addr_inst/USE_B_CHANNEL.cmd_b_queue/inst/fifo_gen_inst/inst_fifo_gen/gconvfifo.rf/grf.rf/rstblk/ngwrdrst.grst.g7serrst.gnsckt_wrst.gcc_rst.sckt_wr_rst_cc_reg[0]/C
  -------------------------------------------------------------------    -------------------
    SLICE_X7Y92          FDRE (Prop_EFF_SLICEM_C_Q)
                                                      0.082     1.937 f  top_i/axi_interconnect_0/s00_couplers/auto_ds/inst/gen_downsizer.gen_simple_downsizer.axi_downsizer_inst/USE_WRITE.write_addr_inst/USE_B_CHANNEL.cmd_b_queue/inst/fifo_gen_inst/inst_fifo_gen/gconvfifo.rf/grf.rf/rstblk/ngwrdrst.grst.g7serrst.gnsckt_wrst.gcc_rst.sckt_wr_rst_cc_reg[0]/Q
                         net (fo=3, routed)           0.028     1.965    top_i/axi_interconnect_0/s00_couplers/auto_ds/inst/gen_downsizer.gen_simple_downsizer.axi_downsizer_inst/USE_WRITE.write_addr_inst/USE_B_CHANNEL.cmd_b_queue/inst/fifo_gen_inst/inst_fifo_gen/gconvfifo.rf/grf.rf/rstblk/ngwrdrst.grst.g7serrst.gnsckt_wrst.gcc_rst.sckt_wr_rst_cc[0]
    SLICE_X7Y92          LUT3 (Prop_F6LUT_SLICEM_I1_O)
                                                      0.037     2.002 f  top_i/axi_interconnect_0/s00_couplers/auto_ds/inst/gen_downsizer.gen_simple_downsizer.axi_downsizer_inst/USE_WRITE.write_addr_inst/USE_B_CHANNEL.cmd_b_queue/inst/fifo_gen_inst/inst_fifo_gen/gconvfifo.rf/grf.rf/rstblk/gpregsm1.curr_fwft_state[1]_i_2/O
                         net (fo=32, routed)          0.156     2.157    top_i/axi_interconnect_0/s00_couplers/auto_ds/inst/gen_downsizer.gen_simple_downsizer.axi_downsizer_inst/USE_WRITE.write_addr_inst/USE_B_CHANNEL.cmd_b_queue/inst/fifo_gen_inst/inst_fifo_gen/gconvfifo.rf/grf.rf/gntv_or_sync_fifo.gl0.wr/wpntr/AR[0]
    SLICE_X9Y92          FDCE                                         f  top_i/axi_interconnect_0/s00_couplers/auto_ds/inst/gen_downsizer.gen_simple_downsizer.axi_downsizer_inst/USE_WRITE.write_addr_inst/USE_B_CHANNEL.cmd_b_queue/inst/fifo_gen_inst/inst_fifo_gen/gconvfifo.rf/grf.rf/gntv_or_sync_fifo.gl0.wr/wpntr/gcc0.gc0.count_reg[1]/CLR
  -------------------------------------------------------------------    -------------------

                         (clock clk_pl_0 rise edge)
                                                      0.000     0.000 r  
    PS8_X0Y0             PS8                          0.000     0.000 r  top_i/zynq_ps/inst/PS8_i/PLCLK[0]
                         net (fo=1, routed)           0.164     0.164    top_i/zynq_ps/inst/pl_clk_unbuffered[0]
    BUFG_PS_X0Y80        BUFG_PS (Prop_BUFG_PS_I_O)
                                                      0.023     0.187 r  top_i/zynq_ps/inst/buffer_pl_clk_0.PL_CLK_0_BUFG/O
    X1Y1 (CLOCK_ROOT)    net (fo=33585, routed)       1.869     2.056    top_i/axi_interconnect_0/s00_couplers/auto_ds/inst/gen_downsizer.gen_simple_downsizer.axi_downsizer_inst/USE_WRITE.write_addr_inst/USE_B_CHANNEL.cmd_b_queue/inst/fifo_gen_inst/inst_fifo_gen/gconvfifo.rf/grf.rf/gntv_or_sync_fifo.gl0.wr/wpntr/clk
    SLICE_X9Y92          FDCE                                         r  top_i/axi_interconnect_0/s00_couplers/auto_ds/inst/gen_downsizer.gen_simple_downsizer.axi_downsizer_inst/USE_WRITE.write_addr_inst/USE_B_CHANNEL.cmd_b_queue/inst/fifo_gen_inst/inst_fifo_gen/gconvfifo.rf/grf.rf/gntv_or_sync_fifo.gl0.wr/wpntr/gcc0.gc0.count_reg[1]/C
                         clock pessimism             -0.149     1.908    
    SLICE_X9Y92          FDCE (Remov_HFF_SLICEL_C_CLR)
                                                     -0.018     1.890    top_i/axi_interconnect_0/s00_couplers/auto_ds/inst/gen_downsizer.gen_simple_downsizer.axi_downsizer_inst/USE_WRITE.write_addr_inst/USE_B_CHANNEL.cmd_b_queue/inst/fifo_gen_inst/inst_fifo_gen/gconvfifo.rf/grf.rf/gntv_or_sync_fifo.gl0.wr/wpntr/gcc0.gc0.count_reg[1]
  -------------------------------------------------------------------
                         required time                         -1.890    
                         arrival time                           2.157    
  -------------------------------------------------------------------
                         slack                                  0.268    

Slack (MET) :             0.278ns  (arrival time - required time)
  Source:                 top_i/axi_interconnect_0/s00_couplers/auto_ds/inst/gen_downsizer.gen_simple_downsizer.axi_downsizer_inst/USE_WRITE.write_addr_inst/cmd_queue/inst/fifo_gen_inst/inst_fifo_gen/gconvfifo.rf/grf.rf/rstblk/ngwrdrst.grst.g7serrst.gnsckt_wrst.gcc_rst.sckt_wr_rst_cc_reg[0]/C
                            (rising edge-triggered cell FDRE clocked by clk_pl_0  {rise@0.000ns fall@2.500ns period=5.000ns})
  Destination:            top_i/axi_interconnect_0/s00_couplers/auto_ds/inst/gen_downsizer.gen_simple_downsizer.axi_downsizer_inst/USE_WRITE.write_addr_inst/cmd_queue/inst/fifo_gen_inst/inst_fifo_gen/gconvfifo.rf/grf.rf/gntv_or_sync_fifo.gl0.rd/gr1.gr1_int.rfwft/empty_fwft_fb_o_i_reg/PRE
                            (removal check against rising-edge clock clk_pl_0  {rise@0.000ns fall@2.500ns period=5.000ns})
  Path Group:             **async_default**
  Path Type:              Removal (Min at Fast Process Corner)
  Requirement:            0.000ns  (clk_pl_0 rise@0.000ns - clk_pl_0 rise@0.000ns)
  Data Path Delay:        0.281ns  (logic 0.105ns (37.334%)  route 0.176ns (62.666%))
  Logic Levels:           1  (LUT3=1)
  Clock Path Skew:        0.021ns (DCD - SCD - CPR)
    Destination Clock Delay (DCD):    2.055ns
    Source Clock Delay      (SCD):    1.855ns
    Clock Pessimism Removal (CPR):    0.180ns
  Clock Net Delay (Source):      1.704ns (routing 0.886ns, distribution 0.818ns)
  Clock Net Delay (Destination): 1.868ns (routing 0.971ns, distribution 0.897ns)

    Location             Delay type                Incr(ns)  Path(ns)    Netlist Resource(s)
  -------------------------------------------------------------------    -------------------
                         (clock clk_pl_0 rise edge)
                                                      0.000     0.000 r  
    PS8_X0Y0             PS8                          0.000     0.000 r  top_i/zynq_ps/inst/PS8_i/PLCLK[0]
                         net (fo=1, routed)           0.129     0.129    top_i/zynq_ps/inst/pl_clk_unbuffered[0]
    BUFG_PS_X0Y80        BUFG_PS (Prop_BUFG_PS_I_O)
                                                      0.022     0.151 r  top_i/zynq_ps/inst/buffer_pl_clk_0.PL_CLK_0_BUFG/O
    X1Y1 (CLOCK_ROOT)    net (fo=33585, routed)       1.704     1.855    top_i/axi_interconnect_0/s00_couplers/auto_ds/inst/gen_downsizer.gen_simple_downsizer.axi_downsizer_inst/USE_WRITE.write_addr_inst/cmd_queue/inst/fifo_gen_inst/inst_fifo_gen/gconvfifo.rf/grf.rf/rstblk/clk
    SLICE_X7Y92          FDRE                                         r  top_i/axi_interconnect_0/s00_couplers/auto_ds/inst/gen_downsizer.gen_simple_downsizer.axi_downsizer_inst/USE_WRITE.write_addr_inst/cmd_queue/inst/fifo_gen_inst/inst_fifo_gen/gconvfifo.rf/grf.rf/rstblk/ngwrdrst.grst.g7serrst.gnsckt_wrst.gcc_rst.sckt_wr_rst_cc_reg[0]/C
  -------------------------------------------------------------------    -------------------
    SLICE_X7Y92          FDRE (Prop_FFF2_SLICEM_C_Q)
                                                      0.084     1.939 f  top_i/axi_interconnect_0/s00_couplers/auto_ds/inst/gen_downsizer.gen_simple_downsizer.axi_downsizer_inst/USE_WRITE.write_addr_inst/cmd_queue/inst/fifo_gen_inst/inst_fifo_gen/gconvfifo.rf/grf.rf/rstblk/ngwrdrst.grst.g7serrst.gnsckt_wrst.gcc_rst.sckt_wr_rst_cc_reg[0]/Q
                         net (fo=3, routed)           0.077     2.016    top_i/axi_interconnect_0/s00_couplers/auto_ds/inst/gen_downsizer.gen_simple_downsizer.axi_downsizer_inst/USE_WRITE.write_addr_inst/cmd_queue/inst/fifo_gen_inst/inst_fifo_gen/gconvfifo.rf/grf.rf/rstblk/ngwrdrst.grst.g7serrst.gnsckt_wrst.gcc_rst.sckt_wr_rst_cc[0]
    SLICE_X7Y92          LUT3 (Prop_E6LUT_SLICEM_I1_O)
                                                      0.021     2.037 f  top_i/axi_interconnect_0/s00_couplers/auto_ds/inst/gen_downsizer.gen_simple_downsizer.axi_downsizer_inst/USE_WRITE.write_addr_inst/cmd_queue/inst/fifo_gen_inst/inst_fifo_gen/gconvfifo.rf/grf.rf/rstblk/gpregsm1.curr_fwft_state[1]_i_2/O
                         net (fo=32, routed)          0.099     2.136    top_i/axi_interconnect_0/s00_couplers/auto_ds/inst/gen_downsizer.gen_simple_downsizer.axi_downsizer_inst/USE_WRITE.write_addr_inst/cmd_queue/inst/fifo_gen_inst/inst_fifo_gen/gconvfifo.rf/grf.rf/gntv_or_sync_fifo.gl0.rd/gr1.gr1_int.rfwft/gpregsm1.user_valid_reg_0
    SLICE_X7Y93          FDPE                                         f  top_i/axi_interconnect_0/s00_couplers/auto_ds/inst/gen_downsizer.gen_simple_downsizer.axi_downsizer_inst/USE_WRITE.write_addr_inst/cmd_queue/inst/fifo_gen_inst/inst_fifo_gen/gconvfifo.rf/grf.rf/gntv_or_sync_fifo.gl0.rd/gr1.gr1_int.rfwft/empty_fwft_fb_o_i_reg/PRE
  -------------------------------------------------------------------    -------------------

                         (clock clk_pl_0 rise edge)
                                                      0.000     0.000 r  
    PS8_X0Y0             PS8                          0.000     0.000 r  top_i/zynq_ps/inst/PS8_i/PLCLK[0]
                         net (fo=1, routed)           0.164     0.164    top_i/zynq_ps/inst/pl_clk_unbuffered[0]
    BUFG_PS_X0Y80        BUFG_PS (Prop_BUFG_PS_I_O)
                                                      0.023     0.187 r  top_i/zynq_ps/inst/buffer_pl_clk_0.PL_CLK_0_BUFG/O
    X1Y1 (CLOCK_ROOT)    net (fo=33585, routed)       1.868     2.055    top_i/axi_interconnect_0/s00_couplers/auto_ds/inst/gen_downsizer.gen_simple_downsizer.axi_downsizer_inst/USE_WRITE.write_addr_inst/cmd_queue/inst/fifo_gen_inst/inst_fifo_gen/gconvfifo.rf/grf.rf/gntv_or_sync_fifo.gl0.rd/gr1.gr1_int.rfwft/clk
    SLICE_X7Y93          FDPE                                         r  top_i/axi_interconnect_0/s00_couplers/auto_ds/inst/gen_downsizer.gen_simple_downsizer.axi_downsizer_inst/USE_WRITE.write_addr_inst/cmd_queue/inst/fifo_gen_inst/inst_fifo_gen/gconvfifo.rf/grf.rf/gntv_or_sync_fifo.gl0.rd/gr1.gr1_int.rfwft/empty_fwft_fb_o_i_reg/C
                         clock pessimism             -0.180     1.875    
    SLICE_X7Y93          FDPE (Remov_DFF2_SLICEM_C_PRE)
                                                     -0.018     1.857    top_i/axi_interconnect_0/s00_couplers/auto_ds/inst/gen_downsizer.gen_simple_downsizer.axi_downsizer_inst/USE_WRITE.write_addr_inst/cmd_queue/inst/fifo_gen_inst/inst_fifo_gen/gconvfifo.rf/grf.rf/gntv_or_sync_fifo.gl0.rd/gr1.gr1_int.rfwft/empty_fwft_fb_o_i_reg
  -------------------------------------------------------------------
                         required time                         -1.857    
                         arrival time                           2.136    
  -------------------------------------------------------------------
                         slack                                  0.278    

Slack (MET) :             0.278ns  (arrival time - required time)
  Source:                 top_i/axi_interconnect_0/s00_couplers/auto_ds/inst/gen_downsizer.gen_simple_downsizer.axi_downsizer_inst/USE_WRITE.write_addr_inst/cmd_queue/inst/fifo_gen_inst/inst_fifo_gen/gconvfifo.rf/grf.rf/rstblk/ngwrdrst.grst.g7serrst.gnsckt_wrst.gcc_rst.sckt_wr_rst_cc_reg[0]/C
                            (rising edge-triggered cell FDRE clocked by clk_pl_0  {rise@0.000ns fall@2.500ns period=5.000ns})
  Destination:            top_i/axi_interconnect_0/s00_couplers/auto_ds/inst/gen_downsizer.gen_simple_downsizer.axi_downsizer_inst/USE_WRITE.write_addr_inst/cmd_queue/inst/fifo_gen_inst/inst_fifo_gen/gconvfifo.rf/grf.rf/gntv_or_sync_fifo.gl0.rd/gr1.gr1_int.rfwft/gpregsm1.curr_fwft_state_reg[0]/CLR
                            (removal check against rising-edge clock clk_pl_0  {rise@0.000ns fall@2.500ns period=5.000ns})
  Path Group:             **async_default**
  Path Type:              Removal (Min at Fast Process Corner)
  Requirement:            0.000ns  (clk_pl_0 rise@0.000ns - clk_pl_0 rise@0.000ns)
  Data Path Delay:        0.281ns  (logic 0.105ns (37.334%)  route 0.176ns (62.666%))
  Logic Levels:           1  (LUT3=1)
  Clock Path Skew:        0.021ns (DCD - SCD - CPR)
    Destination Clock Delay (DCD):    2.055ns
    Source Clock Delay      (SCD):    1.855ns
    Clock Pessimism Removal (CPR):    0.180ns
  Clock Net Delay (Source):      1.704ns (routing 0.886ns, distribution 0.818ns)
  Clock Net Delay (Destination): 1.868ns (routing 0.971ns, distribution 0.897ns)

    Location             Delay type                Incr(ns)  Path(ns)    Netlist Resource(s)
  -------------------------------------------------------------------    -------------------
                         (clock clk_pl_0 rise edge)
                                                      0.000     0.000 r  
    PS8_X0Y0             PS8                          0.000     0.000 r  top_i/zynq_ps/inst/PS8_i/PLCLK[0]
                         net (fo=1, routed)           0.129     0.129    top_i/zynq_ps/inst/pl_clk_unbuffered[0]
    BUFG_PS_X0Y80        BUFG_PS (Prop_BUFG_PS_I_O)
                                                      0.022     0.151 r  top_i/zynq_ps/inst/buffer_pl_clk_0.PL_CLK_0_BUFG/O
    X1Y1 (CLOCK_ROOT)    net (fo=33585, routed)       1.704     1.855    top_i/axi_interconnect_0/s00_couplers/auto_ds/inst/gen_downsizer.gen_simple_downsizer.axi_downsizer_inst/USE_WRITE.write_addr_inst/cmd_queue/inst/fifo_gen_inst/inst_fifo_gen/gconvfifo.rf/grf.rf/rstblk/clk
    SLICE_X7Y92          FDRE                                         r  top_i/axi_interconnect_0/s00_couplers/auto_ds/inst/gen_downsizer.gen_simple_downsizer.axi_downsizer_inst/USE_WRITE.write_addr_inst/cmd_queue/inst/fifo_gen_inst/inst_fifo_gen/gconvfifo.rf/grf.rf/rstblk/ngwrdrst.grst.g7serrst.gnsckt_wrst.gcc_rst.sckt_wr_rst_cc_reg[0]/C
  -------------------------------------------------------------------    -------------------
    SLICE_X7Y92          FDRE (Prop_FFF2_SLICEM_C_Q)
                                                      0.084     1.939 f  top_i/axi_interconnect_0/s00_couplers/auto_ds/inst/gen_downsizer.gen_simple_downsizer.axi_downsizer_inst/USE_WRITE.write_addr_inst/cmd_queue/inst/fifo_gen_inst/inst_fifo_gen/gconvfifo.rf/grf.rf/rstblk/ngwrdrst.grst.g7serrst.gnsckt_wrst.gcc_rst.sckt_wr_rst_cc_reg[0]/Q
                         net (fo=3, routed)           0.077     2.016    top_i/axi_interconnect_0/s00_couplers/auto_ds/inst/gen_downsizer.gen_simple_downsizer.axi_downsizer_inst/USE_WRITE.write_addr_inst/cmd_queue/inst/fifo_gen_inst/inst_fifo_gen/gconvfifo.rf/grf.rf/rstblk/ngwrdrst.grst.g7serrst.gnsckt_wrst.gcc_rst.sckt_wr_rst_cc[0]
    SLICE_X7Y92          LUT3 (Prop_E6LUT_SLICEM_I1_O)
                                                      0.021     2.037 f  top_i/axi_interconnect_0/s00_couplers/auto_ds/inst/gen_downsizer.gen_simple_downsizer.axi_downsizer_inst/USE_WRITE.write_addr_inst/cmd_queue/inst/fifo_gen_inst/inst_fifo_gen/gconvfifo.rf/grf.rf/rstblk/gpregsm1.curr_fwft_state[1]_i_2/O
                         net (fo=32, routed)          0.099     2.136    top_i/axi_interconnect_0/s00_couplers/auto_ds/inst/gen_downsizer.gen_simple_downsizer.axi_downsizer_inst/USE_WRITE.write_addr_inst/cmd_queue/inst/fifo_gen_inst/inst_fifo_gen/gconvfifo.rf/grf.rf/gntv_or_sync_fifo.gl0.rd/gr1.gr1_int.rfwft/gpregsm1.user_valid_reg_0
    SLICE_X7Y93          FDCE                                         f  top_i/axi_interconnect_0/s00_couplers/auto_ds/inst/gen_downsizer.gen_simple_downsizer.axi_downsizer_inst/USE_WRITE.write_addr_inst/cmd_queue/inst/fifo_gen_inst/inst_fifo_gen/gconvfifo.rf/grf.rf/gntv_or_sync_fifo.gl0.rd/gr1.gr1_int.rfwft/gpregsm1.curr_fwft_state_reg[0]/CLR
  -------------------------------------------------------------------    -------------------

                         (clock clk_pl_0 rise edge)
                                                      0.000     0.000 r  
    PS8_X0Y0             PS8                          0.000     0.000 r  top_i/zynq_ps/inst/PS8_i/PLCLK[0]
                         net (fo=1, routed)           0.164     0.164    top_i/zynq_ps/inst/pl_clk_unbuffered[0]
    BUFG_PS_X0Y80        BUFG_PS (Prop_BUFG_PS_I_O)
                                                      0.023     0.187 r  top_i/zynq_ps/inst/buffer_pl_clk_0.PL_CLK_0_BUFG/O
    X1Y1 (CLOCK_ROOT)    net (fo=33585, routed)       1.868     2.055    top_i/axi_interconnect_0/s00_couplers/auto_ds/inst/gen_downsizer.gen_simple_downsizer.axi_downsizer_inst/USE_WRITE.write_addr_inst/cmd_queue/inst/fifo_gen_inst/inst_fifo_gen/gconvfifo.rf/grf.rf/gntv_or_sync_fifo.gl0.rd/gr1.gr1_int.rfwft/clk
    SLICE_X7Y93          FDCE                                         r  top_i/axi_interconnect_0/s00_couplers/auto_ds/inst/gen_downsizer.gen_simple_downsizer.axi_downsizer_inst/USE_WRITE.write_addr_inst/cmd_queue/inst/fifo_gen_inst/inst_fifo_gen/gconvfifo.rf/grf.rf/gntv_or_sync_fifo.gl0.rd/gr1.gr1_int.rfwft/gpregsm1.curr_fwft_state_reg[0]/C
                         clock pessimism             -0.180     1.875    
    SLICE_X7Y93          FDCE (Remov_CFF_SLICEM_C_CLR)
                                                     -0.018     1.857    top_i/axi_interconnect_0/s00_couplers/auto_ds/inst/gen_downsizer.gen_simple_downsizer.axi_downsizer_inst/USE_WRITE.write_addr_inst/cmd_queue/inst/fifo_gen_inst/inst_fifo_gen/gconvfifo.rf/grf.rf/gntv_or_sync_fifo.gl0.rd/gr1.gr1_int.rfwft/gpregsm1.curr_fwft_state_reg[0]
  -------------------------------------------------------------------
                         required time                         -1.857    
                         arrival time                           2.136    
  -------------------------------------------------------------------
                         slack                                  0.278    

Slack (MET) :             0.278ns  (arrival time - required time)
  Source:                 top_i/axi_interconnect_0/s00_couplers/auto_ds/inst/gen_downsizer.gen_simple_downsizer.axi_downsizer_inst/USE_WRITE.write_addr_inst/cmd_queue/inst/fifo_gen_inst/inst_fifo_gen/gconvfifo.rf/grf.rf/rstblk/ngwrdrst.grst.g7serrst.gnsckt_wrst.gcc_rst.sckt_wr_rst_cc_reg[0]/C
                            (rising edge-triggered cell FDRE clocked by clk_pl_0  {rise@0.000ns fall@2.500ns period=5.000ns})
  Destination:            top_i/axi_interconnect_0/s00_couplers/auto_ds/inst/gen_downsizer.gen_simple_downsizer.axi_downsizer_inst/USE_WRITE.write_addr_inst/cmd_queue/inst/fifo_gen_inst/inst_fifo_gen/gconvfifo.rf/grf.rf/gntv_or_sync_fifo.gl0.rd/gr1.gr1_int.rfwft/gpregsm1.curr_fwft_state_reg[1]/CLR
                            (removal check against rising-edge clock clk_pl_0  {rise@0.000ns fall@2.500ns period=5.000ns})
  Path Group:             **async_default**
  Path Type:              Removal (Min at Fast Process Corner)
  Requirement:            0.000ns  (clk_pl_0 rise@0.000ns - clk_pl_0 rise@0.000ns)
  Data Path Delay:        0.281ns  (logic 0.105ns (37.334%)  route 0.176ns (62.666%))
  Logic Levels:           1  (LUT3=1)
  Clock Path Skew:        0.021ns (DCD - SCD - CPR)
    Destination Clock Delay (DCD):    2.055ns
    Source Clock Delay      (SCD):    1.855ns
    Clock Pessimism Removal (CPR):    0.180ns
  Clock Net Delay (Source):      1.704ns (routing 0.886ns, distribution 0.818ns)
  Clock Net Delay (Destination): 1.868ns (routing 0.971ns, distribution 0.897ns)

    Location             Delay type                Incr(ns)  Path(ns)    Netlist Resource(s)
  -------------------------------------------------------------------    -------------------
                         (clock clk_pl_0 rise edge)
                                                      0.000     0.000 r  
    PS8_X0Y0             PS8                          0.000     0.000 r  top_i/zynq_ps/inst/PS8_i/PLCLK[0]
                         net (fo=1, routed)           0.129     0.129    top_i/zynq_ps/inst/pl_clk_unbuffered[0]
    BUFG_PS_X0Y80        BUFG_PS (Prop_BUFG_PS_I_O)
                                                      0.022     0.151 r  top_i/zynq_ps/inst/buffer_pl_clk_0.PL_CLK_0_BUFG/O
    X1Y1 (CLOCK_ROOT)    net (fo=33585, routed)       1.704     1.855    top_i/axi_interconnect_0/s00_couplers/auto_ds/inst/gen_downsizer.gen_simple_downsizer.axi_downsizer_inst/USE_WRITE.write_addr_inst/cmd_queue/inst/fifo_gen_inst/inst_fifo_gen/gconvfifo.rf/grf.rf/rstblk/clk
    SLICE_X7Y92          FDRE                                         r  top_i/axi_interconnect_0/s00_couplers/auto_ds/inst/gen_downsizer.gen_simple_downsizer.axi_downsizer_inst/USE_WRITE.write_addr_inst/cmd_queue/inst/fifo_gen_inst/inst_fifo_gen/gconvfifo.rf/grf.rf/rstblk/ngwrdrst.grst.g7serrst.gnsckt_wrst.gcc_rst.sckt_wr_rst_cc_reg[0]/C
  -------------------------------------------------------------------    -------------------
    SLICE_X7Y92          FDRE (Prop_FFF2_SLICEM_C_Q)
                                                      0.084     1.939 f  top_i/axi_interconnect_0/s00_couplers/auto_ds/inst/gen_downsizer.gen_simple_downsizer.axi_downsizer_inst/USE_WRITE.write_addr_inst/cmd_queue/inst/fifo_gen_inst/inst_fifo_gen/gconvfifo.rf/grf.rf/rstblk/ngwrdrst.grst.g7serrst.gnsckt_wrst.gcc_rst.sckt_wr_rst_cc_reg[0]/Q
                         net (fo=3, routed)           0.077     2.016    top_i/axi_interconnect_0/s00_couplers/auto_ds/inst/gen_downsizer.gen_simple_downsizer.axi_downsizer_inst/USE_WRITE.write_addr_inst/cmd_queue/inst/fifo_gen_inst/inst_fifo_gen/gconvfifo.rf/grf.rf/rstblk/ngwrdrst.grst.g7serrst.gnsckt_wrst.gcc_rst.sckt_wr_rst_cc[0]
    SLICE_X7Y92          LUT3 (Prop_E6LUT_SLICEM_I1_O)
                                                      0.021     2.037 f  top_i/axi_interconnect_0/s00_couplers/auto_ds/inst/gen_downsizer.gen_simple_downsizer.axi_downsizer_inst/USE_WRITE.write_addr_inst/cmd_queue/inst/fifo_gen_inst/inst_fifo_gen/gconvfifo.rf/grf.rf/rstblk/gpregsm1.curr_fwft_state[1]_i_2/O
                         net (fo=32, routed)          0.099     2.136    top_i/axi_interconnect_0/s00_couplers/auto_ds/inst/gen_downsizer.gen_simple_downsizer.axi_downsizer_inst/USE_WRITE.write_addr_inst/cmd_queue/inst/fifo_gen_inst/inst_fifo_gen/gconvfifo.rf/grf.rf/gntv_or_sync_fifo.gl0.rd/gr1.gr1_int.rfwft/gpregsm1.user_valid_reg_0
    SLICE_X7Y93          FDCE                                         f  top_i/axi_interconnect_0/s00_couplers/auto_ds/inst/gen_downsizer.gen_simple_downsizer.axi_downsizer_inst/USE_WRITE.write_addr_inst/cmd_queue/inst/fifo_gen_inst/inst_fifo_gen/gconvfifo.rf/grf.rf/gntv_or_sync_fifo.gl0.rd/gr1.gr1_int.rfwft/gpregsm1.curr_fwft_state_reg[1]/CLR
  -------------------------------------------------------------------    -------------------

                         (clock clk_pl_0 rise edge)
                                                      0.000     0.000 r  
    PS8_X0Y0             PS8                          0.000     0.000 r  top_i/zynq_ps/inst/PS8_i/PLCLK[0]
                         net (fo=1, routed)           0.164     0.164    top_i/zynq_ps/inst/pl_clk_unbuffered[0]
    BUFG_PS_X0Y80        BUFG_PS (Prop_BUFG_PS_I_O)
                                                      0.023     0.187 r  top_i/zynq_ps/inst/buffer_pl_clk_0.PL_CLK_0_BUFG/O
    X1Y1 (CLOCK_ROOT)    net (fo=33585, routed)       1.868     2.055    top_i/axi_interconnect_0/s00_couplers/auto_ds/inst/gen_downsizer.gen_simple_downsizer.axi_downsizer_inst/USE_WRITE.write_addr_inst/cmd_queue/inst/fifo_gen_inst/inst_fifo_gen/gconvfifo.rf/grf.rf/gntv_or_sync_fifo.gl0.rd/gr1.gr1_int.rfwft/clk
    SLICE_X7Y93          FDCE                                         r  top_i/axi_interconnect_0/s00_couplers/auto_ds/inst/gen_downsizer.gen_simple_downsizer.axi_downsizer_inst/USE_WRITE.write_addr_inst/cmd_queue/inst/fifo_gen_inst/inst_fifo_gen/gconvfifo.rf/grf.rf/gntv_or_sync_fifo.gl0.rd/gr1.gr1_int.rfwft/gpregsm1.curr_fwft_state_reg[1]/C
                         clock pessimism             -0.180     1.875    
    SLICE_X7Y93          FDCE (Remov_CFF2_SLICEM_C_CLR)
                                                     -0.018     1.857    top_i/axi_interconnect_0/s00_couplers/auto_ds/inst/gen_downsizer.gen_simple_downsizer.axi_downsizer_inst/USE_WRITE.write_addr_inst/cmd_queue/inst/fifo_gen_inst/inst_fifo_gen/gconvfifo.rf/grf.rf/gntv_or_sync_fifo.gl0.rd/gr1.gr1_int.rfwft/gpregsm1.curr_fwft_state_reg[1]
  -------------------------------------------------------------------
                         required time                         -1.857    
                         arrival time                           2.136    
  -------------------------------------------------------------------
                         slack                                  0.278    

Slack (MET) :             0.278ns  (arrival time - required time)
  Source:                 top_i/axi_interconnect_0/s00_couplers/auto_ds/inst/gen_downsizer.gen_simple_downsizer.axi_downsizer_inst/USE_WRITE.write_addr_inst/cmd_queue/inst/fifo_gen_inst/inst_fifo_gen/gconvfifo.rf/grf.rf/rstblk/ngwrdrst.grst.g7serrst.gnsckt_wrst.gcc_rst.sckt_wr_rst_cc_reg[0]/C
                            (rising edge-triggered cell FDRE clocked by clk_pl_0  {rise@0.000ns fall@2.500ns period=5.000ns})
  Destination:            top_i/axi_interconnect_0/s00_couplers/auto_ds/inst/gen_downsizer.gen_simple_downsizer.axi_downsizer_inst/USE_WRITE.write_addr_inst/cmd_queue/inst/fifo_gen_inst/inst_fifo_gen/gconvfifo.rf/grf.rf/gntv_or_sync_fifo.gl0.rd/gr1.gr1_int.rfwft/gpregsm1.user_valid_reg/CLR
                            (removal check against rising-edge clock clk_pl_0  {rise@0.000ns fall@2.500ns period=5.000ns})
  Path Group:             **async_default**
  Path Type:              Removal (Min at Fast Process Corner)
  Requirement:            0.000ns  (clk_pl_0 rise@0.000ns - clk_pl_0 rise@0.000ns)
  Data Path Delay:        0.281ns  (logic 0.105ns (37.334%)  route 0.176ns (62.666%))
  Logic Levels:           1  (LUT3=1)
  Clock Path Skew:        0.021ns (DCD - SCD - CPR)
    Destination Clock Delay (DCD):    2.055ns
    Source Clock Delay      (SCD):    1.855ns
    Clock Pessimism Removal (CPR):    0.180ns
  Clock Net Delay (Source):      1.704ns (routing 0.886ns, distribution 0.818ns)
  Clock Net Delay (Destination): 1.868ns (routing 0.971ns, distribution 0.897ns)

    Location             Delay type                Incr(ns)  Path(ns)    Netlist Resource(s)
  -------------------------------------------------------------------    -------------------
                         (clock clk_pl_0 rise edge)
                                                      0.000     0.000 r  
    PS8_X0Y0             PS8                          0.000     0.000 r  top_i/zynq_ps/inst/PS8_i/PLCLK[0]
                         net (fo=1, routed)           0.129     0.129    top_i/zynq_ps/inst/pl_clk_unbuffered[0]
    BUFG_PS_X0Y80        BUFG_PS (Prop_BUFG_PS_I_O)
                                                      0.022     0.151 r  top_i/zynq_ps/inst/buffer_pl_clk_0.PL_CLK_0_BUFG/O
    X1Y1 (CLOCK_ROOT)    net (fo=33585, routed)       1.704     1.855    top_i/axi_interconnect_0/s00_couplers/auto_ds/inst/gen_downsizer.gen_simple_downsizer.axi_downsizer_inst/USE_WRITE.write_addr_inst/cmd_queue/inst/fifo_gen_inst/inst_fifo_gen/gconvfifo.rf/grf.rf/rstblk/clk
    SLICE_X7Y92          FDRE                                         r  top_i/axi_interconnect_0/s00_couplers/auto_ds/inst/gen_downsizer.gen_simple_downsizer.axi_downsizer_inst/USE_WRITE.write_addr_inst/cmd_queue/inst/fifo_gen_inst/inst_fifo_gen/gconvfifo.rf/grf.rf/rstblk/ngwrdrst.grst.g7serrst.gnsckt_wrst.gcc_rst.sckt_wr_rst_cc_reg[0]/C
  -------------------------------------------------------------------    -------------------
    SLICE_X7Y92          FDRE (Prop_FFF2_SLICEM_C_Q)
                                                      0.084     1.939 f  top_i/axi_interconnect_0/s00_couplers/auto_ds/inst/gen_downsizer.gen_simple_downsizer.axi_downsizer_inst/USE_WRITE.write_addr_inst/cmd_queue/inst/fifo_gen_inst/inst_fifo_gen/gconvfifo.rf/grf.rf/rstblk/ngwrdrst.grst.g7serrst.gnsckt_wrst.gcc_rst.sckt_wr_rst_cc_reg[0]/Q
                         net (fo=3, routed)           0.077     2.016    top_i/axi_interconnect_0/s00_couplers/auto_ds/inst/gen_downsizer.gen_simple_downsizer.axi_downsizer_inst/USE_WRITE.write_addr_inst/cmd_queue/inst/fifo_gen_inst/inst_fifo_gen/gconvfifo.rf/grf.rf/rstblk/ngwrdrst.grst.g7serrst.gnsckt_wrst.gcc_rst.sckt_wr_rst_cc[0]
    SLICE_X7Y92          LUT3 (Prop_E6LUT_SLICEM_I1_O)
                                                      0.021     2.037 f  top_i/axi_interconnect_0/s00_couplers/auto_ds/inst/gen_downsizer.gen_simple_downsizer.axi_downsizer_inst/USE_WRITE.write_addr_inst/cmd_queue/inst/fifo_gen_inst/inst_fifo_gen/gconvfifo.rf/grf.rf/rstblk/gpregsm1.curr_fwft_state[1]_i_2/O
                         net (fo=32, routed)          0.099     2.136    top_i/axi_interconnect_0/s00_couplers/auto_ds/inst/gen_downsizer.gen_simple_downsizer.axi_downsizer_inst/USE_WRITE.write_addr_inst/cmd_queue/inst/fifo_gen_inst/inst_fifo_gen/gconvfifo.rf/grf.rf/gntv_or_sync_fifo.gl0.rd/gr1.gr1_int.rfwft/gpregsm1.user_valid_reg_0
    SLICE_X7Y93          FDCE                                         f  top_i/axi_interconnect_0/s00_couplers/auto_ds/inst/gen_downsizer.gen_simple_downsizer.axi_downsizer_inst/USE_WRITE.write_addr_inst/cmd_queue/inst/fifo_gen_inst/inst_fifo_gen/gconvfifo.rf/grf.rf/gntv_or_sync_fifo.gl0.rd/gr1.gr1_int.rfwft/gpregsm1.user_valid_reg/CLR
  -------------------------------------------------------------------    -------------------

                         (clock clk_pl_0 rise edge)
                                                      0.000     0.000 r  
    PS8_X0Y0             PS8                          0.000     0.000 r  top_i/zynq_ps/inst/PS8_i/PLCLK[0]
                         net (fo=1, routed)           0.164     0.164    top_i/zynq_ps/inst/pl_clk_unbuffered[0]
    BUFG_PS_X0Y80        BUFG_PS (Prop_BUFG_PS_I_O)
                                                      0.023     0.187 r  top_i/zynq_ps/inst/buffer_pl_clk_0.PL_CLK_0_BUFG/O
    X1Y1 (CLOCK_ROOT)    net (fo=33585, routed)       1.868     2.055    top_i/axi_interconnect_0/s00_couplers/auto_ds/inst/gen_downsizer.gen_simple_downsizer.axi_downsizer_inst/USE_WRITE.write_addr_inst/cmd_queue/inst/fifo_gen_inst/inst_fifo_gen/gconvfifo.rf/grf.rf/gntv_or_sync_fifo.gl0.rd/gr1.gr1_int.rfwft/clk
    SLICE_X7Y93          FDCE                                         r  top_i/axi_interconnect_0/s00_couplers/auto_ds/inst/gen_downsizer.gen_simple_downsizer.axi_downsizer_inst/USE_WRITE.write_addr_inst/cmd_queue/inst/fifo_gen_inst/inst_fifo_gen/gconvfifo.rf/grf.rf/gntv_or_sync_fifo.gl0.rd/gr1.gr1_int.rfwft/gpregsm1.user_valid_reg/C
                         clock pessimism             -0.180     1.875    
    SLICE_X7Y93          FDCE (Remov_BFF2_SLICEM_C_CLR)
                                                     -0.018     1.857    top_i/axi_interconnect_0/s00_couplers/auto_ds/inst/gen_downsizer.gen_simple_downsizer.axi_downsizer_inst/USE_WRITE.write_addr_inst/cmd_queue/inst/fifo_gen_inst/inst_fifo_gen/gconvfifo.rf/grf.rf/gntv_or_sync_fifo.gl0.rd/gr1.gr1_int.rfwft/gpregsm1.user_valid_reg
  -------------------------------------------------------------------
                         required time                         -1.857    
                         arrival time                           2.136    
  -------------------------------------------------------------------
                         slack                                  0.278    





--------------------------------------------------------------------------------------
Path Group:  (none)
From Clock:  
  To Clock:  clk_pl_0

Max Delay             1 Endpoint
Min Delay             1 Endpoint
--------------------------------------------------------------------------------------


Max Delay Paths
--------------------------------------------------------------------------------------
Slack:                    inf
  Source:                 top_i/zynq_ps/inst/PS8_i/EMIOGPIOO[95]
                            (internal pin)
  Destination:            top_i/rst_zynq_ps_199M/U0/EXT_LPF/ACTIVE_LOW_EXT.ACT_LO_EXT/GENERATE_LEVEL_P_S_CDC.SINGLE_BIT.CROSS_PLEVEL_IN2SCNDRY_IN_cdc_to/D
                            (rising edge-triggered cell FDRE clocked by clk_pl_0  {rise@0.000ns fall@2.500ns period=5.000ns})
  Path Group:             (none)
  Path Type:              Setup (Max at Slow Process Corner)
  Data Path Delay:        3.032ns  (logic 0.224ns (7.388%)  route 2.808ns (92.612%))
  Logic Levels:           1  (LUT1=1)
  Clock Uncertainty:      0.127ns  ((TSJ^2 + DJ^2)^1/2) / 2 + PE
    Total System Jitter     (TSJ):    0.050ns
    Discrete Jitter          (DJ):    0.248ns
    Phase Error              (PE):    0.000ns
  Clock Net Delay (Destination): 2.630ns (routing 1.450ns, distribution 1.180ns)
  Timing Exception:       False Path

    Location             Delay type                Incr(ns)  Path(ns)    Netlist Resource(s)
  -------------------------------------------------------------------    -------------------
    PS8_X0Y0             PS8                          0.000     0.000 f  top_i/zynq_ps/inst/PS8_i/EMIOGPIOO[95]
                         net (fo=1, routed)           2.596     2.596    top_i/rst_zynq_ps_199M/U0/EXT_LPF/ACTIVE_LOW_EXT.ACT_LO_EXT/ext_reset_in
    SLICE_X23Y69         LUT1 (Prop_F6LUT_SLICEL_I0_O)
                                                      0.224     2.820 r  top_i/rst_zynq_ps_199M/U0/EXT_LPF/ACTIVE_LOW_EXT.ACT_LO_EXT/GENERATE_LEVEL_P_S_CDC.SINGLE_BIT.CROSS_PLEVEL_IN2SCNDRY_IN_cdc_to_i_1/O
                         net (fo=1, routed)           0.212     3.032    top_i/rst_zynq_ps_199M/U0/EXT_LPF/ACTIVE_LOW_EXT.ACT_LO_EXT/exr_d1
    SLICE_X23Y69         FDRE                                         r  top_i/rst_zynq_ps_199M/U0/EXT_LPF/ACTIVE_LOW_EXT.ACT_LO_EXT/GENERATE_LEVEL_P_S_CDC.SINGLE_BIT.CROSS_PLEVEL_IN2SCNDRY_IN_cdc_to/D
  -------------------------------------------------------------------    -------------------

                         (clock clk_pl_0 rise edge)
                                                      0.000     0.000 r  
    PS8_X0Y0             PS8                          0.000     0.000 r  top_i/zynq_ps/inst/PS8_i/PLCLK[0]
                         net (fo=1, routed)           0.181     0.181    top_i/zynq_ps/inst/pl_clk_unbuffered[0]
    BUFG_PS_X0Y80        BUFG_PS (Prop_BUFG_PS_I_O)
                                                      0.035     0.216 r  top_i/zynq_ps/inst/buffer_pl_clk_0.PL_CLK_0_BUFG/O
    X1Y1 (CLOCK_ROOT)    net (fo=33585, routed)       2.630     2.846    top_i/rst_zynq_ps_199M/U0/EXT_LPF/ACTIVE_LOW_EXT.ACT_LO_EXT/slowest_sync_clk
    SLICE_X23Y69         FDRE                                         r  top_i/rst_zynq_ps_199M/U0/EXT_LPF/ACTIVE_LOW_EXT.ACT_LO_EXT/GENERATE_LEVEL_P_S_CDC.SINGLE_BIT.CROSS_PLEVEL_IN2SCNDRY_IN_cdc_to/C





Min Delay Paths
--------------------------------------------------------------------------------------
Slack:                    inf
  Source:                 top_i/zynq_ps/inst/PS8_i/EMIOGPIOO[95]
                            (internal pin)
  Destination:            top_i/rst_zynq_ps_199M/U0/EXT_LPF/ACTIVE_LOW_EXT.ACT_LO_EXT/GENERATE_LEVEL_P_S_CDC.SINGLE_BIT.CROSS_PLEVEL_IN2SCNDRY_IN_cdc_to/D
                            (rising edge-triggered cell FDRE clocked by clk_pl_0  {rise@0.000ns fall@2.500ns period=5.000ns})
  Path Group:             (none)
  Path Type:              Hold (Min at Fast Process Corner)
  Data Path Delay:        1.242ns  (logic 0.103ns (8.293%)  route 1.139ns (91.707%))
  Logic Levels:           1  (LUT1=1)
  Clock Uncertainty:      0.127ns  ((TSJ^2 + DJ^2)^1/2) / 2 + PE
    Total System Jitter     (TSJ):    0.050ns
    Discrete Jitter          (DJ):    0.248ns
    Phase Error              (PE):    0.000ns
  Clock Net Delay (Destination): 1.753ns (routing 0.971ns, distribution 0.782ns)
  Timing Exception:       False Path

    Location             Delay type                Incr(ns)  Path(ns)    Netlist Resource(s)
  -------------------------------------------------------------------    -------------------
    PS8_X0Y0             PS8                          0.000     0.000 f  top_i/zynq_ps/inst/PS8_i/EMIOGPIOO[95]
                         net (fo=1, routed)           1.085     1.085    top_i/rst_zynq_ps_199M/U0/EXT_LPF/ACTIVE_LOW_EXT.ACT_LO_EXT/ext_reset_in
    SLICE_X23Y69         LUT1 (Prop_F6LUT_SLICEL_I0_O)
                                                      0.103     1.188 r  top_i/rst_zynq_ps_199M/U0/EXT_LPF/ACTIVE_LOW_EXT.ACT_LO_EXT/GENERATE_LEVEL_P_S_CDC.SINGLE_BIT.CROSS_PLEVEL_IN2SCNDRY_IN_cdc_to_i_1/O
                         net (fo=1, routed)           0.054     1.242    top_i/rst_zynq_ps_199M/U0/EXT_LPF/ACTIVE_LOW_EXT.ACT_LO_EXT/exr_d1
    SLICE_X23Y69         FDRE                                         r  top_i/rst_zynq_ps_199M/U0/EXT_LPF/ACTIVE_LOW_EXT.ACT_LO_EXT/GENERATE_LEVEL_P_S_CDC.SINGLE_BIT.CROSS_PLEVEL_IN2SCNDRY_IN_cdc_to/D
  -------------------------------------------------------------------    -------------------

                         (clock clk_pl_0 rise edge)
                                                      0.000     0.000 r  
    PS8_X0Y0             PS8                          0.000     0.000 r  top_i/zynq_ps/inst/PS8_i/PLCLK[0]
                         net (fo=1, routed)           0.164     0.164    top_i/zynq_ps/inst/pl_clk_unbuffered[0]
    BUFG_PS_X0Y80        BUFG_PS (Prop_BUFG_PS_I_O)
                                                      0.023     0.187 r  top_i/zynq_ps/inst/buffer_pl_clk_0.PL_CLK_0_BUFG/O
    X1Y1 (CLOCK_ROOT)    net (fo=33585, routed)       1.753     1.940    top_i/rst_zynq_ps_199M/U0/EXT_LPF/ACTIVE_LOW_EXT.ACT_LO_EXT/slowest_sync_clk
    SLICE_X23Y69         FDRE                                         r  top_i/rst_zynq_ps_199M/U0/EXT_LPF/ACTIVE_LOW_EXT.ACT_LO_EXT/GENERATE_LEVEL_P_S_CDC.SINGLE_BIT.CROSS_PLEVEL_IN2SCNDRY_IN_cdc_to/C





--------------------------------------------------------------------------------------
Path Group:  (none)
From Clock:  clk_pl_0
  To Clock:  clk_pl_0

Max Delay            75 Endpoints
Min Delay            75 Endpoints
--------------------------------------------------------------------------------------


Max Delay Paths
--------------------------------------------------------------------------------------
Slack:                    inf
  Source:                 top_i/rst_zynq_ps_199M/U0/ACTIVE_LOW_PR_OUT_DFF[0].FDRE_PER_N/C
                            (rising edge-triggered cell FDRE clocked by clk_pl_0  {rise@0.000ns fall@2.500ns period=5.000ns})
  Destination:            top_i/smartconnect_0/inst/clk_map/psr_aclk/U0/EXT_LPF/ACTIVE_LOW_AUX.ACT_LO_AUX/GENERATE_LEVEL_P_S_CDC.SINGLE_BIT.CROSS_PLEVEL_IN2SCNDRY_IN_cdc_to/D
                            (rising edge-triggered cell FDRE clocked by clk_pl_0  {rise@0.000ns fall@2.500ns period=5.000ns})
  Path Group:             (none)
  Path Type:              Setup (Max at Slow Process Corner)
  Data Path Delay:        2.096ns  (logic 0.197ns (9.401%)  route 1.899ns (90.599%))
  Logic Levels:           1  (LUT1=1)
  Clock Path Skew:        -0.337ns (DCD - SCD + CPR)
    Destination Clock Delay (DCD):    3.012ns
    Source Clock Delay      (SCD):    3.349ns
    Clock Pessimism Removal (CPR):    0.000ns
  Clock Uncertainty:      0.129ns  ((TSJ^2 + DJ^2)^1/2) / 2 + PE
    Total System Jitter     (TSJ):    0.071ns
    Discrete Jitter          (DJ):    0.248ns
    Phase Error              (PE):    0.000ns
  Clock Net Delay (Source):      3.082ns (routing 1.584ns, distribution 1.498ns)
  Clock Net Delay (Destination): 2.796ns (routing 1.450ns, distribution 1.346ns)
  Timing Exception:       False Path

    Location             Delay type                Incr(ns)  Path(ns)    Netlist Resource(s)
  -------------------------------------------------------------------    -------------------
                         (clock clk_pl_0 rise edge)
                                                      0.000     0.000 r  
    PS8_X0Y0             PS8                          0.000     0.000 r  top_i/zynq_ps/inst/PS8_i/PLCLK[0]
                         net (fo=1, routed)           0.229     0.229    top_i/zynq_ps/inst/pl_clk_unbuffered[0]
    BUFG_PS_X0Y80        BUFG_PS (Prop_BUFG_PS_I_O)
                                                      0.038     0.267 r  top_i/zynq_ps/inst/buffer_pl_clk_0.PL_CLK_0_BUFG/O
    X1Y1 (CLOCK_ROOT)    net (fo=33585, routed)       3.082     3.349    top_i/rst_zynq_ps_199M/U0/slowest_sync_clk
    SLICE_X22Y58         FDRE                                         r  top_i/rst_zynq_ps_199M/U0/ACTIVE_LOW_PR_OUT_DFF[0].FDRE_PER_N/C
  -------------------------------------------------------------------    -------------------
    SLICE_X22Y58         FDRE (Prop_EFF_SLICEL_C_Q)
                                                      0.114     3.463 f  top_i/rst_zynq_ps_199M/U0/ACTIVE_LOW_PR_OUT_DFF[0].FDRE_PER_N/Q
                         net (fo=8, routed)           1.632     5.094    top_i/smartconnect_0/inst/clk_map/psr_aclk/U0/EXT_LPF/ACTIVE_LOW_AUX.ACT_LO_AUX/aresetn
    SLICE_X11Y32         LUT1 (Prop_H6LUT_SLICEL_I0_O)
                                                      0.083     5.177 r  top_i/smartconnect_0/inst/clk_map/psr_aclk/U0/EXT_LPF/ACTIVE_LOW_AUX.ACT_LO_AUX/GENERATE_LEVEL_P_S_CDC.SINGLE_BIT.CROSS_PLEVEL_IN2SCNDRY_IN_cdc_to_i_1/O
                         net (fo=1, routed)           0.267     5.444    top_i/smartconnect_0/inst/clk_map/psr_aclk/U0/EXT_LPF/ACTIVE_LOW_AUX.ACT_LO_AUX/asr_d1
    SLICE_X11Y32         FDRE                                         r  top_i/smartconnect_0/inst/clk_map/psr_aclk/U0/EXT_LPF/ACTIVE_LOW_AUX.ACT_LO_AUX/GENERATE_LEVEL_P_S_CDC.SINGLE_BIT.CROSS_PLEVEL_IN2SCNDRY_IN_cdc_to/D
  -------------------------------------------------------------------    -------------------

                         (clock clk_pl_0 rise edge)
                                                      0.000     0.000 r  
    PS8_X0Y0             PS8                          0.000     0.000 r  top_i/zynq_ps/inst/PS8_i/PLCLK[0]
                         net (fo=1, routed)           0.181     0.181    top_i/zynq_ps/inst/pl_clk_unbuffered[0]
    BUFG_PS_X0Y80        BUFG_PS (Prop_BUFG_PS_I_O)
                                                      0.035     0.216 r  top_i/zynq_ps/inst/buffer_pl_clk_0.PL_CLK_0_BUFG/O
    X1Y1 (CLOCK_ROOT)    net (fo=33585, routed)       2.796     3.012    top_i/smartconnect_0/inst/clk_map/psr_aclk/U0/EXT_LPF/ACTIVE_LOW_AUX.ACT_LO_AUX/aclk
    SLICE_X11Y32         FDRE                                         r  top_i/smartconnect_0/inst/clk_map/psr_aclk/U0/EXT_LPF/ACTIVE_LOW_AUX.ACT_LO_AUX/GENERATE_LEVEL_P_S_CDC.SINGLE_BIT.CROSS_PLEVEL_IN2SCNDRY_IN_cdc_to/C

Slack:                    inf
  Source:                 top_i/smartconnect_0/inst/clk_map/psr_aclk/U0/ACTIVE_LOW_BSR_OUT_DFF[0].FDRE_BSR_N/C
                            (rising edge-triggered cell FDRE clocked by clk_pl_0  {rise@0.000ns fall@2.500ns period=5.000ns})
  Destination:            top_i/smartconnect_0/inst/s00_nodes/s00_aw_node/inst/s_sc_xpm_cdc_async_rst_inst/arststages_ff_reg[0]/CLR
                            (recovery check against rising-edge clock clk_pl_0  {rise@0.000ns fall@2.500ns period=5.000ns})
  Path Group:             (none)
  Path Type:              Recovery (Max at Slow Process Corner)
  Data Path Delay:        2.059ns  (logic 0.114ns (5.535%)  route 1.945ns (94.465%))
  Logic Levels:           0  
  Clock Path Skew:        -0.318ns (DCD - SCD + CPR)
    Destination Clock Delay (DCD):    3.015ns
    Source Clock Delay      (SCD):    3.333ns
    Clock Pessimism Removal (CPR):    0.000ns
  Clock Uncertainty:      0.129ns  ((TSJ^2 + DJ^2)^1/2) / 2 + PE
    Total System Jitter     (TSJ):    0.071ns
    Discrete Jitter          (DJ):    0.248ns
    Phase Error              (PE):    0.000ns
  Clock Net Delay (Source):      3.066ns (routing 1.584ns, distribution 1.482ns)
  Clock Net Delay (Destination): 2.799ns (routing 1.450ns, distribution 1.349ns)
  Timing Exception:       False Path

    Location             Delay type                Incr(ns)  Path(ns)    Netlist Resource(s)
  -------------------------------------------------------------------    -------------------
                         (clock clk_pl_0 rise edge)
                                                      0.000     0.000 r  
    PS8_X0Y0             PS8                          0.000     0.000 r  top_i/zynq_ps/inst/PS8_i/PLCLK[0]
                         net (fo=1, routed)           0.229     0.229    top_i/zynq_ps/inst/pl_clk_unbuffered[0]
    BUFG_PS_X0Y80        BUFG_PS (Prop_BUFG_PS_I_O)
                                                      0.038     0.267 r  top_i/zynq_ps/inst/buffer_pl_clk_0.PL_CLK_0_BUFG/O
    X1Y1 (CLOCK_ROOT)    net (fo=33585, routed)       3.066     3.333    top_i/smartconnect_0/inst/clk_map/psr_aclk/U0/aclk
    SLICE_X11Y29         FDRE                                         r  top_i/smartconnect_0/inst/clk_map/psr_aclk/U0/ACTIVE_LOW_BSR_OUT_DFF[0].FDRE_BSR_N/C
  -------------------------------------------------------------------    -------------------
    SLICE_X11Y29         FDRE (Prop_DFF_SLICEL_C_Q)
                                                      0.114     3.447 r  top_i/smartconnect_0/inst/clk_map/psr_aclk/U0/ACTIVE_LOW_BSR_OUT_DFF[0].FDRE_BSR_N/Q
                         net (fo=66, routed)          1.945     5.392    top_i/smartconnect_0/inst/s00_nodes/s00_aw_node/inst/s_sc_xpm_cdc_async_rst_inst/src_arst
    SLICE_X15Y69         FDCE                                         f  top_i/smartconnect_0/inst/s00_nodes/s00_aw_node/inst/s_sc_xpm_cdc_async_rst_inst/arststages_ff_reg[0]/CLR  (IS_INVERTED)
  -------------------------------------------------------------------    -------------------

                         (clock clk_pl_0 rise edge)
                                                      0.000     0.000 r  
    PS8_X0Y0             PS8                          0.000     0.000 r  top_i/zynq_ps/inst/PS8_i/PLCLK[0]
                         net (fo=1, routed)           0.181     0.181    top_i/zynq_ps/inst/pl_clk_unbuffered[0]
    BUFG_PS_X0Y80        BUFG_PS (Prop_BUFG_PS_I_O)
                                                      0.035     0.216 r  top_i/zynq_ps/inst/buffer_pl_clk_0.PL_CLK_0_BUFG/O
    X1Y1 (CLOCK_ROOT)    net (fo=33585, routed)       2.799     3.015    top_i/smartconnect_0/inst/s00_nodes/s00_aw_node/inst/s_sc_xpm_cdc_async_rst_inst/dest_clk
    SLICE_X15Y69         FDCE                                         r  top_i/smartconnect_0/inst/s00_nodes/s00_aw_node/inst/s_sc_xpm_cdc_async_rst_inst/arststages_ff_reg[0]/C

Slack:                    inf
  Source:                 top_i/smartconnect_0/inst/clk_map/psr_aclk/U0/ACTIVE_LOW_BSR_OUT_DFF[0].FDRE_BSR_N/C
                            (rising edge-triggered cell FDRE clocked by clk_pl_0  {rise@0.000ns fall@2.500ns period=5.000ns})
  Destination:            top_i/smartconnect_0/inst/s00_nodes/s00_aw_node/inst/s_sc_xpm_cdc_async_rst_inst/arststages_ff_reg[1]/CLR
                            (recovery check against rising-edge clock clk_pl_0  {rise@0.000ns fall@2.500ns period=5.000ns})
  Path Group:             (none)
  Path Type:              Recovery (Max at Slow Process Corner)
  Data Path Delay:        2.059ns  (logic 0.114ns (5.535%)  route 1.945ns (94.465%))
  Logic Levels:           0  
  Clock Path Skew:        -0.318ns (DCD - SCD + CPR)
    Destination Clock Delay (DCD):    3.015ns
    Source Clock Delay      (SCD):    3.333ns
    Clock Pessimism Removal (CPR):    0.000ns
  Clock Uncertainty:      0.129ns  ((TSJ^2 + DJ^2)^1/2) / 2 + PE
    Total System Jitter     (TSJ):    0.071ns
    Discrete Jitter          (DJ):    0.248ns
    Phase Error              (PE):    0.000ns
  Clock Net Delay (Source):      3.066ns (routing 1.584ns, distribution 1.482ns)
  Clock Net Delay (Destination): 2.799ns (routing 1.450ns, distribution 1.349ns)
  Timing Exception:       False Path

    Location             Delay type                Incr(ns)  Path(ns)    Netlist Resource(s)
  -------------------------------------------------------------------    -------------------
                         (clock clk_pl_0 rise edge)
                                                      0.000     0.000 r  
    PS8_X0Y0             PS8                          0.000     0.000 r  top_i/zynq_ps/inst/PS8_i/PLCLK[0]
                         net (fo=1, routed)           0.229     0.229    top_i/zynq_ps/inst/pl_clk_unbuffered[0]
    BUFG_PS_X0Y80        BUFG_PS (Prop_BUFG_PS_I_O)
                                                      0.038     0.267 r  top_i/zynq_ps/inst/buffer_pl_clk_0.PL_CLK_0_BUFG/O
    X1Y1 (CLOCK_ROOT)    net (fo=33585, routed)       3.066     3.333    top_i/smartconnect_0/inst/clk_map/psr_aclk/U0/aclk
    SLICE_X11Y29         FDRE                                         r  top_i/smartconnect_0/inst/clk_map/psr_aclk/U0/ACTIVE_LOW_BSR_OUT_DFF[0].FDRE_BSR_N/C
  -------------------------------------------------------------------    -------------------
    SLICE_X11Y29         FDRE (Prop_DFF_SLICEL_C_Q)
                                                      0.114     3.447 r  top_i/smartconnect_0/inst/clk_map/psr_aclk/U0/ACTIVE_LOW_BSR_OUT_DFF[0].FDRE_BSR_N/Q
                         net (fo=66, routed)          1.945     5.392    top_i/smartconnect_0/inst/s00_nodes/s00_aw_node/inst/s_sc_xpm_cdc_async_rst_inst/src_arst
    SLICE_X15Y69         FDCE                                         f  top_i/smartconnect_0/inst/s00_nodes/s00_aw_node/inst/s_sc_xpm_cdc_async_rst_inst/arststages_ff_reg[1]/CLR  (IS_INVERTED)
  -------------------------------------------------------------------    -------------------

                         (clock clk_pl_0 rise edge)
                                                      0.000     0.000 r  
    PS8_X0Y0             PS8                          0.000     0.000 r  top_i/zynq_ps/inst/PS8_i/PLCLK[0]
                         net (fo=1, routed)           0.181     0.181    top_i/zynq_ps/inst/pl_clk_unbuffered[0]
    BUFG_PS_X0Y80        BUFG_PS (Prop_BUFG_PS_I_O)
                                                      0.035     0.216 r  top_i/zynq_ps/inst/buffer_pl_clk_0.PL_CLK_0_BUFG/O
    X1Y1 (CLOCK_ROOT)    net (fo=33585, routed)       2.799     3.015    top_i/smartconnect_0/inst/s00_nodes/s00_aw_node/inst/s_sc_xpm_cdc_async_rst_inst/dest_clk
    SLICE_X15Y69         FDCE                                         r  top_i/smartconnect_0/inst/s00_nodes/s00_aw_node/inst/s_sc_xpm_cdc_async_rst_inst/arststages_ff_reg[1]/C

Slack:                    inf
  Source:                 top_i/smartconnect_0/inst/clk_map/psr_aclk/U0/ACTIVE_LOW_BSR_OUT_DFF[0].FDRE_BSR_N/C
                            (rising edge-triggered cell FDRE clocked by clk_pl_0  {rise@0.000ns fall@2.500ns period=5.000ns})
  Destination:            top_i/smartconnect_0/inst/s00_nodes/s00_aw_node/inst/s_sc_xpm_cdc_async_rst_inst/arststages_ff_reg[2]/CLR
                            (recovery check against rising-edge clock clk_pl_0  {rise@0.000ns fall@2.500ns period=5.000ns})
  Path Group:             (none)
  Path Type:              Recovery (Max at Slow Process Corner)
  Data Path Delay:        2.059ns  (logic 0.114ns (5.535%)  route 1.945ns (94.465%))
  Logic Levels:           0  
  Clock Path Skew:        -0.318ns (DCD - SCD + CPR)
    Destination Clock Delay (DCD):    3.015ns
    Source Clock Delay      (SCD):    3.333ns
    Clock Pessimism Removal (CPR):    0.000ns
  Clock Uncertainty:      0.129ns  ((TSJ^2 + DJ^2)^1/2) / 2 + PE
    Total System Jitter     (TSJ):    0.071ns
    Discrete Jitter          (DJ):    0.248ns
    Phase Error              (PE):    0.000ns
  Clock Net Delay (Source):      3.066ns (routing 1.584ns, distribution 1.482ns)
  Clock Net Delay (Destination): 2.799ns (routing 1.450ns, distribution 1.349ns)
  Timing Exception:       False Path

    Location             Delay type                Incr(ns)  Path(ns)    Netlist Resource(s)
  -------------------------------------------------------------------    -------------------
                         (clock clk_pl_0 rise edge)
                                                      0.000     0.000 r  
    PS8_X0Y0             PS8                          0.000     0.000 r  top_i/zynq_ps/inst/PS8_i/PLCLK[0]
                         net (fo=1, routed)           0.229     0.229    top_i/zynq_ps/inst/pl_clk_unbuffered[0]
    BUFG_PS_X0Y80        BUFG_PS (Prop_BUFG_PS_I_O)
                                                      0.038     0.267 r  top_i/zynq_ps/inst/buffer_pl_clk_0.PL_CLK_0_BUFG/O
    X1Y1 (CLOCK_ROOT)    net (fo=33585, routed)       3.066     3.333    top_i/smartconnect_0/inst/clk_map/psr_aclk/U0/aclk
    SLICE_X11Y29         FDRE                                         r  top_i/smartconnect_0/inst/clk_map/psr_aclk/U0/ACTIVE_LOW_BSR_OUT_DFF[0].FDRE_BSR_N/C
  -------------------------------------------------------------------    -------------------
    SLICE_X11Y29         FDRE (Prop_DFF_SLICEL_C_Q)
                                                      0.114     3.447 r  top_i/smartconnect_0/inst/clk_map/psr_aclk/U0/ACTIVE_LOW_BSR_OUT_DFF[0].FDRE_BSR_N/Q
                         net (fo=66, routed)          1.945     5.392    top_i/smartconnect_0/inst/s00_nodes/s00_aw_node/inst/s_sc_xpm_cdc_async_rst_inst/src_arst
    SLICE_X15Y69         FDCE                                         f  top_i/smartconnect_0/inst/s00_nodes/s00_aw_node/inst/s_sc_xpm_cdc_async_rst_inst/arststages_ff_reg[2]/CLR  (IS_INVERTED)
  -------------------------------------------------------------------    -------------------

                         (clock clk_pl_0 rise edge)
                                                      0.000     0.000 r  
    PS8_X0Y0             PS8                          0.000     0.000 r  top_i/zynq_ps/inst/PS8_i/PLCLK[0]
                         net (fo=1, routed)           0.181     0.181    top_i/zynq_ps/inst/pl_clk_unbuffered[0]
    BUFG_PS_X0Y80        BUFG_PS (Prop_BUFG_PS_I_O)
                                                      0.035     0.216 r  top_i/zynq_ps/inst/buffer_pl_clk_0.PL_CLK_0_BUFG/O
    X1Y1 (CLOCK_ROOT)    net (fo=33585, routed)       2.799     3.015    top_i/smartconnect_0/inst/s00_nodes/s00_aw_node/inst/s_sc_xpm_cdc_async_rst_inst/dest_clk
    SLICE_X15Y69         FDCE                                         r  top_i/smartconnect_0/inst/s00_nodes/s00_aw_node/inst/s_sc_xpm_cdc_async_rst_inst/arststages_ff_reg[2]/C

Slack:                    inf
  Source:                 top_i/smartconnect_0/inst/clk_map/psr_aclk/U0/ACTIVE_LOW_BSR_OUT_DFF[0].FDRE_BSR_N/C
                            (rising edge-triggered cell FDRE clocked by clk_pl_0  {rise@0.000ns fall@2.500ns period=5.000ns})
  Destination:            top_i/smartconnect_0/inst/s01_nodes/s01_aw_node/inst/s_sc_xpm_cdc_async_rst_inst/arststages_ff_reg[0]/CLR
                            (recovery check against rising-edge clock clk_pl_0  {rise@0.000ns fall@2.500ns period=5.000ns})
  Path Group:             (none)
  Path Type:              Recovery (Max at Slow Process Corner)
  Data Path Delay:        1.955ns  (logic 0.114ns (5.830%)  route 1.841ns (94.170%))
  Logic Levels:           0  
  Clock Path Skew:        -0.306ns (DCD - SCD + CPR)
    Destination Clock Delay (DCD):    3.027ns
    Source Clock Delay      (SCD):    3.333ns
    Clock Pessimism Removal (CPR):    0.000ns
  Clock Uncertainty:      0.129ns  ((TSJ^2 + DJ^2)^1/2) / 2 + PE
    Total System Jitter     (TSJ):    0.071ns
    Discrete Jitter          (DJ):    0.248ns
    Phase Error              (PE):    0.000ns
  Clock Net Delay (Source):      3.066ns (routing 1.584ns, distribution 1.482ns)
  Clock Net Delay (Destination): 2.811ns (routing 1.450ns, distribution 1.361ns)
  Timing Exception:       False Path

    Location             Delay type                Incr(ns)  Path(ns)    Netlist Resource(s)
  -------------------------------------------------------------------    -------------------
                         (clock clk_pl_0 rise edge)
                                                      0.000     0.000 r  
    PS8_X0Y0             PS8                          0.000     0.000 r  top_i/zynq_ps/inst/PS8_i/PLCLK[0]
                         net (fo=1, routed)           0.229     0.229    top_i/zynq_ps/inst/pl_clk_unbuffered[0]
    BUFG_PS_X0Y80        BUFG_PS (Prop_BUFG_PS_I_O)
                                                      0.038     0.267 r  top_i/zynq_ps/inst/buffer_pl_clk_0.PL_CLK_0_BUFG/O
    X1Y1 (CLOCK_ROOT)    net (fo=33585, routed)       3.066     3.333    top_i/smartconnect_0/inst/clk_map/psr_aclk/U0/aclk
    SLICE_X11Y29         FDRE                                         r  top_i/smartconnect_0/inst/clk_map/psr_aclk/U0/ACTIVE_LOW_BSR_OUT_DFF[0].FDRE_BSR_N/C
  -------------------------------------------------------------------    -------------------
    SLICE_X11Y29         FDRE (Prop_DFF_SLICEL_C_Q)
                                                      0.114     3.447 r  top_i/smartconnect_0/inst/clk_map/psr_aclk/U0/ACTIVE_LOW_BSR_OUT_DFF[0].FDRE_BSR_N/Q
                         net (fo=66, routed)          1.841     5.288    top_i/smartconnect_0/inst/s01_nodes/s01_aw_node/inst/s_sc_xpm_cdc_async_rst_inst/src_arst
    SLICE_X14Y75         FDCE                                         f  top_i/smartconnect_0/inst/s01_nodes/s01_aw_node/inst/s_sc_xpm_cdc_async_rst_inst/arststages_ff_reg[0]/CLR  (IS_INVERTED)
  -------------------------------------------------------------------    -------------------

                         (clock clk_pl_0 rise edge)
                                                      0.000     0.000 r  
    PS8_X0Y0             PS8                          0.000     0.000 r  top_i/zynq_ps/inst/PS8_i/PLCLK[0]
                         net (fo=1, routed)           0.181     0.181    top_i/zynq_ps/inst/pl_clk_unbuffered[0]
    BUFG_PS_X0Y80        BUFG_PS (Prop_BUFG_PS_I_O)
                                                      0.035     0.216 r  top_i/zynq_ps/inst/buffer_pl_clk_0.PL_CLK_0_BUFG/O
    X1Y1 (CLOCK_ROOT)    net (fo=33585, routed)       2.811     3.027    top_i/smartconnect_0/inst/s01_nodes/s01_aw_node/inst/s_sc_xpm_cdc_async_rst_inst/dest_clk
    SLICE_X14Y75         FDCE                                         r  top_i/smartconnect_0/inst/s01_nodes/s01_aw_node/inst/s_sc_xpm_cdc_async_rst_inst/arststages_ff_reg[0]/C

Slack:                    inf
  Source:                 top_i/smartconnect_0/inst/clk_map/psr_aclk/U0/ACTIVE_LOW_BSR_OUT_DFF[0].FDRE_BSR_N/C
                            (rising edge-triggered cell FDRE clocked by clk_pl_0  {rise@0.000ns fall@2.500ns period=5.000ns})
  Destination:            top_i/smartconnect_0/inst/s01_nodes/s01_aw_node/inst/s_sc_xpm_cdc_async_rst_inst/arststages_ff_reg[1]/CLR
                            (recovery check against rising-edge clock clk_pl_0  {rise@0.000ns fall@2.500ns period=5.000ns})
  Path Group:             (none)
  Path Type:              Recovery (Max at Slow Process Corner)
  Data Path Delay:        1.955ns  (logic 0.114ns (5.830%)  route 1.841ns (94.170%))
  Logic Levels:           0  
  Clock Path Skew:        -0.306ns (DCD - SCD + CPR)
    Destination Clock Delay (DCD):    3.027ns
    Source Clock Delay      (SCD):    3.333ns
    Clock Pessimism Removal (CPR):    0.000ns
  Clock Uncertainty:      0.129ns  ((TSJ^2 + DJ^2)^1/2) / 2 + PE
    Total System Jitter     (TSJ):    0.071ns
    Discrete Jitter          (DJ):    0.248ns
    Phase Error              (PE):    0.000ns
  Clock Net Delay (Source):      3.066ns (routing 1.584ns, distribution 1.482ns)
  Clock Net Delay (Destination): 2.811ns (routing 1.450ns, distribution 1.361ns)
  Timing Exception:       False Path

    Location             Delay type                Incr(ns)  Path(ns)    Netlist Resource(s)
  -------------------------------------------------------------------    -------------------
                         (clock clk_pl_0 rise edge)
                                                      0.000     0.000 r  
    PS8_X0Y0             PS8                          0.000     0.000 r  top_i/zynq_ps/inst/PS8_i/PLCLK[0]
                         net (fo=1, routed)           0.229     0.229    top_i/zynq_ps/inst/pl_clk_unbuffered[0]
    BUFG_PS_X0Y80        BUFG_PS (Prop_BUFG_PS_I_O)
                                                      0.038     0.267 r  top_i/zynq_ps/inst/buffer_pl_clk_0.PL_CLK_0_BUFG/O
    X1Y1 (CLOCK_ROOT)    net (fo=33585, routed)       3.066     3.333    top_i/smartconnect_0/inst/clk_map/psr_aclk/U0/aclk
    SLICE_X11Y29         FDRE                                         r  top_i/smartconnect_0/inst/clk_map/psr_aclk/U0/ACTIVE_LOW_BSR_OUT_DFF[0].FDRE_BSR_N/C
  -------------------------------------------------------------------    -------------------
    SLICE_X11Y29         FDRE (Prop_DFF_SLICEL_C_Q)
                                                      0.114     3.447 r  top_i/smartconnect_0/inst/clk_map/psr_aclk/U0/ACTIVE_LOW_BSR_OUT_DFF[0].FDRE_BSR_N/Q
                         net (fo=66, routed)          1.841     5.288    top_i/smartconnect_0/inst/s01_nodes/s01_aw_node/inst/s_sc_xpm_cdc_async_rst_inst/src_arst
    SLICE_X14Y75         FDCE                                         f  top_i/smartconnect_0/inst/s01_nodes/s01_aw_node/inst/s_sc_xpm_cdc_async_rst_inst/arststages_ff_reg[1]/CLR  (IS_INVERTED)
  -------------------------------------------------------------------    -------------------

                         (clock clk_pl_0 rise edge)
                                                      0.000     0.000 r  
    PS8_X0Y0             PS8                          0.000     0.000 r  top_i/zynq_ps/inst/PS8_i/PLCLK[0]
                         net (fo=1, routed)           0.181     0.181    top_i/zynq_ps/inst/pl_clk_unbuffered[0]
    BUFG_PS_X0Y80        BUFG_PS (Prop_BUFG_PS_I_O)
                                                      0.035     0.216 r  top_i/zynq_ps/inst/buffer_pl_clk_0.PL_CLK_0_BUFG/O
    X1Y1 (CLOCK_ROOT)    net (fo=33585, routed)       2.811     3.027    top_i/smartconnect_0/inst/s01_nodes/s01_aw_node/inst/s_sc_xpm_cdc_async_rst_inst/dest_clk
    SLICE_X14Y75         FDCE                                         r  top_i/smartconnect_0/inst/s01_nodes/s01_aw_node/inst/s_sc_xpm_cdc_async_rst_inst/arststages_ff_reg[1]/C

Slack:                    inf
  Source:                 top_i/smartconnect_0/inst/clk_map/psr_aclk/U0/ACTIVE_LOW_BSR_OUT_DFF[0].FDRE_BSR_N/C
                            (rising edge-triggered cell FDRE clocked by clk_pl_0  {rise@0.000ns fall@2.500ns period=5.000ns})
  Destination:            top_i/smartconnect_0/inst/s01_nodes/s01_aw_node/inst/s_sc_xpm_cdc_async_rst_inst/arststages_ff_reg[2]/CLR
                            (recovery check against rising-edge clock clk_pl_0  {rise@0.000ns fall@2.500ns period=5.000ns})
  Path Group:             (none)
  Path Type:              Recovery (Max at Slow Process Corner)
  Data Path Delay:        1.955ns  (logic 0.114ns (5.830%)  route 1.841ns (94.170%))
  Logic Levels:           0  
  Clock Path Skew:        -0.306ns (DCD - SCD + CPR)
    Destination Clock Delay (DCD):    3.027ns
    Source Clock Delay      (SCD):    3.333ns
    Clock Pessimism Removal (CPR):    0.000ns
  Clock Uncertainty:      0.129ns  ((TSJ^2 + DJ^2)^1/2) / 2 + PE
    Total System Jitter     (TSJ):    0.071ns
    Discrete Jitter          (DJ):    0.248ns
    Phase Error              (PE):    0.000ns
  Clock Net Delay (Source):      3.066ns (routing 1.584ns, distribution 1.482ns)
  Clock Net Delay (Destination): 2.811ns (routing 1.450ns, distribution 1.361ns)
  Timing Exception:       False Path

    Location             Delay type                Incr(ns)  Path(ns)    Netlist Resource(s)
  -------------------------------------------------------------------    -------------------
                         (clock clk_pl_0 rise edge)
                                                      0.000     0.000 r  
    PS8_X0Y0             PS8                          0.000     0.000 r  top_i/zynq_ps/inst/PS8_i/PLCLK[0]
                         net (fo=1, routed)           0.229     0.229    top_i/zynq_ps/inst/pl_clk_unbuffered[0]
    BUFG_PS_X0Y80        BUFG_PS (Prop_BUFG_PS_I_O)
                                                      0.038     0.267 r  top_i/zynq_ps/inst/buffer_pl_clk_0.PL_CLK_0_BUFG/O
    X1Y1 (CLOCK_ROOT)    net (fo=33585, routed)       3.066     3.333    top_i/smartconnect_0/inst/clk_map/psr_aclk/U0/aclk
    SLICE_X11Y29         FDRE                                         r  top_i/smartconnect_0/inst/clk_map/psr_aclk/U0/ACTIVE_LOW_BSR_OUT_DFF[0].FDRE_BSR_N/C
  -------------------------------------------------------------------    -------------------
    SLICE_X11Y29         FDRE (Prop_DFF_SLICEL_C_Q)
                                                      0.114     3.447 r  top_i/smartconnect_0/inst/clk_map/psr_aclk/U0/ACTIVE_LOW_BSR_OUT_DFF[0].FDRE_BSR_N/Q
                         net (fo=66, routed)          1.841     5.288    top_i/smartconnect_0/inst/s01_nodes/s01_aw_node/inst/s_sc_xpm_cdc_async_rst_inst/src_arst
    SLICE_X14Y75         FDCE                                         f  top_i/smartconnect_0/inst/s01_nodes/s01_aw_node/inst/s_sc_xpm_cdc_async_rst_inst/arststages_ff_reg[2]/CLR  (IS_INVERTED)
  -------------------------------------------------------------------    -------------------

                         (clock clk_pl_0 rise edge)
                                                      0.000     0.000 r  
    PS8_X0Y0             PS8                          0.000     0.000 r  top_i/zynq_ps/inst/PS8_i/PLCLK[0]
                         net (fo=1, routed)           0.181     0.181    top_i/zynq_ps/inst/pl_clk_unbuffered[0]
    BUFG_PS_X0Y80        BUFG_PS (Prop_BUFG_PS_I_O)
                                                      0.035     0.216 r  top_i/zynq_ps/inst/buffer_pl_clk_0.PL_CLK_0_BUFG/O
    X1Y1 (CLOCK_ROOT)    net (fo=33585, routed)       2.811     3.027    top_i/smartconnect_0/inst/s01_nodes/s01_aw_node/inst/s_sc_xpm_cdc_async_rst_inst/dest_clk
    SLICE_X14Y75         FDCE                                         r  top_i/smartconnect_0/inst/s01_nodes/s01_aw_node/inst/s_sc_xpm_cdc_async_rst_inst/arststages_ff_reg[2]/C

Slack:                    inf
  Source:                 top_i/smartconnect_0/inst/clk_map/psr_aclk/U0/ACTIVE_LOW_BSR_OUT_DFF[0].FDRE_BSR_N/C
                            (rising edge-triggered cell FDRE clocked by clk_pl_0  {rise@0.000ns fall@2.500ns period=5.000ns})
  Destination:            top_i/smartconnect_0/inst/m00_nodes/m00_aw_node/inst/s_sc_xpm_cdc_async_rst_inst/arststages_ff_reg[0]/CLR
                            (recovery check against rising-edge clock clk_pl_0  {rise@0.000ns fall@2.500ns period=5.000ns})
  Path Group:             (none)
  Path Type:              Recovery (Max at Slow Process Corner)
  Data Path Delay:        1.844ns  (logic 0.114ns (6.182%)  route 1.730ns (93.818%))
  Logic Levels:           0  
  Clock Path Skew:        -0.290ns (DCD - SCD + CPR)
    Destination Clock Delay (DCD):    3.043ns
    Source Clock Delay      (SCD):    3.333ns
    Clock Pessimism Removal (CPR):    0.000ns
  Clock Uncertainty:      0.129ns  ((TSJ^2 + DJ^2)^1/2) / 2 + PE
    Total System Jitter     (TSJ):    0.071ns
    Discrete Jitter          (DJ):    0.248ns
    Phase Error              (PE):    0.000ns
  Clock Net Delay (Source):      3.066ns (routing 1.584ns, distribution 1.482ns)
  Clock Net Delay (Destination): 2.827ns (routing 1.450ns, distribution 1.377ns)
  Timing Exception:       False Path

    Location             Delay type                Incr(ns)  Path(ns)    Netlist Resource(s)
  -------------------------------------------------------------------    -------------------
                         (clock clk_pl_0 rise edge)
                                                      0.000     0.000 r  
    PS8_X0Y0             PS8                          0.000     0.000 r  top_i/zynq_ps/inst/PS8_i/PLCLK[0]
                         net (fo=1, routed)           0.229     0.229    top_i/zynq_ps/inst/pl_clk_unbuffered[0]
    BUFG_PS_X0Y80        BUFG_PS (Prop_BUFG_PS_I_O)
                                                      0.038     0.267 r  top_i/zynq_ps/inst/buffer_pl_clk_0.PL_CLK_0_BUFG/O
    X1Y1 (CLOCK_ROOT)    net (fo=33585, routed)       3.066     3.333    top_i/smartconnect_0/inst/clk_map/psr_aclk/U0/aclk
    SLICE_X11Y29         FDRE                                         r  top_i/smartconnect_0/inst/clk_map/psr_aclk/U0/ACTIVE_LOW_BSR_OUT_DFF[0].FDRE_BSR_N/C
  -------------------------------------------------------------------    -------------------
    SLICE_X11Y29         FDRE (Prop_DFF_SLICEL_C_Q)
                                                      0.114     3.447 r  top_i/smartconnect_0/inst/clk_map/psr_aclk/U0/ACTIVE_LOW_BSR_OUT_DFF[0].FDRE_BSR_N/Q
                         net (fo=66, routed)          1.730     5.177    top_i/smartconnect_0/inst/m00_nodes/m00_aw_node/inst/s_sc_xpm_cdc_async_rst_inst/src_arst
    SLICE_X10Y74         FDCE                                         f  top_i/smartconnect_0/inst/m00_nodes/m00_aw_node/inst/s_sc_xpm_cdc_async_rst_inst/arststages_ff_reg[0]/CLR  (IS_INVERTED)
  -------------------------------------------------------------------    -------------------

                         (clock clk_pl_0 rise edge)
                                                      0.000     0.000 r  
    PS8_X0Y0             PS8                          0.000     0.000 r  top_i/zynq_ps/inst/PS8_i/PLCLK[0]
                         net (fo=1, routed)           0.181     0.181    top_i/zynq_ps/inst/pl_clk_unbuffered[0]
    BUFG_PS_X0Y80        BUFG_PS (Prop_BUFG_PS_I_O)
                                                      0.035     0.216 r  top_i/zynq_ps/inst/buffer_pl_clk_0.PL_CLK_0_BUFG/O
    X1Y1 (CLOCK_ROOT)    net (fo=33585, routed)       2.827     3.043    top_i/smartconnect_0/inst/m00_nodes/m00_aw_node/inst/s_sc_xpm_cdc_async_rst_inst/dest_clk
    SLICE_X10Y74         FDCE                                         r  top_i/smartconnect_0/inst/m00_nodes/m00_aw_node/inst/s_sc_xpm_cdc_async_rst_inst/arststages_ff_reg[0]/C

Slack:                    inf
  Source:                 top_i/smartconnect_0/inst/clk_map/psr_aclk/U0/ACTIVE_LOW_BSR_OUT_DFF[0].FDRE_BSR_N/C
                            (rising edge-triggered cell FDRE clocked by clk_pl_0  {rise@0.000ns fall@2.500ns period=5.000ns})
  Destination:            top_i/smartconnect_0/inst/m00_nodes/m00_aw_node/inst/s_sc_xpm_cdc_async_rst_inst/arststages_ff_reg[1]/CLR
                            (recovery check against rising-edge clock clk_pl_0  {rise@0.000ns fall@2.500ns period=5.000ns})
  Path Group:             (none)
  Path Type:              Recovery (Max at Slow Process Corner)
  Data Path Delay:        1.844ns  (logic 0.114ns (6.182%)  route 1.730ns (93.818%))
  Logic Levels:           0  
  Clock Path Skew:        -0.290ns (DCD - SCD + CPR)
    Destination Clock Delay (DCD):    3.043ns
    Source Clock Delay      (SCD):    3.333ns
    Clock Pessimism Removal (CPR):    0.000ns
  Clock Uncertainty:      0.129ns  ((TSJ^2 + DJ^2)^1/2) / 2 + PE
    Total System Jitter     (TSJ):    0.071ns
    Discrete Jitter          (DJ):    0.248ns
    Phase Error              (PE):    0.000ns
  Clock Net Delay (Source):      3.066ns (routing 1.584ns, distribution 1.482ns)
  Clock Net Delay (Destination): 2.827ns (routing 1.450ns, distribution 1.377ns)
  Timing Exception:       False Path

    Location             Delay type                Incr(ns)  Path(ns)    Netlist Resource(s)
  -------------------------------------------------------------------    -------------------
                         (clock clk_pl_0 rise edge)
                                                      0.000     0.000 r  
    PS8_X0Y0             PS8                          0.000     0.000 r  top_i/zynq_ps/inst/PS8_i/PLCLK[0]
                         net (fo=1, routed)           0.229     0.229    top_i/zynq_ps/inst/pl_clk_unbuffered[0]
    BUFG_PS_X0Y80        BUFG_PS (Prop_BUFG_PS_I_O)
                                                      0.038     0.267 r  top_i/zynq_ps/inst/buffer_pl_clk_0.PL_CLK_0_BUFG/O
    X1Y1 (CLOCK_ROOT)    net (fo=33585, routed)       3.066     3.333    top_i/smartconnect_0/inst/clk_map/psr_aclk/U0/aclk
    SLICE_X11Y29         FDRE                                         r  top_i/smartconnect_0/inst/clk_map/psr_aclk/U0/ACTIVE_LOW_BSR_OUT_DFF[0].FDRE_BSR_N/C
  -------------------------------------------------------------------    -------------------
    SLICE_X11Y29         FDRE (Prop_DFF_SLICEL_C_Q)
                                                      0.114     3.447 r  top_i/smartconnect_0/inst/clk_map/psr_aclk/U0/ACTIVE_LOW_BSR_OUT_DFF[0].FDRE_BSR_N/Q
                         net (fo=66, routed)          1.730     5.177    top_i/smartconnect_0/inst/m00_nodes/m00_aw_node/inst/s_sc_xpm_cdc_async_rst_inst/src_arst
    SLICE_X10Y74         FDCE                                         f  top_i/smartconnect_0/inst/m00_nodes/m00_aw_node/inst/s_sc_xpm_cdc_async_rst_inst/arststages_ff_reg[1]/CLR  (IS_INVERTED)
  -------------------------------------------------------------------    -------------------

                         (clock clk_pl_0 rise edge)
                                                      0.000     0.000 r  
    PS8_X0Y0             PS8                          0.000     0.000 r  top_i/zynq_ps/inst/PS8_i/PLCLK[0]
                         net (fo=1, routed)           0.181     0.181    top_i/zynq_ps/inst/pl_clk_unbuffered[0]
    BUFG_PS_X0Y80        BUFG_PS (Prop_BUFG_PS_I_O)
                                                      0.035     0.216 r  top_i/zynq_ps/inst/buffer_pl_clk_0.PL_CLK_0_BUFG/O
    X1Y1 (CLOCK_ROOT)    net (fo=33585, routed)       2.827     3.043    top_i/smartconnect_0/inst/m00_nodes/m00_aw_node/inst/s_sc_xpm_cdc_async_rst_inst/dest_clk
    SLICE_X10Y74         FDCE                                         r  top_i/smartconnect_0/inst/m00_nodes/m00_aw_node/inst/s_sc_xpm_cdc_async_rst_inst/arststages_ff_reg[1]/C

Slack:                    inf
  Source:                 top_i/smartconnect_0/inst/clk_map/psr_aclk/U0/ACTIVE_LOW_BSR_OUT_DFF[0].FDRE_BSR_N/C
                            (rising edge-triggered cell FDRE clocked by clk_pl_0  {rise@0.000ns fall@2.500ns period=5.000ns})
  Destination:            top_i/smartconnect_0/inst/m00_nodes/m00_aw_node/inst/s_sc_xpm_cdc_async_rst_inst/arststages_ff_reg[2]/CLR
                            (recovery check against rising-edge clock clk_pl_0  {rise@0.000ns fall@2.500ns period=5.000ns})
  Path Group:             (none)
  Path Type:              Recovery (Max at Slow Process Corner)
  Data Path Delay:        1.844ns  (logic 0.114ns (6.182%)  route 1.730ns (93.818%))
  Logic Levels:           0  
  Clock Path Skew:        -0.290ns (DCD - SCD + CPR)
    Destination Clock Delay (DCD):    3.043ns
    Source Clock Delay      (SCD):    3.333ns
    Clock Pessimism Removal (CPR):    0.000ns
  Clock Uncertainty:      0.129ns  ((TSJ^2 + DJ^2)^1/2) / 2 + PE
    Total System Jitter     (TSJ):    0.071ns
    Discrete Jitter          (DJ):    0.248ns
    Phase Error              (PE):    0.000ns
  Clock Net Delay (Source):      3.066ns (routing 1.584ns, distribution 1.482ns)
  Clock Net Delay (Destination): 2.827ns (routing 1.450ns, distribution 1.377ns)
  Timing Exception:       False Path

    Location             Delay type                Incr(ns)  Path(ns)    Netlist Resource(s)
  -------------------------------------------------------------------    -------------------
                         (clock clk_pl_0 rise edge)
                                                      0.000     0.000 r  
    PS8_X0Y0             PS8                          0.000     0.000 r  top_i/zynq_ps/inst/PS8_i/PLCLK[0]
                         net (fo=1, routed)           0.229     0.229    top_i/zynq_ps/inst/pl_clk_unbuffered[0]
    BUFG_PS_X0Y80        BUFG_PS (Prop_BUFG_PS_I_O)
                                                      0.038     0.267 r  top_i/zynq_ps/inst/buffer_pl_clk_0.PL_CLK_0_BUFG/O
    X1Y1 (CLOCK_ROOT)    net (fo=33585, routed)       3.066     3.333    top_i/smartconnect_0/inst/clk_map/psr_aclk/U0/aclk
    SLICE_X11Y29         FDRE                                         r  top_i/smartconnect_0/inst/clk_map/psr_aclk/U0/ACTIVE_LOW_BSR_OUT_DFF[0].FDRE_BSR_N/C
  -------------------------------------------------------------------    -------------------
    SLICE_X11Y29         FDRE (Prop_DFF_SLICEL_C_Q)
                                                      0.114     3.447 r  top_i/smartconnect_0/inst/clk_map/psr_aclk/U0/ACTIVE_LOW_BSR_OUT_DFF[0].FDRE_BSR_N/Q
                         net (fo=66, routed)          1.730     5.177    top_i/smartconnect_0/inst/m00_nodes/m00_aw_node/inst/s_sc_xpm_cdc_async_rst_inst/src_arst
    SLICE_X10Y74         FDCE                                         f  top_i/smartconnect_0/inst/m00_nodes/m00_aw_node/inst/s_sc_xpm_cdc_async_rst_inst/arststages_ff_reg[2]/CLR  (IS_INVERTED)
  -------------------------------------------------------------------    -------------------

                         (clock clk_pl_0 rise edge)
                                                      0.000     0.000 r  
    PS8_X0Y0             PS8                          0.000     0.000 r  top_i/zynq_ps/inst/PS8_i/PLCLK[0]
                         net (fo=1, routed)           0.181     0.181    top_i/zynq_ps/inst/pl_clk_unbuffered[0]
    BUFG_PS_X0Y80        BUFG_PS (Prop_BUFG_PS_I_O)
                                                      0.035     0.216 r  top_i/zynq_ps/inst/buffer_pl_clk_0.PL_CLK_0_BUFG/O
    X1Y1 (CLOCK_ROOT)    net (fo=33585, routed)       2.827     3.043    top_i/smartconnect_0/inst/m00_nodes/m00_aw_node/inst/s_sc_xpm_cdc_async_rst_inst/dest_clk
    SLICE_X10Y74         FDCE                                         r  top_i/smartconnect_0/inst/m00_nodes/m00_aw_node/inst/s_sc_xpm_cdc_async_rst_inst/arststages_ff_reg[2]/C





Min Delay Paths
--------------------------------------------------------------------------------------
Slack:                    inf
  Source:                 top_i/smartconnect_0/inst/clk_map/psr_aclk/U0/ACTIVE_LOW_BSR_OUT_DFF[0].FDRE_BSR_N/C
                            (rising edge-triggered cell FDRE clocked by clk_pl_0  {rise@0.000ns fall@2.500ns period=5.000ns})
  Destination:            top_i/smartconnect_0/inst/s01_entry_pipeline/s01_si_converter/inst/xpm_cdc_async_rst_inst/arststages_ff_reg[0]/CLR
                            (removal check against rising-edge clock clk_pl_0  {rise@0.000ns fall@2.500ns period=5.000ns})
  Path Group:             (none)
  Path Type:              Removal (Min at Fast Process Corner)
  Data Path Delay:        0.203ns  (logic 0.084ns (41.393%)  route 0.119ns (58.607%))
  Logic Levels:           0  
  Clock Path Skew:        0.194ns (DCD - SCD - CPR)
    Destination Clock Delay (DCD):    2.049ns
    Source Clock Delay      (SCD):    1.855ns
    Clock Pessimism Removal (CPR):    -0.000ns
  Clock Uncertainty:      0.129ns  ((TSJ^2 + DJ^2)^1/2) / 2 + PE
    Total System Jitter     (TSJ):    0.071ns
    Discrete Jitter          (DJ):    0.248ns
    Phase Error              (PE):    0.000ns
  Clock Net Delay (Source):      1.704ns (routing 0.886ns, distribution 0.818ns)
  Clock Net Delay (Destination): 1.862ns (routing 0.971ns, distribution 0.891ns)
  Timing Exception:       False Path

    Location             Delay type                Incr(ns)  Path(ns)    Netlist Resource(s)
  -------------------------------------------------------------------    -------------------
                         (clock clk_pl_0 rise edge)
                                                      0.000     0.000 r  
    PS8_X0Y0             PS8                          0.000     0.000 r  top_i/zynq_ps/inst/PS8_i/PLCLK[0]
                         net (fo=1, routed)           0.129     0.129    top_i/zynq_ps/inst/pl_clk_unbuffered[0]
    BUFG_PS_X0Y80        BUFG_PS (Prop_BUFG_PS_I_O)
                                                      0.022     0.151 r  top_i/zynq_ps/inst/buffer_pl_clk_0.PL_CLK_0_BUFG/O
    X1Y1 (CLOCK_ROOT)    net (fo=33585, routed)       1.704     1.855    top_i/smartconnect_0/inst/clk_map/psr_aclk/U0/aclk
    SLICE_X11Y29         FDRE                                         r  top_i/smartconnect_0/inst/clk_map/psr_aclk/U0/ACTIVE_LOW_BSR_OUT_DFF[0].FDRE_BSR_N/C
  -------------------------------------------------------------------    -------------------
    SLICE_X11Y29         FDRE (Prop_DFF_SLICEL_C_Q)
                                                      0.084     1.939 r  top_i/smartconnect_0/inst/clk_map/psr_aclk/U0/ACTIVE_LOW_BSR_OUT_DFF[0].FDRE_BSR_N/Q
                         net (fo=66, routed)          0.119     2.058    top_i/smartconnect_0/inst/s01_entry_pipeline/s01_si_converter/inst/xpm_cdc_async_rst_inst/src_arst
    SLICE_X11Y32         FDCE                                         f  top_i/smartconnect_0/inst/s01_entry_pipeline/s01_si_converter/inst/xpm_cdc_async_rst_inst/arststages_ff_reg[0]/CLR  (IS_INVERTED)
  -------------------------------------------------------------------    -------------------

                         (clock clk_pl_0 rise edge)
                                                      0.000     0.000 r  
    PS8_X0Y0             PS8                          0.000     0.000 r  top_i/zynq_ps/inst/PS8_i/PLCLK[0]
                         net (fo=1, routed)           0.164     0.164    top_i/zynq_ps/inst/pl_clk_unbuffered[0]
    BUFG_PS_X0Y80        BUFG_PS (Prop_BUFG_PS_I_O)
                                                      0.023     0.187 r  top_i/zynq_ps/inst/buffer_pl_clk_0.PL_CLK_0_BUFG/O
    X1Y1 (CLOCK_ROOT)    net (fo=33585, routed)       1.862     2.049    top_i/smartconnect_0/inst/s01_entry_pipeline/s01_si_converter/inst/xpm_cdc_async_rst_inst/dest_clk
    SLICE_X11Y32         FDCE                                         r  top_i/smartconnect_0/inst/s01_entry_pipeline/s01_si_converter/inst/xpm_cdc_async_rst_inst/arststages_ff_reg[0]/C

Slack:                    inf
  Source:                 top_i/smartconnect_0/inst/clk_map/psr_aclk/U0/ACTIVE_LOW_BSR_OUT_DFF[0].FDRE_BSR_N/C
                            (rising edge-triggered cell FDRE clocked by clk_pl_0  {rise@0.000ns fall@2.500ns period=5.000ns})
  Destination:            top_i/smartconnect_0/inst/s01_entry_pipeline/s01_si_converter/inst/xpm_cdc_async_rst_inst/arststages_ff_reg[1]/CLR
                            (removal check against rising-edge clock clk_pl_0  {rise@0.000ns fall@2.500ns period=5.000ns})
  Path Group:             (none)
  Path Type:              Removal (Min at Fast Process Corner)
  Data Path Delay:        0.203ns  (logic 0.084ns (41.393%)  route 0.119ns (58.607%))
  Logic Levels:           0  
  Clock Path Skew:        0.194ns (DCD - SCD - CPR)
    Destination Clock Delay (DCD):    2.049ns
    Source Clock Delay      (SCD):    1.855ns
    Clock Pessimism Removal (CPR):    -0.000ns
  Clock Uncertainty:      0.129ns  ((TSJ^2 + DJ^2)^1/2) / 2 + PE
    Total System Jitter     (TSJ):    0.071ns
    Discrete Jitter          (DJ):    0.248ns
    Phase Error              (PE):    0.000ns
  Clock Net Delay (Source):      1.704ns (routing 0.886ns, distribution 0.818ns)
  Clock Net Delay (Destination): 1.862ns (routing 0.971ns, distribution 0.891ns)
  Timing Exception:       False Path

    Location             Delay type                Incr(ns)  Path(ns)    Netlist Resource(s)
  -------------------------------------------------------------------    -------------------
                         (clock clk_pl_0 rise edge)
                                                      0.000     0.000 r  
    PS8_X0Y0             PS8                          0.000     0.000 r  top_i/zynq_ps/inst/PS8_i/PLCLK[0]
                         net (fo=1, routed)           0.129     0.129    top_i/zynq_ps/inst/pl_clk_unbuffered[0]
    BUFG_PS_X0Y80        BUFG_PS (Prop_BUFG_PS_I_O)
                                                      0.022     0.151 r  top_i/zynq_ps/inst/buffer_pl_clk_0.PL_CLK_0_BUFG/O
    X1Y1 (CLOCK_ROOT)    net (fo=33585, routed)       1.704     1.855    top_i/smartconnect_0/inst/clk_map/psr_aclk/U0/aclk
    SLICE_X11Y29         FDRE                                         r  top_i/smartconnect_0/inst/clk_map/psr_aclk/U0/ACTIVE_LOW_BSR_OUT_DFF[0].FDRE_BSR_N/C
  -------------------------------------------------------------------    -------------------
    SLICE_X11Y29         FDRE (Prop_DFF_SLICEL_C_Q)
                                                      0.084     1.939 r  top_i/smartconnect_0/inst/clk_map/psr_aclk/U0/ACTIVE_LOW_BSR_OUT_DFF[0].FDRE_BSR_N/Q
                         net (fo=66, routed)          0.119     2.058    top_i/smartconnect_0/inst/s01_entry_pipeline/s01_si_converter/inst/xpm_cdc_async_rst_inst/src_arst
    SLICE_X11Y32         FDCE                                         f  top_i/smartconnect_0/inst/s01_entry_pipeline/s01_si_converter/inst/xpm_cdc_async_rst_inst/arststages_ff_reg[1]/CLR  (IS_INVERTED)
  -------------------------------------------------------------------    -------------------

                         (clock clk_pl_0 rise edge)
                                                      0.000     0.000 r  
    PS8_X0Y0             PS8                          0.000     0.000 r  top_i/zynq_ps/inst/PS8_i/PLCLK[0]
                         net (fo=1, routed)           0.164     0.164    top_i/zynq_ps/inst/pl_clk_unbuffered[0]
    BUFG_PS_X0Y80        BUFG_PS (Prop_BUFG_PS_I_O)
                                                      0.023     0.187 r  top_i/zynq_ps/inst/buffer_pl_clk_0.PL_CLK_0_BUFG/O
    X1Y1 (CLOCK_ROOT)    net (fo=33585, routed)       1.862     2.049    top_i/smartconnect_0/inst/s01_entry_pipeline/s01_si_converter/inst/xpm_cdc_async_rst_inst/dest_clk
    SLICE_X11Y32         FDCE                                         r  top_i/smartconnect_0/inst/s01_entry_pipeline/s01_si_converter/inst/xpm_cdc_async_rst_inst/arststages_ff_reg[1]/C

Slack:                    inf
  Source:                 top_i/smartconnect_0/inst/clk_map/psr_aclk/U0/ACTIVE_LOW_BSR_OUT_DFF[0].FDRE_BSR_N/C
                            (rising edge-triggered cell FDRE clocked by clk_pl_0  {rise@0.000ns fall@2.500ns period=5.000ns})
  Destination:            top_i/smartconnect_0/inst/s01_entry_pipeline/s01_si_converter/inst/xpm_cdc_async_rst_inst/arststages_ff_reg[2]/CLR
                            (removal check against rising-edge clock clk_pl_0  {rise@0.000ns fall@2.500ns period=5.000ns})
  Path Group:             (none)
  Path Type:              Removal (Min at Fast Process Corner)
  Data Path Delay:        0.203ns  (logic 0.084ns (41.393%)  route 0.119ns (58.607%))
  Logic Levels:           0  
  Clock Path Skew:        0.194ns (DCD - SCD - CPR)
    Destination Clock Delay (DCD):    2.049ns
    Source Clock Delay      (SCD):    1.855ns
    Clock Pessimism Removal (CPR):    -0.000ns
  Clock Uncertainty:      0.129ns  ((TSJ^2 + DJ^2)^1/2) / 2 + PE
    Total System Jitter     (TSJ):    0.071ns
    Discrete Jitter          (DJ):    0.248ns
    Phase Error              (PE):    0.000ns
  Clock Net Delay (Source):      1.704ns (routing 0.886ns, distribution 0.818ns)
  Clock Net Delay (Destination): 1.862ns (routing 0.971ns, distribution 0.891ns)
  Timing Exception:       False Path

    Location             Delay type                Incr(ns)  Path(ns)    Netlist Resource(s)
  -------------------------------------------------------------------    -------------------
                         (clock clk_pl_0 rise edge)
                                                      0.000     0.000 r  
    PS8_X0Y0             PS8                          0.000     0.000 r  top_i/zynq_ps/inst/PS8_i/PLCLK[0]
                         net (fo=1, routed)           0.129     0.129    top_i/zynq_ps/inst/pl_clk_unbuffered[0]
    BUFG_PS_X0Y80        BUFG_PS (Prop_BUFG_PS_I_O)
                                                      0.022     0.151 r  top_i/zynq_ps/inst/buffer_pl_clk_0.PL_CLK_0_BUFG/O
    X1Y1 (CLOCK_ROOT)    net (fo=33585, routed)       1.704     1.855    top_i/smartconnect_0/inst/clk_map/psr_aclk/U0/aclk
    SLICE_X11Y29         FDRE                                         r  top_i/smartconnect_0/inst/clk_map/psr_aclk/U0/ACTIVE_LOW_BSR_OUT_DFF[0].FDRE_BSR_N/C
  -------------------------------------------------------------------    -------------------
    SLICE_X11Y29         FDRE (Prop_DFF_SLICEL_C_Q)
                                                      0.084     1.939 r  top_i/smartconnect_0/inst/clk_map/psr_aclk/U0/ACTIVE_LOW_BSR_OUT_DFF[0].FDRE_BSR_N/Q
                         net (fo=66, routed)          0.119     2.058    top_i/smartconnect_0/inst/s01_entry_pipeline/s01_si_converter/inst/xpm_cdc_async_rst_inst/src_arst
    SLICE_X11Y32         FDCE                                         f  top_i/smartconnect_0/inst/s01_entry_pipeline/s01_si_converter/inst/xpm_cdc_async_rst_inst/arststages_ff_reg[2]/CLR  (IS_INVERTED)
  -------------------------------------------------------------------    -------------------

                         (clock clk_pl_0 rise edge)
                                                      0.000     0.000 r  
    PS8_X0Y0             PS8                          0.000     0.000 r  top_i/zynq_ps/inst/PS8_i/PLCLK[0]
                         net (fo=1, routed)           0.164     0.164    top_i/zynq_ps/inst/pl_clk_unbuffered[0]
    BUFG_PS_X0Y80        BUFG_PS (Prop_BUFG_PS_I_O)
                                                      0.023     0.187 r  top_i/zynq_ps/inst/buffer_pl_clk_0.PL_CLK_0_BUFG/O
    X1Y1 (CLOCK_ROOT)    net (fo=33585, routed)       1.862     2.049    top_i/smartconnect_0/inst/s01_entry_pipeline/s01_si_converter/inst/xpm_cdc_async_rst_inst/dest_clk
    SLICE_X11Y32         FDCE                                         r  top_i/smartconnect_0/inst/s01_entry_pipeline/s01_si_converter/inst/xpm_cdc_async_rst_inst/arststages_ff_reg[2]/C

Slack:                    inf
  Source:                 top_i/smartconnect_0/inst/clk_map/psr_aclk/U0/ACTIVE_LOW_BSR_OUT_DFF[0].FDRE_BSR_N/C
                            (rising edge-triggered cell FDRE clocked by clk_pl_0  {rise@0.000ns fall@2.500ns period=5.000ns})
  Destination:            top_i/smartconnect_0/inst/m00_nodes/m00_b_node/inst/s_sc_xpm_cdc_async_rst_inst/arststages_ff_reg[0]/CLR
                            (removal check against rising-edge clock clk_pl_0  {rise@0.000ns fall@2.500ns period=5.000ns})
  Path Group:             (none)
  Path Type:              Removal (Min at Fast Process Corner)
  Data Path Delay:        0.208ns  (logic 0.084ns (40.455%)  route 0.124ns (59.545%))
  Logic Levels:           0  
  Clock Path Skew:        0.199ns (DCD - SCD - CPR)
    Destination Clock Delay (DCD):    2.054ns
    Source Clock Delay      (SCD):    1.855ns
    Clock Pessimism Removal (CPR):    -0.000ns
  Clock Uncertainty:      0.129ns  ((TSJ^2 + DJ^2)^1/2) / 2 + PE
    Total System Jitter     (TSJ):    0.071ns
    Discrete Jitter          (DJ):    0.248ns
    Phase Error              (PE):    0.000ns
  Clock Net Delay (Source):      1.704ns (routing 0.886ns, distribution 0.818ns)
  Clock Net Delay (Destination): 1.867ns (routing 0.971ns, distribution 0.896ns)
  Timing Exception:       False Path

    Location             Delay type                Incr(ns)  Path(ns)    Netlist Resource(s)
  -------------------------------------------------------------------    -------------------
                         (clock clk_pl_0 rise edge)
                                                      0.000     0.000 r  
    PS8_X0Y0             PS8                          0.000     0.000 r  top_i/zynq_ps/inst/PS8_i/PLCLK[0]
                         net (fo=1, routed)           0.129     0.129    top_i/zynq_ps/inst/pl_clk_unbuffered[0]
    BUFG_PS_X0Y80        BUFG_PS (Prop_BUFG_PS_I_O)
                                                      0.022     0.151 r  top_i/zynq_ps/inst/buffer_pl_clk_0.PL_CLK_0_BUFG/O
    X1Y1 (CLOCK_ROOT)    net (fo=33585, routed)       1.704     1.855    top_i/smartconnect_0/inst/clk_map/psr_aclk/U0/aclk
    SLICE_X11Y29         FDRE                                         r  top_i/smartconnect_0/inst/clk_map/psr_aclk/U0/ACTIVE_LOW_BSR_OUT_DFF[0].FDRE_BSR_N/C
  -------------------------------------------------------------------    -------------------
    SLICE_X11Y29         FDRE (Prop_DFF_SLICEL_C_Q)
                                                      0.084     1.939 r  top_i/smartconnect_0/inst/clk_map/psr_aclk/U0/ACTIVE_LOW_BSR_OUT_DFF[0].FDRE_BSR_N/Q
                         net (fo=66, routed)          0.124     2.063    top_i/smartconnect_0/inst/m00_nodes/m00_b_node/inst/s_sc_xpm_cdc_async_rst_inst/src_arst
    SLICE_X13Y28         FDCE                                         f  top_i/smartconnect_0/inst/m00_nodes/m00_b_node/inst/s_sc_xpm_cdc_async_rst_inst/arststages_ff_reg[0]/CLR  (IS_INVERTED)
  -------------------------------------------------------------------    -------------------

                         (clock clk_pl_0 rise edge)
                                                      0.000     0.000 r  
    PS8_X0Y0             PS8                          0.000     0.000 r  top_i/zynq_ps/inst/PS8_i/PLCLK[0]
                         net (fo=1, routed)           0.164     0.164    top_i/zynq_ps/inst/pl_clk_unbuffered[0]
    BUFG_PS_X0Y80        BUFG_PS (Prop_BUFG_PS_I_O)
                                                      0.023     0.187 r  top_i/zynq_ps/inst/buffer_pl_clk_0.PL_CLK_0_BUFG/O
    X1Y1 (CLOCK_ROOT)    net (fo=33585, routed)       1.867     2.054    top_i/smartconnect_0/inst/m00_nodes/m00_b_node/inst/s_sc_xpm_cdc_async_rst_inst/dest_clk
    SLICE_X13Y28         FDCE                                         r  top_i/smartconnect_0/inst/m00_nodes/m00_b_node/inst/s_sc_xpm_cdc_async_rst_inst/arststages_ff_reg[0]/C

Slack:                    inf
  Source:                 top_i/smartconnect_0/inst/clk_map/psr_aclk/U0/ACTIVE_LOW_BSR_OUT_DFF[0].FDRE_BSR_N/C
                            (rising edge-triggered cell FDRE clocked by clk_pl_0  {rise@0.000ns fall@2.500ns period=5.000ns})
  Destination:            top_i/smartconnect_0/inst/m00_nodes/m00_b_node/inst/s_sc_xpm_cdc_async_rst_inst/arststages_ff_reg[1]/CLR
                            (removal check against rising-edge clock clk_pl_0  {rise@0.000ns fall@2.500ns period=5.000ns})
  Path Group:             (none)
  Path Type:              Removal (Min at Fast Process Corner)
  Data Path Delay:        0.208ns  (logic 0.084ns (40.455%)  route 0.124ns (59.545%))
  Logic Levels:           0  
  Clock Path Skew:        0.199ns (DCD - SCD - CPR)
    Destination Clock Delay (DCD):    2.054ns
    Source Clock Delay      (SCD):    1.855ns
    Clock Pessimism Removal (CPR):    -0.000ns
  Clock Uncertainty:      0.129ns  ((TSJ^2 + DJ^2)^1/2) / 2 + PE
    Total System Jitter     (TSJ):    0.071ns
    Discrete Jitter          (DJ):    0.248ns
    Phase Error              (PE):    0.000ns
  Clock Net Delay (Source):      1.704ns (routing 0.886ns, distribution 0.818ns)
  Clock Net Delay (Destination): 1.867ns (routing 0.971ns, distribution 0.896ns)
  Timing Exception:       False Path

    Location             Delay type                Incr(ns)  Path(ns)    Netlist Resource(s)
  -------------------------------------------------------------------    -------------------
                         (clock clk_pl_0 rise edge)
                                                      0.000     0.000 r  
    PS8_X0Y0             PS8                          0.000     0.000 r  top_i/zynq_ps/inst/PS8_i/PLCLK[0]
                         net (fo=1, routed)           0.129     0.129    top_i/zynq_ps/inst/pl_clk_unbuffered[0]
    BUFG_PS_X0Y80        BUFG_PS (Prop_BUFG_PS_I_O)
                                                      0.022     0.151 r  top_i/zynq_ps/inst/buffer_pl_clk_0.PL_CLK_0_BUFG/O
    X1Y1 (CLOCK_ROOT)    net (fo=33585, routed)       1.704     1.855    top_i/smartconnect_0/inst/clk_map/psr_aclk/U0/aclk
    SLICE_X11Y29         FDRE                                         r  top_i/smartconnect_0/inst/clk_map/psr_aclk/U0/ACTIVE_LOW_BSR_OUT_DFF[0].FDRE_BSR_N/C
  -------------------------------------------------------------------    -------------------
    SLICE_X11Y29         FDRE (Prop_DFF_SLICEL_C_Q)
                                                      0.084     1.939 r  top_i/smartconnect_0/inst/clk_map/psr_aclk/U0/ACTIVE_LOW_BSR_OUT_DFF[0].FDRE_BSR_N/Q
                         net (fo=66, routed)          0.124     2.063    top_i/smartconnect_0/inst/m00_nodes/m00_b_node/inst/s_sc_xpm_cdc_async_rst_inst/src_arst
    SLICE_X13Y28         FDCE                                         f  top_i/smartconnect_0/inst/m00_nodes/m00_b_node/inst/s_sc_xpm_cdc_async_rst_inst/arststages_ff_reg[1]/CLR  (IS_INVERTED)
  -------------------------------------------------------------------    -------------------

                         (clock clk_pl_0 rise edge)
                                                      0.000     0.000 r  
    PS8_X0Y0             PS8                          0.000     0.000 r  top_i/zynq_ps/inst/PS8_i/PLCLK[0]
                         net (fo=1, routed)           0.164     0.164    top_i/zynq_ps/inst/pl_clk_unbuffered[0]
    BUFG_PS_X0Y80        BUFG_PS (Prop_BUFG_PS_I_O)
                                                      0.023     0.187 r  top_i/zynq_ps/inst/buffer_pl_clk_0.PL_CLK_0_BUFG/O
    X1Y1 (CLOCK_ROOT)    net (fo=33585, routed)       1.867     2.054    top_i/smartconnect_0/inst/m00_nodes/m00_b_node/inst/s_sc_xpm_cdc_async_rst_inst/dest_clk
    SLICE_X13Y28         FDCE                                         r  top_i/smartconnect_0/inst/m00_nodes/m00_b_node/inst/s_sc_xpm_cdc_async_rst_inst/arststages_ff_reg[1]/C

Slack:                    inf
  Source:                 top_i/smartconnect_0/inst/clk_map/psr_aclk/U0/ACTIVE_LOW_BSR_OUT_DFF[0].FDRE_BSR_N/C
                            (rising edge-triggered cell FDRE clocked by clk_pl_0  {rise@0.000ns fall@2.500ns period=5.000ns})
  Destination:            top_i/smartconnect_0/inst/m00_nodes/m00_b_node/inst/s_sc_xpm_cdc_async_rst_inst/arststages_ff_reg[2]/CLR
                            (removal check against rising-edge clock clk_pl_0  {rise@0.000ns fall@2.500ns period=5.000ns})
  Path Group:             (none)
  Path Type:              Removal (Min at Fast Process Corner)
  Data Path Delay:        0.208ns  (logic 0.084ns (40.455%)  route 0.124ns (59.545%))
  Logic Levels:           0  
  Clock Path Skew:        0.199ns (DCD - SCD - CPR)
    Destination Clock Delay (DCD):    2.054ns
    Source Clock Delay      (SCD):    1.855ns
    Clock Pessimism Removal (CPR):    -0.000ns
  Clock Uncertainty:      0.129ns  ((TSJ^2 + DJ^2)^1/2) / 2 + PE
    Total System Jitter     (TSJ):    0.071ns
    Discrete Jitter          (DJ):    0.248ns
    Phase Error              (PE):    0.000ns
  Clock Net Delay (Source):      1.704ns (routing 0.886ns, distribution 0.818ns)
  Clock Net Delay (Destination): 1.867ns (routing 0.971ns, distribution 0.896ns)
  Timing Exception:       False Path

    Location             Delay type                Incr(ns)  Path(ns)    Netlist Resource(s)
  -------------------------------------------------------------------    -------------------
                         (clock clk_pl_0 rise edge)
                                                      0.000     0.000 r  
    PS8_X0Y0             PS8                          0.000     0.000 r  top_i/zynq_ps/inst/PS8_i/PLCLK[0]
                         net (fo=1, routed)           0.129     0.129    top_i/zynq_ps/inst/pl_clk_unbuffered[0]
    BUFG_PS_X0Y80        BUFG_PS (Prop_BUFG_PS_I_O)
                                                      0.022     0.151 r  top_i/zynq_ps/inst/buffer_pl_clk_0.PL_CLK_0_BUFG/O
    X1Y1 (CLOCK_ROOT)    net (fo=33585, routed)       1.704     1.855    top_i/smartconnect_0/inst/clk_map/psr_aclk/U0/aclk
    SLICE_X11Y29         FDRE                                         r  top_i/smartconnect_0/inst/clk_map/psr_aclk/U0/ACTIVE_LOW_BSR_OUT_DFF[0].FDRE_BSR_N/C
  -------------------------------------------------------------------    -------------------
    SLICE_X11Y29         FDRE (Prop_DFF_SLICEL_C_Q)
                                                      0.084     1.939 r  top_i/smartconnect_0/inst/clk_map/psr_aclk/U0/ACTIVE_LOW_BSR_OUT_DFF[0].FDRE_BSR_N/Q
                         net (fo=66, routed)          0.124     2.063    top_i/smartconnect_0/inst/m00_nodes/m00_b_node/inst/s_sc_xpm_cdc_async_rst_inst/src_arst
    SLICE_X13Y28         FDCE                                         f  top_i/smartconnect_0/inst/m00_nodes/m00_b_node/inst/s_sc_xpm_cdc_async_rst_inst/arststages_ff_reg[2]/CLR  (IS_INVERTED)
  -------------------------------------------------------------------    -------------------

                         (clock clk_pl_0 rise edge)
                                                      0.000     0.000 r  
    PS8_X0Y0             PS8                          0.000     0.000 r  top_i/zynq_ps/inst/PS8_i/PLCLK[0]
                         net (fo=1, routed)           0.164     0.164    top_i/zynq_ps/inst/pl_clk_unbuffered[0]
    BUFG_PS_X0Y80        BUFG_PS (Prop_BUFG_PS_I_O)
                                                      0.023     0.187 r  top_i/zynq_ps/inst/buffer_pl_clk_0.PL_CLK_0_BUFG/O
    X1Y1 (CLOCK_ROOT)    net (fo=33585, routed)       1.867     2.054    top_i/smartconnect_0/inst/m00_nodes/m00_b_node/inst/s_sc_xpm_cdc_async_rst_inst/dest_clk
    SLICE_X13Y28         FDCE                                         r  top_i/smartconnect_0/inst/m00_nodes/m00_b_node/inst/s_sc_xpm_cdc_async_rst_inst/arststages_ff_reg[2]/C

Slack:                    inf
  Source:                 top_i/smartconnect_0/inst/clk_map/psr_aclk/U0/ACTIVE_LOW_BSR_OUT_DFF[0].FDRE_BSR_N/C
                            (rising edge-triggered cell FDRE clocked by clk_pl_0  {rise@0.000ns fall@2.500ns period=5.000ns})
  Destination:            top_i/smartconnect_0/inst/s01_entry_pipeline/s01_transaction_regulator/inst/xpm_cdc_async_rst_inst/arststages_ff_reg[0]/CLR
                            (removal check against rising-edge clock clk_pl_0  {rise@0.000ns fall@2.500ns period=5.000ns})
  Path Group:             (none)
  Path Type:              Removal (Min at Fast Process Corner)
  Data Path Delay:        0.296ns  (logic 0.084ns (28.384%)  route 0.212ns (71.616%))
  Logic Levels:           0  
  Clock Path Skew:        0.202ns (DCD - SCD - CPR)
    Destination Clock Delay (DCD):    2.057ns
    Source Clock Delay      (SCD):    1.855ns
    Clock Pessimism Removal (CPR):    -0.000ns
  Clock Uncertainty:      0.129ns  ((TSJ^2 + DJ^2)^1/2) / 2 + PE
    Total System Jitter     (TSJ):    0.071ns
    Discrete Jitter          (DJ):    0.248ns
    Phase Error              (PE):    0.000ns
  Clock Net Delay (Source):      1.704ns (routing 0.886ns, distribution 0.818ns)
  Clock Net Delay (Destination): 1.870ns (routing 0.971ns, distribution 0.899ns)
  Timing Exception:       False Path

    Location             Delay type                Incr(ns)  Path(ns)    Netlist Resource(s)
  -------------------------------------------------------------------    -------------------
                         (clock clk_pl_0 rise edge)
                                                      0.000     0.000 r  
    PS8_X0Y0             PS8                          0.000     0.000 r  top_i/zynq_ps/inst/PS8_i/PLCLK[0]
                         net (fo=1, routed)           0.129     0.129    top_i/zynq_ps/inst/pl_clk_unbuffered[0]
    BUFG_PS_X0Y80        BUFG_PS (Prop_BUFG_PS_I_O)
                                                      0.022     0.151 r  top_i/zynq_ps/inst/buffer_pl_clk_0.PL_CLK_0_BUFG/O
    X1Y1 (CLOCK_ROOT)    net (fo=33585, routed)       1.704     1.855    top_i/smartconnect_0/inst/clk_map/psr_aclk/U0/aclk
    SLICE_X11Y29         FDRE                                         r  top_i/smartconnect_0/inst/clk_map/psr_aclk/U0/ACTIVE_LOW_BSR_OUT_DFF[0].FDRE_BSR_N/C
  -------------------------------------------------------------------    -------------------
    SLICE_X11Y29         FDRE (Prop_DFF_SLICEL_C_Q)
                                                      0.084     1.939 r  top_i/smartconnect_0/inst/clk_map/psr_aclk/U0/ACTIVE_LOW_BSR_OUT_DFF[0].FDRE_BSR_N/Q
                         net (fo=66, routed)          0.212     2.151    top_i/smartconnect_0/inst/s01_entry_pipeline/s01_transaction_regulator/inst/xpm_cdc_async_rst_inst/src_arst
    SLICE_X15Y43         FDCE                                         f  top_i/smartconnect_0/inst/s01_entry_pipeline/s01_transaction_regulator/inst/xpm_cdc_async_rst_inst/arststages_ff_reg[0]/CLR  (IS_INVERTED)
  -------------------------------------------------------------------    -------------------

                         (clock clk_pl_0 rise edge)
                                                      0.000     0.000 r  
    PS8_X0Y0             PS8                          0.000     0.000 r  top_i/zynq_ps/inst/PS8_i/PLCLK[0]
                         net (fo=1, routed)           0.164     0.164    top_i/zynq_ps/inst/pl_clk_unbuffered[0]
    BUFG_PS_X0Y80        BUFG_PS (Prop_BUFG_PS_I_O)
                                                      0.023     0.187 r  top_i/zynq_ps/inst/buffer_pl_clk_0.PL_CLK_0_BUFG/O
    X1Y1 (CLOCK_ROOT)    net (fo=33585, routed)       1.870     2.057    top_i/smartconnect_0/inst/s01_entry_pipeline/s01_transaction_regulator/inst/xpm_cdc_async_rst_inst/dest_clk
    SLICE_X15Y43         FDCE                                         r  top_i/smartconnect_0/inst/s01_entry_pipeline/s01_transaction_regulator/inst/xpm_cdc_async_rst_inst/arststages_ff_reg[0]/C

Slack:                    inf
  Source:                 top_i/smartconnect_0/inst/clk_map/psr_aclk/U0/ACTIVE_LOW_BSR_OUT_DFF[0].FDRE_BSR_N/C
                            (rising edge-triggered cell FDRE clocked by clk_pl_0  {rise@0.000ns fall@2.500ns period=5.000ns})
  Destination:            top_i/smartconnect_0/inst/s01_entry_pipeline/s01_transaction_regulator/inst/xpm_cdc_async_rst_inst/arststages_ff_reg[1]/CLR
                            (removal check against rising-edge clock clk_pl_0  {rise@0.000ns fall@2.500ns period=5.000ns})
  Path Group:             (none)
  Path Type:              Removal (Min at Fast Process Corner)
  Data Path Delay:        0.296ns  (logic 0.084ns (28.384%)  route 0.212ns (71.616%))
  Logic Levels:           0  
  Clock Path Skew:        0.202ns (DCD - SCD - CPR)
    Destination Clock Delay (DCD):    2.057ns
    Source Clock Delay      (SCD):    1.855ns
    Clock Pessimism Removal (CPR):    -0.000ns
  Clock Uncertainty:      0.129ns  ((TSJ^2 + DJ^2)^1/2) / 2 + PE
    Total System Jitter     (TSJ):    0.071ns
    Discrete Jitter          (DJ):    0.248ns
    Phase Error              (PE):    0.000ns
  Clock Net Delay (Source):      1.704ns (routing 0.886ns, distribution 0.818ns)
  Clock Net Delay (Destination): 1.870ns (routing 0.971ns, distribution 0.899ns)
  Timing Exception:       False Path

    Location             Delay type                Incr(ns)  Path(ns)    Netlist Resource(s)
  -------------------------------------------------------------------    -------------------
                         (clock clk_pl_0 rise edge)
                                                      0.000     0.000 r  
    PS8_X0Y0             PS8                          0.000     0.000 r  top_i/zynq_ps/inst/PS8_i/PLCLK[0]
                         net (fo=1, routed)           0.129     0.129    top_i/zynq_ps/inst/pl_clk_unbuffered[0]
    BUFG_PS_X0Y80        BUFG_PS (Prop_BUFG_PS_I_O)
                                                      0.022     0.151 r  top_i/zynq_ps/inst/buffer_pl_clk_0.PL_CLK_0_BUFG/O
    X1Y1 (CLOCK_ROOT)    net (fo=33585, routed)       1.704     1.855    top_i/smartconnect_0/inst/clk_map/psr_aclk/U0/aclk
    SLICE_X11Y29         FDRE                                         r  top_i/smartconnect_0/inst/clk_map/psr_aclk/U0/ACTIVE_LOW_BSR_OUT_DFF[0].FDRE_BSR_N/C
  -------------------------------------------------------------------    -------------------
    SLICE_X11Y29         FDRE (Prop_DFF_SLICEL_C_Q)
                                                      0.084     1.939 r  top_i/smartconnect_0/inst/clk_map/psr_aclk/U0/ACTIVE_LOW_BSR_OUT_DFF[0].FDRE_BSR_N/Q
                         net (fo=66, routed)          0.212     2.151    top_i/smartconnect_0/inst/s01_entry_pipeline/s01_transaction_regulator/inst/xpm_cdc_async_rst_inst/src_arst
    SLICE_X15Y43         FDCE                                         f  top_i/smartconnect_0/inst/s01_entry_pipeline/s01_transaction_regulator/inst/xpm_cdc_async_rst_inst/arststages_ff_reg[1]/CLR  (IS_INVERTED)
  -------------------------------------------------------------------    -------------------

                         (clock clk_pl_0 rise edge)
                                                      0.000     0.000 r  
    PS8_X0Y0             PS8                          0.000     0.000 r  top_i/zynq_ps/inst/PS8_i/PLCLK[0]
                         net (fo=1, routed)           0.164     0.164    top_i/zynq_ps/inst/pl_clk_unbuffered[0]
    BUFG_PS_X0Y80        BUFG_PS (Prop_BUFG_PS_I_O)
                                                      0.023     0.187 r  top_i/zynq_ps/inst/buffer_pl_clk_0.PL_CLK_0_BUFG/O
    X1Y1 (CLOCK_ROOT)    net (fo=33585, routed)       1.870     2.057    top_i/smartconnect_0/inst/s01_entry_pipeline/s01_transaction_regulator/inst/xpm_cdc_async_rst_inst/dest_clk
    SLICE_X15Y43         FDCE                                         r  top_i/smartconnect_0/inst/s01_entry_pipeline/s01_transaction_regulator/inst/xpm_cdc_async_rst_inst/arststages_ff_reg[1]/C

Slack:                    inf
  Source:                 top_i/smartconnect_0/inst/clk_map/psr_aclk/U0/ACTIVE_LOW_BSR_OUT_DFF[0].FDRE_BSR_N/C
                            (rising edge-triggered cell FDRE clocked by clk_pl_0  {rise@0.000ns fall@2.500ns period=5.000ns})
  Destination:            top_i/smartconnect_0/inst/s01_entry_pipeline/s01_transaction_regulator/inst/xpm_cdc_async_rst_inst/arststages_ff_reg[2]/CLR
                            (removal check against rising-edge clock clk_pl_0  {rise@0.000ns fall@2.500ns period=5.000ns})
  Path Group:             (none)
  Path Type:              Removal (Min at Fast Process Corner)
  Data Path Delay:        0.296ns  (logic 0.084ns (28.384%)  route 0.212ns (71.616%))
  Logic Levels:           0  
  Clock Path Skew:        0.202ns (DCD - SCD - CPR)
    Destination Clock Delay (DCD):    2.057ns
    Source Clock Delay      (SCD):    1.855ns
    Clock Pessimism Removal (CPR):    -0.000ns
  Clock Uncertainty:      0.129ns  ((TSJ^2 + DJ^2)^1/2) / 2 + PE
    Total System Jitter     (TSJ):    0.071ns
    Discrete Jitter          (DJ):    0.248ns
    Phase Error              (PE):    0.000ns
  Clock Net Delay (Source):      1.704ns (routing 0.886ns, distribution 0.818ns)
  Clock Net Delay (Destination): 1.870ns (routing 0.971ns, distribution 0.899ns)
  Timing Exception:       False Path

    Location             Delay type                Incr(ns)  Path(ns)    Netlist Resource(s)
  -------------------------------------------------------------------    -------------------
                         (clock clk_pl_0 rise edge)
                                                      0.000     0.000 r  
    PS8_X0Y0             PS8                          0.000     0.000 r  top_i/zynq_ps/inst/PS8_i/PLCLK[0]
                         net (fo=1, routed)           0.129     0.129    top_i/zynq_ps/inst/pl_clk_unbuffered[0]
    BUFG_PS_X0Y80        BUFG_PS (Prop_BUFG_PS_I_O)
                                                      0.022     0.151 r  top_i/zynq_ps/inst/buffer_pl_clk_0.PL_CLK_0_BUFG/O
    X1Y1 (CLOCK_ROOT)    net (fo=33585, routed)       1.704     1.855    top_i/smartconnect_0/inst/clk_map/psr_aclk/U0/aclk
    SLICE_X11Y29         FDRE                                         r  top_i/smartconnect_0/inst/clk_map/psr_aclk/U0/ACTIVE_LOW_BSR_OUT_DFF[0].FDRE_BSR_N/C
  -------------------------------------------------------------------    -------------------
    SLICE_X11Y29         FDRE (Prop_DFF_SLICEL_C_Q)
                                                      0.084     1.939 r  top_i/smartconnect_0/inst/clk_map/psr_aclk/U0/ACTIVE_LOW_BSR_OUT_DFF[0].FDRE_BSR_N/Q
                         net (fo=66, routed)          0.212     2.151    top_i/smartconnect_0/inst/s01_entry_pipeline/s01_transaction_regulator/inst/xpm_cdc_async_rst_inst/src_arst
    SLICE_X15Y43         FDCE                                         f  top_i/smartconnect_0/inst/s01_entry_pipeline/s01_transaction_regulator/inst/xpm_cdc_async_rst_inst/arststages_ff_reg[2]/CLR  (IS_INVERTED)
  -------------------------------------------------------------------    -------------------

                         (clock clk_pl_0 rise edge)
                                                      0.000     0.000 r  
    PS8_X0Y0             PS8                          0.000     0.000 r  top_i/zynq_ps/inst/PS8_i/PLCLK[0]
                         net (fo=1, routed)           0.164     0.164    top_i/zynq_ps/inst/pl_clk_unbuffered[0]
    BUFG_PS_X0Y80        BUFG_PS (Prop_BUFG_PS_I_O)
                                                      0.023     0.187 r  top_i/zynq_ps/inst/buffer_pl_clk_0.PL_CLK_0_BUFG/O
    X1Y1 (CLOCK_ROOT)    net (fo=33585, routed)       1.870     2.057    top_i/smartconnect_0/inst/s01_entry_pipeline/s01_transaction_regulator/inst/xpm_cdc_async_rst_inst/dest_clk
    SLICE_X15Y43         FDCE                                         r  top_i/smartconnect_0/inst/s01_entry_pipeline/s01_transaction_regulator/inst/xpm_cdc_async_rst_inst/arststages_ff_reg[2]/C

Slack:                    inf
  Source:                 top_i/smartconnect_0/inst/clk_map/psr_aclk/U0/ACTIVE_LOW_BSR_OUT_DFF[0].FDRE_BSR_N/C
                            (rising edge-triggered cell FDRE clocked by clk_pl_0  {rise@0.000ns fall@2.500ns period=5.000ns})
  Destination:            top_i/smartconnect_0/inst/s00_entry_pipeline/s00_si_converter/inst/xpm_cdc_async_rst_inst/arststages_ff_reg[0]/CLR
                            (removal check against rising-edge clock clk_pl_0  {rise@0.000ns fall@2.500ns period=5.000ns})
  Path Group:             (none)
  Path Type:              Removal (Min at Fast Process Corner)
  Data Path Delay:        0.334ns  (logic 0.084ns (25.186%)  route 0.250ns (74.814%))
  Logic Levels:           0  
  Clock Path Skew:        0.207ns (DCD - SCD - CPR)
    Destination Clock Delay (DCD):    2.062ns
    Source Clock Delay      (SCD):    1.855ns
    Clock Pessimism Removal (CPR):    -0.000ns
  Clock Uncertainty:      0.129ns  ((TSJ^2 + DJ^2)^1/2) / 2 + PE
    Total System Jitter     (TSJ):    0.071ns
    Discrete Jitter          (DJ):    0.248ns
    Phase Error              (PE):    0.000ns
  Clock Net Delay (Source):      1.704ns (routing 0.886ns, distribution 0.818ns)
  Clock Net Delay (Destination): 1.875ns (routing 0.971ns, distribution 0.904ns)
  Timing Exception:       False Path

    Location             Delay type                Incr(ns)  Path(ns)    Netlist Resource(s)
  -------------------------------------------------------------------    -------------------
                         (clock clk_pl_0 rise edge)
                                                      0.000     0.000 r  
    PS8_X0Y0             PS8                          0.000     0.000 r  top_i/zynq_ps/inst/PS8_i/PLCLK[0]
                         net (fo=1, routed)           0.129     0.129    top_i/zynq_ps/inst/pl_clk_unbuffered[0]
    BUFG_PS_X0Y80        BUFG_PS (Prop_BUFG_PS_I_O)
                                                      0.022     0.151 r  top_i/zynq_ps/inst/buffer_pl_clk_0.PL_CLK_0_BUFG/O
    X1Y1 (CLOCK_ROOT)    net (fo=33585, routed)       1.704     1.855    top_i/smartconnect_0/inst/clk_map/psr_aclk/U0/aclk
    SLICE_X11Y29         FDRE                                         r  top_i/smartconnect_0/inst/clk_map/psr_aclk/U0/ACTIVE_LOW_BSR_OUT_DFF[0].FDRE_BSR_N/C
  -------------------------------------------------------------------    -------------------
    SLICE_X11Y29         FDRE (Prop_DFF_SLICEL_C_Q)
                                                      0.084     1.939 r  top_i/smartconnect_0/inst/clk_map/psr_aclk/U0/ACTIVE_LOW_BSR_OUT_DFF[0].FDRE_BSR_N/Q
                         net (fo=66, routed)          0.250     2.189    top_i/smartconnect_0/inst/s00_entry_pipeline/s00_si_converter/inst/xpm_cdc_async_rst_inst/src_arst
    SLICE_X14Y50         FDCE                                         f  top_i/smartconnect_0/inst/s00_entry_pipeline/s00_si_converter/inst/xpm_cdc_async_rst_inst/arststages_ff_reg[0]/CLR  (IS_INVERTED)
  -------------------------------------------------------------------    -------------------

                         (clock clk_pl_0 rise edge)
                                                      0.000     0.000 r  
    PS8_X0Y0             PS8                          0.000     0.000 r  top_i/zynq_ps/inst/PS8_i/PLCLK[0]
                         net (fo=1, routed)           0.164     0.164    top_i/zynq_ps/inst/pl_clk_unbuffered[0]
    BUFG_PS_X0Y80        BUFG_PS (Prop_BUFG_PS_I_O)
                                                      0.023     0.187 r  top_i/zynq_ps/inst/buffer_pl_clk_0.PL_CLK_0_BUFG/O
    X1Y1 (CLOCK_ROOT)    net (fo=33585, routed)       1.875     2.062    top_i/smartconnect_0/inst/s00_entry_pipeline/s00_si_converter/inst/xpm_cdc_async_rst_inst/dest_clk
    SLICE_X14Y50         FDCE                                         r  top_i/smartconnect_0/inst/s00_entry_pipeline/s00_si_converter/inst/xpm_cdc_async_rst_inst/arststages_ff_reg[0]/C





--------------------------------------------------------------------------------------
Path Group:  (none)
From Clock:  
  To Clock:  clk_pl_0

Max Delay           498 Endpoints
Min Delay           498 Endpoints
--------------------------------------------------------------------------------------


Max Delay Paths
--------------------------------------------------------------------------------------
Slack:                    inf
  Source:                 top_i/StreamingDataflowPartition_1/inst/StreamingDataflowPartition_1_StreamingFIFO_rtl_2/fifo/inst/gen_fifo.xpm_fifo_axis_inst/xpm_fifo_base_inst/gen_sdpram.xpm_memory_base_inst/gen_wr_a.gen_word_narrow.mem_reg_uram_0/CAS_OUT_DIN_A[17]
                            (internal pin)
  Destination:            top_i/StreamingDataflowPartition_1/inst/StreamingDataflowPartition_1_StreamingFIFO_rtl_2/fifo/inst/gen_fifo.xpm_fifo_axis_inst/xpm_fifo_base_inst/gen_sdpram.xpm_memory_base_inst/gen_wr_a.gen_word_narrow.mem_reg_uram_3/CAS_IN_DIN_A[17]
                            (rising edge-triggered cell URAM288 clocked by clk_pl_0  {rise@0.000ns fall@2.500ns period=5.000ns})
  Path Group:             (none)
  Path Type:              Setup (Max at Slow Process Corner)
  Data Path Delay:        0.564ns  (logic 0.558ns (98.936%)  route 0.006ns (1.064%))
  Logic Levels:           2  (URAM288=2)
  Clock Uncertainty:      0.127ns  ((TSJ^2 + DJ^2)^1/2) / 2 + PE
    Total System Jitter     (TSJ):    0.050ns
    Discrete Jitter          (DJ):    0.248ns
    Phase Error              (PE):    0.000ns
  Clock Net Delay (Destination): 2.789ns (routing 1.450ns, distribution 1.339ns)

    Location             Delay type                Incr(ns)  Path(ns)    Netlist Resource(s)
  -------------------------------------------------------------------    -------------------
    URAM288_X0Y12        URAM288                      0.000     0.000 r  top_i/StreamingDataflowPartition_1/inst/StreamingDataflowPartition_1_StreamingFIFO_rtl_2/fifo/inst/gen_fifo.xpm_fifo_axis_inst/xpm_fifo_base_inst/gen_sdpram.xpm_memory_base_inst/gen_wr_a.gen_word_narrow.mem_reg_uram_0/CAS_OUT_DIN_A[17]
                         net (fo=1, routed)           0.002     0.002    top_i/StreamingDataflowPartition_1/inst/StreamingDataflowPartition_1_StreamingFIFO_rtl_2/fifo/inst/gen_fifo.xpm_fifo_axis_inst/xpm_fifo_base_inst/gen_sdpram.xpm_memory_base_inst/gen_wr_a.gen_word_narrow.mem_reg_uram_1_Cas_DinA_1[17]
    URAM288_X0Y13        URAM288 (Prop_URAM_288K_INST_URAM288_CAS_IN_DIN_A[17]_CAS_OUT_DIN_A[17])
                                                      0.279     0.281 r  top_i/StreamingDataflowPartition_1/inst/StreamingDataflowPartition_1_StreamingFIFO_rtl_2/fifo/inst/gen_fifo.xpm_fifo_axis_inst/xpm_fifo_base_inst/gen_sdpram.xpm_memory_base_inst/gen_wr_a.gen_word_narrow.mem_reg_uram_1/CAS_OUT_DIN_A[17]
                         net (fo=1, routed)           0.002     0.283    top_i/StreamingDataflowPartition_1/inst/StreamingDataflowPartition_1_StreamingFIFO_rtl_2/fifo/inst/gen_fifo.xpm_fifo_axis_inst/xpm_fifo_base_inst/gen_sdpram.xpm_memory_base_inst/gen_wr_a.gen_word_narrow.mem_reg_uram_2_Cas_DinA_2[17]
    URAM288_X0Y14        URAM288 (Prop_URAM_288K_INST_URAM288_CAS_IN_DIN_A[17]_CAS_OUT_DIN_A[17])
                                                      0.279     0.562 r  top_i/StreamingDataflowPartition_1/inst/StreamingDataflowPartition_1_StreamingFIFO_rtl_2/fifo/inst/gen_fifo.xpm_fifo_axis_inst/xpm_fifo_base_inst/gen_sdpram.xpm_memory_base_inst/gen_wr_a.gen_word_narrow.mem_reg_uram_2/CAS_OUT_DIN_A[17]
                         net (fo=1, routed)           0.002     0.564    top_i/StreamingDataflowPartition_1/inst/StreamingDataflowPartition_1_StreamingFIFO_rtl_2/fifo/inst/gen_fifo.xpm_fifo_axis_inst/xpm_fifo_base_inst/gen_sdpram.xpm_memory_base_inst/gen_wr_a.gen_word_narrow.mem_reg_uram_3_Cas_DinA_3[17]
    URAM288_X0Y15        URAM288                                      r  top_i/StreamingDataflowPartition_1/inst/StreamingDataflowPartition_1_StreamingFIFO_rtl_2/fifo/inst/gen_fifo.xpm_fifo_axis_inst/xpm_fifo_base_inst/gen_sdpram.xpm_memory_base_inst/gen_wr_a.gen_word_narrow.mem_reg_uram_3/CAS_IN_DIN_A[17]
  -------------------------------------------------------------------    -------------------

                         (clock clk_pl_0 rise edge)
                                                      0.000     0.000 r  
    PS8_X0Y0             PS8                          0.000     0.000 r  top_i/zynq_ps/inst/PS8_i/PLCLK[0]
                         net (fo=1, routed)           0.181     0.181    top_i/zynq_ps/inst/pl_clk_unbuffered[0]
    BUFG_PS_X0Y80        BUFG_PS (Prop_BUFG_PS_I_O)
                                                      0.035     0.216 r  top_i/zynq_ps/inst/buffer_pl_clk_0.PL_CLK_0_BUFG/O
    X1Y1 (CLOCK_ROOT)    net (fo=33585, routed)       2.789     3.005    top_i/StreamingDataflowPartition_1/inst/StreamingDataflowPartition_1_StreamingFIFO_rtl_2/fifo/inst/gen_fifo.xpm_fifo_axis_inst/xpm_fifo_base_inst/gen_sdpram.xpm_memory_base_inst/clka
    URAM288_X0Y15        URAM288                                      r  top_i/StreamingDataflowPartition_1/inst/StreamingDataflowPartition_1_StreamingFIFO_rtl_2/fifo/inst/gen_fifo.xpm_fifo_axis_inst/xpm_fifo_base_inst/gen_sdpram.xpm_memory_base_inst/gen_wr_a.gen_word_narrow.mem_reg_uram_3/CLK

Slack:                    inf
  Source:                 top_i/StreamingDataflowPartition_1/inst/StreamingDataflowPartition_1_StreamingFIFO_rtl_2/fifo/inst/gen_fifo.xpm_fifo_axis_inst/xpm_fifo_base_inst/gen_sdpram.xpm_memory_base_inst/gen_wr_a.gen_word_narrow.mem_reg_uram_0/CAS_OUT_DIN_A[22]
                            (internal pin)
  Destination:            top_i/StreamingDataflowPartition_1/inst/StreamingDataflowPartition_1_StreamingFIFO_rtl_2/fifo/inst/gen_fifo.xpm_fifo_axis_inst/xpm_fifo_base_inst/gen_sdpram.xpm_memory_base_inst/gen_wr_a.gen_word_narrow.mem_reg_uram_3/CAS_IN_DIN_A[22]
                            (rising edge-triggered cell URAM288 clocked by clk_pl_0  {rise@0.000ns fall@2.500ns period=5.000ns})
  Path Group:             (none)
  Path Type:              Setup (Max at Slow Process Corner)
  Data Path Delay:        0.553ns  (logic 0.550ns (99.458%)  route 0.003ns (0.542%))
  Logic Levels:           2  (URAM288=2)
  Clock Uncertainty:      0.127ns  ((TSJ^2 + DJ^2)^1/2) / 2 + PE
    Total System Jitter     (TSJ):    0.050ns
    Discrete Jitter          (DJ):    0.248ns
    Phase Error              (PE):    0.000ns
  Clock Net Delay (Destination): 2.789ns (routing 1.450ns, distribution 1.339ns)

    Location             Delay type                Incr(ns)  Path(ns)    Netlist Resource(s)
  -------------------------------------------------------------------    -------------------
    URAM288_X0Y12        URAM288                      0.000     0.000 r  top_i/StreamingDataflowPartition_1/inst/StreamingDataflowPartition_1_StreamingFIFO_rtl_2/fifo/inst/gen_fifo.xpm_fifo_axis_inst/xpm_fifo_base_inst/gen_sdpram.xpm_memory_base_inst/gen_wr_a.gen_word_narrow.mem_reg_uram_0/CAS_OUT_DIN_A[22]
                         net (fo=1, routed)           0.001     0.001    top_i/StreamingDataflowPartition_1/inst/StreamingDataflowPartition_1_StreamingFIFO_rtl_2/fifo/inst/gen_fifo.xpm_fifo_axis_inst/xpm_fifo_base_inst/gen_sdpram.xpm_memory_base_inst/gen_wr_a.gen_word_narrow.mem_reg_uram_1_Cas_DinA_1[22]
    URAM288_X0Y13        URAM288 (Prop_URAM_288K_INST_URAM288_CAS_IN_DIN_A[22]_CAS_OUT_DIN_A[22])
                                                      0.275     0.276 r  top_i/StreamingDataflowPartition_1/inst/StreamingDataflowPartition_1_StreamingFIFO_rtl_2/fifo/inst/gen_fifo.xpm_fifo_axis_inst/xpm_fifo_base_inst/gen_sdpram.xpm_memory_base_inst/gen_wr_a.gen_word_narrow.mem_reg_uram_1/CAS_OUT_DIN_A[22]
                         net (fo=1, routed)           0.001     0.277    top_i/StreamingDataflowPartition_1/inst/StreamingDataflowPartition_1_StreamingFIFO_rtl_2/fifo/inst/gen_fifo.xpm_fifo_axis_inst/xpm_fifo_base_inst/gen_sdpram.xpm_memory_base_inst/gen_wr_a.gen_word_narrow.mem_reg_uram_2_Cas_DinA_2[22]
    URAM288_X0Y14        URAM288 (Prop_URAM_288K_INST_URAM288_CAS_IN_DIN_A[22]_CAS_OUT_DIN_A[22])
                                                      0.275     0.552 r  top_i/StreamingDataflowPartition_1/inst/StreamingDataflowPartition_1_StreamingFIFO_rtl_2/fifo/inst/gen_fifo.xpm_fifo_axis_inst/xpm_fifo_base_inst/gen_sdpram.xpm_memory_base_inst/gen_wr_a.gen_word_narrow.mem_reg_uram_2/CAS_OUT_DIN_A[22]
                         net (fo=1, routed)           0.001     0.553    top_i/StreamingDataflowPartition_1/inst/StreamingDataflowPartition_1_StreamingFIFO_rtl_2/fifo/inst/gen_fifo.xpm_fifo_axis_inst/xpm_fifo_base_inst/gen_sdpram.xpm_memory_base_inst/gen_wr_a.gen_word_narrow.mem_reg_uram_3_Cas_DinA_3[22]
    URAM288_X0Y15        URAM288                                      r  top_i/StreamingDataflowPartition_1/inst/StreamingDataflowPartition_1_StreamingFIFO_rtl_2/fifo/inst/gen_fifo.xpm_fifo_axis_inst/xpm_fifo_base_inst/gen_sdpram.xpm_memory_base_inst/gen_wr_a.gen_word_narrow.mem_reg_uram_3/CAS_IN_DIN_A[22]
  -------------------------------------------------------------------    -------------------

                         (clock clk_pl_0 rise edge)
                                                      0.000     0.000 r  
    PS8_X0Y0             PS8                          0.000     0.000 r  top_i/zynq_ps/inst/PS8_i/PLCLK[0]
                         net (fo=1, routed)           0.181     0.181    top_i/zynq_ps/inst/pl_clk_unbuffered[0]
    BUFG_PS_X0Y80        BUFG_PS (Prop_BUFG_PS_I_O)
                                                      0.035     0.216 r  top_i/zynq_ps/inst/buffer_pl_clk_0.PL_CLK_0_BUFG/O
    X1Y1 (CLOCK_ROOT)    net (fo=33585, routed)       2.789     3.005    top_i/StreamingDataflowPartition_1/inst/StreamingDataflowPartition_1_StreamingFIFO_rtl_2/fifo/inst/gen_fifo.xpm_fifo_axis_inst/xpm_fifo_base_inst/gen_sdpram.xpm_memory_base_inst/clka
    URAM288_X0Y15        URAM288                                      r  top_i/StreamingDataflowPartition_1/inst/StreamingDataflowPartition_1_StreamingFIFO_rtl_2/fifo/inst/gen_fifo.xpm_fifo_axis_inst/xpm_fifo_base_inst/gen_sdpram.xpm_memory_base_inst/gen_wr_a.gen_word_narrow.mem_reg_uram_3/CLK

Slack:                    inf
  Source:                 top_i/StreamingDataflowPartition_1/inst/StreamingDataflowPartition_1_StreamingFIFO_rtl_2/fifo/inst/gen_fifo.xpm_fifo_axis_inst/xpm_fifo_base_inst/gen_sdpram.xpm_memory_base_inst/gen_wr_a.gen_word_narrow.mem_reg_uram_0/CAS_OUT_DIN_A[25]
                            (internal pin)
  Destination:            top_i/StreamingDataflowPartition_1/inst/StreamingDataflowPartition_1_StreamingFIFO_rtl_2/fifo/inst/gen_fifo.xpm_fifo_axis_inst/xpm_fifo_base_inst/gen_sdpram.xpm_memory_base_inst/gen_wr_a.gen_word_narrow.mem_reg_uram_3/CAS_IN_DIN_A[25]
                            (rising edge-triggered cell URAM288 clocked by clk_pl_0  {rise@0.000ns fall@2.500ns period=5.000ns})
  Path Group:             (none)
  Path Type:              Setup (Max at Slow Process Corner)
  Data Path Delay:        0.550ns  (logic 0.544ns (98.909%)  route 0.006ns (1.091%))
  Logic Levels:           2  (URAM288=2)
  Clock Uncertainty:      0.127ns  ((TSJ^2 + DJ^2)^1/2) / 2 + PE
    Total System Jitter     (TSJ):    0.050ns
    Discrete Jitter          (DJ):    0.248ns
    Phase Error              (PE):    0.000ns
  Clock Net Delay (Destination): 2.789ns (routing 1.450ns, distribution 1.339ns)

    Location             Delay type                Incr(ns)  Path(ns)    Netlist Resource(s)
  -------------------------------------------------------------------    -------------------
    URAM288_X0Y12        URAM288                      0.000     0.000 r  top_i/StreamingDataflowPartition_1/inst/StreamingDataflowPartition_1_StreamingFIFO_rtl_2/fifo/inst/gen_fifo.xpm_fifo_axis_inst/xpm_fifo_base_inst/gen_sdpram.xpm_memory_base_inst/gen_wr_a.gen_word_narrow.mem_reg_uram_0/CAS_OUT_DIN_A[25]
                         net (fo=1, routed)           0.002     0.002    top_i/StreamingDataflowPartition_1/inst/StreamingDataflowPartition_1_StreamingFIFO_rtl_2/fifo/inst/gen_fifo.xpm_fifo_axis_inst/xpm_fifo_base_inst/gen_sdpram.xpm_memory_base_inst/gen_wr_a.gen_word_narrow.mem_reg_uram_1_Cas_DinA_1[25]
    URAM288_X0Y13        URAM288 (Prop_URAM_288K_INST_URAM288_CAS_IN_DIN_A[25]_CAS_OUT_DIN_A[25])
                                                      0.272     0.274 r  top_i/StreamingDataflowPartition_1/inst/StreamingDataflowPartition_1_StreamingFIFO_rtl_2/fifo/inst/gen_fifo.xpm_fifo_axis_inst/xpm_fifo_base_inst/gen_sdpram.xpm_memory_base_inst/gen_wr_a.gen_word_narrow.mem_reg_uram_1/CAS_OUT_DIN_A[25]
                         net (fo=1, routed)           0.002     0.276    top_i/StreamingDataflowPartition_1/inst/StreamingDataflowPartition_1_StreamingFIFO_rtl_2/fifo/inst/gen_fifo.xpm_fifo_axis_inst/xpm_fifo_base_inst/gen_sdpram.xpm_memory_base_inst/gen_wr_a.gen_word_narrow.mem_reg_uram_2_Cas_DinA_2[25]
    URAM288_X0Y14        URAM288 (Prop_URAM_288K_INST_URAM288_CAS_IN_DIN_A[25]_CAS_OUT_DIN_A[25])
                                                      0.272     0.548 r  top_i/StreamingDataflowPartition_1/inst/StreamingDataflowPartition_1_StreamingFIFO_rtl_2/fifo/inst/gen_fifo.xpm_fifo_axis_inst/xpm_fifo_base_inst/gen_sdpram.xpm_memory_base_inst/gen_wr_a.gen_word_narrow.mem_reg_uram_2/CAS_OUT_DIN_A[25]
                         net (fo=1, routed)           0.002     0.550    top_i/StreamingDataflowPartition_1/inst/StreamingDataflowPartition_1_StreamingFIFO_rtl_2/fifo/inst/gen_fifo.xpm_fifo_axis_inst/xpm_fifo_base_inst/gen_sdpram.xpm_memory_base_inst/gen_wr_a.gen_word_narrow.mem_reg_uram_3_Cas_DinA_3[25]
    URAM288_X0Y15        URAM288                                      r  top_i/StreamingDataflowPartition_1/inst/StreamingDataflowPartition_1_StreamingFIFO_rtl_2/fifo/inst/gen_fifo.xpm_fifo_axis_inst/xpm_fifo_base_inst/gen_sdpram.xpm_memory_base_inst/gen_wr_a.gen_word_narrow.mem_reg_uram_3/CAS_IN_DIN_A[25]
  -------------------------------------------------------------------    -------------------

                         (clock clk_pl_0 rise edge)
                                                      0.000     0.000 r  
    PS8_X0Y0             PS8                          0.000     0.000 r  top_i/zynq_ps/inst/PS8_i/PLCLK[0]
                         net (fo=1, routed)           0.181     0.181    top_i/zynq_ps/inst/pl_clk_unbuffered[0]
    BUFG_PS_X0Y80        BUFG_PS (Prop_BUFG_PS_I_O)
                                                      0.035     0.216 r  top_i/zynq_ps/inst/buffer_pl_clk_0.PL_CLK_0_BUFG/O
    X1Y1 (CLOCK_ROOT)    net (fo=33585, routed)       2.789     3.005    top_i/StreamingDataflowPartition_1/inst/StreamingDataflowPartition_1_StreamingFIFO_rtl_2/fifo/inst/gen_fifo.xpm_fifo_axis_inst/xpm_fifo_base_inst/gen_sdpram.xpm_memory_base_inst/clka
    URAM288_X0Y15        URAM288                                      r  top_i/StreamingDataflowPartition_1/inst/StreamingDataflowPartition_1_StreamingFIFO_rtl_2/fifo/inst/gen_fifo.xpm_fifo_axis_inst/xpm_fifo_base_inst/gen_sdpram.xpm_memory_base_inst/gen_wr_a.gen_word_narrow.mem_reg_uram_3/CLK

Slack:                    inf
  Source:                 top_i/StreamingDataflowPartition_1/inst/StreamingDataflowPartition_1_StreamingFIFO_rtl_2/fifo/inst/gen_fifo.xpm_fifo_axis_inst/xpm_fifo_base_inst/gen_sdpram.xpm_memory_base_inst/gen_wr_a.gen_word_narrow.mem_reg_uram_0/CAS_OUT_DIN_A[36]
                            (internal pin)
  Destination:            top_i/StreamingDataflowPartition_1/inst/StreamingDataflowPartition_1_StreamingFIFO_rtl_2/fifo/inst/gen_fifo.xpm_fifo_axis_inst/xpm_fifo_base_inst/gen_sdpram.xpm_memory_base_inst/gen_wr_a.gen_word_narrow.mem_reg_uram_3/CAS_IN_DIN_A[36]
                            (rising edge-triggered cell URAM288 clocked by clk_pl_0  {rise@0.000ns fall@2.500ns period=5.000ns})
  Path Group:             (none)
  Path Type:              Setup (Max at Slow Process Corner)
  Data Path Delay:        0.545ns  (logic 0.542ns (99.450%)  route 0.003ns (0.550%))
  Logic Levels:           2  (URAM288=2)
  Clock Uncertainty:      0.127ns  ((TSJ^2 + DJ^2)^1/2) / 2 + PE
    Total System Jitter     (TSJ):    0.050ns
    Discrete Jitter          (DJ):    0.248ns
    Phase Error              (PE):    0.000ns
  Clock Net Delay (Destination): 2.789ns (routing 1.450ns, distribution 1.339ns)

    Location             Delay type                Incr(ns)  Path(ns)    Netlist Resource(s)
  -------------------------------------------------------------------    -------------------
    URAM288_X0Y12        URAM288                      0.000     0.000 r  top_i/StreamingDataflowPartition_1/inst/StreamingDataflowPartition_1_StreamingFIFO_rtl_2/fifo/inst/gen_fifo.xpm_fifo_axis_inst/xpm_fifo_base_inst/gen_sdpram.xpm_memory_base_inst/gen_wr_a.gen_word_narrow.mem_reg_uram_0/CAS_OUT_DIN_A[36]
                         net (fo=1, routed)           0.001     0.001    top_i/StreamingDataflowPartition_1/inst/StreamingDataflowPartition_1_StreamingFIFO_rtl_2/fifo/inst/gen_fifo.xpm_fifo_axis_inst/xpm_fifo_base_inst/gen_sdpram.xpm_memory_base_inst/gen_wr_a.gen_word_narrow.mem_reg_uram_1_Cas_DinA_1[36]
    URAM288_X0Y13        URAM288 (Prop_URAM_288K_INST_URAM288_CAS_IN_DIN_A[36]_CAS_OUT_DIN_A[36])
                                                      0.271     0.272 r  top_i/StreamingDataflowPartition_1/inst/StreamingDataflowPartition_1_StreamingFIFO_rtl_2/fifo/inst/gen_fifo.xpm_fifo_axis_inst/xpm_fifo_base_inst/gen_sdpram.xpm_memory_base_inst/gen_wr_a.gen_word_narrow.mem_reg_uram_1/CAS_OUT_DIN_A[36]
                         net (fo=1, routed)           0.001     0.273    top_i/StreamingDataflowPartition_1/inst/StreamingDataflowPartition_1_StreamingFIFO_rtl_2/fifo/inst/gen_fifo.xpm_fifo_axis_inst/xpm_fifo_base_inst/gen_sdpram.xpm_memory_base_inst/gen_wr_a.gen_word_narrow.mem_reg_uram_2_Cas_DinA_2[36]
    URAM288_X0Y14        URAM288 (Prop_URAM_288K_INST_URAM288_CAS_IN_DIN_A[36]_CAS_OUT_DIN_A[36])
                                                      0.271     0.544 r  top_i/StreamingDataflowPartition_1/inst/StreamingDataflowPartition_1_StreamingFIFO_rtl_2/fifo/inst/gen_fifo.xpm_fifo_axis_inst/xpm_fifo_base_inst/gen_sdpram.xpm_memory_base_inst/gen_wr_a.gen_word_narrow.mem_reg_uram_2/CAS_OUT_DIN_A[36]
                         net (fo=1, routed)           0.001     0.545    top_i/StreamingDataflowPartition_1/inst/StreamingDataflowPartition_1_StreamingFIFO_rtl_2/fifo/inst/gen_fifo.xpm_fifo_axis_inst/xpm_fifo_base_inst/gen_sdpram.xpm_memory_base_inst/gen_wr_a.gen_word_narrow.mem_reg_uram_3_Cas_DinA_3[36]
    URAM288_X0Y15        URAM288                                      r  top_i/StreamingDataflowPartition_1/inst/StreamingDataflowPartition_1_StreamingFIFO_rtl_2/fifo/inst/gen_fifo.xpm_fifo_axis_inst/xpm_fifo_base_inst/gen_sdpram.xpm_memory_base_inst/gen_wr_a.gen_word_narrow.mem_reg_uram_3/CAS_IN_DIN_A[36]
  -------------------------------------------------------------------    -------------------

                         (clock clk_pl_0 rise edge)
                                                      0.000     0.000 r  
    PS8_X0Y0             PS8                          0.000     0.000 r  top_i/zynq_ps/inst/PS8_i/PLCLK[0]
                         net (fo=1, routed)           0.181     0.181    top_i/zynq_ps/inst/pl_clk_unbuffered[0]
    BUFG_PS_X0Y80        BUFG_PS (Prop_BUFG_PS_I_O)
                                                      0.035     0.216 r  top_i/zynq_ps/inst/buffer_pl_clk_0.PL_CLK_0_BUFG/O
    X1Y1 (CLOCK_ROOT)    net (fo=33585, routed)       2.789     3.005    top_i/StreamingDataflowPartition_1/inst/StreamingDataflowPartition_1_StreamingFIFO_rtl_2/fifo/inst/gen_fifo.xpm_fifo_axis_inst/xpm_fifo_base_inst/gen_sdpram.xpm_memory_base_inst/clka
    URAM288_X0Y15        URAM288                                      r  top_i/StreamingDataflowPartition_1/inst/StreamingDataflowPartition_1_StreamingFIFO_rtl_2/fifo/inst/gen_fifo.xpm_fifo_axis_inst/xpm_fifo_base_inst/gen_sdpram.xpm_memory_base_inst/gen_wr_a.gen_word_narrow.mem_reg_uram_3/CLK

Slack:                    inf
  Source:                 top_i/StreamingDataflowPartition_1/inst/StreamingDataflowPartition_1_StreamingFIFO_rtl_2/fifo/inst/gen_fifo.xpm_fifo_axis_inst/xpm_fifo_base_inst/gen_sdpram.xpm_memory_base_inst/gen_wr_a.gen_word_narrow.mem_reg_uram_0/CAS_OUT_DIN_B[45]
                            (internal pin)
  Destination:            top_i/StreamingDataflowPartition_1/inst/StreamingDataflowPartition_1_StreamingFIFO_rtl_2/fifo/inst/gen_fifo.xpm_fifo_axis_inst/xpm_fifo_base_inst/gen_sdpram.xpm_memory_base_inst/gen_wr_a.gen_word_narrow.mem_reg_uram_3/CAS_IN_DIN_B[45]
                            (rising edge-triggered cell URAM288 clocked by clk_pl_0  {rise@0.000ns fall@2.500ns period=5.000ns})
  Path Group:             (none)
  Path Type:              Setup (Max at Slow Process Corner)
  Data Path Delay:        0.525ns  (logic 0.522ns (99.429%)  route 0.003ns (0.571%))
  Logic Levels:           2  (URAM288=2)
  Clock Uncertainty:      0.127ns  ((TSJ^2 + DJ^2)^1/2) / 2 + PE
    Total System Jitter     (TSJ):    0.050ns
    Discrete Jitter          (DJ):    0.248ns
    Phase Error              (PE):    0.000ns
  Clock Net Delay (Destination): 2.789ns (routing 1.450ns, distribution 1.339ns)

    Location             Delay type                Incr(ns)  Path(ns)    Netlist Resource(s)
  -------------------------------------------------------------------    -------------------
    URAM288_X0Y12        URAM288                      0.000     0.000 r  top_i/StreamingDataflowPartition_1/inst/StreamingDataflowPartition_1_StreamingFIFO_rtl_2/fifo/inst/gen_fifo.xpm_fifo_axis_inst/xpm_fifo_base_inst/gen_sdpram.xpm_memory_base_inst/gen_wr_a.gen_word_narrow.mem_reg_uram_0/CAS_OUT_DIN_B[45]
                         net (fo=1, routed)           0.001     0.001    top_i/StreamingDataflowPartition_1/inst/StreamingDataflowPartition_1_StreamingFIFO_rtl_2/fifo/inst/gen_fifo.xpm_fifo_axis_inst/xpm_fifo_base_inst/gen_sdpram.xpm_memory_base_inst/gen_wr_a.gen_word_narrow.mem_reg_uram_1_Cas_DinB_1[45]
    URAM288_X0Y13        URAM288 (Prop_URAM_288K_INST_URAM288_CAS_IN_DIN_B[45]_CAS_OUT_DIN_B[45])
                                                      0.261     0.262 r  top_i/StreamingDataflowPartition_1/inst/StreamingDataflowPartition_1_StreamingFIFO_rtl_2/fifo/inst/gen_fifo.xpm_fifo_axis_inst/xpm_fifo_base_inst/gen_sdpram.xpm_memory_base_inst/gen_wr_a.gen_word_narrow.mem_reg_uram_1/CAS_OUT_DIN_B[45]
                         net (fo=1, routed)           0.001     0.263    top_i/StreamingDataflowPartition_1/inst/StreamingDataflowPartition_1_StreamingFIFO_rtl_2/fifo/inst/gen_fifo.xpm_fifo_axis_inst/xpm_fifo_base_inst/gen_sdpram.xpm_memory_base_inst/gen_wr_a.gen_word_narrow.mem_reg_uram_2_Cas_DinB_2[45]
    URAM288_X0Y14        URAM288 (Prop_URAM_288K_INST_URAM288_CAS_IN_DIN_B[45]_CAS_OUT_DIN_B[45])
                                                      0.261     0.524 r  top_i/StreamingDataflowPartition_1/inst/StreamingDataflowPartition_1_StreamingFIFO_rtl_2/fifo/inst/gen_fifo.xpm_fifo_axis_inst/xpm_fifo_base_inst/gen_sdpram.xpm_memory_base_inst/gen_wr_a.gen_word_narrow.mem_reg_uram_2/CAS_OUT_DIN_B[45]
                         net (fo=1, routed)           0.001     0.525    top_i/StreamingDataflowPartition_1/inst/StreamingDataflowPartition_1_StreamingFIFO_rtl_2/fifo/inst/gen_fifo.xpm_fifo_axis_inst/xpm_fifo_base_inst/gen_sdpram.xpm_memory_base_inst/gen_wr_a.gen_word_narrow.mem_reg_uram_3_Cas_DinB_3[45]
    URAM288_X0Y15        URAM288                                      r  top_i/StreamingDataflowPartition_1/inst/StreamingDataflowPartition_1_StreamingFIFO_rtl_2/fifo/inst/gen_fifo.xpm_fifo_axis_inst/xpm_fifo_base_inst/gen_sdpram.xpm_memory_base_inst/gen_wr_a.gen_word_narrow.mem_reg_uram_3/CAS_IN_DIN_B[45]
  -------------------------------------------------------------------    -------------------

                         (clock clk_pl_0 rise edge)
                                                      0.000     0.000 r  
    PS8_X0Y0             PS8                          0.000     0.000 r  top_i/zynq_ps/inst/PS8_i/PLCLK[0]
                         net (fo=1, routed)           0.181     0.181    top_i/zynq_ps/inst/pl_clk_unbuffered[0]
    BUFG_PS_X0Y80        BUFG_PS (Prop_BUFG_PS_I_O)
                                                      0.035     0.216 r  top_i/zynq_ps/inst/buffer_pl_clk_0.PL_CLK_0_BUFG/O
    X1Y1 (CLOCK_ROOT)    net (fo=33585, routed)       2.789     3.005    top_i/StreamingDataflowPartition_1/inst/StreamingDataflowPartition_1_StreamingFIFO_rtl_2/fifo/inst/gen_fifo.xpm_fifo_axis_inst/xpm_fifo_base_inst/gen_sdpram.xpm_memory_base_inst/clka
    URAM288_X0Y15        URAM288                                      r  top_i/StreamingDataflowPartition_1/inst/StreamingDataflowPartition_1_StreamingFIFO_rtl_2/fifo/inst/gen_fifo.xpm_fifo_axis_inst/xpm_fifo_base_inst/gen_sdpram.xpm_memory_base_inst/gen_wr_a.gen_word_narrow.mem_reg_uram_3/CLK

Slack:                    inf
  Source:                 top_i/StreamingDataflowPartition_1/inst/StreamingDataflowPartition_1_StreamingFIFO_rtl_2/fifo/inst/gen_fifo.xpm_fifo_axis_inst/xpm_fifo_base_inst/gen_sdpram.xpm_memory_base_inst/gen_wr_a.gen_word_narrow.mem_reg_uram_0/CAS_OUT_DIN_B[49]
                            (internal pin)
  Destination:            top_i/StreamingDataflowPartition_1/inst/StreamingDataflowPartition_1_StreamingFIFO_rtl_2/fifo/inst/gen_fifo.xpm_fifo_axis_inst/xpm_fifo_base_inst/gen_sdpram.xpm_memory_base_inst/gen_wr_a.gen_word_narrow.mem_reg_uram_3/CAS_IN_DIN_B[49]
                            (rising edge-triggered cell URAM288 clocked by clk_pl_0  {rise@0.000ns fall@2.500ns period=5.000ns})
  Path Group:             (none)
  Path Type:              Setup (Max at Slow Process Corner)
  Data Path Delay:        0.523ns  (logic 0.520ns (99.426%)  route 0.003ns (0.574%))
  Logic Levels:           2  (URAM288=2)
  Clock Uncertainty:      0.127ns  ((TSJ^2 + DJ^2)^1/2) / 2 + PE
    Total System Jitter     (TSJ):    0.050ns
    Discrete Jitter          (DJ):    0.248ns
    Phase Error              (PE):    0.000ns
  Clock Net Delay (Destination): 2.789ns (routing 1.450ns, distribution 1.339ns)

    Location             Delay type                Incr(ns)  Path(ns)    Netlist Resource(s)
  -------------------------------------------------------------------    -------------------
    URAM288_X0Y12        URAM288                      0.000     0.000 r  top_i/StreamingDataflowPartition_1/inst/StreamingDataflowPartition_1_StreamingFIFO_rtl_2/fifo/inst/gen_fifo.xpm_fifo_axis_inst/xpm_fifo_base_inst/gen_sdpram.xpm_memory_base_inst/gen_wr_a.gen_word_narrow.mem_reg_uram_0/CAS_OUT_DIN_B[49]
                         net (fo=1, routed)           0.001     0.001    top_i/StreamingDataflowPartition_1/inst/StreamingDataflowPartition_1_StreamingFIFO_rtl_2/fifo/inst/gen_fifo.xpm_fifo_axis_inst/xpm_fifo_base_inst/gen_sdpram.xpm_memory_base_inst/gen_wr_a.gen_word_narrow.mem_reg_uram_1_Cas_DinB_1[49]
    URAM288_X0Y13        URAM288 (Prop_URAM_288K_INST_URAM288_CAS_IN_DIN_B[49]_CAS_OUT_DIN_B[49])
                                                      0.260     0.261 r  top_i/StreamingDataflowPartition_1/inst/StreamingDataflowPartition_1_StreamingFIFO_rtl_2/fifo/inst/gen_fifo.xpm_fifo_axis_inst/xpm_fifo_base_inst/gen_sdpram.xpm_memory_base_inst/gen_wr_a.gen_word_narrow.mem_reg_uram_1/CAS_OUT_DIN_B[49]
                         net (fo=1, routed)           0.001     0.262    top_i/StreamingDataflowPartition_1/inst/StreamingDataflowPartition_1_StreamingFIFO_rtl_2/fifo/inst/gen_fifo.xpm_fifo_axis_inst/xpm_fifo_base_inst/gen_sdpram.xpm_memory_base_inst/gen_wr_a.gen_word_narrow.mem_reg_uram_2_Cas_DinB_2[49]
    URAM288_X0Y14        URAM288 (Prop_URAM_288K_INST_URAM288_CAS_IN_DIN_B[49]_CAS_OUT_DIN_B[49])
                                                      0.260     0.522 r  top_i/StreamingDataflowPartition_1/inst/StreamingDataflowPartition_1_StreamingFIFO_rtl_2/fifo/inst/gen_fifo.xpm_fifo_axis_inst/xpm_fifo_base_inst/gen_sdpram.xpm_memory_base_inst/gen_wr_a.gen_word_narrow.mem_reg_uram_2/CAS_OUT_DIN_B[49]
                         net (fo=1, routed)           0.001     0.523    top_i/StreamingDataflowPartition_1/inst/StreamingDataflowPartition_1_StreamingFIFO_rtl_2/fifo/inst/gen_fifo.xpm_fifo_axis_inst/xpm_fifo_base_inst/gen_sdpram.xpm_memory_base_inst/gen_wr_a.gen_word_narrow.mem_reg_uram_3_Cas_DinB_3[49]
    URAM288_X0Y15        URAM288                                      r  top_i/StreamingDataflowPartition_1/inst/StreamingDataflowPartition_1_StreamingFIFO_rtl_2/fifo/inst/gen_fifo.xpm_fifo_axis_inst/xpm_fifo_base_inst/gen_sdpram.xpm_memory_base_inst/gen_wr_a.gen_word_narrow.mem_reg_uram_3/CAS_IN_DIN_B[49]
  -------------------------------------------------------------------    -------------------

                         (clock clk_pl_0 rise edge)
                                                      0.000     0.000 r  
    PS8_X0Y0             PS8                          0.000     0.000 r  top_i/zynq_ps/inst/PS8_i/PLCLK[0]
                         net (fo=1, routed)           0.181     0.181    top_i/zynq_ps/inst/pl_clk_unbuffered[0]
    BUFG_PS_X0Y80        BUFG_PS (Prop_BUFG_PS_I_O)
                                                      0.035     0.216 r  top_i/zynq_ps/inst/buffer_pl_clk_0.PL_CLK_0_BUFG/O
    X1Y1 (CLOCK_ROOT)    net (fo=33585, routed)       2.789     3.005    top_i/StreamingDataflowPartition_1/inst/StreamingDataflowPartition_1_StreamingFIFO_rtl_2/fifo/inst/gen_fifo.xpm_fifo_axis_inst/xpm_fifo_base_inst/gen_sdpram.xpm_memory_base_inst/clka
    URAM288_X0Y15        URAM288                                      r  top_i/StreamingDataflowPartition_1/inst/StreamingDataflowPartition_1_StreamingFIFO_rtl_2/fifo/inst/gen_fifo.xpm_fifo_axis_inst/xpm_fifo_base_inst/gen_sdpram.xpm_memory_base_inst/gen_wr_a.gen_word_narrow.mem_reg_uram_3/CLK

Slack:                    inf
  Source:                 top_i/StreamingDataflowPartition_1/inst/StreamingDataflowPartition_1_StreamingFIFO_rtl_2/fifo/inst/gen_fifo.xpm_fifo_axis_inst/xpm_fifo_base_inst/gen_sdpram.xpm_memory_base_inst/gen_wr_a.gen_word_narrow.mem_reg_uram_0/CAS_OUT_DIN_A[11]
                            (internal pin)
  Destination:            top_i/StreamingDataflowPartition_1/inst/StreamingDataflowPartition_1_StreamingFIFO_rtl_2/fifo/inst/gen_fifo.xpm_fifo_axis_inst/xpm_fifo_base_inst/gen_sdpram.xpm_memory_base_inst/gen_wr_a.gen_word_narrow.mem_reg_uram_3/CAS_IN_DIN_A[11]
                            (rising edge-triggered cell URAM288 clocked by clk_pl_0  {rise@0.000ns fall@2.500ns period=5.000ns})
  Path Group:             (none)
  Path Type:              Setup (Max at Slow Process Corner)
  Data Path Delay:        0.520ns  (logic 0.514ns (98.846%)  route 0.006ns (1.154%))
  Logic Levels:           2  (URAM288=2)
  Clock Uncertainty:      0.127ns  ((TSJ^2 + DJ^2)^1/2) / 2 + PE
    Total System Jitter     (TSJ):    0.050ns
    Discrete Jitter          (DJ):    0.248ns
    Phase Error              (PE):    0.000ns
  Clock Net Delay (Destination): 2.789ns (routing 1.450ns, distribution 1.339ns)

    Location             Delay type                Incr(ns)  Path(ns)    Netlist Resource(s)
  -------------------------------------------------------------------    -------------------
    URAM288_X0Y12        URAM288                      0.000     0.000 r  top_i/StreamingDataflowPartition_1/inst/StreamingDataflowPartition_1_StreamingFIFO_rtl_2/fifo/inst/gen_fifo.xpm_fifo_axis_inst/xpm_fifo_base_inst/gen_sdpram.xpm_memory_base_inst/gen_wr_a.gen_word_narrow.mem_reg_uram_0/CAS_OUT_DIN_A[11]
                         net (fo=1, routed)           0.002     0.002    top_i/StreamingDataflowPartition_1/inst/StreamingDataflowPartition_1_StreamingFIFO_rtl_2/fifo/inst/gen_fifo.xpm_fifo_axis_inst/xpm_fifo_base_inst/gen_sdpram.xpm_memory_base_inst/gen_wr_a.gen_word_narrow.mem_reg_uram_1_Cas_DinA_1[11]
    URAM288_X0Y13        URAM288 (Prop_URAM_288K_INST_URAM288_CAS_IN_DIN_A[11]_CAS_OUT_DIN_A[11])
                                                      0.257     0.259 r  top_i/StreamingDataflowPartition_1/inst/StreamingDataflowPartition_1_StreamingFIFO_rtl_2/fifo/inst/gen_fifo.xpm_fifo_axis_inst/xpm_fifo_base_inst/gen_sdpram.xpm_memory_base_inst/gen_wr_a.gen_word_narrow.mem_reg_uram_1/CAS_OUT_DIN_A[11]
                         net (fo=1, routed)           0.002     0.261    top_i/StreamingDataflowPartition_1/inst/StreamingDataflowPartition_1_StreamingFIFO_rtl_2/fifo/inst/gen_fifo.xpm_fifo_axis_inst/xpm_fifo_base_inst/gen_sdpram.xpm_memory_base_inst/gen_wr_a.gen_word_narrow.mem_reg_uram_2_Cas_DinA_2[11]
    URAM288_X0Y14        URAM288 (Prop_URAM_288K_INST_URAM288_CAS_IN_DIN_A[11]_CAS_OUT_DIN_A[11])
                                                      0.257     0.518 r  top_i/StreamingDataflowPartition_1/inst/StreamingDataflowPartition_1_StreamingFIFO_rtl_2/fifo/inst/gen_fifo.xpm_fifo_axis_inst/xpm_fifo_base_inst/gen_sdpram.xpm_memory_base_inst/gen_wr_a.gen_word_narrow.mem_reg_uram_2/CAS_OUT_DIN_A[11]
                         net (fo=1, routed)           0.002     0.520    top_i/StreamingDataflowPartition_1/inst/StreamingDataflowPartition_1_StreamingFIFO_rtl_2/fifo/inst/gen_fifo.xpm_fifo_axis_inst/xpm_fifo_base_inst/gen_sdpram.xpm_memory_base_inst/gen_wr_a.gen_word_narrow.mem_reg_uram_3_Cas_DinA_3[11]
    URAM288_X0Y15        URAM288                                      r  top_i/StreamingDataflowPartition_1/inst/StreamingDataflowPartition_1_StreamingFIFO_rtl_2/fifo/inst/gen_fifo.xpm_fifo_axis_inst/xpm_fifo_base_inst/gen_sdpram.xpm_memory_base_inst/gen_wr_a.gen_word_narrow.mem_reg_uram_3/CAS_IN_DIN_A[11]
  -------------------------------------------------------------------    -------------------

                         (clock clk_pl_0 rise edge)
                                                      0.000     0.000 r  
    PS8_X0Y0             PS8                          0.000     0.000 r  top_i/zynq_ps/inst/PS8_i/PLCLK[0]
                         net (fo=1, routed)           0.181     0.181    top_i/zynq_ps/inst/pl_clk_unbuffered[0]
    BUFG_PS_X0Y80        BUFG_PS (Prop_BUFG_PS_I_O)
                                                      0.035     0.216 r  top_i/zynq_ps/inst/buffer_pl_clk_0.PL_CLK_0_BUFG/O
    X1Y1 (CLOCK_ROOT)    net (fo=33585, routed)       2.789     3.005    top_i/StreamingDataflowPartition_1/inst/StreamingDataflowPartition_1_StreamingFIFO_rtl_2/fifo/inst/gen_fifo.xpm_fifo_axis_inst/xpm_fifo_base_inst/gen_sdpram.xpm_memory_base_inst/clka
    URAM288_X0Y15        URAM288                                      r  top_i/StreamingDataflowPartition_1/inst/StreamingDataflowPartition_1_StreamingFIFO_rtl_2/fifo/inst/gen_fifo.xpm_fifo_axis_inst/xpm_fifo_base_inst/gen_sdpram.xpm_memory_base_inst/gen_wr_a.gen_word_narrow.mem_reg_uram_3/CLK

Slack:                    inf
  Source:                 top_i/StreamingDataflowPartition_1/inst/StreamingDataflowPartition_1_StreamingFIFO_rtl_2/fifo/inst/gen_fifo.xpm_fifo_axis_inst/xpm_fifo_base_inst/gen_sdpram.xpm_memory_base_inst/gen_wr_a.gen_word_narrow.mem_reg_uram_0/CAS_OUT_DIN_B[61]
                            (internal pin)
  Destination:            top_i/StreamingDataflowPartition_1/inst/StreamingDataflowPartition_1_StreamingFIFO_rtl_2/fifo/inst/gen_fifo.xpm_fifo_axis_inst/xpm_fifo_base_inst/gen_sdpram.xpm_memory_base_inst/gen_wr_a.gen_word_narrow.mem_reg_uram_3/CAS_IN_DIN_B[61]
                            (rising edge-triggered cell URAM288 clocked by clk_pl_0  {rise@0.000ns fall@2.500ns period=5.000ns})
  Path Group:             (none)
  Path Type:              Setup (Max at Slow Process Corner)
  Data Path Delay:        0.520ns  (logic 0.514ns (98.846%)  route 0.006ns (1.154%))
  Logic Levels:           2  (URAM288=2)
  Clock Uncertainty:      0.127ns  ((TSJ^2 + DJ^2)^1/2) / 2 + PE
    Total System Jitter     (TSJ):    0.050ns
    Discrete Jitter          (DJ):    0.248ns
    Phase Error              (PE):    0.000ns
  Clock Net Delay (Destination): 2.789ns (routing 1.450ns, distribution 1.339ns)

    Location             Delay type                Incr(ns)  Path(ns)    Netlist Resource(s)
  -------------------------------------------------------------------    -------------------
    URAM288_X0Y12        URAM288                      0.000     0.000 r  top_i/StreamingDataflowPartition_1/inst/StreamingDataflowPartition_1_StreamingFIFO_rtl_2/fifo/inst/gen_fifo.xpm_fifo_axis_inst/xpm_fifo_base_inst/gen_sdpram.xpm_memory_base_inst/gen_wr_a.gen_word_narrow.mem_reg_uram_0/CAS_OUT_DIN_B[61]
                         net (fo=1, routed)           0.002     0.002    top_i/StreamingDataflowPartition_1/inst/StreamingDataflowPartition_1_StreamingFIFO_rtl_2/fifo/inst/gen_fifo.xpm_fifo_axis_inst/xpm_fifo_base_inst/gen_sdpram.xpm_memory_base_inst/gen_wr_a.gen_word_narrow.mem_reg_uram_1_Cas_DinB_1[61]
    URAM288_X0Y13        URAM288 (Prop_URAM_288K_INST_URAM288_CAS_IN_DIN_B[61]_CAS_OUT_DIN_B[61])
                                                      0.257     0.259 r  top_i/StreamingDataflowPartition_1/inst/StreamingDataflowPartition_1_StreamingFIFO_rtl_2/fifo/inst/gen_fifo.xpm_fifo_axis_inst/xpm_fifo_base_inst/gen_sdpram.xpm_memory_base_inst/gen_wr_a.gen_word_narrow.mem_reg_uram_1/CAS_OUT_DIN_B[61]
                         net (fo=1, routed)           0.002     0.261    top_i/StreamingDataflowPartition_1/inst/StreamingDataflowPartition_1_StreamingFIFO_rtl_2/fifo/inst/gen_fifo.xpm_fifo_axis_inst/xpm_fifo_base_inst/gen_sdpram.xpm_memory_base_inst/gen_wr_a.gen_word_narrow.mem_reg_uram_2_Cas_DinB_2[61]
    URAM288_X0Y14        URAM288 (Prop_URAM_288K_INST_URAM288_CAS_IN_DIN_B[61]_CAS_OUT_DIN_B[61])
                                                      0.257     0.518 r  top_i/StreamingDataflowPartition_1/inst/StreamingDataflowPartition_1_StreamingFIFO_rtl_2/fifo/inst/gen_fifo.xpm_fifo_axis_inst/xpm_fifo_base_inst/gen_sdpram.xpm_memory_base_inst/gen_wr_a.gen_word_narrow.mem_reg_uram_2/CAS_OUT_DIN_B[61]
                         net (fo=1, routed)           0.002     0.520    top_i/StreamingDataflowPartition_1/inst/StreamingDataflowPartition_1_StreamingFIFO_rtl_2/fifo/inst/gen_fifo.xpm_fifo_axis_inst/xpm_fifo_base_inst/gen_sdpram.xpm_memory_base_inst/gen_wr_a.gen_word_narrow.mem_reg_uram_3_Cas_DinB_3[61]
    URAM288_X0Y15        URAM288                                      r  top_i/StreamingDataflowPartition_1/inst/StreamingDataflowPartition_1_StreamingFIFO_rtl_2/fifo/inst/gen_fifo.xpm_fifo_axis_inst/xpm_fifo_base_inst/gen_sdpram.xpm_memory_base_inst/gen_wr_a.gen_word_narrow.mem_reg_uram_3/CAS_IN_DIN_B[61]
  -------------------------------------------------------------------    -------------------

                         (clock clk_pl_0 rise edge)
                                                      0.000     0.000 r  
    PS8_X0Y0             PS8                          0.000     0.000 r  top_i/zynq_ps/inst/PS8_i/PLCLK[0]
                         net (fo=1, routed)           0.181     0.181    top_i/zynq_ps/inst/pl_clk_unbuffered[0]
    BUFG_PS_X0Y80        BUFG_PS (Prop_BUFG_PS_I_O)
                                                      0.035     0.216 r  top_i/zynq_ps/inst/buffer_pl_clk_0.PL_CLK_0_BUFG/O
    X1Y1 (CLOCK_ROOT)    net (fo=33585, routed)       2.789     3.005    top_i/StreamingDataflowPartition_1/inst/StreamingDataflowPartition_1_StreamingFIFO_rtl_2/fifo/inst/gen_fifo.xpm_fifo_axis_inst/xpm_fifo_base_inst/gen_sdpram.xpm_memory_base_inst/clka
    URAM288_X0Y15        URAM288                                      r  top_i/StreamingDataflowPartition_1/inst/StreamingDataflowPartition_1_StreamingFIFO_rtl_2/fifo/inst/gen_fifo.xpm_fifo_axis_inst/xpm_fifo_base_inst/gen_sdpram.xpm_memory_base_inst/gen_wr_a.gen_word_narrow.mem_reg_uram_3/CLK

Slack:                    inf
  Source:                 top_i/StreamingDataflowPartition_1/inst/StreamingDataflowPartition_1_StreamingFIFO_rtl_2/fifo/inst/gen_fifo.xpm_fifo_axis_inst/xpm_fifo_base_inst/gen_sdpram.xpm_memory_base_inst/gen_wr_a.gen_word_narrow.mem_reg_uram_0/CAS_OUT_DIN_B[14]
                            (internal pin)
  Destination:            top_i/StreamingDataflowPartition_1/inst/StreamingDataflowPartition_1_StreamingFIFO_rtl_2/fifo/inst/gen_fifo.xpm_fifo_axis_inst/xpm_fifo_base_inst/gen_sdpram.xpm_memory_base_inst/gen_wr_a.gen_word_narrow.mem_reg_uram_3/CAS_IN_DIN_B[14]
                            (rising edge-triggered cell URAM288 clocked by clk_pl_0  {rise@0.000ns fall@2.500ns period=5.000ns})
  Path Group:             (none)
  Path Type:              Setup (Max at Slow Process Corner)
  Data Path Delay:        0.519ns  (logic 0.516ns (99.422%)  route 0.003ns (0.578%))
  Logic Levels:           2  (URAM288=2)
  Clock Uncertainty:      0.127ns  ((TSJ^2 + DJ^2)^1/2) / 2 + PE
    Total System Jitter     (TSJ):    0.050ns
    Discrete Jitter          (DJ):    0.248ns
    Phase Error              (PE):    0.000ns
  Clock Net Delay (Destination): 2.789ns (routing 1.450ns, distribution 1.339ns)

    Location             Delay type                Incr(ns)  Path(ns)    Netlist Resource(s)
  -------------------------------------------------------------------    -------------------
    URAM288_X0Y12        URAM288                      0.000     0.000 r  top_i/StreamingDataflowPartition_1/inst/StreamingDataflowPartition_1_StreamingFIFO_rtl_2/fifo/inst/gen_fifo.xpm_fifo_axis_inst/xpm_fifo_base_inst/gen_sdpram.xpm_memory_base_inst/gen_wr_a.gen_word_narrow.mem_reg_uram_0/CAS_OUT_DIN_B[14]
                         net (fo=1, routed)           0.001     0.001    top_i/StreamingDataflowPartition_1/inst/StreamingDataflowPartition_1_StreamingFIFO_rtl_2/fifo/inst/gen_fifo.xpm_fifo_axis_inst/xpm_fifo_base_inst/gen_sdpram.xpm_memory_base_inst/gen_wr_a.gen_word_narrow.mem_reg_uram_1_Cas_DinB_1[14]
    URAM288_X0Y13        URAM288 (Prop_URAM_288K_INST_URAM288_CAS_IN_DIN_B[14]_CAS_OUT_DIN_B[14])
                                                      0.258     0.259 r  top_i/StreamingDataflowPartition_1/inst/StreamingDataflowPartition_1_StreamingFIFO_rtl_2/fifo/inst/gen_fifo.xpm_fifo_axis_inst/xpm_fifo_base_inst/gen_sdpram.xpm_memory_base_inst/gen_wr_a.gen_word_narrow.mem_reg_uram_1/CAS_OUT_DIN_B[14]
                         net (fo=1, routed)           0.001     0.260    top_i/StreamingDataflowPartition_1/inst/StreamingDataflowPartition_1_StreamingFIFO_rtl_2/fifo/inst/gen_fifo.xpm_fifo_axis_inst/xpm_fifo_base_inst/gen_sdpram.xpm_memory_base_inst/gen_wr_a.gen_word_narrow.mem_reg_uram_2_Cas_DinB_2[14]
    URAM288_X0Y14        URAM288 (Prop_URAM_288K_INST_URAM288_CAS_IN_DIN_B[14]_CAS_OUT_DIN_B[14])
                                                      0.258     0.518 r  top_i/StreamingDataflowPartition_1/inst/StreamingDataflowPartition_1_StreamingFIFO_rtl_2/fifo/inst/gen_fifo.xpm_fifo_axis_inst/xpm_fifo_base_inst/gen_sdpram.xpm_memory_base_inst/gen_wr_a.gen_word_narrow.mem_reg_uram_2/CAS_OUT_DIN_B[14]
                         net (fo=1, routed)           0.001     0.519    top_i/StreamingDataflowPartition_1/inst/StreamingDataflowPartition_1_StreamingFIFO_rtl_2/fifo/inst/gen_fifo.xpm_fifo_axis_inst/xpm_fifo_base_inst/gen_sdpram.xpm_memory_base_inst/gen_wr_a.gen_word_narrow.mem_reg_uram_3_Cas_DinB_3[14]
    URAM288_X0Y15        URAM288                                      r  top_i/StreamingDataflowPartition_1/inst/StreamingDataflowPartition_1_StreamingFIFO_rtl_2/fifo/inst/gen_fifo.xpm_fifo_axis_inst/xpm_fifo_base_inst/gen_sdpram.xpm_memory_base_inst/gen_wr_a.gen_word_narrow.mem_reg_uram_3/CAS_IN_DIN_B[14]
  -------------------------------------------------------------------    -------------------

                         (clock clk_pl_0 rise edge)
                                                      0.000     0.000 r  
    PS8_X0Y0             PS8                          0.000     0.000 r  top_i/zynq_ps/inst/PS8_i/PLCLK[0]
                         net (fo=1, routed)           0.181     0.181    top_i/zynq_ps/inst/pl_clk_unbuffered[0]
    BUFG_PS_X0Y80        BUFG_PS (Prop_BUFG_PS_I_O)
                                                      0.035     0.216 r  top_i/zynq_ps/inst/buffer_pl_clk_0.PL_CLK_0_BUFG/O
    X1Y1 (CLOCK_ROOT)    net (fo=33585, routed)       2.789     3.005    top_i/StreamingDataflowPartition_1/inst/StreamingDataflowPartition_1_StreamingFIFO_rtl_2/fifo/inst/gen_fifo.xpm_fifo_axis_inst/xpm_fifo_base_inst/gen_sdpram.xpm_memory_base_inst/clka
    URAM288_X0Y15        URAM288                                      r  top_i/StreamingDataflowPartition_1/inst/StreamingDataflowPartition_1_StreamingFIFO_rtl_2/fifo/inst/gen_fifo.xpm_fifo_axis_inst/xpm_fifo_base_inst/gen_sdpram.xpm_memory_base_inst/gen_wr_a.gen_word_narrow.mem_reg_uram_3/CLK

Slack:                    inf
  Source:                 top_i/StreamingDataflowPartition_1/inst/StreamingDataflowPartition_1_StreamingFIFO_rtl_2/fifo/inst/gen_fifo.xpm_fifo_axis_inst/xpm_fifo_base_inst/gen_sdpram.xpm_memory_base_inst/gen_wr_a.gen_word_narrow.mem_reg_uram_0/CAS_OUT_DIN_B[43]
                            (internal pin)
  Destination:            top_i/StreamingDataflowPartition_1/inst/StreamingDataflowPartition_1_StreamingFIFO_rtl_2/fifo/inst/gen_fifo.xpm_fifo_axis_inst/xpm_fifo_base_inst/gen_sdpram.xpm_memory_base_inst/gen_wr_a.gen_word_narrow.mem_reg_uram_3/CAS_IN_DIN_B[43]
                            (rising edge-triggered cell URAM288 clocked by clk_pl_0  {rise@0.000ns fall@2.500ns period=5.000ns})
  Path Group:             (none)
  Path Type:              Setup (Max at Slow Process Corner)
  Data Path Delay:        0.519ns  (logic 0.516ns (99.422%)  route 0.003ns (0.578%))
  Logic Levels:           2  (URAM288=2)
  Clock Uncertainty:      0.127ns  ((TSJ^2 + DJ^2)^1/2) / 2 + PE
    Total System Jitter     (TSJ):    0.050ns
    Discrete Jitter          (DJ):    0.248ns
    Phase Error              (PE):    0.000ns
  Clock Net Delay (Destination): 2.789ns (routing 1.450ns, distribution 1.339ns)

    Location             Delay type                Incr(ns)  Path(ns)    Netlist Resource(s)
  -------------------------------------------------------------------    -------------------
    URAM288_X0Y12        URAM288                      0.000     0.000 r  top_i/StreamingDataflowPartition_1/inst/StreamingDataflowPartition_1_StreamingFIFO_rtl_2/fifo/inst/gen_fifo.xpm_fifo_axis_inst/xpm_fifo_base_inst/gen_sdpram.xpm_memory_base_inst/gen_wr_a.gen_word_narrow.mem_reg_uram_0/CAS_OUT_DIN_B[43]
                         net (fo=1, routed)           0.001     0.001    top_i/StreamingDataflowPartition_1/inst/StreamingDataflowPartition_1_StreamingFIFO_rtl_2/fifo/inst/gen_fifo.xpm_fifo_axis_inst/xpm_fifo_base_inst/gen_sdpram.xpm_memory_base_inst/gen_wr_a.gen_word_narrow.mem_reg_uram_1_Cas_DinB_1[43]
    URAM288_X0Y13        URAM288 (Prop_URAM_288K_INST_URAM288_CAS_IN_DIN_B[43]_CAS_OUT_DIN_B[43])
                                                      0.258     0.259 r  top_i/StreamingDataflowPartition_1/inst/StreamingDataflowPartition_1_StreamingFIFO_rtl_2/fifo/inst/gen_fifo.xpm_fifo_axis_inst/xpm_fifo_base_inst/gen_sdpram.xpm_memory_base_inst/gen_wr_a.gen_word_narrow.mem_reg_uram_1/CAS_OUT_DIN_B[43]
                         net (fo=1, routed)           0.001     0.260    top_i/StreamingDataflowPartition_1/inst/StreamingDataflowPartition_1_StreamingFIFO_rtl_2/fifo/inst/gen_fifo.xpm_fifo_axis_inst/xpm_fifo_base_inst/gen_sdpram.xpm_memory_base_inst/gen_wr_a.gen_word_narrow.mem_reg_uram_2_Cas_DinB_2[43]
    URAM288_X0Y14        URAM288 (Prop_URAM_288K_INST_URAM288_CAS_IN_DIN_B[43]_CAS_OUT_DIN_B[43])
                                                      0.258     0.518 r  top_i/StreamingDataflowPartition_1/inst/StreamingDataflowPartition_1_StreamingFIFO_rtl_2/fifo/inst/gen_fifo.xpm_fifo_axis_inst/xpm_fifo_base_inst/gen_sdpram.xpm_memory_base_inst/gen_wr_a.gen_word_narrow.mem_reg_uram_2/CAS_OUT_DIN_B[43]
                         net (fo=1, routed)           0.001     0.519    top_i/StreamingDataflowPartition_1/inst/StreamingDataflowPartition_1_StreamingFIFO_rtl_2/fifo/inst/gen_fifo.xpm_fifo_axis_inst/xpm_fifo_base_inst/gen_sdpram.xpm_memory_base_inst/gen_wr_a.gen_word_narrow.mem_reg_uram_3_Cas_DinB_3[43]
    URAM288_X0Y15        URAM288                                      r  top_i/StreamingDataflowPartition_1/inst/StreamingDataflowPartition_1_StreamingFIFO_rtl_2/fifo/inst/gen_fifo.xpm_fifo_axis_inst/xpm_fifo_base_inst/gen_sdpram.xpm_memory_base_inst/gen_wr_a.gen_word_narrow.mem_reg_uram_3/CAS_IN_DIN_B[43]
  -------------------------------------------------------------------    -------------------

                         (clock clk_pl_0 rise edge)
                                                      0.000     0.000 r  
    PS8_X0Y0             PS8                          0.000     0.000 r  top_i/zynq_ps/inst/PS8_i/PLCLK[0]
                         net (fo=1, routed)           0.181     0.181    top_i/zynq_ps/inst/pl_clk_unbuffered[0]
    BUFG_PS_X0Y80        BUFG_PS (Prop_BUFG_PS_I_O)
                                                      0.035     0.216 r  top_i/zynq_ps/inst/buffer_pl_clk_0.PL_CLK_0_BUFG/O
    X1Y1 (CLOCK_ROOT)    net (fo=33585, routed)       2.789     3.005    top_i/StreamingDataflowPartition_1/inst/StreamingDataflowPartition_1_StreamingFIFO_rtl_2/fifo/inst/gen_fifo.xpm_fifo_axis_inst/xpm_fifo_base_inst/gen_sdpram.xpm_memory_base_inst/clka
    URAM288_X0Y15        URAM288                                      r  top_i/StreamingDataflowPartition_1/inst/StreamingDataflowPartition_1_StreamingFIFO_rtl_2/fifo/inst/gen_fifo.xpm_fifo_axis_inst/xpm_fifo_base_inst/gen_sdpram.xpm_memory_base_inst/gen_wr_a.gen_word_narrow.mem_reg_uram_3/CLK





Min Delay Paths
--------------------------------------------------------------------------------------
Slack:                    inf
  Source:                 top_i/StreamingDataflowPartition_1/inst/StreamingDataflowPartition_1_StreamingFIFO_rtl_2/fifo/inst/gen_fifo.xpm_fifo_axis_inst/xpm_fifo_base_inst/gen_sdpram.xpm_memory_base_inst/gen_wr_a.gen_word_narrow.mem_reg_uram_0/CAS_OUT_ADDR_B[19]
                            (internal pin)
  Destination:            top_i/StreamingDataflowPartition_1/inst/StreamingDataflowPartition_1_StreamingFIFO_rtl_2/fifo/inst/gen_fifo.xpm_fifo_axis_inst/xpm_fifo_base_inst/gen_sdpram.xpm_memory_base_inst/gen_wr_a.gen_word_narrow.mem_reg_uram_1/CAS_IN_ADDR_B[19]
                            (rising edge-triggered cell URAM288 clocked by clk_pl_0  {rise@0.000ns fall@2.500ns period=5.000ns})
  Path Group:             (none)
  Path Type:              Hold (Min at Slow Process Corner)
  Data Path Delay:        0.000ns  (logic 0.000ns (0.000%)  route 0.000ns (0.000%))
  Logic Levels:           0  
  Clock Uncertainty:      0.127ns  ((TSJ^2 + DJ^2)^1/2) / 2 + PE
    Total System Jitter     (TSJ):    0.050ns
    Discrete Jitter          (DJ):    0.248ns
    Phase Error              (PE):    0.000ns
  Clock Net Delay (Destination): 3.081ns (routing 1.584ns, distribution 1.497ns)

    Location             Delay type                Incr(ns)  Path(ns)    Netlist Resource(s)
  -------------------------------------------------------------------    -------------------
    URAM288_X0Y12        URAM288                      0.000     0.000 r  top_i/StreamingDataflowPartition_1/inst/StreamingDataflowPartition_1_StreamingFIFO_rtl_2/fifo/inst/gen_fifo.xpm_fifo_axis_inst/xpm_fifo_base_inst/gen_sdpram.xpm_memory_base_inst/gen_wr_a.gen_word_narrow.mem_reg_uram_0/CAS_OUT_ADDR_B[19]
                         net (fo=1, routed)           0.000     0.000    top_i/StreamingDataflowPartition_1/inst/StreamingDataflowPartition_1_StreamingFIFO_rtl_2/fifo/inst/gen_fifo.xpm_fifo_axis_inst/xpm_fifo_base_inst/gen_sdpram.xpm_memory_base_inst/gen_wr_a.gen_word_narrow.mem_reg_uram_1_Cas_AddrB_1[19]
    URAM288_X0Y13        URAM288                                      r  top_i/StreamingDataflowPartition_1/inst/StreamingDataflowPartition_1_StreamingFIFO_rtl_2/fifo/inst/gen_fifo.xpm_fifo_axis_inst/xpm_fifo_base_inst/gen_sdpram.xpm_memory_base_inst/gen_wr_a.gen_word_narrow.mem_reg_uram_1/CAS_IN_ADDR_B[19]
  -------------------------------------------------------------------    -------------------

                         (clock clk_pl_0 rise edge)
                                                      0.000     0.000 r  
    PS8_X0Y0             PS8                          0.000     0.000 r  top_i/zynq_ps/inst/PS8_i/PLCLK[0]
                         net (fo=1, routed)           0.229     0.229    top_i/zynq_ps/inst/pl_clk_unbuffered[0]
    BUFG_PS_X0Y80        BUFG_PS (Prop_BUFG_PS_I_O)
                                                      0.038     0.267 r  top_i/zynq_ps/inst/buffer_pl_clk_0.PL_CLK_0_BUFG/O
    X1Y1 (CLOCK_ROOT)    net (fo=33585, routed)       3.081     3.348    top_i/StreamingDataflowPartition_1/inst/StreamingDataflowPartition_1_StreamingFIFO_rtl_2/fifo/inst/gen_fifo.xpm_fifo_axis_inst/xpm_fifo_base_inst/gen_sdpram.xpm_memory_base_inst/clka
    URAM288_X0Y13        URAM288                                      r  top_i/StreamingDataflowPartition_1/inst/StreamingDataflowPartition_1_StreamingFIFO_rtl_2/fifo/inst/gen_fifo.xpm_fifo_axis_inst/xpm_fifo_base_inst/gen_sdpram.xpm_memory_base_inst/gen_wr_a.gen_word_narrow.mem_reg_uram_1/CLK

Slack:                    inf
  Source:                 top_i/StreamingDataflowPartition_1/inst/StreamingDataflowPartition_1_StreamingFIFO_rtl_2/fifo/inst/gen_fifo.xpm_fifo_axis_inst/xpm_fifo_base_inst/gen_sdpram.xpm_memory_base_inst/gen_wr_a.gen_word_narrow.mem_reg_uram_0/CAS_OUT_DIN_A[28]
                            (internal pin)
  Destination:            top_i/StreamingDataflowPartition_1/inst/StreamingDataflowPartition_1_StreamingFIFO_rtl_2/fifo/inst/gen_fifo.xpm_fifo_axis_inst/xpm_fifo_base_inst/gen_sdpram.xpm_memory_base_inst/gen_wr_a.gen_word_narrow.mem_reg_uram_1/CAS_IN_DIN_A[28]
                            (rising edge-triggered cell URAM288 clocked by clk_pl_0  {rise@0.000ns fall@2.500ns period=5.000ns})
  Path Group:             (none)
  Path Type:              Hold (Min at Slow Process Corner)
  Data Path Delay:        0.000ns  (logic 0.000ns (0.000%)  route 0.000ns (0.000%))
  Logic Levels:           0  
  Clock Uncertainty:      0.127ns  ((TSJ^2 + DJ^2)^1/2) / 2 + PE
    Total System Jitter     (TSJ):    0.050ns
    Discrete Jitter          (DJ):    0.248ns
    Phase Error              (PE):    0.000ns
  Clock Net Delay (Destination): 3.081ns (routing 1.584ns, distribution 1.497ns)

    Location             Delay type                Incr(ns)  Path(ns)    Netlist Resource(s)
  -------------------------------------------------------------------    -------------------
    URAM288_X0Y12        URAM288                      0.000     0.000 r  top_i/StreamingDataflowPartition_1/inst/StreamingDataflowPartition_1_StreamingFIFO_rtl_2/fifo/inst/gen_fifo.xpm_fifo_axis_inst/xpm_fifo_base_inst/gen_sdpram.xpm_memory_base_inst/gen_wr_a.gen_word_narrow.mem_reg_uram_0/CAS_OUT_DIN_A[28]
                         net (fo=1, routed)           0.000     0.000    top_i/StreamingDataflowPartition_1/inst/StreamingDataflowPartition_1_StreamingFIFO_rtl_2/fifo/inst/gen_fifo.xpm_fifo_axis_inst/xpm_fifo_base_inst/gen_sdpram.xpm_memory_base_inst/gen_wr_a.gen_word_narrow.mem_reg_uram_1_Cas_DinA_1[28]
    URAM288_X0Y13        URAM288                                      r  top_i/StreamingDataflowPartition_1/inst/StreamingDataflowPartition_1_StreamingFIFO_rtl_2/fifo/inst/gen_fifo.xpm_fifo_axis_inst/xpm_fifo_base_inst/gen_sdpram.xpm_memory_base_inst/gen_wr_a.gen_word_narrow.mem_reg_uram_1/CAS_IN_DIN_A[28]
  -------------------------------------------------------------------    -------------------

                         (clock clk_pl_0 rise edge)
                                                      0.000     0.000 r  
    PS8_X0Y0             PS8                          0.000     0.000 r  top_i/zynq_ps/inst/PS8_i/PLCLK[0]
                         net (fo=1, routed)           0.229     0.229    top_i/zynq_ps/inst/pl_clk_unbuffered[0]
    BUFG_PS_X0Y80        BUFG_PS (Prop_BUFG_PS_I_O)
                                                      0.038     0.267 r  top_i/zynq_ps/inst/buffer_pl_clk_0.PL_CLK_0_BUFG/O
    X1Y1 (CLOCK_ROOT)    net (fo=33585, routed)       3.081     3.348    top_i/StreamingDataflowPartition_1/inst/StreamingDataflowPartition_1_StreamingFIFO_rtl_2/fifo/inst/gen_fifo.xpm_fifo_axis_inst/xpm_fifo_base_inst/gen_sdpram.xpm_memory_base_inst/clka
    URAM288_X0Y13        URAM288                                      r  top_i/StreamingDataflowPartition_1/inst/StreamingDataflowPartition_1_StreamingFIFO_rtl_2/fifo/inst/gen_fifo.xpm_fifo_axis_inst/xpm_fifo_base_inst/gen_sdpram.xpm_memory_base_inst/gen_wr_a.gen_word_narrow.mem_reg_uram_1/CLK

Slack:                    inf
  Source:                 top_i/StreamingDataflowPartition_1/inst/StreamingDataflowPartition_1_StreamingFIFO_rtl_2/fifo/inst/gen_fifo.xpm_fifo_axis_inst/xpm_fifo_base_inst/gen_sdpram.xpm_memory_base_inst/gen_wr_a.gen_word_narrow.mem_reg_uram_0/CAS_OUT_DIN_A[32]
                            (internal pin)
  Destination:            top_i/StreamingDataflowPartition_1/inst/StreamingDataflowPartition_1_StreamingFIFO_rtl_2/fifo/inst/gen_fifo.xpm_fifo_axis_inst/xpm_fifo_base_inst/gen_sdpram.xpm_memory_base_inst/gen_wr_a.gen_word_narrow.mem_reg_uram_1/CAS_IN_DIN_A[32]
                            (rising edge-triggered cell URAM288 clocked by clk_pl_0  {rise@0.000ns fall@2.500ns period=5.000ns})
  Path Group:             (none)
  Path Type:              Hold (Min at Slow Process Corner)
  Data Path Delay:        0.000ns  (logic 0.000ns (0.000%)  route 0.000ns (0.000%))
  Logic Levels:           0  
  Clock Uncertainty:      0.127ns  ((TSJ^2 + DJ^2)^1/2) / 2 + PE
    Total System Jitter     (TSJ):    0.050ns
    Discrete Jitter          (DJ):    0.248ns
    Phase Error              (PE):    0.000ns
  Clock Net Delay (Destination): 3.081ns (routing 1.584ns, distribution 1.497ns)

    Location             Delay type                Incr(ns)  Path(ns)    Netlist Resource(s)
  -------------------------------------------------------------------    -------------------
    URAM288_X0Y12        URAM288                      0.000     0.000 r  top_i/StreamingDataflowPartition_1/inst/StreamingDataflowPartition_1_StreamingFIFO_rtl_2/fifo/inst/gen_fifo.xpm_fifo_axis_inst/xpm_fifo_base_inst/gen_sdpram.xpm_memory_base_inst/gen_wr_a.gen_word_narrow.mem_reg_uram_0/CAS_OUT_DIN_A[32]
                         net (fo=1, routed)           0.000     0.000    top_i/StreamingDataflowPartition_1/inst/StreamingDataflowPartition_1_StreamingFIFO_rtl_2/fifo/inst/gen_fifo.xpm_fifo_axis_inst/xpm_fifo_base_inst/gen_sdpram.xpm_memory_base_inst/gen_wr_a.gen_word_narrow.mem_reg_uram_1_Cas_DinA_1[32]
    URAM288_X0Y13        URAM288                                      r  top_i/StreamingDataflowPartition_1/inst/StreamingDataflowPartition_1_StreamingFIFO_rtl_2/fifo/inst/gen_fifo.xpm_fifo_axis_inst/xpm_fifo_base_inst/gen_sdpram.xpm_memory_base_inst/gen_wr_a.gen_word_narrow.mem_reg_uram_1/CAS_IN_DIN_A[32]
  -------------------------------------------------------------------    -------------------

                         (clock clk_pl_0 rise edge)
                                                      0.000     0.000 r  
    PS8_X0Y0             PS8                          0.000     0.000 r  top_i/zynq_ps/inst/PS8_i/PLCLK[0]
                         net (fo=1, routed)           0.229     0.229    top_i/zynq_ps/inst/pl_clk_unbuffered[0]
    BUFG_PS_X0Y80        BUFG_PS (Prop_BUFG_PS_I_O)
                                                      0.038     0.267 r  top_i/zynq_ps/inst/buffer_pl_clk_0.PL_CLK_0_BUFG/O
    X1Y1 (CLOCK_ROOT)    net (fo=33585, routed)       3.081     3.348    top_i/StreamingDataflowPartition_1/inst/StreamingDataflowPartition_1_StreamingFIFO_rtl_2/fifo/inst/gen_fifo.xpm_fifo_axis_inst/xpm_fifo_base_inst/gen_sdpram.xpm_memory_base_inst/clka
    URAM288_X0Y13        URAM288                                      r  top_i/StreamingDataflowPartition_1/inst/StreamingDataflowPartition_1_StreamingFIFO_rtl_2/fifo/inst/gen_fifo.xpm_fifo_axis_inst/xpm_fifo_base_inst/gen_sdpram.xpm_memory_base_inst/gen_wr_a.gen_word_narrow.mem_reg_uram_1/CLK

Slack:                    inf
  Source:                 top_i/StreamingDataflowPartition_1/inst/StreamingDataflowPartition_1_StreamingFIFO_rtl_2/fifo/inst/gen_fifo.xpm_fifo_axis_inst/xpm_fifo_base_inst/gen_sdpram.xpm_memory_base_inst/gen_wr_a.gen_word_narrow.mem_reg_uram_0/CAS_OUT_DIN_A[34]
                            (internal pin)
  Destination:            top_i/StreamingDataflowPartition_1/inst/StreamingDataflowPartition_1_StreamingFIFO_rtl_2/fifo/inst/gen_fifo.xpm_fifo_axis_inst/xpm_fifo_base_inst/gen_sdpram.xpm_memory_base_inst/gen_wr_a.gen_word_narrow.mem_reg_uram_1/CAS_IN_DIN_A[34]
                            (rising edge-triggered cell URAM288 clocked by clk_pl_0  {rise@0.000ns fall@2.500ns period=5.000ns})
  Path Group:             (none)
  Path Type:              Hold (Min at Slow Process Corner)
  Data Path Delay:        0.000ns  (logic 0.000ns (0.000%)  route 0.000ns (0.000%))
  Logic Levels:           0  
  Clock Uncertainty:      0.127ns  ((TSJ^2 + DJ^2)^1/2) / 2 + PE
    Total System Jitter     (TSJ):    0.050ns
    Discrete Jitter          (DJ):    0.248ns
    Phase Error              (PE):    0.000ns
  Clock Net Delay (Destination): 3.081ns (routing 1.584ns, distribution 1.497ns)

    Location             Delay type                Incr(ns)  Path(ns)    Netlist Resource(s)
  -------------------------------------------------------------------    -------------------
    URAM288_X0Y12        URAM288                      0.000     0.000 r  top_i/StreamingDataflowPartition_1/inst/StreamingDataflowPartition_1_StreamingFIFO_rtl_2/fifo/inst/gen_fifo.xpm_fifo_axis_inst/xpm_fifo_base_inst/gen_sdpram.xpm_memory_base_inst/gen_wr_a.gen_word_narrow.mem_reg_uram_0/CAS_OUT_DIN_A[34]
                         net (fo=1, routed)           0.000     0.000    top_i/StreamingDataflowPartition_1/inst/StreamingDataflowPartition_1_StreamingFIFO_rtl_2/fifo/inst/gen_fifo.xpm_fifo_axis_inst/xpm_fifo_base_inst/gen_sdpram.xpm_memory_base_inst/gen_wr_a.gen_word_narrow.mem_reg_uram_1_Cas_DinA_1[34]
    URAM288_X0Y13        URAM288                                      r  top_i/StreamingDataflowPartition_1/inst/StreamingDataflowPartition_1_StreamingFIFO_rtl_2/fifo/inst/gen_fifo.xpm_fifo_axis_inst/xpm_fifo_base_inst/gen_sdpram.xpm_memory_base_inst/gen_wr_a.gen_word_narrow.mem_reg_uram_1/CAS_IN_DIN_A[34]
  -------------------------------------------------------------------    -------------------

                         (clock clk_pl_0 rise edge)
                                                      0.000     0.000 r  
    PS8_X0Y0             PS8                          0.000     0.000 r  top_i/zynq_ps/inst/PS8_i/PLCLK[0]
                         net (fo=1, routed)           0.229     0.229    top_i/zynq_ps/inst/pl_clk_unbuffered[0]
    BUFG_PS_X0Y80        BUFG_PS (Prop_BUFG_PS_I_O)
                                                      0.038     0.267 r  top_i/zynq_ps/inst/buffer_pl_clk_0.PL_CLK_0_BUFG/O
    X1Y1 (CLOCK_ROOT)    net (fo=33585, routed)       3.081     3.348    top_i/StreamingDataflowPartition_1/inst/StreamingDataflowPartition_1_StreamingFIFO_rtl_2/fifo/inst/gen_fifo.xpm_fifo_axis_inst/xpm_fifo_base_inst/gen_sdpram.xpm_memory_base_inst/clka
    URAM288_X0Y13        URAM288                                      r  top_i/StreamingDataflowPartition_1/inst/StreamingDataflowPartition_1_StreamingFIFO_rtl_2/fifo/inst/gen_fifo.xpm_fifo_axis_inst/xpm_fifo_base_inst/gen_sdpram.xpm_memory_base_inst/gen_wr_a.gen_word_narrow.mem_reg_uram_1/CLK

Slack:                    inf
  Source:                 top_i/StreamingDataflowPartition_1/inst/StreamingDataflowPartition_1_StreamingFIFO_rtl_2/fifo/inst/gen_fifo.xpm_fifo_axis_inst/xpm_fifo_base_inst/gen_sdpram.xpm_memory_base_inst/gen_wr_a.gen_word_narrow.mem_reg_uram_0/CAS_OUT_DIN_A[36]
                            (internal pin)
  Destination:            top_i/StreamingDataflowPartition_1/inst/StreamingDataflowPartition_1_StreamingFIFO_rtl_2/fifo/inst/gen_fifo.xpm_fifo_axis_inst/xpm_fifo_base_inst/gen_sdpram.xpm_memory_base_inst/gen_wr_a.gen_word_narrow.mem_reg_uram_1/CAS_IN_DIN_A[36]
                            (rising edge-triggered cell URAM288 clocked by clk_pl_0  {rise@0.000ns fall@2.500ns period=5.000ns})
  Path Group:             (none)
  Path Type:              Hold (Min at Slow Process Corner)
  Data Path Delay:        0.000ns  (logic 0.000ns (0.000%)  route 0.000ns (0.000%))
  Logic Levels:           0  
  Clock Uncertainty:      0.127ns  ((TSJ^2 + DJ^2)^1/2) / 2 + PE
    Total System Jitter     (TSJ):    0.050ns
    Discrete Jitter          (DJ):    0.248ns
    Phase Error              (PE):    0.000ns
  Clock Net Delay (Destination): 3.081ns (routing 1.584ns, distribution 1.497ns)

    Location             Delay type                Incr(ns)  Path(ns)    Netlist Resource(s)
  -------------------------------------------------------------------    -------------------
    URAM288_X0Y12        URAM288                      0.000     0.000 r  top_i/StreamingDataflowPartition_1/inst/StreamingDataflowPartition_1_StreamingFIFO_rtl_2/fifo/inst/gen_fifo.xpm_fifo_axis_inst/xpm_fifo_base_inst/gen_sdpram.xpm_memory_base_inst/gen_wr_a.gen_word_narrow.mem_reg_uram_0/CAS_OUT_DIN_A[36]
                         net (fo=1, routed)           0.000     0.000    top_i/StreamingDataflowPartition_1/inst/StreamingDataflowPartition_1_StreamingFIFO_rtl_2/fifo/inst/gen_fifo.xpm_fifo_axis_inst/xpm_fifo_base_inst/gen_sdpram.xpm_memory_base_inst/gen_wr_a.gen_word_narrow.mem_reg_uram_1_Cas_DinA_1[36]
    URAM288_X0Y13        URAM288                                      r  top_i/StreamingDataflowPartition_1/inst/StreamingDataflowPartition_1_StreamingFIFO_rtl_2/fifo/inst/gen_fifo.xpm_fifo_axis_inst/xpm_fifo_base_inst/gen_sdpram.xpm_memory_base_inst/gen_wr_a.gen_word_narrow.mem_reg_uram_1/CAS_IN_DIN_A[36]
  -------------------------------------------------------------------    -------------------

                         (clock clk_pl_0 rise edge)
                                                      0.000     0.000 r  
    PS8_X0Y0             PS8                          0.000     0.000 r  top_i/zynq_ps/inst/PS8_i/PLCLK[0]
                         net (fo=1, routed)           0.229     0.229    top_i/zynq_ps/inst/pl_clk_unbuffered[0]
    BUFG_PS_X0Y80        BUFG_PS (Prop_BUFG_PS_I_O)
                                                      0.038     0.267 r  top_i/zynq_ps/inst/buffer_pl_clk_0.PL_CLK_0_BUFG/O
    X1Y1 (CLOCK_ROOT)    net (fo=33585, routed)       3.081     3.348    top_i/StreamingDataflowPartition_1/inst/StreamingDataflowPartition_1_StreamingFIFO_rtl_2/fifo/inst/gen_fifo.xpm_fifo_axis_inst/xpm_fifo_base_inst/gen_sdpram.xpm_memory_base_inst/clka
    URAM288_X0Y13        URAM288                                      r  top_i/StreamingDataflowPartition_1/inst/StreamingDataflowPartition_1_StreamingFIFO_rtl_2/fifo/inst/gen_fifo.xpm_fifo_axis_inst/xpm_fifo_base_inst/gen_sdpram.xpm_memory_base_inst/gen_wr_a.gen_word_narrow.mem_reg_uram_1/CLK

Slack:                    inf
  Source:                 top_i/StreamingDataflowPartition_1/inst/StreamingDataflowPartition_1_StreamingFIFO_rtl_2/fifo/inst/gen_fifo.xpm_fifo_axis_inst/xpm_fifo_base_inst/gen_sdpram.xpm_memory_base_inst/gen_wr_a.gen_word_narrow.mem_reg_uram_0/CAS_OUT_DIN_A[42]
                            (internal pin)
  Destination:            top_i/StreamingDataflowPartition_1/inst/StreamingDataflowPartition_1_StreamingFIFO_rtl_2/fifo/inst/gen_fifo.xpm_fifo_axis_inst/xpm_fifo_base_inst/gen_sdpram.xpm_memory_base_inst/gen_wr_a.gen_word_narrow.mem_reg_uram_1/CAS_IN_DIN_A[42]
                            (rising edge-triggered cell URAM288 clocked by clk_pl_0  {rise@0.000ns fall@2.500ns period=5.000ns})
  Path Group:             (none)
  Path Type:              Hold (Min at Slow Process Corner)
  Data Path Delay:        0.000ns  (logic 0.000ns (0.000%)  route 0.000ns (0.000%))
  Logic Levels:           0  
  Clock Uncertainty:      0.127ns  ((TSJ^2 + DJ^2)^1/2) / 2 + PE
    Total System Jitter     (TSJ):    0.050ns
    Discrete Jitter          (DJ):    0.248ns
    Phase Error              (PE):    0.000ns
  Clock Net Delay (Destination): 3.081ns (routing 1.584ns, distribution 1.497ns)

    Location             Delay type                Incr(ns)  Path(ns)    Netlist Resource(s)
  -------------------------------------------------------------------    -------------------
    URAM288_X0Y12        URAM288                      0.000     0.000 r  top_i/StreamingDataflowPartition_1/inst/StreamingDataflowPartition_1_StreamingFIFO_rtl_2/fifo/inst/gen_fifo.xpm_fifo_axis_inst/xpm_fifo_base_inst/gen_sdpram.xpm_memory_base_inst/gen_wr_a.gen_word_narrow.mem_reg_uram_0/CAS_OUT_DIN_A[42]
                         net (fo=1, routed)           0.000     0.000    top_i/StreamingDataflowPartition_1/inst/StreamingDataflowPartition_1_StreamingFIFO_rtl_2/fifo/inst/gen_fifo.xpm_fifo_axis_inst/xpm_fifo_base_inst/gen_sdpram.xpm_memory_base_inst/gen_wr_a.gen_word_narrow.mem_reg_uram_1_Cas_DinA_1[42]
    URAM288_X0Y13        URAM288                                      r  top_i/StreamingDataflowPartition_1/inst/StreamingDataflowPartition_1_StreamingFIFO_rtl_2/fifo/inst/gen_fifo.xpm_fifo_axis_inst/xpm_fifo_base_inst/gen_sdpram.xpm_memory_base_inst/gen_wr_a.gen_word_narrow.mem_reg_uram_1/CAS_IN_DIN_A[42]
  -------------------------------------------------------------------    -------------------

                         (clock clk_pl_0 rise edge)
                                                      0.000     0.000 r  
    PS8_X0Y0             PS8                          0.000     0.000 r  top_i/zynq_ps/inst/PS8_i/PLCLK[0]
                         net (fo=1, routed)           0.229     0.229    top_i/zynq_ps/inst/pl_clk_unbuffered[0]
    BUFG_PS_X0Y80        BUFG_PS (Prop_BUFG_PS_I_O)
                                                      0.038     0.267 r  top_i/zynq_ps/inst/buffer_pl_clk_0.PL_CLK_0_BUFG/O
    X1Y1 (CLOCK_ROOT)    net (fo=33585, routed)       3.081     3.348    top_i/StreamingDataflowPartition_1/inst/StreamingDataflowPartition_1_StreamingFIFO_rtl_2/fifo/inst/gen_fifo.xpm_fifo_axis_inst/xpm_fifo_base_inst/gen_sdpram.xpm_memory_base_inst/clka
    URAM288_X0Y13        URAM288                                      r  top_i/StreamingDataflowPartition_1/inst/StreamingDataflowPartition_1_StreamingFIFO_rtl_2/fifo/inst/gen_fifo.xpm_fifo_axis_inst/xpm_fifo_base_inst/gen_sdpram.xpm_memory_base_inst/gen_wr_a.gen_word_narrow.mem_reg_uram_1/CLK

Slack:                    inf
  Source:                 top_i/StreamingDataflowPartition_1/inst/StreamingDataflowPartition_1_StreamingFIFO_rtl_2/fifo/inst/gen_fifo.xpm_fifo_axis_inst/xpm_fifo_base_inst/gen_sdpram.xpm_memory_base_inst/gen_wr_a.gen_word_narrow.mem_reg_uram_0/CAS_OUT_DIN_A[52]
                            (internal pin)
  Destination:            top_i/StreamingDataflowPartition_1/inst/StreamingDataflowPartition_1_StreamingFIFO_rtl_2/fifo/inst/gen_fifo.xpm_fifo_axis_inst/xpm_fifo_base_inst/gen_sdpram.xpm_memory_base_inst/gen_wr_a.gen_word_narrow.mem_reg_uram_1/CAS_IN_DIN_A[52]
                            (rising edge-triggered cell URAM288 clocked by clk_pl_0  {rise@0.000ns fall@2.500ns period=5.000ns})
  Path Group:             (none)
  Path Type:              Hold (Min at Slow Process Corner)
  Data Path Delay:        0.000ns  (logic 0.000ns (0.000%)  route 0.000ns (0.000%))
  Logic Levels:           0  
  Clock Uncertainty:      0.127ns  ((TSJ^2 + DJ^2)^1/2) / 2 + PE
    Total System Jitter     (TSJ):    0.050ns
    Discrete Jitter          (DJ):    0.248ns
    Phase Error              (PE):    0.000ns
  Clock Net Delay (Destination): 3.081ns (routing 1.584ns, distribution 1.497ns)

    Location             Delay type                Incr(ns)  Path(ns)    Netlist Resource(s)
  -------------------------------------------------------------------    -------------------
    URAM288_X0Y12        URAM288                      0.000     0.000 r  top_i/StreamingDataflowPartition_1/inst/StreamingDataflowPartition_1_StreamingFIFO_rtl_2/fifo/inst/gen_fifo.xpm_fifo_axis_inst/xpm_fifo_base_inst/gen_sdpram.xpm_memory_base_inst/gen_wr_a.gen_word_narrow.mem_reg_uram_0/CAS_OUT_DIN_A[52]
                         net (fo=1, routed)           0.000     0.000    top_i/StreamingDataflowPartition_1/inst/StreamingDataflowPartition_1_StreamingFIFO_rtl_2/fifo/inst/gen_fifo.xpm_fifo_axis_inst/xpm_fifo_base_inst/gen_sdpram.xpm_memory_base_inst/gen_wr_a.gen_word_narrow.mem_reg_uram_1_Cas_DinA_1[52]
    URAM288_X0Y13        URAM288                                      r  top_i/StreamingDataflowPartition_1/inst/StreamingDataflowPartition_1_StreamingFIFO_rtl_2/fifo/inst/gen_fifo.xpm_fifo_axis_inst/xpm_fifo_base_inst/gen_sdpram.xpm_memory_base_inst/gen_wr_a.gen_word_narrow.mem_reg_uram_1/CAS_IN_DIN_A[52]
  -------------------------------------------------------------------    -------------------

                         (clock clk_pl_0 rise edge)
                                                      0.000     0.000 r  
    PS8_X0Y0             PS8                          0.000     0.000 r  top_i/zynq_ps/inst/PS8_i/PLCLK[0]
                         net (fo=1, routed)           0.229     0.229    top_i/zynq_ps/inst/pl_clk_unbuffered[0]
    BUFG_PS_X0Y80        BUFG_PS (Prop_BUFG_PS_I_O)
                                                      0.038     0.267 r  top_i/zynq_ps/inst/buffer_pl_clk_0.PL_CLK_0_BUFG/O
    X1Y1 (CLOCK_ROOT)    net (fo=33585, routed)       3.081     3.348    top_i/StreamingDataflowPartition_1/inst/StreamingDataflowPartition_1_StreamingFIFO_rtl_2/fifo/inst/gen_fifo.xpm_fifo_axis_inst/xpm_fifo_base_inst/gen_sdpram.xpm_memory_base_inst/clka
    URAM288_X0Y13        URAM288                                      r  top_i/StreamingDataflowPartition_1/inst/StreamingDataflowPartition_1_StreamingFIFO_rtl_2/fifo/inst/gen_fifo.xpm_fifo_axis_inst/xpm_fifo_base_inst/gen_sdpram.xpm_memory_base_inst/gen_wr_a.gen_word_narrow.mem_reg_uram_1/CLK

Slack:                    inf
  Source:                 top_i/StreamingDataflowPartition_1/inst/StreamingDataflowPartition_1_StreamingFIFO_rtl_2/fifo/inst/gen_fifo.xpm_fifo_axis_inst/xpm_fifo_base_inst/gen_sdpram.xpm_memory_base_inst/gen_wr_a.gen_word_narrow.mem_reg_uram_0/CAS_OUT_DIN_A[64]
                            (internal pin)
  Destination:            top_i/StreamingDataflowPartition_1/inst/StreamingDataflowPartition_1_StreamingFIFO_rtl_2/fifo/inst/gen_fifo.xpm_fifo_axis_inst/xpm_fifo_base_inst/gen_sdpram.xpm_memory_base_inst/gen_wr_a.gen_word_narrow.mem_reg_uram_1/CAS_IN_DIN_A[64]
                            (rising edge-triggered cell URAM288 clocked by clk_pl_0  {rise@0.000ns fall@2.500ns period=5.000ns})
  Path Group:             (none)
  Path Type:              Hold (Min at Slow Process Corner)
  Data Path Delay:        0.000ns  (logic 0.000ns (0.000%)  route 0.000ns (0.000%))
  Logic Levels:           0  
  Clock Uncertainty:      0.127ns  ((TSJ^2 + DJ^2)^1/2) / 2 + PE
    Total System Jitter     (TSJ):    0.050ns
    Discrete Jitter          (DJ):    0.248ns
    Phase Error              (PE):    0.000ns
  Clock Net Delay (Destination): 3.081ns (routing 1.584ns, distribution 1.497ns)

    Location             Delay type                Incr(ns)  Path(ns)    Netlist Resource(s)
  -------------------------------------------------------------------    -------------------
    URAM288_X0Y12        URAM288                      0.000     0.000 r  top_i/StreamingDataflowPartition_1/inst/StreamingDataflowPartition_1_StreamingFIFO_rtl_2/fifo/inst/gen_fifo.xpm_fifo_axis_inst/xpm_fifo_base_inst/gen_sdpram.xpm_memory_base_inst/gen_wr_a.gen_word_narrow.mem_reg_uram_0/CAS_OUT_DIN_A[64]
                         net (fo=1, routed)           0.000     0.000    top_i/StreamingDataflowPartition_1/inst/StreamingDataflowPartition_1_StreamingFIFO_rtl_2/fifo/inst/gen_fifo.xpm_fifo_axis_inst/xpm_fifo_base_inst/gen_sdpram.xpm_memory_base_inst/gen_wr_a.gen_word_narrow.mem_reg_uram_1_Cas_DinA_1[64]
    URAM288_X0Y13        URAM288                                      r  top_i/StreamingDataflowPartition_1/inst/StreamingDataflowPartition_1_StreamingFIFO_rtl_2/fifo/inst/gen_fifo.xpm_fifo_axis_inst/xpm_fifo_base_inst/gen_sdpram.xpm_memory_base_inst/gen_wr_a.gen_word_narrow.mem_reg_uram_1/CAS_IN_DIN_A[64]
  -------------------------------------------------------------------    -------------------

                         (clock clk_pl_0 rise edge)
                                                      0.000     0.000 r  
    PS8_X0Y0             PS8                          0.000     0.000 r  top_i/zynq_ps/inst/PS8_i/PLCLK[0]
                         net (fo=1, routed)           0.229     0.229    top_i/zynq_ps/inst/pl_clk_unbuffered[0]
    BUFG_PS_X0Y80        BUFG_PS (Prop_BUFG_PS_I_O)
                                                      0.038     0.267 r  top_i/zynq_ps/inst/buffer_pl_clk_0.PL_CLK_0_BUFG/O
    X1Y1 (CLOCK_ROOT)    net (fo=33585, routed)       3.081     3.348    top_i/StreamingDataflowPartition_1/inst/StreamingDataflowPartition_1_StreamingFIFO_rtl_2/fifo/inst/gen_fifo.xpm_fifo_axis_inst/xpm_fifo_base_inst/gen_sdpram.xpm_memory_base_inst/clka
    URAM288_X0Y13        URAM288                                      r  top_i/StreamingDataflowPartition_1/inst/StreamingDataflowPartition_1_StreamingFIFO_rtl_2/fifo/inst/gen_fifo.xpm_fifo_axis_inst/xpm_fifo_base_inst/gen_sdpram.xpm_memory_base_inst/gen_wr_a.gen_word_narrow.mem_reg_uram_1/CLK

Slack:                    inf
  Source:                 top_i/StreamingDataflowPartition_1/inst/StreamingDataflowPartition_1_StreamingFIFO_rtl_2/fifo/inst/gen_fifo.xpm_fifo_axis_inst/xpm_fifo_base_inst/gen_sdpram.xpm_memory_base_inst/gen_wr_a.gen_word_narrow.mem_reg_uram_0/CAS_OUT_DIN_A[68]
                            (internal pin)
  Destination:            top_i/StreamingDataflowPartition_1/inst/StreamingDataflowPartition_1_StreamingFIFO_rtl_2/fifo/inst/gen_fifo.xpm_fifo_axis_inst/xpm_fifo_base_inst/gen_sdpram.xpm_memory_base_inst/gen_wr_a.gen_word_narrow.mem_reg_uram_1/CAS_IN_DIN_A[68]
                            (rising edge-triggered cell URAM288 clocked by clk_pl_0  {rise@0.000ns fall@2.500ns period=5.000ns})
  Path Group:             (none)
  Path Type:              Hold (Min at Slow Process Corner)
  Data Path Delay:        0.000ns  (logic 0.000ns (0.000%)  route 0.000ns (0.000%))
  Logic Levels:           0  
  Clock Uncertainty:      0.127ns  ((TSJ^2 + DJ^2)^1/2) / 2 + PE
    Total System Jitter     (TSJ):    0.050ns
    Discrete Jitter          (DJ):    0.248ns
    Phase Error              (PE):    0.000ns
  Clock Net Delay (Destination): 3.081ns (routing 1.584ns, distribution 1.497ns)

    Location             Delay type                Incr(ns)  Path(ns)    Netlist Resource(s)
  -------------------------------------------------------------------    -------------------
    URAM288_X0Y12        URAM288                      0.000     0.000 r  top_i/StreamingDataflowPartition_1/inst/StreamingDataflowPartition_1_StreamingFIFO_rtl_2/fifo/inst/gen_fifo.xpm_fifo_axis_inst/xpm_fifo_base_inst/gen_sdpram.xpm_memory_base_inst/gen_wr_a.gen_word_narrow.mem_reg_uram_0/CAS_OUT_DIN_A[68]
                         net (fo=1, routed)           0.000     0.000    top_i/StreamingDataflowPartition_1/inst/StreamingDataflowPartition_1_StreamingFIFO_rtl_2/fifo/inst/gen_fifo.xpm_fifo_axis_inst/xpm_fifo_base_inst/gen_sdpram.xpm_memory_base_inst/gen_wr_a.gen_word_narrow.mem_reg_uram_1_Cas_DinA_1[68]
    URAM288_X0Y13        URAM288                                      r  top_i/StreamingDataflowPartition_1/inst/StreamingDataflowPartition_1_StreamingFIFO_rtl_2/fifo/inst/gen_fifo.xpm_fifo_axis_inst/xpm_fifo_base_inst/gen_sdpram.xpm_memory_base_inst/gen_wr_a.gen_word_narrow.mem_reg_uram_1/CAS_IN_DIN_A[68]
  -------------------------------------------------------------------    -------------------

                         (clock clk_pl_0 rise edge)
                                                      0.000     0.000 r  
    PS8_X0Y0             PS8                          0.000     0.000 r  top_i/zynq_ps/inst/PS8_i/PLCLK[0]
                         net (fo=1, routed)           0.229     0.229    top_i/zynq_ps/inst/pl_clk_unbuffered[0]
    BUFG_PS_X0Y80        BUFG_PS (Prop_BUFG_PS_I_O)
                                                      0.038     0.267 r  top_i/zynq_ps/inst/buffer_pl_clk_0.PL_CLK_0_BUFG/O
    X1Y1 (CLOCK_ROOT)    net (fo=33585, routed)       3.081     3.348    top_i/StreamingDataflowPartition_1/inst/StreamingDataflowPartition_1_StreamingFIFO_rtl_2/fifo/inst/gen_fifo.xpm_fifo_axis_inst/xpm_fifo_base_inst/gen_sdpram.xpm_memory_base_inst/clka
    URAM288_X0Y13        URAM288                                      r  top_i/StreamingDataflowPartition_1/inst/StreamingDataflowPartition_1_StreamingFIFO_rtl_2/fifo/inst/gen_fifo.xpm_fifo_axis_inst/xpm_fifo_base_inst/gen_sdpram.xpm_memory_base_inst/gen_wr_a.gen_word_narrow.mem_reg_uram_1/CLK

Slack:                    inf
  Source:                 top_i/StreamingDataflowPartition_1/inst/StreamingDataflowPartition_1_StreamingFIFO_rtl_2/fifo/inst/gen_fifo.xpm_fifo_axis_inst/xpm_fifo_base_inst/gen_sdpram.xpm_memory_base_inst/gen_wr_a.gen_word_narrow.mem_reg_uram_0/CAS_OUT_DIN_A[6]
                            (internal pin)
  Destination:            top_i/StreamingDataflowPartition_1/inst/StreamingDataflowPartition_1_StreamingFIFO_rtl_2/fifo/inst/gen_fifo.xpm_fifo_axis_inst/xpm_fifo_base_inst/gen_sdpram.xpm_memory_base_inst/gen_wr_a.gen_word_narrow.mem_reg_uram_1/CAS_IN_DIN_A[6]
                            (rising edge-triggered cell URAM288 clocked by clk_pl_0  {rise@0.000ns fall@2.500ns period=5.000ns})
  Path Group:             (none)
  Path Type:              Hold (Min at Slow Process Corner)
  Data Path Delay:        0.000ns  (logic 0.000ns (0.000%)  route 0.000ns (0.000%))
  Logic Levels:           0  
  Clock Uncertainty:      0.127ns  ((TSJ^2 + DJ^2)^1/2) / 2 + PE
    Total System Jitter     (TSJ):    0.050ns
    Discrete Jitter          (DJ):    0.248ns
    Phase Error              (PE):    0.000ns
  Clock Net Delay (Destination): 3.081ns (routing 1.584ns, distribution 1.497ns)

    Location             Delay type                Incr(ns)  Path(ns)    Netlist Resource(s)
  -------------------------------------------------------------------    -------------------
    URAM288_X0Y12        URAM288                      0.000     0.000 r  top_i/StreamingDataflowPartition_1/inst/StreamingDataflowPartition_1_StreamingFIFO_rtl_2/fifo/inst/gen_fifo.xpm_fifo_axis_inst/xpm_fifo_base_inst/gen_sdpram.xpm_memory_base_inst/gen_wr_a.gen_word_narrow.mem_reg_uram_0/CAS_OUT_DIN_A[6]
                         net (fo=1, routed)           0.000     0.000    top_i/StreamingDataflowPartition_1/inst/StreamingDataflowPartition_1_StreamingFIFO_rtl_2/fifo/inst/gen_fifo.xpm_fifo_axis_inst/xpm_fifo_base_inst/gen_sdpram.xpm_memory_base_inst/gen_wr_a.gen_word_narrow.mem_reg_uram_1_Cas_DinA_1[6]
    URAM288_X0Y13        URAM288                                      r  top_i/StreamingDataflowPartition_1/inst/StreamingDataflowPartition_1_StreamingFIFO_rtl_2/fifo/inst/gen_fifo.xpm_fifo_axis_inst/xpm_fifo_base_inst/gen_sdpram.xpm_memory_base_inst/gen_wr_a.gen_word_narrow.mem_reg_uram_1/CAS_IN_DIN_A[6]
  -------------------------------------------------------------------    -------------------

                         (clock clk_pl_0 rise edge)
                                                      0.000     0.000 r  
    PS8_X0Y0             PS8                          0.000     0.000 r  top_i/zynq_ps/inst/PS8_i/PLCLK[0]
                         net (fo=1, routed)           0.229     0.229    top_i/zynq_ps/inst/pl_clk_unbuffered[0]
    BUFG_PS_X0Y80        BUFG_PS (Prop_BUFG_PS_I_O)
                                                      0.038     0.267 r  top_i/zynq_ps/inst/buffer_pl_clk_0.PL_CLK_0_BUFG/O
    X1Y1 (CLOCK_ROOT)    net (fo=33585, routed)       3.081     3.348    top_i/StreamingDataflowPartition_1/inst/StreamingDataflowPartition_1_StreamingFIFO_rtl_2/fifo/inst/gen_fifo.xpm_fifo_axis_inst/xpm_fifo_base_inst/gen_sdpram.xpm_memory_base_inst/clka
    URAM288_X0Y13        URAM288                                      r  top_i/StreamingDataflowPartition_1/inst/StreamingDataflowPartition_1_StreamingFIFO_rtl_2/fifo/inst/gen_fifo.xpm_fifo_axis_inst/xpm_fifo_base_inst/gen_sdpram.xpm_memory_base_inst/gen_wr_a.gen_word_narrow.mem_reg_uram_1/CLK





